ISO-10303-21;
HEADER;

/* File generated by HOOPS Exchange Version 23.2.20 */

FILE_DESCRIPTION(('HOOPS Exchange Step'),'2;1');

FILE_NAME('C:\\Users\\nguye\\Projects\\3D-Model-Collection\\076-105-ttc\\dist\\076-red-text.stp',
'2024-09-20T14:14:21+07:00',
('nguye'),
('Unknown organisation'),
'HOOPS Exchange 2023.2',
'HOOPS Exchange',
'Unknown authorisation');

FILE_SCHEMA( ('AP203_CONFIGURATION_CONTROLLED_3D_DESIGN_OF_MECHANICAL_PARTS_AND_ASSEMBLIES_MIM_LF') );

ENDSEC;

DATA;
#3=(NAMED_UNIT(*)PLANE_ANGLE_UNIT()SI_UNIT($,.RADIAN.));
#4=PLANE_ANGLE_MEASURE_WITH_UNIT(PLANE_ANGLE_MEASURE(0.0174532925),#3);
#5=(CONVERSION_BASED_UNIT('DEGREE',#4)NAMED_UNIT(#6)PLANE_ANGLE_UNIT());
#6=DIMENSIONAL_EXPONENTS(0.,0.,0.,0.,0.,0.,0.);
#7=(NAMED_UNIT(*)SI_UNIT($,.STERADIAN.)SOLID_ANGLE_UNIT());
#8=(LENGTH_UNIT()NAMED_UNIT(*)SI_UNIT(.MILLI.,.METRE.));
#9=UNCERTAINTY_MEASURE_WITH_UNIT(LENGTH_MEASURE(1.000000E-05),#8,'DISTANCE_ACCURACY_VALUE','Maximum Tolerance applied to model');
#10=(GEOMETRIC_REPRESENTATION_CONTEXT(3)GLOBAL_UNCERTAINTY_ASSIGNED_CONTEXT((#9))GLOBAL_UNIT_ASSIGNED_CONTEXT((#8,#5,#7))REPRESENTATION_CONTEXT('','0'));
#12=CARTESIAN_POINT('',(0.,0.,0.));
#13=DIRECTION('',(0.,0.,1.));
#14=DIRECTION('',(1.,0.,0.));
#15=AXIS2_PLACEMENT_3D('',#12,#13,#14);
#27=CARTESIAN_POINT('',(130.465085863,-10.,-81.914078766));
#28=CARTESIAN_POINT('',(130.465085863,-5.,-81.914078766));
#29=CARTESIAN_POINT('',(125.822701098,-10.,-85.498704977));
#30=CARTESIAN_POINT('',(125.822701098,-5.,-85.498704977));
#31=CARTESIAN_POINT('',(119.299856681,-10.,-85.498704977));
#32=CARTESIAN_POINT('',(119.299856681,-5.,-85.498704977));
#33=B_SPLINE_SURFACE_WITH_KNOTS('',2,1,((#27,#28),(#29,#30),(#31,#32)),.UNSPECIFIED.,.F.,.F.,.U.,(3,3),(2,2),(0.,1.),(0.,1.),.UNSPECIFIED.);
#34=CARTESIAN_POINT('',(130.465085863,-5.,-81.914078766));
#35=VERTEX_POINT('',#34);
#36=CARTESIAN_POINT('',(119.299856681,-5.,-85.498704977));
#37=VERTEX_POINT('',#36);
#38=CARTESIAN_POINT('',(130.465085863,-5.,-81.914078766));
#39=CARTESIAN_POINT('',(125.822701098,-5.,-85.498704977));
#40=CARTESIAN_POINT('',(119.299856681,-5.,-85.498704977));
#41=B_SPLINE_CURVE_WITH_KNOTS('',2,(#38,#39,#40),.UNSPECIFIED.,.F.,.F.,(3,3),(0.,1.),.UNSPECIFIED.);
#42=EDGE_CURVE('',#35,#37,#41,.T.);
#43=ORIENTED_EDGE('',*,*,#42,.F.);
#44=CARTESIAN_POINT('',(130.465085863,-10.,-81.914078766));
#45=VERTEX_POINT('',#44);
#46=CARTESIAN_POINT('',(130.465085863,-10.,-81.914078766));
#47=DIRECTION('',(0.,1.,0.));
#48=VECTOR('',#47,5.);
#49=LINE('',#46,#48);
#50=EDGE_CURVE('',#45,#35,#49,.T.);
#51=ORIENTED_EDGE('',*,*,#50,.F.);
#52=CARTESIAN_POINT('',(119.299856681,-10.,-85.498704977));
#53=VERTEX_POINT('',#52);
#54=CARTESIAN_POINT('',(130.465085863,-10.,-81.914078766));
#55=CARTESIAN_POINT('',(125.822701098,-10.,-85.498704977));
#56=CARTESIAN_POINT('',(119.299856681,-10.,-85.498704977));
#57=B_SPLINE_CURVE_WITH_KNOTS('',2,(#54,#55,#56),.UNSPECIFIED.,.F.,.F.,(3,3),(0.,1.),.UNSPECIFIED.);
#58=EDGE_CURVE('',#45,#53,#57,.T.);
#59=ORIENTED_EDGE('',*,*,#58,.T.);
#60=CARTESIAN_POINT('',(119.299856681,-10.,-85.498704977));
#61=DIRECTION('',(0.,1.,0.));
#62=VECTOR('',#61,5.);
#63=LINE('',#60,#62);
#64=EDGE_CURVE('',#53,#37,#63,.T.);
#65=ORIENTED_EDGE('',*,*,#64,.T.);
#66=EDGE_LOOP('',(#43,#51,#59,#65));
#67=FACE_BOUND('',#66,.T.);
#68=ADVANCED_FACE('',(#67),#33,.T.);
#69=CARTESIAN_POINT('',(137.516809557,-10.,-71.512786317));
#70=CARTESIAN_POINT('',(137.516809557,-5.,-71.512786317));
#71=CARTESIAN_POINT('',(135.048706264,-10.,-78.329452555));
#72=CARTESIAN_POINT('',(135.048706264,-5.,-78.329452555));
#73=CARTESIAN_POINT('',(130.465085863,-10.,-81.914078766));
#74=CARTESIAN_POINT('',(130.465085863,-5.,-81.914078766));
#75=B_SPLINE_SURFACE_WITH_KNOTS('',2,1,((#69,#70),(#71,#72),(#73,#74)),.UNSPECIFIED.,.F.,.F.,.U.,(3,3),(2,2),(0.,1.),(0.,1.),.UNSPECIFIED.);
#76=CARTESIAN_POINT('',(137.516809557,-5.,-71.512786317));
#77=VERTEX_POINT('',#76);
#78=CARTESIAN_POINT('',(137.516809557,-5.,-71.512786317));
#79=CARTESIAN_POINT('',(135.048706264,-5.,-78.329452555));
#80=CARTESIAN_POINT('',(130.465085863,-5.,-81.914078766));
#81=B_SPLINE_CURVE_WITH_KNOTS('',2,(#78,#79,#80),.UNSPECIFIED.,.F.,.F.,(3,3),(0.,1.),.UNSPECIFIED.);
#82=EDGE_CURVE('',#77,#35,#81,.T.);
#83=ORIENTED_EDGE('',*,*,#82,.F.);
#84=CARTESIAN_POINT('',(137.516809557,-10.,-71.512786317));
#85=VERTEX_POINT('',#84);
#86=CARTESIAN_POINT('',(137.516809557,-10.,-71.512786317));
#87=DIRECTION('',(0.,1.,0.));
#88=VECTOR('',#87,5.);
#89=LINE('',#86,#88);
#90=EDGE_CURVE('',#85,#77,#89,.T.);
#91=ORIENTED_EDGE('',*,*,#90,.F.);
#92=CARTESIAN_POINT('',(137.516809557,-10.,-71.512786317));
#93=CARTESIAN_POINT('',(135.048706264,-10.,-78.329452555));
#94=CARTESIAN_POINT('',(130.465085863,-10.,-81.914078766));
#95=B_SPLINE_CURVE_WITH_KNOTS('',2,(#92,#93,#94),.UNSPECIFIED.,.F.,.F.,(3,3),(0.,1.),.UNSPECIFIED.);
#96=EDGE_CURVE('',#85,#45,#95,.T.);
#97=ORIENTED_EDGE('',*,*,#96,.T.);
#98=ORIENTED_EDGE('',*,*,#50,.T.);
#99=EDGE_LOOP('',(#83,#91,#97,#98));
#100=FACE_BOUND('',#99,.T.);
#101=ADVANCED_FACE('',(#100),#75,.T.);
#102=CARTESIAN_POINT('',(139.926148486,-10.,-55.));
#103=CARTESIAN_POINT('',(139.926148486,-5.,-55.));
#104=CARTESIAN_POINT('',(139.926148486,-10.,-64.69612008));
#105=CARTESIAN_POINT('',(139.926148486,-5.,-64.69612008));
#106=CARTESIAN_POINT('',(137.516809557,-10.,-71.512786317));
#107=CARTESIAN_POINT('',(137.516809557,-5.,-71.512786317));
#108=B_SPLINE_SURFACE_WITH_KNOTS('',2,1,((#102,#103),(#104,#105),(#106,#107)),.UNSPECIFIED.,.F.,.F.,.U.,(3,3),(2,2),(0.,1.),(0.,1.),.UNSPECIFIED.);
#109=CARTESIAN_POINT('',(139.926148486,-5.,-55.));
#110=VERTEX_POINT('',#109);
#111=CARTESIAN_POINT('',(139.926148486,-5.,-55.));
#112=CARTESIAN_POINT('',(139.926148486,-5.,-64.69612008));
#113=CARTESIAN_POINT('',(137.516809557,-5.,-71.512786317));
#114=B_SPLINE_CURVE_WITH_KNOTS('',2,(#111,#112,#113),.UNSPECIFIED.,.F.,.F.,(3,3),(0.,1.),.UNSPECIFIED.);
#115=EDGE_CURVE('',#110,#77,#114,.T.);
#116=ORIENTED_EDGE('',*,*,#115,.F.);
#117=CARTESIAN_POINT('',(139.926148486,-10.,-55.));
#118=VERTEX_POINT('',#117);
#119=CARTESIAN_POINT('',(139.926148486,-10.,-55.));
#120=DIRECTION('',(0.,1.,0.));
#121=VECTOR('',#120,5.);
#122=LINE('',#119,#121);
#123=EDGE_CURVE('',#118,#110,#122,.T.);
#124=ORIENTED_EDGE('',*,*,#123,.F.);
#125=CARTESIAN_POINT('',(139.926148486,-10.,-55.));
#126=CARTESIAN_POINT('',(139.926148486,-10.,-64.69612008));
#127=CARTESIAN_POINT('',(137.516809557,-10.,-71.512786317));
#128=B_SPLINE_CURVE_WITH_KNOTS('',2,(#125,#126,#127),.UNSPECIFIED.,.F.,.F.,(3,3),(0.,1.),.UNSPECIFIED.);
#129=EDGE_CURVE('',#118,#85,#128,.T.);
#130=ORIENTED_EDGE('',*,*,#129,.T.);
#131=ORIENTED_EDGE('',*,*,#90,.T.);
#132=EDGE_LOOP('',(#116,#124,#130,#131));
#133=FACE_BOUND('',#132,.T.);
#134=ADVANCED_FACE('',(#133),#108,.T.);
#135=CARTESIAN_POINT('',(137.516809557,-10.,-38.545978047));
#136=CARTESIAN_POINT('',(137.516809557,-5.,-38.545978047));
#137=CARTESIAN_POINT('',(139.926148486,-10.,-45.362644285));
#138=CARTESIAN_POINT('',(139.926148486,-5.,-45.362644285));
#139=CARTESIAN_POINT('',(139.926148486,-10.,-55.));
#140=CARTESIAN_POINT('',(139.926148486,-5.,-55.));
#141=B_SPLINE_SURFACE_WITH_KNOTS('',2,1,((#135,#136),(#137,#138),(#139,#140)),.UNSPECIFIED.,.F.,.F.,.U.,(3,3),(2,2),(0.,1.),(0.,1.),.UNSPECIFIED.);
#142=CARTESIAN_POINT('',(137.516809557,-5.,-38.545978047));
#143=VERTEX_POINT('',#142);
#144=CARTESIAN_POINT('',(137.516809557,-5.,-38.545978047));
#145=CARTESIAN_POINT('',(139.926148486,-5.,-45.362644285));
#146=CARTESIAN_POINT('',(139.926148486,-5.,-55.));
#147=B_SPLINE_CURVE_WITH_KNOTS('',2,(#144,#145,#146),.UNSPECIFIED.,.F.,.F.,(3,3),(0.,1.),.UNSPECIFIED.);
#148=EDGE_CURVE('',#143,#110,#147,.T.);
#149=ORIENTED_EDGE('',*,*,#148,.F.);
#150=CARTESIAN_POINT('',(137.516809557,-10.,-38.545978047));
#151=VERTEX_POINT('',#150);
#152=CARTESIAN_POINT('',(137.516809557,-10.,-38.545978047));
#153=DIRECTION('',(0.,1.,0.));
#154=VECTOR('',#153,5.);
#155=LINE('',#152,#154);
#156=EDGE_CURVE('',#151,#143,#155,.T.);
#157=ORIENTED_EDGE('',*,*,#156,.F.);
#158=CARTESIAN_POINT('',(137.516809557,-10.,-38.545978047));
#159=CARTESIAN_POINT('',(139.926148486,-10.,-45.362644285));
#160=CARTESIAN_POINT('',(139.926148486,-10.,-55.));
#161=B_SPLINE_CURVE_WITH_KNOTS('',2,(#158,#159,#160),.UNSPECIFIED.,.F.,.F.,(3,3),(0.,1.),.UNSPECIFIED.);
#162=EDGE_CURVE('',#151,#118,#161,.T.);
#163=ORIENTED_EDGE('',*,*,#162,.T.);
#164=ORIENTED_EDGE('',*,*,#123,.T.);
#165=EDGE_LOOP('',(#149,#157,#163,#164));
#166=FACE_BOUND('',#165,.T.);
#167=ADVANCED_FACE('',(#166),#141,.T.);
#168=CARTESIAN_POINT('',(130.406321499,-10.,-28.085921234));
#169=CARTESIAN_POINT('',(130.406321499,-5.,-28.085921234));
#170=CARTESIAN_POINT('',(135.048706264,-10.,-31.729311809));
#171=CARTESIAN_POINT('',(135.048706264,-5.,-31.729311809));
#172=CARTESIAN_POINT('',(137.516809557,-10.,-38.545978047));
#173=CARTESIAN_POINT('',(137.516809557,-5.,-38.545978047));
#174=B_SPLINE_SURFACE_WITH_KNOTS('',2,1,((#168,#169),(#170,#171),(#172,#173)),.UNSPECIFIED.,.F.,.F.,.U.,(3,3),(2,2),(0.,1.),(0.,1.),.UNSPECIFIED.);
#175=CARTESIAN_POINT('',(130.406321499,-5.,-28.085921234));
#176=VERTEX_POINT('',#175);
#177=CARTESIAN_POINT('',(130.406321499,-5.,-28.085921234));
#178=CARTESIAN_POINT('',(135.048706264,-5.,-31.729311809));
#179=CARTESIAN_POINT('',(137.516809557,-5.,-38.545978047));
#180=B_SPLINE_CURVE_WITH_KNOTS('',2,(#177,#178,#179),.UNSPECIFIED.,.F.,.F.,(3,3),(0.,1.),.UNSPECIFIED.);
#181=EDGE_CURVE('',#176,#143,#180,.T.);
#182=ORIENTED_EDGE('',*,*,#181,.F.);
#183=CARTESIAN_POINT('',(130.406321499,-10.,-28.085921234));
#184=VERTEX_POINT('',#183);
#185=CARTESIAN_POINT('',(130.406321499,-10.,-28.085921234));
#186=DIRECTION('',(0.,1.,0.));
#187=VECTOR('',#186,5.);
#188=LINE('',#185,#187);
#189=EDGE_CURVE('',#184,#176,#188,.T.);
#190=ORIENTED_EDGE('',*,*,#189,.F.);
#191=CARTESIAN_POINT('',(130.406321499,-10.,-28.085921234));
#192=CARTESIAN_POINT('',(135.048706264,-10.,-31.729311809));
#193=CARTESIAN_POINT('',(137.516809557,-10.,-38.545978047));
#194=B_SPLINE_CURVE_WITH_KNOTS('',2,(#191,#192,#193),.UNSPECIFIED.,.F.,.F.,(3,3),(0.,1.),.UNSPECIFIED.);
#195=EDGE_CURVE('',#184,#151,#194,.T.);
#196=ORIENTED_EDGE('',*,*,#195,.T.);
#197=ORIENTED_EDGE('',*,*,#156,.T.);
#198=EDGE_LOOP('',(#182,#190,#196,#197));
#199=FACE_BOUND('',#198,.T.);
#200=ADVANCED_FACE('',(#199),#174,.T.);
#201=CARTESIAN_POINT('',(119.299856681,-10.,-24.501295023));
#202=CARTESIAN_POINT('',(119.299856681,-5.,-24.501295023));
#203=CARTESIAN_POINT('',(125.822701098,-10.,-24.501295023));
#204=CARTESIAN_POINT('',(125.822701098,-5.,-24.501295023));
#205=CARTESIAN_POINT('',(130.406321499,-10.,-28.085921234));
#206=CARTESIAN_POINT('',(130.406321499,-5.,-28.085921234));
#207=B_SPLINE_SURFACE_WITH_KNOTS('',2,1,((#201,#202),(#203,#204),(#205,#206)),.UNSPECIFIED.,.F.,.F.,.U.,(3,3),(2,2),(0.,1.),(0.,1.),.UNSPECIFIED.);
#208=CARTESIAN_POINT('',(119.299856681,-5.,-24.501295023));
#209=VERTEX_POINT('',#208);
#210=CARTESIAN_POINT('',(119.299856681,-5.,-24.501295023));
#211=CARTESIAN_POINT('',(125.822701098,-5.,-24.501295023));
#212=CARTESIAN_POINT('',(130.406321499,-5.,-28.085921234));
#213=B_SPLINE_CURVE_WITH_KNOTS('',2,(#210,#211,#212),.UNSPECIFIED.,.F.,.F.,(3,3),(0.,1.),.UNSPECIFIED.);
#214=EDGE_CURVE('',#209,#176,#213,.T.);
#215=ORIENTED_EDGE('',*,*,#214,.F.);
#216=CARTESIAN_POINT('',(119.299856681,-10.,-24.501295023));
#217=VERTEX_POINT('',#216);
#218=CARTESIAN_POINT('',(119.299856681,-10.,-24.501295023));
#219=DIRECTION('',(0.,1.,0.));
#220=VECTOR('',#219,5.);
#221=LINE('',#218,#220);
#222=EDGE_CURVE('',#217,#209,#221,.T.);
#223=ORIENTED_EDGE('',*,*,#222,.F.);
#224=CARTESIAN_POINT('',(119.299856681,-10.,-24.501295023));
#225=CARTESIAN_POINT('',(125.822701098,-10.,-24.501295023));
#226=CARTESIAN_POINT('',(130.406321499,-10.,-28.085921234));
#227=B_SPLINE_CURVE_WITH_KNOTS('',2,(#224,#225,#226),.UNSPECIFIED.,.F.,.F.,(3,3),(0.,1.),.UNSPECIFIED.);
#228=EDGE_CURVE('',#217,#184,#227,.T.);
#229=ORIENTED_EDGE('',*,*,#228,.T.);
#230=ORIENTED_EDGE('',*,*,#189,.T.);
#231=EDGE_LOOP('',(#215,#223,#229,#230));
#232=FACE_BOUND('',#231,.T.);
#233=ADVANCED_FACE('',(#232),#207,.T.);
#234=CARTESIAN_POINT('',(108.193391862,-10.,-28.085921234));
#235=CARTESIAN_POINT('',(108.193391862,-5.,-28.085921234));
#236=CARTESIAN_POINT('',(112.835776628,-10.,-24.501295023));
#237=CARTESIAN_POINT('',(112.835776628,-5.,-24.501295023));
#238=CARTESIAN_POINT('',(119.299856681,-10.,-24.501295023));
#239=CARTESIAN_POINT('',(119.299856681,-5.,-24.501295023));
#240=B_SPLINE_SURFACE_WITH_KNOTS('',2,1,((#234,#235),(#236,#237),(#238,#239)),.UNSPECIFIED.,.F.,.F.,.U.,(3,3),(2,2),(0.,1.),(0.,1.),.UNSPECIFIED.);
#241=CARTESIAN_POINT('',(108.193391862,-5.,-28.085921234));
#242=VERTEX_POINT('',#241);
#243=CARTESIAN_POINT('',(108.193391862,-5.,-28.085921234));
#244=CARTESIAN_POINT('',(112.835776628,-5.,-24.501295023));
#245=CARTESIAN_POINT('',(119.299856681,-5.,-24.501295023));
#246=B_SPLINE_CURVE_WITH_KNOTS('',2,(#243,#244,#245),.UNSPECIFIED.,.F.,.F.,(3,3),(0.,1.),.UNSPECIFIED.);
#247=EDGE_CURVE('',#242,#209,#246,.T.);
#248=ORIENTED_EDGE('',*,*,#247,.F.);
#249=CARTESIAN_POINT('',(108.193391862,-10.,-28.085921234));
#250=VERTEX_POINT('',#249);
#251=CARTESIAN_POINT('',(108.193391862,-10.,-28.085921234));
#252=DIRECTION('',(0.,1.,0.));
#253=VECTOR('',#252,5.);
#254=LINE('',#251,#253);
#255=EDGE_CURVE('',#250,#242,#254,.T.);
#256=ORIENTED_EDGE('',*,*,#255,.F.);
#257=CARTESIAN_POINT('',(108.193391862,-10.,-28.085921234));
#258=CARTESIAN_POINT('',(112.835776628,-10.,-24.501295023));
#259=CARTESIAN_POINT('',(119.299856681,-10.,-24.501295023));
#260=B_SPLINE_CURVE_WITH_KNOTS('',2,(#257,#258,#259),.UNSPECIFIED.,.F.,.F.,(3,3),(0.,1.),.UNSPECIFIED.);
#261=EDGE_CURVE('',#250,#217,#260,.T.);
#262=ORIENTED_EDGE('',*,*,#261,.T.);
#263=ORIENTED_EDGE('',*,*,#222,.T.);
#264=EDGE_LOOP('',(#248,#256,#262,#263));
#265=FACE_BOUND('',#264,.T.);
#266=ADVANCED_FACE('',(#265),#240,.T.);
#267=CARTESIAN_POINT('',(101.141668168,-10.,-38.545978047));
#268=CARTESIAN_POINT('',(101.141668168,-5.,-38.545978047));
#269=CARTESIAN_POINT('',(103.551007097,-10.,-31.729311809));
#270=CARTESIAN_POINT('',(103.551007097,-5.,-31.729311809));
#271=CARTESIAN_POINT('',(108.193391862,-10.,-28.085921234));
#272=CARTESIAN_POINT('',(108.193391862,-5.,-28.085921234));
#273=B_SPLINE_SURFACE_WITH_KNOTS('',2,1,((#267,#268),(#269,#270),(#271,#272)),.UNSPECIFIED.,.F.,.F.,.U.,(3,3),(2,2),(0.,1.),(0.,1.),.UNSPECIFIED.);
#274=CARTESIAN_POINT('',(101.141668168,-5.,-38.545978047));
#275=VERTEX_POINT('',#274);
#276=CARTESIAN_POINT('',(101.141668168,-5.,-38.545978047));
#277=CARTESIAN_POINT('',(103.551007097,-5.,-31.729311809));
#278=CARTESIAN_POINT('',(108.193391862,-5.,-28.085921234));
#279=B_SPLINE_CURVE_WITH_KNOTS('',2,(#276,#277,#278),.UNSPECIFIED.,.F.,.F.,(3,3),(0.,1.),.UNSPECIFIED.);
#280=EDGE_CURVE('',#275,#242,#279,.T.);
#281=ORIENTED_EDGE('',*,*,#280,.F.);
#282=CARTESIAN_POINT('',(101.141668168,-10.,-38.545978047));
#283=VERTEX_POINT('',#282);
#284=CARTESIAN_POINT('',(101.141668168,-10.,-38.545978047));
#285=DIRECTION('',(0.,1.,0.));
#286=VECTOR('',#285,5.);
#287=LINE('',#284,#286);
#288=EDGE_CURVE('',#283,#275,#287,.T.);
#289=ORIENTED_EDGE('',*,*,#288,.F.);
#290=CARTESIAN_POINT('',(101.141668168,-10.,-38.545978047));
#291=CARTESIAN_POINT('',(103.551007097,-10.,-31.729311809));
#292=CARTESIAN_POINT('',(108.193391862,-10.,-28.085921234));
#293=B_SPLINE_CURVE_WITH_KNOTS('',2,(#290,#291,#292),.UNSPECIFIED.,.F.,.F.,(3,3),(0.,1.),.UNSPECIFIED.);
#294=EDGE_CURVE('',#283,#250,#293,.T.);
#295=ORIENTED_EDGE('',*,*,#294,.T.);
#296=ORIENTED_EDGE('',*,*,#255,.T.);
#297=EDGE_LOOP('',(#281,#289,#295,#296));
#298=FACE_BOUND('',#297,.T.);
#299=ADVANCED_FACE('',(#298),#273,.T.);
#300=CARTESIAN_POINT('',(98.673564875,-10.,-55.));
#301=CARTESIAN_POINT('',(98.673564875,-5.,-55.));
#302=CARTESIAN_POINT('',(98.673564875,-10.,-45.362644285));
#303=CARTESIAN_POINT('',(98.673564875,-5.,-45.362644285));
#304=CARTESIAN_POINT('',(101.141668168,-10.,-38.545978047));
#305=CARTESIAN_POINT('',(101.141668168,-5.,-38.545978047));
#306=B_SPLINE_SURFACE_WITH_KNOTS('',2,1,((#300,#301),(#302,#303),(#304,#305)),.UNSPECIFIED.,.F.,.F.,.U.,(3,3),(2,2),(0.,1.),(0.,1.),.UNSPECIFIED.);
#307=CARTESIAN_POINT('',(98.673564875,-5.,-55.));
#308=VERTEX_POINT('',#307);
#309=CARTESIAN_POINT('',(98.673564875,-5.,-55.));
#310=CARTESIAN_POINT('',(98.673564875,-5.,-45.362644285));
#311=CARTESIAN_POINT('',(101.141668168,-5.,-38.545978047));
#312=B_SPLINE_CURVE_WITH_KNOTS('',2,(#309,#310,#311),.UNSPECIFIED.,.F.,.F.,(3,3),(0.,1.),.UNSPECIFIED.);
#313=EDGE_CURVE('',#308,#275,#312,.T.);
#314=ORIENTED_EDGE('',*,*,#313,.F.);
#315=CARTESIAN_POINT('',(98.673564875,-10.,-55.));
#316=VERTEX_POINT('',#315);
#317=CARTESIAN_POINT('',(98.673564875,-10.,-55.));
#318=DIRECTION('',(0.,1.,0.));
#319=VECTOR('',#318,5.);
#320=LINE('',#317,#319);
#321=EDGE_CURVE('',#316,#308,#320,.T.);
#322=ORIENTED_EDGE('',*,*,#321,.F.);
#323=CARTESIAN_POINT('',(98.673564875,-10.,-55.));
#324=CARTESIAN_POINT('',(98.673564875,-10.,-45.362644285));
#325=CARTESIAN_POINT('',(101.141668168,-10.,-38.545978047));
#326=B_SPLINE_CURVE_WITH_KNOTS('',2,(#323,#324,#325),.UNSPECIFIED.,.F.,.F.,(3,3),(0.,1.),.UNSPECIFIED.);
#327=EDGE_CURVE('',#316,#283,#326,.T.);
#328=ORIENTED_EDGE('',*,*,#327,.T.);
#329=ORIENTED_EDGE('',*,*,#288,.T.);
#330=EDGE_LOOP('',(#314,#322,#328,#329));
#331=FACE_BOUND('',#330,.T.);
#332=ADVANCED_FACE('',(#331),#306,.T.);
#333=CARTESIAN_POINT('',(101.082903804,-10.,-71.512786317));
#334=CARTESIAN_POINT('',(101.082903804,-5.,-71.512786317));
#335=CARTESIAN_POINT('',(98.673564875,-10.,-64.69612008));
#336=CARTESIAN_POINT('',(98.673564875,-5.,-64.69612008));
#337=CARTESIAN_POINT('',(98.673564875,-10.,-55.));
#338=CARTESIAN_POINT('',(98.673564875,-5.,-55.));
#339=B_SPLINE_SURFACE_WITH_KNOTS('',2,1,((#333,#334),(#335,#336),(#337,#338)),.UNSPECIFIED.,.F.,.F.,.U.,(3,3),(2,2),(0.,1.),(0.,1.),.UNSPECIFIED.);
#340=CARTESIAN_POINT('',(101.082903804,-5.,-71.512786317));
#341=VERTEX_POINT('',#340);
#342=CARTESIAN_POINT('',(101.082903804,-5.,-71.512786317));
#343=CARTESIAN_POINT('',(98.673564875,-5.,-64.69612008));
#344=CARTESIAN_POINT('',(98.673564875,-5.,-55.));
#345=B_SPLINE_CURVE_WITH_KNOTS('',2,(#342,#343,#344),.UNSPECIFIED.,.F.,.F.,(3,3),(0.,1.),.UNSPECIFIED.);
#346=EDGE_CURVE('',#341,#308,#345,.T.);
#347=ORIENTED_EDGE('',*,*,#346,.F.);
#348=CARTESIAN_POINT('',(101.082903804,-10.,-71.512786317));
#349=VERTEX_POINT('',#348);
#350=CARTESIAN_POINT('',(101.082903804,-10.,-71.512786317));
#351=DIRECTION('',(0.,1.,0.));
#352=VECTOR('',#351,5.);
#353=LINE('',#350,#352);
#354=EDGE_CURVE('',#349,#341,#353,.T.);
#355=ORIENTED_EDGE('',*,*,#354,.F.);
#356=CARTESIAN_POINT('',(101.082903804,-10.,-71.512786317));
#357=CARTESIAN_POINT('',(98.673564875,-10.,-64.69612008));
#358=CARTESIAN_POINT('',(98.673564875,-10.,-55.));
#359=B_SPLINE_CURVE_WITH_KNOTS('',2,(#356,#357,#358),.UNSPECIFIED.,.F.,.F.,(3,3),(0.,1.),.UNSPECIFIED.);
#360=EDGE_CURVE('',#349,#316,#359,.T.);
#361=ORIENTED_EDGE('',*,*,#360,.T.);
#362=ORIENTED_EDGE('',*,*,#321,.T.);
#363=EDGE_LOOP('',(#347,#355,#361,#362));
#364=FACE_BOUND('',#363,.T.);
#365=ADVANCED_FACE('',(#364),#339,.T.);
#366=CARTESIAN_POINT('',(108.134627498,-10.,-81.914078766));
#367=CARTESIAN_POINT('',(108.134627498,-5.,-81.914078766));
#368=CARTESIAN_POINT('',(103.551007097,-10.,-78.329452555));
#369=CARTESIAN_POINT('',(103.551007097,-5.,-78.329452555));
#370=CARTESIAN_POINT('',(101.082903804,-10.,-71.512786317));
#371=CARTESIAN_POINT('',(101.082903804,-5.,-71.512786317));
#372=B_SPLINE_SURFACE_WITH_KNOTS('',2,1,((#366,#367),(#368,#369),(#370,#371)),.UNSPECIFIED.,.F.,.F.,.U.,(3,3),(2,2),(0.,1.),(0.,1.),.UNSPECIFIED.);
#373=CARTESIAN_POINT('',(108.134627498,-5.,-81.914078766));
#374=VERTEX_POINT('',#373);
#375=CARTESIAN_POINT('',(108.134627498,-5.,-81.914078766));
#376=CARTESIAN_POINT('',(103.551007097,-5.,-78.329452555));
#377=CARTESIAN_POINT('',(101.082903804,-5.,-71.512786317));
#378=B_SPLINE_CURVE_WITH_KNOTS('',2,(#375,#376,#377),.UNSPECIFIED.,.F.,.F.,(3,3),(0.,1.),.UNSPECIFIED.);
#379=EDGE_CURVE('',#374,#341,#378,.T.);
#380=ORIENTED_EDGE('',*,*,#379,.F.);
#381=CARTESIAN_POINT('',(108.134627498,-10.,-81.914078766));
#382=VERTEX_POINT('',#381);
#383=CARTESIAN_POINT('',(108.134627498,-10.,-81.914078766));
#384=DIRECTION('',(0.,1.,0.));
#385=VECTOR('',#384,5.);
#386=LINE('',#383,#385);
#387=EDGE_CURVE('',#382,#374,#386,.T.);
#388=ORIENTED_EDGE('',*,*,#387,.F.);
#389=CARTESIAN_POINT('',(108.134627498,-10.,-81.914078766));
#390=CARTESIAN_POINT('',(103.551007097,-10.,-78.329452555));
#391=CARTESIAN_POINT('',(101.082903804,-10.,-71.512786317));
#392=B_SPLINE_CURVE_WITH_KNOTS('',2,(#389,#390,#391),.UNSPECIFIED.,.F.,.F.,(3,3),(0.,1.),.UNSPECIFIED.);
#393=EDGE_CURVE('',#382,#349,#392,.T.);
#394=ORIENTED_EDGE('',*,*,#393,.T.);
#395=ORIENTED_EDGE('',*,*,#354,.T.);
#396=EDGE_LOOP('',(#380,#388,#394,#395));
#397=FACE_BOUND('',#396,.T.);
#398=ADVANCED_FACE('',(#397),#372,.T.);
#399=CARTESIAN_POINT('',(111.954311166,-10.,-76.272699811));
#400=CARTESIAN_POINT('',(111.954311166,-5.,-76.272699811));
#401=CARTESIAN_POINT('',(115.0100581,-10.,-79.093389289));
#402=CARTESIAN_POINT('',(115.0100581,-5.,-79.093389289));
#403=CARTESIAN_POINT('',(119.299856681,-10.,-79.093389289));
#404=CARTESIAN_POINT('',(119.299856681,-5.,-79.093389289));
#405=B_SPLINE_SURFACE_WITH_KNOTS('',2,1,((#399,#400),(#401,#402),(#403,#404)),.UNSPECIFIED.,.F.,.F.,.U.,(3,3),(2,2),(0.,1.),(0.,1.),.UNSPECIFIED.);
#406=CARTESIAN_POINT('',(111.954311166,-5.,-76.272699811));
#407=VERTEX_POINT('',#406);
#408=CARTESIAN_POINT('',(119.299856681,-5.,-79.093389289));
#409=VERTEX_POINT('',#408);
#410=CARTESIAN_POINT('',(111.954311166,-5.,-76.272699811));
#411=CARTESIAN_POINT('',(115.0100581,-5.,-79.093389289));
#412=CARTESIAN_POINT('',(119.299856681,-5.,-79.093389289));
#413=B_SPLINE_CURVE_WITH_KNOTS('',2,(#410,#411,#412),.UNSPECIFIED.,.F.,.F.,(3,3),(0.,1.),.UNSPECIFIED.);
#414=EDGE_CURVE('',#407,#409,#413,.T.);
#415=ORIENTED_EDGE('',*,*,#414,.F.);
#416=CARTESIAN_POINT('',(111.954311166,-10.,-76.272699811));
#417=VERTEX_POINT('',#416);
#418=CARTESIAN_POINT('',(111.954311166,-10.,-76.272699811));
#419=DIRECTION('',(0.,1.,0.));
#420=VECTOR('',#419,5.);
#421=LINE('',#418,#420);
#422=EDGE_CURVE('',#417,#407,#421,.T.);
#423=ORIENTED_EDGE('',*,*,#422,.F.);
#424=CARTESIAN_POINT('',(119.299856681,-10.,-79.093389289));
#425=VERTEX_POINT('',#424);
#426=CARTESIAN_POINT('',(111.954311166,-10.,-76.272699811));
#427=CARTESIAN_POINT('',(115.0100581,-10.,-79.093389289));
#428=CARTESIAN_POINT('',(119.299856681,-10.,-79.093389289));
#429=B_SPLINE_CURVE_WITH_KNOTS('',2,(#426,#427,#428),.UNSPECIFIED.,.F.,.F.,(3,3),(0.,1.),.UNSPECIFIED.);
#430=EDGE_CURVE('',#417,#425,#429,.T.);
#431=ORIENTED_EDGE('',*,*,#430,.T.);
#432=CARTESIAN_POINT('',(119.299856681,-10.,-79.093389289));
#433=DIRECTION('',(0.,1.,0.));
#434=VECTOR('',#433,5.);
#435=LINE('',#432,#434);
#436=EDGE_CURVE('',#425,#409,#435,.T.);
#437=ORIENTED_EDGE('',*,*,#436,.T.);
#438=EDGE_LOOP('',(#415,#423,#431,#437));
#439=FACE_BOUND('',#438,.T.);
#440=ADVANCED_FACE('',(#439),#405,.T.);
#441=CARTESIAN_POINT('',(107.253162036,-10.,-68.104453198));
#442=CARTESIAN_POINT('',(107.253162036,-5.,-68.104453198));
#443=CARTESIAN_POINT('',(108.839799867,-10.,-73.510774697));
#444=CARTESIAN_POINT('',(108.839799867,-5.,-73.510774697));
#445=CARTESIAN_POINT('',(111.954311166,-10.,-76.272699811));
#446=CARTESIAN_POINT('',(111.954311166,-5.,-76.272699811));
#447=B_SPLINE_SURFACE_WITH_KNOTS('',2,1,((#441,#442),(#443,#444),(#445,#446)),.UNSPECIFIED.,.F.,.F.,.U.,(3,3),(2,2),(0.,1.),(0.,1.),.UNSPECIFIED.);
#448=CARTESIAN_POINT('',(107.253162036,-5.,-68.104453198));
#449=VERTEX_POINT('',#448);
#450=CARTESIAN_POINT('',(107.253162036,-5.,-68.104453198));
#451=CARTESIAN_POINT('',(108.839799867,-5.,-73.510774697));
#452=CARTESIAN_POINT('',(111.954311166,-5.,-76.272699811));
#453=B_SPLINE_CURVE_WITH_KNOTS('',2,(#450,#451,#452),.UNSPECIFIED.,.F.,.F.,(3,3),(0.,1.),.UNSPECIFIED.);
#454=EDGE_CURVE('',#449,#407,#453,.T.);
#455=ORIENTED_EDGE('',*,*,#454,.F.);
#456=CARTESIAN_POINT('',(107.253162036,-10.,-68.104453198));
#457=VERTEX_POINT('',#456);
#458=CARTESIAN_POINT('',(107.253162036,-10.,-68.104453198));
#459=DIRECTION('',(0.,1.,0.));
#460=VECTOR('',#459,5.);
#461=LINE('',#458,#460);
#462=EDGE_CURVE('',#457,#449,#461,.T.);
#463=ORIENTED_EDGE('',*,*,#462,.F.);
#464=CARTESIAN_POINT('',(107.253162036,-10.,-68.104453198));
#465=CARTESIAN_POINT('',(108.839799867,-10.,-73.510774697));
#466=CARTESIAN_POINT('',(111.954311166,-10.,-76.272699811));
#467=B_SPLINE_CURVE_WITH_KNOTS('',2,(#464,#465,#466),.UNSPECIFIED.,.F.,.F.,(3,3),(0.,1.),.UNSPECIFIED.);
#468=EDGE_CURVE('',#457,#417,#467,.T.);
#469=ORIENTED_EDGE('',*,*,#468,.T.);
#470=ORIENTED_EDGE('',*,*,#422,.T.);
#471=EDGE_LOOP('',(#455,#463,#469,#470));
#472=FACE_BOUND('',#471,.T.);
#473=ADVANCED_FACE('',(#472),#447,.T.);
#474=CARTESIAN_POINT('',(105.607759841,-10.,-55.));
#475=CARTESIAN_POINT('',(105.607759841,-5.,-55.));
#476=CARTESIAN_POINT('',(105.607759841,-10.,-62.6981317));
#477=CARTESIAN_POINT('',(105.607759841,-5.,-62.6981317));
#478=CARTESIAN_POINT('',(107.253162036,-10.,-68.104453198));
#479=CARTESIAN_POINT('',(107.253162036,-5.,-68.104453198));
#480=B_SPLINE_SURFACE_WITH_KNOTS('',2,1,((#474,#475),(#476,#477),(#478,#479)),.UNSPECIFIED.,.F.,.F.,.U.,(3,3),(2,2),(0.,1.),(0.,1.),.UNSPECIFIED.);
#481=CARTESIAN_POINT('',(105.607759841,-5.,-55.));
#482=VERTEX_POINT('',#481);
#483=CARTESIAN_POINT('',(105.607759841,-5.,-55.));
#484=CARTESIAN_POINT('',(105.607759841,-5.,-62.6981317));
#485=CARTESIAN_POINT('',(107.253162036,-5.,-68.104453198));
#486=B_SPLINE_CURVE_WITH_KNOTS('',2,(#483,#484,#485),.UNSPECIFIED.,.F.,.F.,(3,3),(0.,1.),.UNSPECIFIED.);
#487=EDGE_CURVE('',#482,#449,#486,.T.);
#488=ORIENTED_EDGE('',*,*,#487,.F.);
#489=CARTESIAN_POINT('',(105.607759841,-10.,-55.));
#490=VERTEX_POINT('',#489);
#491=CARTESIAN_POINT('',(105.607759841,-10.,-55.));
#492=DIRECTION('',(0.,1.,0.));
#493=VECTOR('',#492,5.);
#494=LINE('',#491,#493);
#495=EDGE_CURVE('',#490,#482,#494,.T.);
#496=ORIENTED_EDGE('',*,*,#495,.F.);
#497=CARTESIAN_POINT('',(105.607759841,-10.,-55.));
#498=CARTESIAN_POINT('',(105.607759841,-10.,-62.6981317));
#499=CARTESIAN_POINT('',(107.253162036,-10.,-68.104453198));
#500=B_SPLINE_CURVE_WITH_KNOTS('',2,(#497,#498,#499),.UNSPECIFIED.,.F.,.F.,(3,3),(0.,1.),.UNSPECIFIED.);
#501=EDGE_CURVE('',#490,#457,#500,.T.);
#502=ORIENTED_EDGE('',*,*,#501,.T.);
#503=ORIENTED_EDGE('',*,*,#462,.T.);
#504=EDGE_LOOP('',(#488,#496,#502,#503));
#505=FACE_BOUND('',#504,.T.);
#506=ADVANCED_FACE('',(#505),#480,.T.);
#507=CARTESIAN_POINT('',(109.251150416,-10.,-37.076868944));
#508=CARTESIAN_POINT('',(109.251150416,-5.,-37.076868944));
#509=CARTESIAN_POINT('',(105.607759841,-10.,-43.423420269));
#510=CARTESIAN_POINT('',(105.607759841,-5.,-43.423420269));
#511=CARTESIAN_POINT('',(105.607759841,-10.,-55.));
#512=CARTESIAN_POINT('',(105.607759841,-5.,-55.));
#513=B_SPLINE_SURFACE_WITH_KNOTS('',2,1,((#507,#508),(#509,#510),(#511,#512)),.UNSPECIFIED.,.F.,.F.,.U.,(3,3),(2,2),(0.,1.),(0.,1.),.UNSPECIFIED.);
#514=CARTESIAN_POINT('',(109.251150416,-5.,-37.076868944));
#515=VERTEX_POINT('',#514);
#516=CARTESIAN_POINT('',(109.251150416,-5.,-37.076868944));
#517=CARTESIAN_POINT('',(105.607759841,-5.,-43.423420269));
#518=CARTESIAN_POINT('',(105.607759841,-5.,-55.));
#519=B_SPLINE_CURVE_WITH_KNOTS('',2,(#516,#517,#518),.UNSPECIFIED.,.F.,.F.,(3,3),(0.,1.),.UNSPECIFIED.);
#520=EDGE_CURVE('',#515,#482,#519,.T.);
#521=ORIENTED_EDGE('',*,*,#520,.F.);
#522=CARTESIAN_POINT('',(109.251150416,-10.,-37.076868944));
#523=VERTEX_POINT('',#522);
#524=CARTESIAN_POINT('',(109.251150416,-10.,-37.076868944));
#525=DIRECTION('',(0.,1.,0.));
#526=VECTOR('',#525,5.);
#527=LINE('',#524,#526);
#528=EDGE_CURVE('',#523,#515,#527,.T.);
#529=ORIENTED_EDGE('',*,*,#528,.F.);
#530=CARTESIAN_POINT('',(109.251150416,-10.,-37.076868944));
#531=CARTESIAN_POINT('',(105.607759841,-10.,-43.423420269));
#532=CARTESIAN_POINT('',(105.607759841,-10.,-55.));
#533=B_SPLINE_CURVE_WITH_KNOTS('',2,(#530,#531,#532),.UNSPECIFIED.,.F.,.F.,(3,3),(0.,1.),.UNSPECIFIED.);
#534=EDGE_CURVE('',#523,#490,#533,.T.);
#535=ORIENTED_EDGE('',*,*,#534,.T.);
#536=ORIENTED_EDGE('',*,*,#495,.T.);
#537=EDGE_LOOP('',(#521,#529,#535,#536));
#538=FACE_BOUND('',#537,.T.);
#539=ADVANCED_FACE('',(#538),#513,.T.);
#540=CARTESIAN_POINT('',(119.299856681,-10.,-30.789081983));
#541=CARTESIAN_POINT('',(119.299856681,-5.,-30.789081983));
#542=CARTESIAN_POINT('',(112.894540992,-10.,-30.789081983));
#543=CARTESIAN_POINT('',(112.894540992,-5.,-30.789081983));
#544=CARTESIAN_POINT('',(109.251150416,-10.,-37.076868944));
#545=CARTESIAN_POINT('',(109.251150416,-5.,-37.076868944));
#546=B_SPLINE_SURFACE_WITH_KNOTS('',2,1,((#540,#541),(#542,#543),(#544,#545)),.UNSPECIFIED.,.F.,.F.,.U.,(3,3),(2,2),(0.,1.),(0.,1.),.UNSPECIFIED.);
#547=CARTESIAN_POINT('',(119.299856681,-5.,-30.789081983));
#548=VERTEX_POINT('',#547);
#549=CARTESIAN_POINT('',(119.299856681,-5.,-30.789081983));
#550=CARTESIAN_POINT('',(112.894540992,-5.,-30.789081983));
#551=CARTESIAN_POINT('',(109.251150416,-5.,-37.076868944));
#552=B_SPLINE_CURVE_WITH_KNOTS('',2,(#549,#550,#551),.UNSPECIFIED.,.F.,.F.,(3,3),(0.,1.),.UNSPECIFIED.);
#553=EDGE_CURVE('',#548,#515,#552,.T.);
#554=ORIENTED_EDGE('',*,*,#553,.F.);
#555=CARTESIAN_POINT('',(119.299856681,-10.,-30.789081983));
#556=VERTEX_POINT('',#555);
#557=CARTESIAN_POINT('',(119.299856681,-10.,-30.789081983));
#558=DIRECTION('',(0.,1.,0.));
#559=VECTOR('',#558,5.);
#560=LINE('',#557,#559);
#561=EDGE_CURVE('',#556,#548,#560,.T.);
#562=ORIENTED_EDGE('',*,*,#561,.F.);
#563=CARTESIAN_POINT('',(119.299856681,-10.,-30.789081983));
#564=CARTESIAN_POINT('',(112.894540992,-10.,-30.789081983));
#565=CARTESIAN_POINT('',(109.251150416,-10.,-37.076868944));
#566=B_SPLINE_CURVE_WITH_KNOTS('',2,(#563,#564,#565),.UNSPECIFIED.,.F.,.F.,(3,3),(0.,1.),.UNSPECIFIED.);
#567=EDGE_CURVE('',#556,#523,#566,.T.);
#568=ORIENTED_EDGE('',*,*,#567,.T.);
#569=ORIENTED_EDGE('',*,*,#528,.T.);
#570=EDGE_LOOP('',(#554,#562,#568,#569));
#571=FACE_BOUND('',#570,.T.);
#572=ADVANCED_FACE('',(#571),#546,.T.);
#573=CARTESIAN_POINT('',(126.645402195,-10.,-33.609771461));
#574=CARTESIAN_POINT('',(126.645402195,-5.,-33.609771461));
#575=CARTESIAN_POINT('',(123.589655261,-10.,-30.789081983));
#576=CARTESIAN_POINT('',(123.589655261,-5.,-30.789081983));
#577=CARTESIAN_POINT('',(119.299856681,-10.,-30.789081983));
#578=CARTESIAN_POINT('',(119.299856681,-5.,-30.789081983));
#579=B_SPLINE_SURFACE_WITH_KNOTS('',2,1,((#573,#574),(#575,#576),(#577,#578)),.UNSPECIFIED.,.F.,.F.,.U.,(3,3),(2,2),(0.,1.),(0.,1.),.UNSPECIFIED.);
#580=CARTESIAN_POINT('',(126.645402195,-5.,-33.609771461));
#581=VERTEX_POINT('',#580);
#582=CARTESIAN_POINT('',(126.645402195,-5.,-33.609771461));
#583=CARTESIAN_POINT('',(123.589655261,-5.,-30.789081983));
#584=CARTESIAN_POINT('',(119.299856681,-5.,-30.789081983));
#585=B_SPLINE_CURVE_WITH_KNOTS('',2,(#582,#583,#584),.UNSPECIFIED.,.F.,.F.,(3,3),(0.,1.),.UNSPECIFIED.);
#586=EDGE_CURVE('',#581,#548,#585,.T.);
#587=ORIENTED_EDGE('',*,*,#586,.F.);
#588=CARTESIAN_POINT('',(126.645402195,-10.,-33.609771461));
#589=VERTEX_POINT('',#588);
#590=CARTESIAN_POINT('',(126.645402195,-10.,-33.609771461));
#591=DIRECTION('',(0.,1.,0.));
#592=VECTOR('',#591,5.);
#593=LINE('',#590,#592);
#594=EDGE_CURVE('',#589,#581,#593,.T.);
#595=ORIENTED_EDGE('',*,*,#594,.F.);
#596=CARTESIAN_POINT('',(126.645402195,-10.,-33.609771461));
#597=CARTESIAN_POINT('',(123.589655261,-10.,-30.789081983));
#598=CARTESIAN_POINT('',(119.299856681,-10.,-30.789081983));
#599=B_SPLINE_CURVE_WITH_KNOTS('',2,(#596,#597,#598),.UNSPECIFIED.,.F.,.F.,(3,3),(0.,1.),.UNSPECIFIED.);
#600=EDGE_CURVE('',#589,#556,#599,.T.);
#601=ORIENTED_EDGE('',*,*,#600,.T.);
#602=ORIENTED_EDGE('',*,*,#561,.T.);
#603=EDGE_LOOP('',(#587,#595,#601,#602));
#604=FACE_BOUND('',#603,.T.);
#605=ADVANCED_FACE('',(#604),#579,.T.);
#606=CARTESIAN_POINT('',(131.346551325,-10.,-41.895546802));
#607=CARTESIAN_POINT('',(131.346551325,-5.,-41.895546802));
#608=CARTESIAN_POINT('',(129.701149129,-10.,-36.430460939));
#609=CARTESIAN_POINT('',(129.701149129,-5.,-36.430460939));
#610=CARTESIAN_POINT('',(126.645402195,-10.,-33.609771461));
#611=CARTESIAN_POINT('',(126.645402195,-5.,-33.609771461));
#612=B_SPLINE_SURFACE_WITH_KNOTS('',2,1,((#606,#607),(#608,#609),(#610,#611)),.UNSPECIFIED.,.F.,.F.,.U.,(3,3),(2,2),(0.,1.),(0.,1.),.UNSPECIFIED.);
#613=CARTESIAN_POINT('',(131.346551325,-5.,-41.895546802));
#614=VERTEX_POINT('',#613);
#615=CARTESIAN_POINT('',(131.346551325,-5.,-41.895546802));
#616=CARTESIAN_POINT('',(129.701149129,-5.,-36.430460939));
#617=CARTESIAN_POINT('',(126.645402195,-5.,-33.609771461));
#618=B_SPLINE_CURVE_WITH_KNOTS('',2,(#615,#616,#617),.UNSPECIFIED.,.F.,.F.,(3,3),(0.,1.),.UNSPECIFIED.);
#619=EDGE_CURVE('',#614,#581,#618,.T.);
#620=ORIENTED_EDGE('',*,*,#619,.F.);
#621=CARTESIAN_POINT('',(131.346551325,-10.,-41.895546802));
#622=VERTEX_POINT('',#621);
#623=CARTESIAN_POINT('',(131.346551325,-10.,-41.895546802));
#624=DIRECTION('',(0.,1.,0.));
#625=VECTOR('',#624,5.);
#626=LINE('',#623,#625);
#627=EDGE_CURVE('',#622,#614,#626,.T.);
#628=ORIENTED_EDGE('',*,*,#627,.F.);
#629=CARTESIAN_POINT('',(131.346551325,-10.,-41.895546802));
#630=CARTESIAN_POINT('',(129.701149129,-10.,-36.430460939));
#631=CARTESIAN_POINT('',(126.645402195,-10.,-33.609771461));
#632=B_SPLINE_CURVE_WITH_KNOTS('',2,(#629,#630,#631),.UNSPECIFIED.,.F.,.F.,(3,3),(0.,1.),.UNSPECIFIED.);
#633=EDGE_CURVE('',#622,#589,#632,.T.);
#634=ORIENTED_EDGE('',*,*,#633,.T.);
#635=ORIENTED_EDGE('',*,*,#594,.T.);
#636=EDGE_LOOP('',(#620,#628,#634,#635));
#637=FACE_BOUND('',#636,.T.);
#638=ADVANCED_FACE('',(#637),#612,.T.);
#639=CARTESIAN_POINT('',(132.99195352,-10.,-55.));
#640=CARTESIAN_POINT('',(132.99195352,-5.,-55.));
#641=CARTESIAN_POINT('',(132.99195352,-10.,-47.3018683));
#642=CARTESIAN_POINT('',(132.99195352,-5.,-47.3018683));
#643=CARTESIAN_POINT('',(131.346551325,-10.,-41.895546802));
#644=CARTESIAN_POINT('',(131.346551325,-5.,-41.895546802));
#645=B_SPLINE_SURFACE_WITH_KNOTS('',2,1,((#639,#640),(#641,#642),(#643,#644)),.UNSPECIFIED.,.F.,.F.,.U.,(3,3),(2,2),(0.,1.),(0.,1.),.UNSPECIFIED.);
#646=CARTESIAN_POINT('',(132.99195352,-5.,-55.));
#647=VERTEX_POINT('',#646);
#648=CARTESIAN_POINT('',(132.99195352,-5.,-55.));
#649=CARTESIAN_POINT('',(132.99195352,-5.,-47.3018683));
#650=CARTESIAN_POINT('',(131.346551325,-5.,-41.895546802));
#651=B_SPLINE_CURVE_WITH_KNOTS('',2,(#648,#649,#650),.UNSPECIFIED.,.F.,.F.,(3,3),(0.,1.),.UNSPECIFIED.);
#652=EDGE_CURVE('',#647,#614,#651,.T.);
#653=ORIENTED_EDGE('',*,*,#652,.F.);
#654=CARTESIAN_POINT('',(132.99195352,-10.,-55.));
#655=VERTEX_POINT('',#654);
#656=CARTESIAN_POINT('',(132.99195352,-10.,-55.));
#657=DIRECTION('',(0.,1.,0.));
#658=VECTOR('',#657,5.);
#659=LINE('',#656,#658);
#660=EDGE_CURVE('',#655,#647,#659,.T.);
#661=ORIENTED_EDGE('',*,*,#660,.F.);
#662=CARTESIAN_POINT('',(132.99195352,-10.,-55.));
#663=CARTESIAN_POINT('',(132.99195352,-10.,-47.3018683));
#664=CARTESIAN_POINT('',(131.346551325,-10.,-41.895546802));
#665=B_SPLINE_CURVE_WITH_KNOTS('',2,(#662,#663,#664),.UNSPECIFIED.,.F.,.F.,(3,3),(0.,1.),.UNSPECIFIED.);
#666=EDGE_CURVE('',#655,#622,#665,.T.);
#667=ORIENTED_EDGE('',*,*,#666,.T.);
#668=ORIENTED_EDGE('',*,*,#627,.T.);
#669=EDGE_LOOP('',(#653,#661,#667,#668));
#670=FACE_BOUND('',#669,.T.);
#671=ADVANCED_FACE('',(#670),#645,.T.);
#672=CARTESIAN_POINT('',(129.407327309,-10.,-72.864366692));
#673=CARTESIAN_POINT('',(129.407327309,-5.,-72.864366692));
#674=CARTESIAN_POINT('',(132.99195352,-10.,-66.576579731));
#675=CARTESIAN_POINT('',(132.99195352,-5.,-66.576579731));
#676=CARTESIAN_POINT('',(132.99195352,-10.,-55.));
#677=CARTESIAN_POINT('',(132.99195352,-5.,-55.));
#678=B_SPLINE_SURFACE_WITH_KNOTS('',2,1,((#672,#673),(#674,#675),(#676,#677)),.UNSPECIFIED.,.F.,.F.,.U.,(3,3),(2,2),(0.,1.),(0.,1.),.UNSPECIFIED.);
#679=CARTESIAN_POINT('',(129.407327309,-5.,-72.864366692));
#680=VERTEX_POINT('',#679);
#681=CARTESIAN_POINT('',(129.407327309,-5.,-72.864366692));
#682=CARTESIAN_POINT('',(132.99195352,-5.,-66.576579731));
#683=CARTESIAN_POINT('',(132.99195352,-5.,-55.));
#684=B_SPLINE_CURVE_WITH_KNOTS('',2,(#681,#682,#683),.UNSPECIFIED.,.F.,.F.,(3,3),(0.,1.),.UNSPECIFIED.);
#685=EDGE_CURVE('',#680,#647,#684,.T.);
#686=ORIENTED_EDGE('',*,*,#685,.F.);
#687=CARTESIAN_POINT('',(129.407327309,-10.,-72.864366692));
#688=VERTEX_POINT('',#687);
#689=CARTESIAN_POINT('',(129.407327309,-10.,-72.864366692));
#690=DIRECTION('',(0.,1.,0.));
#691=VECTOR('',#690,5.);
#692=LINE('',#689,#691);
#693=EDGE_CURVE('',#688,#680,#692,.T.);
#694=ORIENTED_EDGE('',*,*,#693,.F.);
#695=CARTESIAN_POINT('',(129.407327309,-10.,-72.864366692));
#696=CARTESIAN_POINT('',(132.99195352,-10.,-66.576579731));
#697=CARTESIAN_POINT('',(132.99195352,-10.,-55.));
#698=B_SPLINE_CURVE_WITH_KNOTS('',2,(#695,#696,#697),.UNSPECIFIED.,.F.,.F.,(3,3),(0.,1.),.UNSPECIFIED.);
#699=EDGE_CURVE('',#688,#655,#698,.T.);
#700=ORIENTED_EDGE('',*,*,#699,.T.);
#701=ORIENTED_EDGE('',*,*,#660,.T.);
#702=EDGE_LOOP('',(#686,#694,#700,#701));
#703=FACE_BOUND('',#702,.T.);
#704=ADVANCED_FACE('',(#703),#678,.T.);
#705=CARTESIAN_POINT('',(119.299856681,-10.,-79.093389289));
#706=CARTESIAN_POINT('',(119.299856681,-5.,-79.093389289));
#707=CARTESIAN_POINT('',(125.822701098,-10.,-79.093389289));
#708=CARTESIAN_POINT('',(125.822701098,-5.,-79.093389289));
#709=CARTESIAN_POINT('',(129.407327309,-10.,-72.864366692));
#710=CARTESIAN_POINT('',(129.407327309,-5.,-72.864366692));
#711=B_SPLINE_SURFACE_WITH_KNOTS('',2,1,((#705,#706),(#707,#708),(#709,#710)),.UNSPECIFIED.,.F.,.F.,.U.,(3,3),(2,2),(0.,1.),(0.,1.),.UNSPECIFIED.);
#712=CARTESIAN_POINT('',(119.299856681,-5.,-79.093389289));
#713=CARTESIAN_POINT('',(125.822701098,-5.,-79.093389289));
#714=CARTESIAN_POINT('',(129.407327309,-5.,-72.864366692));
#715=B_SPLINE_CURVE_WITH_KNOTS('',2,(#712,#713,#714),.UNSPECIFIED.,.F.,.F.,(3,3),(0.,1.),.UNSPECIFIED.);
#716=EDGE_CURVE('',#409,#680,#715,.T.);
#717=ORIENTED_EDGE('',*,*,#716,.F.);
#718=ORIENTED_EDGE('',*,*,#436,.F.);
#719=CARTESIAN_POINT('',(119.299856681,-10.,-79.093389289));
#720=CARTESIAN_POINT('',(125.822701098,-10.,-79.093389289));
#721=CARTESIAN_POINT('',(129.407327309,-10.,-72.864366692));
#722=B_SPLINE_CURVE_WITH_KNOTS('',2,(#719,#720,#721),.UNSPECIFIED.,.F.,.F.,(3,3),(0.,1.),.UNSPECIFIED.);
#723=EDGE_CURVE('',#425,#688,#722,.T.);
#724=ORIENTED_EDGE('',*,*,#723,.T.);
#725=ORIENTED_EDGE('',*,*,#693,.T.);
#726=EDGE_LOOP('',(#717,#718,#724,#725));
#727=FACE_BOUND('',#726,.T.);
#728=ADVANCED_FACE('',(#727),#711,.T.);
#729=CARTESIAN_POINT('',(119.299856681,-10.,-85.498704977));
#730=CARTESIAN_POINT('',(119.299856681,-5.,-85.498704977));
#731=CARTESIAN_POINT('',(112.777012263,-10.,-85.498704977));
#732=CARTESIAN_POINT('',(112.777012263,-5.,-85.498704977));
#733=CARTESIAN_POINT('',(108.134627498,-10.,-81.914078766));
#734=CARTESIAN_POINT('',(108.134627498,-5.,-81.914078766));
#735=B_SPLINE_SURFACE_WITH_KNOTS('',2,1,((#729,#730),(#731,#732),(#733,#734)),.UNSPECIFIED.,.F.,.F.,.U.,(3,3),(2,2),(0.,1.),(0.,1.),.UNSPECIFIED.);
#736=CARTESIAN_POINT('',(119.299856681,-5.,-85.498704977));
#737=CARTESIAN_POINT('',(112.777012263,-5.,-85.498704977));
#738=CARTESIAN_POINT('',(108.134627498,-5.,-81.914078766));
#739=B_SPLINE_CURVE_WITH_KNOTS('',2,(#736,#737,#738),.UNSPECIFIED.,.F.,.F.,(3,3),(0.,1.),.UNSPECIFIED.);
#740=EDGE_CURVE('',#37,#374,#739,.T.);
#741=ORIENTED_EDGE('',*,*,#740,.F.);
#742=ORIENTED_EDGE('',*,*,#64,.F.);
#743=CARTESIAN_POINT('',(119.299856681,-10.,-85.498704977));
#744=CARTESIAN_POINT('',(112.777012263,-10.,-85.498704977));
#745=CARTESIAN_POINT('',(108.134627498,-10.,-81.914078766));
#746=B_SPLINE_CURVE_WITH_KNOTS('',2,(#743,#744,#745),.UNSPECIFIED.,.F.,.F.,(3,3),(0.,1.),.UNSPECIFIED.);
#747=EDGE_CURVE('',#53,#382,#746,.T.);
#748=ORIENTED_EDGE('',*,*,#747,.T.);
#749=ORIENTED_EDGE('',*,*,#387,.T.);
#750=EDGE_LOOP('',(#741,#742,#748,#749));
#751=FACE_BOUND('',#750,.T.);
#752=ADVANCED_FACE('',(#751),#735,.T.);
#753=CARTESIAN_POINT('',(125.,-10.,-75.));
#754=DIRECTION('',(0.,-1.,0.));
#755=DIRECTION('',(0.,0.,-1.));
#756=AXIS2_PLACEMENT_3D('',#753,#754,#755);
#757=PLANE('',#756);
#758=ORIENTED_EDGE('',*,*,#430,.F.);
#759=ORIENTED_EDGE('',*,*,#468,.F.);
#760=ORIENTED_EDGE('',*,*,#501,.F.);
#761=ORIENTED_EDGE('',*,*,#534,.F.);
#762=ORIENTED_EDGE('',*,*,#567,.F.);
#763=ORIENTED_EDGE('',*,*,#600,.F.);
#764=ORIENTED_EDGE('',*,*,#633,.F.);
#765=ORIENTED_EDGE('',*,*,#666,.F.);
#766=ORIENTED_EDGE('',*,*,#699,.F.);
#767=ORIENTED_EDGE('',*,*,#723,.F.);
#768=EDGE_LOOP('',(#758,#759,#760,#761,#762,#763,#764,#765,#766,#767));
#769=FACE_BOUND('',#768,.T.);
#770=ORIENTED_EDGE('',*,*,#58,.F.);
#771=ORIENTED_EDGE('',*,*,#96,.F.);
#772=ORIENTED_EDGE('',*,*,#129,.F.);
#773=ORIENTED_EDGE('',*,*,#162,.F.);
#774=ORIENTED_EDGE('',*,*,#195,.F.);
#775=ORIENTED_EDGE('',*,*,#228,.F.);
#776=ORIENTED_EDGE('',*,*,#261,.F.);
#777=ORIENTED_EDGE('',*,*,#294,.F.);
#778=ORIENTED_EDGE('',*,*,#327,.F.);
#779=ORIENTED_EDGE('',*,*,#360,.F.);
#780=ORIENTED_EDGE('',*,*,#393,.F.);
#781=ORIENTED_EDGE('',*,*,#747,.F.);
#782=EDGE_LOOP('',(#770,#771,#772,#773,#774,#775,#776,#777,#778,#779,#780,#781));
#783=FACE_BOUND('',#782,.T.);
#784=ADVANCED_FACE('',(#769,#783),#757,.T.);
#785=CARTESIAN_POINT('',(125.,-5.,-75.));
#786=DIRECTION('',(0.,-1.,0.));
#787=DIRECTION('',(0.,0.,-1.));
#788=AXIS2_PLACEMENT_3D('',#785,#786,#787);
#789=PLANE('',#788);
#790=ORIENTED_EDGE('',*,*,#414,.T.);
#791=ORIENTED_EDGE('',*,*,#716,.T.);
#792=ORIENTED_EDGE('',*,*,#685,.T.);
#793=ORIENTED_EDGE('',*,*,#652,.T.);
#794=ORIENTED_EDGE('',*,*,#619,.T.);
#795=ORIENTED_EDGE('',*,*,#586,.T.);
#796=ORIENTED_EDGE('',*,*,#553,.T.);
#797=ORIENTED_EDGE('',*,*,#520,.T.);
#798=ORIENTED_EDGE('',*,*,#487,.T.);
#799=ORIENTED_EDGE('',*,*,#454,.T.);
#800=EDGE_LOOP('',(#790,#791,#792,#793,#794,#795,#796,#797,#798,#799));
#801=FACE_BOUND('',#800,.T.);
#802=ORIENTED_EDGE('',*,*,#42,.T.);
#803=ORIENTED_EDGE('',*,*,#740,.T.);
#804=ORIENTED_EDGE('',*,*,#379,.T.);
#805=ORIENTED_EDGE('',*,*,#346,.T.);
#806=ORIENTED_EDGE('',*,*,#313,.T.);
#807=ORIENTED_EDGE('',*,*,#280,.T.);
#808=ORIENTED_EDGE('',*,*,#247,.T.);
#809=ORIENTED_EDGE('',*,*,#214,.T.);
#810=ORIENTED_EDGE('',*,*,#181,.T.);
#811=ORIENTED_EDGE('',*,*,#148,.T.);
#812=ORIENTED_EDGE('',*,*,#115,.T.);
#813=ORIENTED_EDGE('',*,*,#82,.T.);
#814=EDGE_LOOP('',(#802,#803,#804,#805,#806,#807,#808,#809,#810,#811,#812,#813));
#815=FACE_BOUND('',#814,.T.);
#816=ADVANCED_FACE('',(#801,#815),#789,.F.);
#817=CLOSED_SHELL('',(#68,#101,#134,#167,#200,#233,#266,#299,#332,#365,#398,#440,#473,#506,#539,#572,#605,#638,#671,#704,#728,#752,#784,#816));
#818=MANIFOLD_SOLID_BREP('Extruded.003',#817);
#26=STYLED_ITEM('',(),#818);
#820=CARTESIAN_POINT('',(179.592094266,-10.,-82.913072956));
#821=CARTESIAN_POINT('',(179.592094266,-5.,-82.913072956));
#822=CARTESIAN_POINT('',(175.126002593,-10.,-85.498704977));
#823=CARTESIAN_POINT('',(175.126002593,-5.,-85.498704977));
#824=CARTESIAN_POINT('',(169.484623638,-10.,-85.498704977));
#825=CARTESIAN_POINT('',(169.484623638,-5.,-85.498704977));
#826=B_SPLINE_SURFACE_WITH_KNOTS('',2,1,((#820,#821),(#822,#823),(#824,#825)),.UNSPECIFIED.,.F.,.F.,.U.,(3,3),(2,2),(0.,1.),(0.,1.),.UNSPECIFIED.);
#827=CARTESIAN_POINT('',(179.592094266,-5.,-82.913072956));
#828=VERTEX_POINT('',#827);
#829=CARTESIAN_POINT('',(169.484623638,-5.,-85.498704977));
#830=VERTEX_POINT('',#829);
#831=CARTESIAN_POINT('',(179.592094266,-5.,-82.913072956));
#832=CARTESIAN_POINT('',(175.126002593,-5.,-85.498704977));
#833=CARTESIAN_POINT('',(169.484623638,-5.,-85.498704977));
#834=B_SPLINE_CURVE_WITH_KNOTS('',2,(#831,#832,#833),.UNSPECIFIED.,.F.,.F.,(3,3),(0.,1.),.UNSPECIFIED.);
#835=EDGE_CURVE('',#828,#830,#834,.T.);
#836=ORIENTED_EDGE('',*,*,#835,.F.);
#837=CARTESIAN_POINT('',(179.592094266,-10.,-82.913072956));
#838=VERTEX_POINT('',#837);
#839=CARTESIAN_POINT('',(179.592094266,-10.,-82.913072956));
#840=DIRECTION('',(0.,1.,0.));
#841=VECTOR('',#840,5.);
#842=LINE('',#839,#841);
#843=EDGE_CURVE('',#838,#828,#842,.T.);
#844=ORIENTED_EDGE('',*,*,#843,.F.);
#845=CARTESIAN_POINT('',(169.484623638,-10.,-85.498704977));
#846=VERTEX_POINT('',#845);
#847=CARTESIAN_POINT('',(179.592094266,-10.,-82.913072956));
#848=CARTESIAN_POINT('',(175.126002593,-10.,-85.498704977));
#849=CARTESIAN_POINT('',(169.484623638,-10.,-85.498704977));
#850=B_SPLINE_CURVE_WITH_KNOTS('',2,(#847,#848,#849),.UNSPECIFIED.,.F.,.F.,(3,3),(0.,1.),.UNSPECIFIED.);
#851=EDGE_CURVE('',#838,#846,#850,.T.);
#852=ORIENTED_EDGE('',*,*,#851,.T.);
#853=CARTESIAN_POINT('',(169.484623638,-10.,-85.498704977));
#854=DIRECTION('',(0.,1.,0.));
#855=VECTOR('',#854,5.);
#856=LINE('',#853,#855);
#857=EDGE_CURVE('',#846,#830,#856,.T.);
#858=ORIENTED_EDGE('',*,*,#857,.T.);
#859=EDGE_LOOP('',(#836,#844,#852,#858));
#860=FACE_BOUND('',#859,.T.);
#861=ADVANCED_FACE('',(#860),#826,.T.);
#862=CARTESIAN_POINT('',(186.526289232,-10.,-75.920113626));
#863=CARTESIAN_POINT('',(186.526289232,-5.,-75.920113626));
#864=CARTESIAN_POINT('',(183.999421575,-10.,-80.386205299));
#865=CARTESIAN_POINT('',(183.999421575,-5.,-80.386205299));
#866=CARTESIAN_POINT('',(179.592094266,-10.,-82.913072956));
#867=CARTESIAN_POINT('',(179.592094266,-5.,-82.913072956));
#868=B_SPLINE_SURFACE_WITH_KNOTS('',2,1,((#862,#863),(#864,#865),(#866,#867)),.UNSPECIFIED.,.F.,.F.,.U.,(3,3),(2,2),(0.,1.),(0.,1.),.UNSPECIFIED.);
#869=CARTESIAN_POINT('',(186.526289232,-5.,-75.920113626));
#870=VERTEX_POINT('',#869);
#871=CARTESIAN_POINT('',(186.526289232,-5.,-75.920113626));
#872=CARTESIAN_POINT('',(183.999421575,-5.,-80.386205299));
#873=CARTESIAN_POINT('',(179.592094266,-5.,-82.913072956));
#874=B_SPLINE_CURVE_WITH_KNOTS('',2,(#871,#872,#873),.UNSPECIFIED.,.F.,.F.,(3,3),(0.,1.),.UNSPECIFIED.);
#875=EDGE_CURVE('',#870,#828,#874,.T.);
#876=ORIENTED_EDGE('',*,*,#875,.F.);
#877=CARTESIAN_POINT('',(186.526289232,-10.,-75.920113626));
#878=VERTEX_POINT('',#877);
#879=CARTESIAN_POINT('',(186.526289232,-10.,-75.920113626));
#880=DIRECTION('',(0.,1.,0.));
#881=VECTOR('',#880,5.);
#882=LINE('',#879,#881);
#883=EDGE_CURVE('',#878,#870,#882,.T.);
#884=ORIENTED_EDGE('',*,*,#883,.F.);
#885=CARTESIAN_POINT('',(186.526289232,-10.,-75.920113626));
#886=CARTESIAN_POINT('',(183.999421575,-10.,-80.386205299));
#887=CARTESIAN_POINT('',(179.592094266,-10.,-82.913072956));
#888=B_SPLINE_CURVE_WITH_KNOTS('',2,(#885,#886,#887),.UNSPECIFIED.,.F.,.F.,(3,3),(0.,1.),.UNSPECIFIED.);
#889=EDGE_CURVE('',#878,#838,#888,.T.);
#890=ORIENTED_EDGE('',*,*,#889,.T.);
#891=ORIENTED_EDGE('',*,*,#843,.T.);
#892=EDGE_LOOP('',(#876,#884,#890,#891));
#893=FACE_BOUND('',#892,.T.);
#894=ADVANCED_FACE('',(#893),#868,.T.);
#895=CARTESIAN_POINT('',(189.111921253,-10.,-65.753878634));
#896=CARTESIAN_POINT('',(189.111921253,-5.,-65.753878634));
#897=CARTESIAN_POINT('',(189.111921253,-10.,-71.454021953));
#898=CARTESIAN_POINT('',(189.111921253,-5.,-71.454021953));
#899=CARTESIAN_POINT('',(186.526289232,-10.,-75.920113626));
#900=CARTESIAN_POINT('',(186.526289232,-5.,-75.920113626));
#901=B_SPLINE_SURFACE_WITH_KNOTS('',2,1,((#895,#896),(#897,#898),(#899,#900)),.UNSPECIFIED.,.F.,.F.,.U.,(3,3),(2,2),(0.,1.),(0.,1.),.UNSPECIFIED.);
#902=CARTESIAN_POINT('',(189.111921253,-5.,-65.753878634));
#903=VERTEX_POINT('',#902);
#904=CARTESIAN_POINT('',(189.111921253,-5.,-65.753878634));
#905=CARTESIAN_POINT('',(189.111921253,-5.,-71.454021953));
#906=CARTESIAN_POINT('',(186.526289232,-5.,-75.920113626));
#907=B_SPLINE_CURVE_WITH_KNOTS('',2,(#904,#905,#906),.UNSPECIFIED.,.F.,.F.,(3,3),(0.,1.),.UNSPECIFIED.);
#908=EDGE_CURVE('',#903,#870,#907,.T.);
#909=ORIENTED_EDGE('',*,*,#908,.F.);
#910=CARTESIAN_POINT('',(189.111921253,-10.,-65.753878634));
#911=VERTEX_POINT('',#910);
#912=CARTESIAN_POINT('',(189.111921253,-10.,-65.753878634));
#913=DIRECTION('',(0.,1.,0.));
#914=VECTOR('',#913,5.);
#915=LINE('',#912,#914);
#916=EDGE_CURVE('',#911,#903,#915,.T.);
#917=ORIENTED_EDGE('',*,*,#916,.F.);
#918=CARTESIAN_POINT('',(189.111921253,-10.,-65.753878634));
#919=CARTESIAN_POINT('',(189.111921253,-10.,-71.454021953));
#920=CARTESIAN_POINT('',(186.526289232,-10.,-75.920113626));
#921=B_SPLINE_CURVE_WITH_KNOTS('',2,(#918,#919,#920),.UNSPECIFIED.,.F.,.F.,(3,3),(0.,1.),.UNSPECIFIED.);
#922=EDGE_CURVE('',#911,#878,#921,.T.);
#923=ORIENTED_EDGE('',*,*,#922,.T.);
#924=ORIENTED_EDGE('',*,*,#883,.T.);
#925=EDGE_LOOP('',(#909,#917,#923,#924));
#926=FACE_BOUND('',#925,.T.);
#927=ADVANCED_FACE('',(#926),#901,.T.);
#928=CARTESIAN_POINT('',(186.64381796,-10.,-55.528879277));
#929=CARTESIAN_POINT('',(186.64381796,-5.,-55.528879277));
#930=CARTESIAN_POINT('',(189.111921253,-10.,-59.99497095));
#931=CARTESIAN_POINT('',(189.111921253,-5.,-59.99497095));
#932=CARTESIAN_POINT('',(189.111921253,-10.,-65.753878634));
#933=CARTESIAN_POINT('',(189.111921253,-5.,-65.753878634));
#934=B_SPLINE_SURFACE_WITH_KNOTS('',2,1,((#928,#929),(#930,#931),(#932,#933)),.UNSPECIFIED.,.F.,.F.,.U.,(3,3),(2,2),(0.,1.),(0.,1.),.UNSPECIFIED.);
#935=CARTESIAN_POINT('',(186.64381796,-5.,-55.528879277));
#936=VERTEX_POINT('',#935);
#937=CARTESIAN_POINT('',(186.64381796,-5.,-55.528879277));
#938=CARTESIAN_POINT('',(189.111921253,-5.,-59.99497095));
#939=CARTESIAN_POINT('',(189.111921253,-5.,-65.753878634));
#940=B_SPLINE_CURVE_WITH_KNOTS('',2,(#937,#938,#939),.UNSPECIFIED.,.F.,.F.,(3,3),(0.,1.),.UNSPECIFIED.);
#941=EDGE_CURVE('',#936,#903,#940,.T.);
#942=ORIENTED_EDGE('',*,*,#941,.F.);
#943=CARTESIAN_POINT('',(186.64381796,-10.,-55.528879277));
#944=VERTEX_POINT('',#943);
#945=CARTESIAN_POINT('',(186.64381796,-10.,-55.528879277));
#946=DIRECTION('',(0.,1.,0.));
#947=VECTOR('',#946,5.);
#948=LINE('',#945,#947);
#949=EDGE_CURVE('',#944,#936,#948,.T.);
#950=ORIENTED_EDGE('',*,*,#949,.F.);
#951=CARTESIAN_POINT('',(186.64381796,-10.,-55.528879277));
#952=CARTESIAN_POINT('',(189.111921253,-10.,-59.99497095));
#953=CARTESIAN_POINT('',(189.111921253,-10.,-65.753878634));
#954=B_SPLINE_CURVE_WITH_KNOTS('',2,(#951,#952,#953),.UNSPECIFIED.,.F.,.F.,(3,3),(0.,1.),.UNSPECIFIED.);
#955=EDGE_CURVE('',#944,#911,#954,.T.);
#956=ORIENTED_EDGE('',*,*,#955,.T.);
#957=ORIENTED_EDGE('',*,*,#916,.T.);
#958=EDGE_LOOP('',(#942,#950,#956,#957));
#959=FACE_BOUND('',#958,.T.);
#960=ADVANCED_FACE('',(#959),#934,.T.);
#961=CARTESIAN_POINT('',(179.944680451,-10.,-48.418391219));
#962=CARTESIAN_POINT('',(179.944680451,-5.,-48.418391219));
#963=CARTESIAN_POINT('',(184.175714667,-10.,-51.00402324));
#964=CARTESIAN_POINT('',(184.175714667,-5.,-51.00402324));
#965=CARTESIAN_POINT('',(186.64381796,-10.,-55.528879277));
#966=CARTESIAN_POINT('',(186.64381796,-5.,-55.528879277));
#967=B_SPLINE_SURFACE_WITH_KNOTS('',2,1,((#961,#962),(#963,#964),(#965,#966)),.UNSPECIFIED.,.F.,.F.,.U.,(3,3),(2,2),(0.,1.),(0.,1.),.UNSPECIFIED.);
#968=CARTESIAN_POINT('',(179.944680451,-5.,-48.418391219));
#969=VERTEX_POINT('',#968);
#970=CARTESIAN_POINT('',(179.944680451,-5.,-48.418391219));
#971=CARTESIAN_POINT('',(184.175714667,-5.,-51.00402324));
#972=CARTESIAN_POINT('',(186.64381796,-5.,-55.528879277));
#973=B_SPLINE_CURVE_WITH_KNOTS('',2,(#970,#971,#972),.UNSPECIFIED.,.F.,.F.,(3,3),(0.,1.),.UNSPECIFIED.);
#974=EDGE_CURVE('',#969,#936,#973,.T.);
#975=ORIENTED_EDGE('',*,*,#974,.F.);
#976=CARTESIAN_POINT('',(179.944680451,-10.,-48.418391219));
#977=VERTEX_POINT('',#976);
#978=CARTESIAN_POINT('',(179.944680451,-10.,-48.418391219));
#979=DIRECTION('',(0.,1.,0.));
#980=VECTOR('',#979,5.);
#981=LINE('',#978,#980);
#982=EDGE_CURVE('',#977,#969,#981,.T.);
#983=ORIENTED_EDGE('',*,*,#982,.F.);
#984=CARTESIAN_POINT('',(179.944680451,-10.,-48.418391219));
#985=CARTESIAN_POINT('',(184.175714667,-10.,-51.00402324));
#986=CARTESIAN_POINT('',(186.64381796,-10.,-55.528879277));
#987=B_SPLINE_CURVE_WITH_KNOTS('',2,(#984,#985,#986),.UNSPECIFIED.,.F.,.F.,(3,3),(0.,1.),.UNSPECIFIED.);
#988=EDGE_CURVE('',#977,#944,#987,.T.);
#989=ORIENTED_EDGE('',*,*,#988,.T.);
#990=ORIENTED_EDGE('',*,*,#949,.T.);
#991=EDGE_LOOP('',(#975,#983,#989,#990));
#992=FACE_BOUND('',#991,.T.);
#993=ADVANCED_FACE('',(#992),#967,.T.);
#994=CARTESIAN_POINT('',(170.189796007,-10.,-45.832759198));
#995=CARTESIAN_POINT('',(170.189796007,-5.,-45.832759198));
#996=CARTESIAN_POINT('',(175.65488187,-10.,-45.832759198));
#997=CARTESIAN_POINT('',(175.65488187,-5.,-45.832759198));
#998=CARTESIAN_POINT('',(179.944680451,-10.,-48.418391219));
#999=CARTESIAN_POINT('',(179.944680451,-5.,-48.418391219));
#1000=B_SPLINE_SURFACE_WITH_KNOTS('',2,1,((#994,#995),(#996,#997),(#998,#999)),.UNSPECIFIED.,.F.,.F.,.U.,(3,3),(2,2),(0.,1.),(0.,1.),.UNSPECIFIED.);
#1001=CARTESIAN_POINT('',(170.189796007,-5.,-45.832759198));
#1002=VERTEX_POINT('',#1001);
#1003=CARTESIAN_POINT('',(170.189796007,-5.,-45.832759198));
#1004=CARTESIAN_POINT('',(175.65488187,-5.,-45.832759198));
#1005=CARTESIAN_POINT('',(179.944680451,-5.,-48.418391219));
#1006=B_SPLINE_CURVE_WITH_KNOTS('',2,(#1003,#1004,#1005),.UNSPECIFIED.,.F.,.F.,(3,3),(0.,1.),.UNSPECIFIED.);
#1007=EDGE_CURVE('',#1002,#969,#1006,.T.);
#1008=ORIENTED_EDGE('',*,*,#1007,.F.);
#1009=CARTESIAN_POINT('',(170.189796007,-10.,-45.832759198));
#1010=VERTEX_POINT('',#1009);
#1011=CARTESIAN_POINT('',(170.189796007,-10.,-45.832759198));
#1012=DIRECTION('',(0.,1.,0.));
#1013=VECTOR('',#1012,5.);
#1014=LINE('',#1011,#1013);
#1015=EDGE_CURVE('',#1010,#1002,#1014,.T.);
#1016=ORIENTED_EDGE('',*,*,#1015,.F.);
#1017=CARTESIAN_POINT('',(170.189796007,-10.,-45.832759198));
#1018=CARTESIAN_POINT('',(175.65488187,-10.,-45.832759198));
#1019=CARTESIAN_POINT('',(179.944680451,-10.,-48.418391219));
#1020=B_SPLINE_CURVE_WITH_KNOTS('',2,(#1017,#1018,#1019),.UNSPECIFIED.,.F.,.F.,(3,3),(0.,1.),.UNSPECIFIED.);
#1021=EDGE_CURVE('',#1010,#977,#1020,.T.);
#1022=ORIENTED_EDGE('',*,*,#1021,.T.);
#1023=ORIENTED_EDGE('',*,*,#982,.T.);
#1024=EDGE_LOOP('',(#1008,#1016,#1022,#1023));
#1025=FACE_BOUND('',#1024,.T.);
#1026=ADVANCED_FACE('',(#1025),#1000,.T.);
#1027=CARTESIAN_POINT('',(164.430888323,-10.,-46.772989023));
#1028=CARTESIAN_POINT('',(164.430888323,-5.,-46.772989023));
#1029=CARTESIAN_POINT('',(167.192813437,-10.,-45.832759198));
#1030=CARTESIAN_POINT('',(167.192813437,-5.,-45.832759198));
#1031=CARTESIAN_POINT('',(170.189796007,-10.,-45.832759198));
#1032=CARTESIAN_POINT('',(170.189796007,-5.,-45.832759198));
#1033=B_SPLINE_SURFACE_WITH_KNOTS('',2,1,((#1027,#1028),(#1029,#1030),(#1031,#1032)),.UNSPECIFIED.,.F.,.F.,.U.,(3,3),(2,2),(0.,1.),(0.,1.),.UNSPECIFIED.);
#1034=CARTESIAN_POINT('',(164.430888323,-5.,-46.772989023));
#1035=VERTEX_POINT('',#1034);
#1036=CARTESIAN_POINT('',(164.430888323,-5.,-46.772989023));
#1037=CARTESIAN_POINT('',(167.192813437,-5.,-45.832759198));
#1038=CARTESIAN_POINT('',(170.189796007,-5.,-45.832759198));
#1039=B_SPLINE_CURVE_WITH_KNOTS('',2,(#1036,#1037,#1038),.UNSPECIFIED.,.F.,.F.,(3,3),(0.,1.),.UNSPECIFIED.);
#1040=EDGE_CURVE('',#1035,#1002,#1039,.T.);
#1041=ORIENTED_EDGE('',*,*,#1040,.F.);
#1042=CARTESIAN_POINT('',(164.430888323,-10.,-46.772989023));
#1043=VERTEX_POINT('',#1042);
#1044=CARTESIAN_POINT('',(164.430888323,-10.,-46.772989023));
#1045=DIRECTION('',(0.,1.,0.));
#1046=VECTOR('',#1045,5.);
#1047=LINE('',#1044,#1046);
#1048=EDGE_CURVE('',#1043,#1035,#1047,.T.);
#1049=ORIENTED_EDGE('',*,*,#1048,.F.);
#1050=CARTESIAN_POINT('',(164.430888323,-10.,-46.772989023));
#1051=CARTESIAN_POINT('',(167.192813437,-10.,-45.832759198));
#1052=CARTESIAN_POINT('',(170.189796007,-10.,-45.832759198));
#1053=B_SPLINE_CURVE_WITH_KNOTS('',2,(#1050,#1051,#1052),.UNSPECIFIED.,.F.,.F.,(3,3),(0.,1.),.UNSPECIFIED.);
#1054=EDGE_CURVE('',#1043,#1010,#1053,.T.);
#1055=ORIENTED_EDGE('',*,*,#1054,.T.);
#1056=ORIENTED_EDGE('',*,*,#1015,.T.);
#1057=EDGE_LOOP('',(#1041,#1049,#1055,#1056));
#1058=FACE_BOUND('',#1057,.T.);
#1059=ADVANCED_FACE('',(#1058),#1033,.T.);
#1060=CARTESIAN_POINT('',(159.847267922,-10.,-49.182327952));
#1061=CARTESIAN_POINT('',(159.847267922,-5.,-49.182327952));
#1062=CARTESIAN_POINT('',(161.727727574,-10.,-47.771983213));
#1063=CARTESIAN_POINT('',(161.727727574,-5.,-47.771983213));
#1064=CARTESIAN_POINT('',(164.430888323,-10.,-46.772989023));
#1065=CARTESIAN_POINT('',(164.430888323,-5.,-46.772989023));
#1066=B_SPLINE_SURFACE_WITH_KNOTS('',2,1,((#1060,#1061),(#1062,#1063),(#1064,#1065)),.UNSPECIFIED.,.F.,.F.,.U.,(3,3),(2,2),(0.,1.),(0.,1.),.UNSPECIFIED.);
#1067=CARTESIAN_POINT('',(159.847267922,-5.,-49.182327952));
#1068=VERTEX_POINT('',#1067);
#1069=CARTESIAN_POINT('',(159.847267922,-5.,-49.182327952));
#1070=CARTESIAN_POINT('',(161.727727574,-5.,-47.771983213));
#1071=CARTESIAN_POINT('',(164.430888323,-5.,-46.772989023));
#1072=B_SPLINE_CURVE_WITH_KNOTS('',2,(#1069,#1070,#1071),.UNSPECIFIED.,.F.,.F.,(3,3),(0.,1.),.UNSPECIFIED.);
#1073=EDGE_CURVE('',#1068,#1035,#1072,.T.);
#1074=ORIENTED_EDGE('',*,*,#1073,.F.);
#1075=CARTESIAN_POINT('',(159.847267922,-10.,-49.182327952));
#1076=VERTEX_POINT('',#1075);
#1077=CARTESIAN_POINT('',(159.847267922,-10.,-49.182327952));
#1078=DIRECTION('',(0.,1.,0.));
#1079=VECTOR('',#1078,5.);
#1080=LINE('',#1077,#1079);
#1081=EDGE_CURVE('',#1076,#1068,#1080,.T.);
#1082=ORIENTED_EDGE('',*,*,#1081,.F.);
#1083=CARTESIAN_POINT('',(159.847267922,-10.,-49.182327952));
#1084=CARTESIAN_POINT('',(161.727727574,-10.,-47.771983213));
#1085=CARTESIAN_POINT('',(164.430888323,-10.,-46.772989023));
#1086=B_SPLINE_CURVE_WITH_KNOTS('',2,(#1083,#1084,#1085),.UNSPECIFIED.,.F.,.F.,(3,3),(0.,1.),.UNSPECIFIED.);
#1087=EDGE_CURVE('',#1076,#1043,#1086,.T.);
#1088=ORIENTED_EDGE('',*,*,#1087,.T.);
#1089=ORIENTED_EDGE('',*,*,#1048,.T.);
#1090=EDGE_LOOP('',(#1074,#1082,#1088,#1089));
#1091=FACE_BOUND('',#1090,.T.);
#1092=ADVANCED_FACE('',(#1091),#1066,.T.);
#1093=CARTESIAN_POINT('',(159.700357012,-10.,-49.182327952));
#1094=DIRECTION('',(0.,0.,1.));
#1095=DIRECTION('',(1.,0.,0.));
#1096=AXIS2_PLACEMENT_3D('',#1093,#1094,#1095);
#1097=PLANE('',#1096);
#1098=CARTESIAN_POINT('',(159.553446102,-5.,-49.182327952));
#1099=VERTEX_POINT('',#1098);
#1100=CARTESIAN_POINT('',(159.553446102,-5.,-49.182327952));
#1101=DIRECTION('',(1.,0.,-0.));
#1102=VECTOR('',#1101,0.293821821);
#1103=LINE('',#1100,#1102);
#1104=EDGE_CURVE('',#1099,#1068,#1103,.T.);
#1105=ORIENTED_EDGE('',*,*,#1104,.F.);
#1106=CARTESIAN_POINT('',(159.553446102,-10.,-49.182327952));
#1107=VERTEX_POINT('',#1106);
#1108=CARTESIAN_POINT('',(159.553446102,-10.,-49.182327952));
#1109=DIRECTION('',(0.,1.,0.));
#1110=VECTOR('',#1109,5.);
#1111=LINE('',#1108,#1110);
#1112=EDGE_CURVE('',#1107,#1099,#1111,.T.);
#1113=ORIENTED_EDGE('',*,*,#1112,.F.);
#1114=CARTESIAN_POINT('',(159.553446102,-10.,-49.182327952));
#1115=DIRECTION('',(1.,0.,-0.));
#1116=VECTOR('',#1115,0.293821821);
#1117=LINE('',#1114,#1116);
#1118=EDGE_CURVE('',#1107,#1076,#1117,.T.);
#1119=ORIENTED_EDGE('',*,*,#1118,.T.);
#1120=ORIENTED_EDGE('',*,*,#1081,.T.);
#1121=EDGE_LOOP('',(#1105,#1113,#1119,#1120));
#1122=FACE_BOUND('',#1121,.T.);
#1123=ADVANCED_FACE('',(#1122),#1097,.T.);
#1124=CARTESIAN_POINT('',(160.581822474,-10.,-40.426437699));
#1125=DIRECTION('',(0.993173335,0.,-0.116647875));
#1126=DIRECTION('',(-0.116647875,0.,-0.993173335));
#1127=AXIS2_PLACEMENT_3D('',#1124,#1125,#1126);
#1128=PLANE('',#1127);
#1129=CARTESIAN_POINT('',(161.610198846,-5.,-31.670547445));
#1130=VERTEX_POINT('',#1129);
#1131=CARTESIAN_POINT('',(161.610198846,-5.,-31.670547445));
#1132=DIRECTION('',(-0.116647875,0.,-0.993173335));
#1133=VECTOR('',#1132,17.632149284);
#1134=LINE('',#1131,#1133);
#1135=EDGE_CURVE('',#1130,#1099,#1134,.T.);
#1136=ORIENTED_EDGE('',*,*,#1135,.F.);
#1137=CARTESIAN_POINT('',(161.610198846,-10.,-31.670547445));
#1138=VERTEX_POINT('',#1137);
#1139=CARTESIAN_POINT('',(161.610198846,-10.,-31.670547445));
#1140=DIRECTION('',(0.,1.,0.));
#1141=VECTOR('',#1140,5.);
#1142=LINE('',#1139,#1141);
#1143=EDGE_CURVE('',#1138,#1130,#1142,.T.);
#1144=ORIENTED_EDGE('',*,*,#1143,.F.);
#1145=CARTESIAN_POINT('',(161.610198846,-10.,-31.670547445));
#1146=DIRECTION('',(-0.116647875,0.,-0.993173335));
#1147=VECTOR('',#1146,17.632149284);
#1148=LINE('',#1145,#1147);
#1149=EDGE_CURVE('',#1138,#1107,#1148,.T.);
#1150=ORIENTED_EDGE('',*,*,#1149,.T.);
#1151=ORIENTED_EDGE('',*,*,#1112,.T.);
#1152=EDGE_LOOP('',(#1136,#1144,#1150,#1151));
#1153=FACE_BOUND('',#1152,.T.);
#1154=ADVANCED_FACE('',(#1153),#1128,.T.);
#1155=CARTESIAN_POINT('',(174.009479675,-10.,-31.670547445));
#1156=DIRECTION('',(0.,0.,-1.));
#1157=DIRECTION('',(-1.,0.,0.));
#1158=AXIS2_PLACEMENT_3D('',#1155,#1156,#1157);
#1159=PLANE('',#1158);
#1160=CARTESIAN_POINT('',(186.408760504,-5.,-31.670547445));
#1161=VERTEX_POINT('',#1160);
#1162=CARTESIAN_POINT('',(186.408760504,-5.,-31.670547445));
#1163=DIRECTION('',(-1.,0.,0.));
#1164=VECTOR('',#1163,24.798561658);
#1165=LINE('',#1162,#1164);
#1166=EDGE_CURVE('',#1161,#1130,#1165,.T.);
#1167=ORIENTED_EDGE('',*,*,#1166,.F.);
#1168=CARTESIAN_POINT('',(186.408760504,-10.,-31.670547445));
#1169=VERTEX_POINT('',#1168);
#1170=CARTESIAN_POINT('',(186.408760504,-10.,-31.670547445));
#1171=DIRECTION('',(0.,1.,0.));
#1172=VECTOR('',#1171,5.);
#1173=LINE('',#1170,#1172);
#1174=EDGE_CURVE('',#1169,#1161,#1173,.T.);
#1175=ORIENTED_EDGE('',*,*,#1174,.F.);
#1176=CARTESIAN_POINT('',(186.408760504,-10.,-31.670547445));
#1177=DIRECTION('',(-1.,0.,0.));
#1178=VECTOR('',#1177,24.798561658);
#1179=LINE('',#1176,#1178);
#1180=EDGE_CURVE('',#1169,#1138,#1179,.T.);
#1181=ORIENTED_EDGE('',*,*,#1180,.T.);
#1182=ORIENTED_EDGE('',*,*,#1143,.T.);
#1183=EDGE_LOOP('',(#1167,#1175,#1181,#1182));
#1184=FACE_BOUND('',#1183,.T.);
#1185=ADVANCED_FACE('',(#1184),#1159,.T.);
#1186=CARTESIAN_POINT('',(186.408760504,-10.,-28.497271783));
#1187=DIRECTION('',(1.,0.,0.));
#1188=DIRECTION('',(0.,0.,-1.));
#1189=AXIS2_PLACEMENT_3D('',#1186,#1187,#1188);
#1190=PLANE('',#1189);
#1191=CARTESIAN_POINT('',(186.408760504,-5.,-25.32399612));
#1192=VERTEX_POINT('',#1191);
#1193=CARTESIAN_POINT('',(186.408760504,-5.,-25.32399612));
#1194=DIRECTION('',(0.,0.,-1.));
#1195=VECTOR('',#1194,6.346551325);
#1196=LINE('',#1193,#1195);
#1197=EDGE_CURVE('',#1192,#1161,#1196,.T.);
#1198=ORIENTED_EDGE('',*,*,#1197,.F.);
#1199=CARTESIAN_POINT('',(186.408760504,-10.,-25.32399612));
#1200=VERTEX_POINT('',#1199);
#1201=CARTESIAN_POINT('',(186.408760504,-10.,-25.32399612));
#1202=DIRECTION('',(0.,1.,0.));
#1203=VECTOR('',#1202,5.);
#1204=LINE('',#1201,#1203);
#1205=EDGE_CURVE('',#1200,#1192,#1204,.T.);
#1206=ORIENTED_EDGE('',*,*,#1205,.F.);
#1207=CARTESIAN_POINT('',(186.408760504,-10.,-25.32399612));
#1208=DIRECTION('',(0.,0.,-1.));
#1209=VECTOR('',#1208,6.346551325);
#1210=LINE('',#1207,#1209);
#1211=EDGE_CURVE('',#1200,#1169,#1210,.T.);
#1212=ORIENTED_EDGE('',*,*,#1211,.T.);
#1213=ORIENTED_EDGE('',*,*,#1174,.T.);
#1214=EDGE_LOOP('',(#1198,#1206,#1212,#1213));
#1215=FACE_BOUND('',#1214,.T.);
#1216=ADVANCED_FACE('',(#1215),#1190,.T.);
#1217=CARTESIAN_POINT('',(170.983114923,-10.,-25.32399612));
#1218=DIRECTION('',(0.,0.,1.));
#1219=DIRECTION('',(1.,0.,0.));
#1220=AXIS2_PLACEMENT_3D('',#1217,#1218,#1219);
#1221=PLANE('',#1220);
#1222=CARTESIAN_POINT('',(155.557469342,-5.,-25.32399612));
#1223=VERTEX_POINT('',#1222);
#1224=CARTESIAN_POINT('',(155.557469342,-5.,-25.32399612));
#1225=DIRECTION('',(1.,0.,-0.));
#1226=VECTOR('',#1225,30.851291162);
#1227=LINE('',#1224,#1226);
#1228=EDGE_CURVE('',#1223,#1192,#1227,.T.);
#1229=ORIENTED_EDGE('',*,*,#1228,.F.);
#1230=CARTESIAN_POINT('',(155.557469342,-10.,-25.32399612));
#1231=VERTEX_POINT('',#1230);
#1232=CARTESIAN_POINT('',(155.557469342,-10.,-25.32399612));
#1233=DIRECTION('',(0.,1.,0.));
#1234=VECTOR('',#1233,5.);
#1235=LINE('',#1232,#1234);
#1236=EDGE_CURVE('',#1231,#1223,#1235,.T.);
#1237=ORIENTED_EDGE('',*,*,#1236,.F.);
#1238=CARTESIAN_POINT('',(155.557469342,-10.,-25.32399612));
#1239=DIRECTION('',(1.,0.,-0.));
#1240=VECTOR('',#1239,30.851291162);
#1241=LINE('',#1238,#1240);
#1242=EDGE_CURVE('',#1231,#1200,#1241,.T.);
#1243=ORIENTED_EDGE('',*,*,#1242,.T.);
#1244=ORIENTED_EDGE('',*,*,#1205,.T.);
#1245=EDGE_LOOP('',(#1229,#1237,#1243,#1244));
#1246=FACE_BOUND('',#1245,.T.);
#1247=ADVANCED_FACE('',(#1246),#1221,.T.);
#1248=CARTESIAN_POINT('',(153.765156236,-10.,-39.926940604));
#1249=DIRECTION('',(-0.992551931,0.,0.121822269));
#1250=DIRECTION('',(0.121822269,0.,0.992551931));
#1251=AXIS2_PLACEMENT_3D('',#1248,#1249,#1250);
#1252=PLANE('',#1251);
#1253=CARTESIAN_POINT('',(151.97284313,-5.,-54.529885087));
#1254=VERTEX_POINT('',#1253);
#1255=CARTESIAN_POINT('',(151.97284313,-5.,-54.529885087));
#1256=DIRECTION('',(0.121822269,0.,0.992551931));
#1257=VECTOR('',#1256,29.425048775);
#1258=LINE('',#1255,#1257);
#1259=EDGE_CURVE('',#1254,#1223,#1258,.T.);
#1260=ORIENTED_EDGE('',*,*,#1259,.F.);
#1261=CARTESIAN_POINT('',(151.97284313,-10.,-54.529885087));
#1262=VERTEX_POINT('',#1261);
#1263=CARTESIAN_POINT('',(151.97284313,-10.,-54.529885087));
#1264=DIRECTION('',(0.,1.,0.));
#1265=VECTOR('',#1264,5.);
#1266=LINE('',#1263,#1265);
#1267=EDGE_CURVE('',#1262,#1254,#1266,.T.);
#1268=ORIENTED_EDGE('',*,*,#1267,.F.);
#1269=CARTESIAN_POINT('',(151.97284313,-10.,-54.529885087));
#1270=DIRECTION('',(0.121822269,0.,0.992551931));
#1271=VECTOR('',#1270,29.425048775);
#1272=LINE('',#1269,#1271);
#1273=EDGE_CURVE('',#1262,#1231,#1272,.T.);
#1274=ORIENTED_EDGE('',*,*,#1273,.T.);
#1275=ORIENTED_EDGE('',*,*,#1236,.T.);
#1276=EDGE_LOOP('',(#1260,#1268,#1274,#1275));
#1277=FACE_BOUND('',#1276,.T.);
#1278=ADVANCED_FACE('',(#1277),#1252,.T.);
#1279=CARTESIAN_POINT('',(155.351794067,-10.,-54.941235636));
#1280=DIRECTION('',(-0.120846923,0.,-0.992671155));
#1281=DIRECTION('',(-0.992671155,0.,0.120846923));
#1282=AXIS2_PLACEMENT_3D('',#1279,#1280,#1281);
#1283=PLANE('',#1282);
#1284=CARTESIAN_POINT('',(158.730745004,-5.,-55.352586185));
#1285=VERTEX_POINT('',#1284);
#1286=CARTESIAN_POINT('',(158.730745004,-5.,-55.352586185));
#1287=DIRECTION('',(-0.992671155,0.,0.120846923));
#1288=VECTOR('',#1287,6.807795152);
#1289=LINE('',#1286,#1288);
#1290=EDGE_CURVE('',#1285,#1254,#1289,.T.);
#1291=ORIENTED_EDGE('',*,*,#1290,.F.);
#1292=CARTESIAN_POINT('',(158.730745004,-10.,-55.352586185));
#1293=VERTEX_POINT('',#1292);
#1294=CARTESIAN_POINT('',(158.730745004,-10.,-55.352586185));
#1295=DIRECTION('',(0.,1.,0.));
#1296=VECTOR('',#1295,5.);
#1297=LINE('',#1294,#1296);
#1298=EDGE_CURVE('',#1293,#1285,#1297,.T.);
#1299=ORIENTED_EDGE('',*,*,#1298,.F.);
#1300=CARTESIAN_POINT('',(158.730745004,-10.,-55.352586185));
#1301=DIRECTION('',(-0.992671155,0.,0.120846923));
#1302=VECTOR('',#1301,6.807795152);
#1303=LINE('',#1300,#1302);
#1304=EDGE_CURVE('',#1293,#1262,#1303,.T.);
#1305=ORIENTED_EDGE('',*,*,#1304,.T.);
#1306=ORIENTED_EDGE('',*,*,#1267,.T.);
#1307=EDGE_LOOP('',(#1291,#1299,#1305,#1306));
#1308=FACE_BOUND('',#1307,.T.);
#1309=ADVANCED_FACE('',(#1308),#1283,.T.);
#1310=CARTESIAN_POINT('',(163.431894133,-10.,-53.178304712));
#1311=CARTESIAN_POINT('',(163.431894133,-5.,-53.178304712));
#1312=CARTESIAN_POINT('',(160.552440292,-10.,-54.00100581));
#1313=CARTESIAN_POINT('',(160.552440292,-5.,-54.00100581));
#1314=CARTESIAN_POINT('',(158.730745004,-10.,-55.352586185));
#1315=CARTESIAN_POINT('',(158.730745004,-5.,-55.352586185));
#1316=B_SPLINE_SURFACE_WITH_KNOTS('',2,1,((#1310,#1311),(#1312,#1313),(#1314,#1315)),.UNSPECIFIED.,.F.,.F.,.U.,(3,3),(2,2),(0.,1.),(0.,1.),.UNSPECIFIED.);
#1317=CARTESIAN_POINT('',(163.431894133,-5.,-53.178304712));
#1318=VERTEX_POINT('',#1317);
#1319=CARTESIAN_POINT('',(163.431894133,-5.,-53.178304712));
#1320=CARTESIAN_POINT('',(160.552440292,-5.,-54.00100581));
#1321=CARTESIAN_POINT('',(158.730745004,-5.,-55.352586185));
#1322=B_SPLINE_CURVE_WITH_KNOTS('',2,(#1319,#1320,#1321),.UNSPECIFIED.,.F.,.F.,(3,3),(0.,1.),.UNSPECIFIED.);
#1323=EDGE_CURVE('',#1318,#1285,#1322,.T.);
#1324=ORIENTED_EDGE('',*,*,#1323,.F.);
#1325=CARTESIAN_POINT('',(163.431894133,-10.,-53.178304712));
#1326=VERTEX_POINT('',#1325);
#1327=CARTESIAN_POINT('',(163.431894133,-10.,-53.178304712));
#1328=DIRECTION('',(0.,1.,0.));
#1329=VECTOR('',#1328,5.);
#1330=LINE('',#1327,#1329);
#1331=EDGE_CURVE('',#1326,#1318,#1330,.T.);
#1332=ORIENTED_EDGE('',*,*,#1331,.F.);
#1333=CARTESIAN_POINT('',(163.431894133,-10.,-53.178304712));
#1334=CARTESIAN_POINT('',(160.552440292,-10.,-54.00100581));
#1335=CARTESIAN_POINT('',(158.730745004,-10.,-55.352586185));
#1336=B_SPLINE_CURVE_WITH_KNOTS('',2,(#1333,#1334,#1335),.UNSPECIFIED.,.F.,.F.,(3,3),(0.,1.),.UNSPECIFIED.);
#1337=EDGE_CURVE('',#1326,#1293,#1336,.T.);
#1338=ORIENTED_EDGE('',*,*,#1337,.T.);
#1339=ORIENTED_EDGE('',*,*,#1298,.T.);
#1340=EDGE_LOOP('',(#1324,#1332,#1338,#1339));
#1341=FACE_BOUND('',#1340,.T.);
#1342=ADVANCED_FACE('',(#1341),#1316,.T.);
#1343=CARTESIAN_POINT('',(169.014508725,-10.,-52.355603615));
#1344=CARTESIAN_POINT('',(169.014508725,-5.,-52.355603615));
#1345=CARTESIAN_POINT('',(166.311347975,-10.,-52.296839251));
#1346=CARTESIAN_POINT('',(166.311347975,-5.,-52.296839251));
#1347=CARTESIAN_POINT('',(163.431894133,-10.,-53.178304712));
#1348=CARTESIAN_POINT('',(163.431894133,-5.,-53.178304712));
#1349=B_SPLINE_SURFACE_WITH_KNOTS('',2,1,((#1343,#1344),(#1345,#1346),(#1347,#1348)),.UNSPECIFIED.,.F.,.F.,.U.,(3,3),(2,2),(0.,1.),(0.,1.),.UNSPECIFIED.);
#1350=CARTESIAN_POINT('',(169.014508725,-5.,-52.355603615));
#1351=VERTEX_POINT('',#1350);
#1352=CARTESIAN_POINT('',(169.014508725,-5.,-52.355603615));
#1353=CARTESIAN_POINT('',(166.311347975,-5.,-52.296839251));
#1354=CARTESIAN_POINT('',(163.431894133,-5.,-53.178304712));
#1355=B_SPLINE_CURVE_WITH_KNOTS('',2,(#1352,#1353,#1354),.UNSPECIFIED.,.F.,.F.,(3,3),(0.,1.),.UNSPECIFIED.);
#1356=EDGE_CURVE('',#1351,#1318,#1355,.T.);
#1357=ORIENTED_EDGE('',*,*,#1356,.F.);
#1358=CARTESIAN_POINT('',(169.014508725,-10.,-52.355603615));
#1359=VERTEX_POINT('',#1358);
#1360=CARTESIAN_POINT('',(169.014508725,-10.,-52.355603615));
#1361=DIRECTION('',(0.,1.,0.));
#1362=VECTOR('',#1361,5.);
#1363=LINE('',#1360,#1362);
#1364=EDGE_CURVE('',#1359,#1351,#1363,.T.);
#1365=ORIENTED_EDGE('',*,*,#1364,.F.);
#1366=CARTESIAN_POINT('',(169.014508725,-10.,-52.355603615));
#1367=CARTESIAN_POINT('',(166.311347975,-10.,-52.296839251));
#1368=CARTESIAN_POINT('',(163.431894133,-10.,-53.178304712));
#1369=B_SPLINE_CURVE_WITH_KNOTS('',2,(#1366,#1367,#1368),.UNSPECIFIED.,.F.,.F.,(3,3),(0.,1.),.UNSPECIFIED.);
#1370=EDGE_CURVE('',#1359,#1326,#1369,.T.);
#1371=ORIENTED_EDGE('',*,*,#1370,.T.);
#1372=ORIENTED_EDGE('',*,*,#1331,.T.);
#1373=EDGE_LOOP('',(#1357,#1365,#1371,#1372));
#1374=FACE_BOUND('',#1373,.T.);
#1375=ADVANCED_FACE('',(#1374),#1349,.T.);
#1376=CARTESIAN_POINT('',(175.772410598,-10.,-54.118534538));
#1377=CARTESIAN_POINT('',(175.772410598,-5.,-54.118534538));
#1378=CARTESIAN_POINT('',(172.834192392,-10.,-52.355603615));
#1379=CARTESIAN_POINT('',(172.834192392,-5.,-52.355603615));
#1380=CARTESIAN_POINT('',(169.014508725,-10.,-52.355603615));
#1381=CARTESIAN_POINT('',(169.014508725,-5.,-52.355603615));
#1382=B_SPLINE_SURFACE_WITH_KNOTS('',2,1,((#1376,#1377),(#1378,#1379),(#1380,#1381)),.UNSPECIFIED.,.F.,.F.,.U.,(3,3),(2,2),(0.,1.),(0.,1.),.UNSPECIFIED.);
#1383=CARTESIAN_POINT('',(175.772410598,-5.,-54.118534538));
#1384=VERTEX_POINT('',#1383);
#1385=CARTESIAN_POINT('',(175.772410598,-5.,-54.118534538));
#1386=CARTESIAN_POINT('',(172.834192392,-5.,-52.355603615));
#1387=CARTESIAN_POINT('',(169.014508725,-5.,-52.355603615));
#1388=B_SPLINE_CURVE_WITH_KNOTS('',2,(#1385,#1386,#1387),.UNSPECIFIED.,.F.,.F.,(3,3),(0.,1.),.UNSPECIFIED.);
#1389=EDGE_CURVE('',#1384,#1351,#1388,.T.);
#1390=ORIENTED_EDGE('',*,*,#1389,.F.);
#1391=CARTESIAN_POINT('',(175.772410598,-10.,-54.118534538));
#1392=VERTEX_POINT('',#1391);
#1393=CARTESIAN_POINT('',(175.772410598,-10.,-54.118534538));
#1394=DIRECTION('',(0.,1.,0.));
#1395=VECTOR('',#1394,5.);
#1396=LINE('',#1393,#1395);
#1397=EDGE_CURVE('',#1392,#1384,#1396,.T.);
#1398=ORIENTED_EDGE('',*,*,#1397,.F.);
#1399=CARTESIAN_POINT('',(175.772410598,-10.,-54.118534538));
#1400=CARTESIAN_POINT('',(172.834192392,-10.,-52.355603615));
#1401=CARTESIAN_POINT('',(169.014508725,-10.,-52.355603615));
#1402=B_SPLINE_CURVE_WITH_KNOTS('',2,(#1399,#1400,#1401),.UNSPECIFIED.,.F.,.F.,(3,3),(0.,1.),.UNSPECIFIED.);
#1403=EDGE_CURVE('',#1392,#1359,#1402,.T.);
#1404=ORIENTED_EDGE('',*,*,#1403,.T.);
#1405=ORIENTED_EDGE('',*,*,#1364,.T.);
#1406=EDGE_LOOP('',(#1390,#1398,#1404,#1405));
#1407=FACE_BOUND('',#1406,.T.);
#1408=ADVANCED_FACE('',(#1407),#1382,.T.);
#1409=CARTESIAN_POINT('',(180.414795364,-10.,-58.937212396));
#1410=CARTESIAN_POINT('',(180.414795364,-5.,-58.937212396));
#1411=CARTESIAN_POINT('',(178.769393168,-10.,-55.881465462));
#1412=CARTESIAN_POINT('',(178.769393168,-5.,-55.881465462));
#1413=CARTESIAN_POINT('',(175.772410598,-10.,-54.118534538));
#1414=CARTESIAN_POINT('',(175.772410598,-5.,-54.118534538));
#1415=B_SPLINE_SURFACE_WITH_KNOTS('',2,1,((#1409,#1410),(#1411,#1412),(#1413,#1414)),.UNSPECIFIED.,.F.,.F.,.U.,(3,3),(2,2),(0.,1.),(0.,1.),.UNSPECIFIED.);
#1416=CARTESIAN_POINT('',(180.414795364,-5.,-58.937212396));
#1417=VERTEX_POINT('',#1416);
#1418=CARTESIAN_POINT('',(180.414795364,-5.,-58.937212396));
#1419=CARTESIAN_POINT('',(178.769393168,-5.,-55.881465462));
#1420=CARTESIAN_POINT('',(175.772410598,-5.,-54.118534538));
#1421=B_SPLINE_CURVE_WITH_KNOTS('',2,(#1418,#1419,#1420),.UNSPECIFIED.,.F.,.F.,(3,3),(0.,1.),.UNSPECIFIED.);
#1422=EDGE_CURVE('',#1417,#1384,#1421,.T.);
#1423=ORIENTED_EDGE('',*,*,#1422,.F.);
#1424=CARTESIAN_POINT('',(180.414795364,-10.,-58.937212396));
#1425=VERTEX_POINT('',#1424);
#1426=CARTESIAN_POINT('',(180.414795364,-10.,-58.937212396));
#1427=DIRECTION('',(0.,1.,0.));
#1428=VECTOR('',#1427,5.);
#1429=LINE('',#1426,#1428);
#1430=EDGE_CURVE('',#1425,#1417,#1429,.T.);
#1431=ORIENTED_EDGE('',*,*,#1430,.F.);
#1432=CARTESIAN_POINT('',(180.414795364,-10.,-58.937212396));
#1433=CARTESIAN_POINT('',(178.769393168,-10.,-55.881465462));
#1434=CARTESIAN_POINT('',(175.772410598,-10.,-54.118534538));
#1435=B_SPLINE_CURVE_WITH_KNOTS('',2,(#1432,#1433,#1434),.UNSPECIFIED.,.F.,.F.,(3,3),(0.,1.),.UNSPECIFIED.);
#1436=EDGE_CURVE('',#1425,#1392,#1435,.T.);
#1437=ORIENTED_EDGE('',*,*,#1436,.T.);
#1438=ORIENTED_EDGE('',*,*,#1397,.T.);
#1439=EDGE_LOOP('',(#1423,#1431,#1437,#1438));
#1440=FACE_BOUND('',#1439,.T.);
#1441=ADVANCED_FACE('',(#1440),#1415,.T.);
#1442=CARTESIAN_POINT('',(182.118961923,-10.,-65.871407362));
#1443=CARTESIAN_POINT('',(182.118961923,-5.,-65.871407362));
#1444=CARTESIAN_POINT('',(182.118961923,-10.,-61.99295933));
#1445=CARTESIAN_POINT('',(182.118961923,-5.,-61.99295933));
#1446=CARTESIAN_POINT('',(180.414795364,-10.,-58.937212396));
#1447=CARTESIAN_POINT('',(180.414795364,-5.,-58.937212396));
#1448=B_SPLINE_SURFACE_WITH_KNOTS('',2,1,((#1442,#1443),(#1444,#1445),(#1446,#1447)),.UNSPECIFIED.,.F.,.F.,.U.,(3,3),(2,2),(0.,1.),(0.,1.),.UNSPECIFIED.);
#1449=CARTESIAN_POINT('',(182.118961923,-5.,-65.871407362));
#1450=VERTEX_POINT('',#1449);
#1451=CARTESIAN_POINT('',(182.118961923,-5.,-65.871407362));
#1452=CARTESIAN_POINT('',(182.118961923,-5.,-61.99295933));
#1453=CARTESIAN_POINT('',(180.414795364,-5.,-58.937212396));
#1454=B_SPLINE_CURVE_WITH_KNOTS('',2,(#1451,#1452,#1453),.UNSPECIFIED.,.F.,.F.,(3,3),(0.,1.),.UNSPECIFIED.);
#1455=EDGE_CURVE('',#1450,#1417,#1454,.T.);
#1456=ORIENTED_EDGE('',*,*,#1455,.F.);
#1457=CARTESIAN_POINT('',(182.118961923,-10.,-65.871407362));
#1458=VERTEX_POINT('',#1457);
#1459=CARTESIAN_POINT('',(182.118961923,-10.,-65.871407362));
#1460=DIRECTION('',(0.,1.,0.));
#1461=VECTOR('',#1460,5.);
#1462=LINE('',#1459,#1461);
#1463=EDGE_CURVE('',#1458,#1450,#1462,.T.);
#1464=ORIENTED_EDGE('',*,*,#1463,.F.);
#1465=CARTESIAN_POINT('',(182.118961923,-10.,-65.871407362));
#1466=CARTESIAN_POINT('',(182.118961923,-10.,-61.99295933));
#1467=CARTESIAN_POINT('',(180.414795364,-10.,-58.937212396));
#1468=B_SPLINE_CURVE_WITH_KNOTS('',2,(#1465,#1466,#1467),.UNSPECIFIED.,.F.,.F.,(3,3),(0.,1.),.UNSPECIFIED.);
#1469=EDGE_CURVE('',#1458,#1425,#1468,.T.);
#1470=ORIENTED_EDGE('',*,*,#1469,.T.);
#1471=ORIENTED_EDGE('',*,*,#1430,.T.);
#1472=EDGE_LOOP('',(#1456,#1464,#1470,#1471));
#1473=FACE_BOUND('',#1472,.T.);
#1474=ADVANCED_FACE('',(#1473),#1448,.T.);
#1475=CARTESIAN_POINT('',(180.473559728,-10.,-72.6880736));
#1476=CARTESIAN_POINT('',(180.473559728,-5.,-72.6880736));
#1477=CARTESIAN_POINT('',(182.118961923,-10.,-69.69109103));
#1478=CARTESIAN_POINT('',(182.118961923,-5.,-69.69109103));
#1479=CARTESIAN_POINT('',(182.118961923,-10.,-65.871407362));
#1480=CARTESIAN_POINT('',(182.118961923,-5.,-65.871407362));
#1481=B_SPLINE_SURFACE_WITH_KNOTS('',2,1,((#1475,#1476),(#1477,#1478),(#1479,#1480)),.UNSPECIFIED.,.F.,.F.,.U.,(3,3),(2,2),(0.,1.),(0.,1.),.UNSPECIFIED.);
#1482=CARTESIAN_POINT('',(180.473559728,-5.,-72.6880736));
#1483=VERTEX_POINT('',#1482);
#1484=CARTESIAN_POINT('',(180.473559728,-5.,-72.6880736));
#1485=CARTESIAN_POINT('',(182.118961923,-5.,-69.69109103));
#1486=CARTESIAN_POINT('',(182.118961923,-5.,-65.871407362));
#1487=B_SPLINE_CURVE_WITH_KNOTS('',2,(#1484,#1485,#1486),.UNSPECIFIED.,.F.,.F.,(3,3),(0.,1.),.UNSPECIFIED.);
#1488=EDGE_CURVE('',#1483,#1450,#1487,.T.);
#1489=ORIENTED_EDGE('',*,*,#1488,.F.);
#1490=CARTESIAN_POINT('',(180.473559728,-10.,-72.6880736));
#1491=VERTEX_POINT('',#1490);
#1492=CARTESIAN_POINT('',(180.473559728,-10.,-72.6880736));
#1493=DIRECTION('',(0.,1.,0.));
#1494=VECTOR('',#1493,5.);
#1495=LINE('',#1492,#1494);
#1496=EDGE_CURVE('',#1491,#1483,#1495,.T.);
#1497=ORIENTED_EDGE('',*,*,#1496,.F.);
#1498=CARTESIAN_POINT('',(180.473559728,-10.,-72.6880736));
#1499=CARTESIAN_POINT('',(182.118961923,-10.,-69.69109103));
#1500=CARTESIAN_POINT('',(182.118961923,-10.,-65.871407362));
#1501=B_SPLINE_CURVE_WITH_KNOTS('',2,(#1498,#1499,#1500),.UNSPECIFIED.,.F.,.F.,(3,3),(0.,1.),.UNSPECIFIED.);
#1502=EDGE_CURVE('',#1491,#1458,#1501,.T.);
#1503=ORIENTED_EDGE('',*,*,#1502,.T.);
#1504=ORIENTED_EDGE('',*,*,#1463,.T.);
#1505=EDGE_LOOP('',(#1489,#1497,#1503,#1504));
#1506=FACE_BOUND('',#1505,.T.);
#1507=ADVANCED_FACE('',(#1506),#1481,.T.);
#1508=CARTESIAN_POINT('',(176.007468055,-10.,-77.389222729));
#1509=CARTESIAN_POINT('',(176.007468055,-5.,-77.389222729));
#1510=CARTESIAN_POINT('',(178.886921897,-10.,-75.68505617));
#1511=CARTESIAN_POINT('',(178.886921897,-5.,-75.68505617));
#1512=CARTESIAN_POINT('',(180.473559728,-10.,-72.6880736));
#1513=CARTESIAN_POINT('',(180.473559728,-5.,-72.6880736));
#1514=B_SPLINE_SURFACE_WITH_KNOTS('',2,1,((#1508,#1509),(#1510,#1511),(#1512,#1513)),.UNSPECIFIED.,.F.,.F.,.U.,(3,3),(2,2),(0.,1.),(0.,1.),.UNSPECIFIED.);
#1515=CARTESIAN_POINT('',(176.007468055,-5.,-77.389222729));
#1516=VERTEX_POINT('',#1515);
#1517=CARTESIAN_POINT('',(176.007468055,-5.,-77.389222729));
#1518=CARTESIAN_POINT('',(178.886921897,-5.,-75.68505617));
#1519=CARTESIAN_POINT('',(180.473559728,-5.,-72.6880736));
#1520=B_SPLINE_CURVE_WITH_KNOTS('',2,(#1517,#1518,#1519),.UNSPECIFIED.,.F.,.F.,(3,3),(0.,1.),.UNSPECIFIED.);
#1521=EDGE_CURVE('',#1516,#1483,#1520,.T.);
#1522=ORIENTED_EDGE('',*,*,#1521,.F.);
#1523=CARTESIAN_POINT('',(176.007468055,-10.,-77.389222729));
#1524=VERTEX_POINT('',#1523);
#1525=CARTESIAN_POINT('',(176.007468055,-10.,-77.389222729));
#1526=DIRECTION('',(0.,1.,0.));
#1527=VECTOR('',#1526,5.);
#1528=LINE('',#1525,#1527);
#1529=EDGE_CURVE('',#1524,#1516,#1528,.T.);
#1530=ORIENTED_EDGE('',*,*,#1529,.F.);
#1531=CARTESIAN_POINT('',(176.007468055,-10.,-77.389222729));
#1532=CARTESIAN_POINT('',(178.886921897,-10.,-75.68505617));
#1533=CARTESIAN_POINT('',(180.473559728,-10.,-72.6880736));
#1534=B_SPLINE_CURVE_WITH_KNOTS('',2,(#1531,#1532,#1533),.UNSPECIFIED.,.F.,.F.,(3,3),(0.,1.),.UNSPECIFIED.);
#1535=EDGE_CURVE('',#1524,#1491,#1534,.T.);
#1536=ORIENTED_EDGE('',*,*,#1535,.T.);
#1537=ORIENTED_EDGE('',*,*,#1496,.T.);
#1538=EDGE_LOOP('',(#1522,#1530,#1536,#1537));
#1539=FACE_BOUND('',#1538,.T.);
#1540=ADVANCED_FACE('',(#1539),#1514,.T.);
#1541=CARTESIAN_POINT('',(169.484623638,-10.,-79.093389289));
#1542=CARTESIAN_POINT('',(169.484623638,-5.,-79.093389289));
#1543=CARTESIAN_POINT('',(173.128014213,-10.,-79.093389289));
#1544=CARTESIAN_POINT('',(173.128014213,-5.,-79.093389289));
#1545=CARTESIAN_POINT('',(176.007468055,-10.,-77.389222729));
#1546=CARTESIAN_POINT('',(176.007468055,-5.,-77.389222729));
#1547=B_SPLINE_SURFACE_WITH_KNOTS('',2,1,((#1541,#1542),(#1543,#1544),(#1545,#1546)),.UNSPECIFIED.,.F.,.F.,.U.,(3,3),(2,2),(0.,1.),(0.,1.),.UNSPECIFIED.);
#1548=CARTESIAN_POINT('',(169.484623638,-5.,-79.093389289));
#1549=VERTEX_POINT('',#1548);
#1550=CARTESIAN_POINT('',(169.484623638,-5.,-79.093389289));
#1551=CARTESIAN_POINT('',(173.128014213,-5.,-79.093389289));
#1552=CARTESIAN_POINT('',(176.007468055,-5.,-77.389222729));
#1553=B_SPLINE_CURVE_WITH_KNOTS('',2,(#1550,#1551,#1552),.UNSPECIFIED.,.F.,.F.,(3,3),(0.,1.),.UNSPECIFIED.);
#1554=EDGE_CURVE('',#1549,#1516,#1553,.T.);
#1555=ORIENTED_EDGE('',*,*,#1554,.F.);
#1556=CARTESIAN_POINT('',(169.484623638,-10.,-79.093389289));
#1557=VERTEX_POINT('',#1556);
#1558=CARTESIAN_POINT('',(169.484623638,-10.,-79.093389289));
#1559=DIRECTION('',(0.,1.,0.));
#1560=VECTOR('',#1559,5.);
#1561=LINE('',#1558,#1560);
#1562=EDGE_CURVE('',#1557,#1549,#1561,.T.);
#1563=ORIENTED_EDGE('',*,*,#1562,.F.);
#1564=CARTESIAN_POINT('',(169.484623638,-10.,-79.093389289));
#1565=CARTESIAN_POINT('',(173.128014213,-10.,-79.093389289));
#1566=CARTESIAN_POINT('',(176.007468055,-10.,-77.389222729));
#1567=B_SPLINE_CURVE_WITH_KNOTS('',2,(#1564,#1565,#1566),.UNSPECIFIED.,.F.,.F.,(3,3),(0.,1.),.UNSPECIFIED.);
#1568=EDGE_CURVE('',#1557,#1524,#1567,.T.);
#1569=ORIENTED_EDGE('',*,*,#1568,.T.);
#1570=ORIENTED_EDGE('',*,*,#1529,.T.);
#1571=EDGE_LOOP('',(#1555,#1563,#1569,#1570));
#1572=FACE_BOUND('',#1571,.T.);
#1573=ADVANCED_FACE('',(#1572),#1547,.T.);
#1574=CARTESIAN_POINT('',(161.66896321,-10.,-76.507757267));
#1575=CARTESIAN_POINT('',(161.66896321,-5.,-76.507757267));
#1576=CARTESIAN_POINT('',(164.9597676,-10.,-79.093389289));
#1577=CARTESIAN_POINT('',(164.9597676,-5.,-79.093389289));
#1578=CARTESIAN_POINT('',(169.484623638,-10.,-79.093389289));
#1579=CARTESIAN_POINT('',(169.484623638,-5.,-79.093389289));
#1580=B_SPLINE_SURFACE_WITH_KNOTS('',2,1,((#1574,#1575),(#1576,#1577),(#1578,#1579)),.UNSPECIFIED.,.F.,.F.,.U.,(3,3),(2,2),(0.,1.),(0.,1.),.UNSPECIFIED.);
#1581=CARTESIAN_POINT('',(161.66896321,-5.,-76.507757267));
#1582=VERTEX_POINT('',#1581);
#1583=CARTESIAN_POINT('',(161.66896321,-5.,-76.507757267));
#1584=CARTESIAN_POINT('',(164.9597676,-5.,-79.093389289));
#1585=CARTESIAN_POINT('',(169.484623638,-5.,-79.093389289));
#1586=B_SPLINE_CURVE_WITH_KNOTS('',2,(#1583,#1584,#1585),.UNSPECIFIED.,.F.,.F.,(3,3),(0.,1.),.UNSPECIFIED.);
#1587=EDGE_CURVE('',#1582,#1549,#1586,.T.);
#1588=ORIENTED_EDGE('',*,*,#1587,.F.);
#1589=CARTESIAN_POINT('',(161.66896321,-10.,-76.507757267));
#1590=VERTEX_POINT('',#1589);
#1591=CARTESIAN_POINT('',(161.66896321,-10.,-76.507757267));
#1592=DIRECTION('',(0.,1.,0.));
#1593=VECTOR('',#1592,5.);
#1594=LINE('',#1591,#1593);
#1595=EDGE_CURVE('',#1590,#1582,#1594,.T.);
#1596=ORIENTED_EDGE('',*,*,#1595,.F.);
#1597=CARTESIAN_POINT('',(161.66896321,-10.,-76.507757267));
#1598=CARTESIAN_POINT('',(164.9597676,-10.,-79.093389289));
#1599=CARTESIAN_POINT('',(169.484623638,-10.,-79.093389289));
#1600=B_SPLINE_CURVE_WITH_KNOTS('',2,(#1597,#1598,#1599),.UNSPECIFIED.,.F.,.F.,(3,3),(0.,1.),.UNSPECIFIED.);
#1601=EDGE_CURVE('',#1590,#1557,#1600,.T.);
#1602=ORIENTED_EDGE('',*,*,#1601,.T.);
#1603=ORIENTED_EDGE('',*,*,#1562,.T.);
#1604=EDGE_LOOP('',(#1588,#1596,#1602,#1603));
#1605=FACE_BOUND('',#1604,.T.);
#1606=ADVANCED_FACE('',(#1605),#1580,.T.);
#1607=CARTESIAN_POINT('',(158.025572635,-10.,-69.808619758));
#1608=CARTESIAN_POINT('',(158.025572635,-5.,-69.808619758));
#1609=CARTESIAN_POINT('',(158.436923183,-10.,-73.863360882));
#1610=CARTESIAN_POINT('',(158.436923183,-5.,-73.863360882));
#1611=CARTESIAN_POINT('',(161.66896321,-10.,-76.507757267));
#1612=CARTESIAN_POINT('',(161.66896321,-5.,-76.507757267));
#1613=B_SPLINE_SURFACE_WITH_KNOTS('',2,1,((#1607,#1608),(#1609,#1610),(#1611,#1612)),.UNSPECIFIED.,.F.,.F.,.U.,(3,3),(2,2),(0.,1.),(0.,1.),.UNSPECIFIED.);
#1614=CARTESIAN_POINT('',(158.025572635,-5.,-69.808619758));
#1615=VERTEX_POINT('',#1614);
#1616=CARTESIAN_POINT('',(158.025572635,-5.,-69.808619758));
#1617=CARTESIAN_POINT('',(158.436923183,-5.,-73.863360882));
#1618=CARTESIAN_POINT('',(161.66896321,-5.,-76.507757267));
#1619=B_SPLINE_CURVE_WITH_KNOTS('',2,(#1616,#1617,#1618),.UNSPECIFIED.,.F.,.F.,(3,3),(0.,1.),.UNSPECIFIED.);
#1620=EDGE_CURVE('',#1615,#1582,#1619,.T.);
#1621=ORIENTED_EDGE('',*,*,#1620,.F.);
#1622=CARTESIAN_POINT('',(158.025572635,-10.,-69.808619758));
#1623=VERTEX_POINT('',#1622);
#1624=CARTESIAN_POINT('',(158.025572635,-10.,-69.808619758));
#1625=DIRECTION('',(0.,1.,0.));
#1626=VECTOR('',#1625,5.);
#1627=LINE('',#1624,#1626);
#1628=EDGE_CURVE('',#1623,#1615,#1627,.T.);
#1629=ORIENTED_EDGE('',*,*,#1628,.F.);
#1630=CARTESIAN_POINT('',(158.025572635,-10.,-69.808619758));
#1631=CARTESIAN_POINT('',(158.436923183,-10.,-73.863360882));
#1632=CARTESIAN_POINT('',(161.66896321,-10.,-76.507757267));
#1633=B_SPLINE_CURVE_WITH_KNOTS('',2,(#1630,#1631,#1632),.UNSPECIFIED.,.F.,.F.,(3,3),(0.,1.),.UNSPECIFIED.);
#1634=EDGE_CURVE('',#1623,#1590,#1633,.T.);
#1635=ORIENTED_EDGE('',*,*,#1634,.T.);
#1636=ORIENTED_EDGE('',*,*,#1595,.T.);
#1637=EDGE_LOOP('',(#1621,#1629,#1635,#1636));
#1638=FACE_BOUND('',#1637,.T.);
#1639=ADVANCED_FACE('',(#1638),#1613,.T.);
#1640=CARTESIAN_POINT('',(154.558475152,-10.,-69.808619758));
#1641=DIRECTION('',(0.,0.,1.));
#1642=DIRECTION('',(1.,0.,0.));
#1643=AXIS2_PLACEMENT_3D('',#1640,#1641,#1642);
#1644=PLANE('',#1643);
#1645=CARTESIAN_POINT('',(151.091377669,-5.,-69.808619758));
#1646=VERTEX_POINT('',#1645);
#1647=CARTESIAN_POINT('',(151.091377669,-5.,-69.808619758));
#1648=DIRECTION('',(1.,0.,-0.));
#1649=VECTOR('',#1648,6.934194966);
#1650=LINE('',#1647,#1649);
#1651=EDGE_CURVE('',#1646,#1615,#1650,.T.);
#1652=ORIENTED_EDGE('',*,*,#1651,.F.);
#1653=CARTESIAN_POINT('',(151.091377669,-10.,-69.808619758));
#1654=VERTEX_POINT('',#1653);
#1655=CARTESIAN_POINT('',(151.091377669,-10.,-69.808619758));
#1656=DIRECTION('',(0.,1.,0.));
#1657=VECTOR('',#1656,5.);
#1658=LINE('',#1655,#1657);
#1659=EDGE_CURVE('',#1654,#1646,#1658,.T.);
#1660=ORIENTED_EDGE('',*,*,#1659,.F.);
#1661=CARTESIAN_POINT('',(151.091377669,-10.,-69.808619758));
#1662=DIRECTION('',(1.,0.,-0.));
#1663=VECTOR('',#1662,6.934194966);
#1664=LINE('',#1661,#1663);
#1665=EDGE_CURVE('',#1654,#1623,#1664,.T.);
#1666=ORIENTED_EDGE('',*,*,#1665,.T.);
#1667=ORIENTED_EDGE('',*,*,#1628,.T.);
#1668=EDGE_LOOP('',(#1652,#1660,#1666,#1667));
#1669=FACE_BOUND('',#1668,.T.);
#1670=ADVANCED_FACE('',(#1669),#1644,.T.);
#1671=CARTESIAN_POINT('',(153.735774054,-10.,-77.918102006));
#1672=CARTESIAN_POINT('',(153.735774054,-5.,-77.918102006));
#1673=CARTESIAN_POINT('',(151.267670761,-10.,-74.333475795));
#1674=CARTESIAN_POINT('',(151.267670761,-5.,-74.333475795));
#1675=CARTESIAN_POINT('',(151.091377669,-10.,-69.808619758));
#1676=CARTESIAN_POINT('',(151.091377669,-5.,-69.808619758));
#1677=B_SPLINE_SURFACE_WITH_KNOTS('',2,1,((#1671,#1672),(#1673,#1674),(#1675,#1676)),.UNSPECIFIED.,.F.,.F.,.U.,(3,3),(2,2),(0.,1.),(0.,1.),.UNSPECIFIED.);
#1678=CARTESIAN_POINT('',(153.735774054,-5.,-77.918102006));
#1679=VERTEX_POINT('',#1678);
#1680=CARTESIAN_POINT('',(153.735774054,-5.,-77.918102006));
#1681=CARTESIAN_POINT('',(151.267670761,-5.,-74.333475795));
#1682=CARTESIAN_POINT('',(151.091377669,-5.,-69.808619758));
#1683=B_SPLINE_CURVE_WITH_KNOTS('',2,(#1680,#1681,#1682),.UNSPECIFIED.,.F.,.F.,(3,3),(0.,1.),.UNSPECIFIED.);
#1684=EDGE_CURVE('',#1679,#1646,#1683,.T.);
#1685=ORIENTED_EDGE('',*,*,#1684,.F.);
#1686=CARTESIAN_POINT('',(153.735774054,-10.,-77.918102006));
#1687=VERTEX_POINT('',#1686);
#1688=CARTESIAN_POINT('',(153.735774054,-10.,-77.918102006));
#1689=DIRECTION('',(0.,1.,0.));
#1690=VECTOR('',#1689,5.);
#1691=LINE('',#1688,#1690);
#1692=EDGE_CURVE('',#1687,#1679,#1691,.T.);
#1693=ORIENTED_EDGE('',*,*,#1692,.F.);
#1694=CARTESIAN_POINT('',(153.735774054,-10.,-77.918102006));
#1695=CARTESIAN_POINT('',(151.267670761,-10.,-74.333475795));
#1696=CARTESIAN_POINT('',(151.091377669,-10.,-69.808619758));
#1697=B_SPLINE_CURVE_WITH_KNOTS('',2,(#1694,#1695,#1696),.UNSPECIFIED.,.F.,.F.,(3,3),(0.,1.),.UNSPECIFIED.);
#1698=EDGE_CURVE('',#1687,#1654,#1697,.T.);
#1699=ORIENTED_EDGE('',*,*,#1698,.T.);
#1700=ORIENTED_EDGE('',*,*,#1659,.T.);
#1701=EDGE_LOOP('',(#1685,#1693,#1699,#1700));
#1702=FACE_BOUND('',#1701,.T.);
#1703=ADVANCED_FACE('',(#1702),#1677,.T.);
#1704=CARTESIAN_POINT('',(160.317382835,-10.,-83.441952233));
#1705=CARTESIAN_POINT('',(160.317382835,-5.,-83.441952233));
#1706=CARTESIAN_POINT('',(156.203877347,-10.,-81.443963853));
#1707=CARTESIAN_POINT('',(156.203877347,-5.,-81.443963853));
#1708=CARTESIAN_POINT('',(153.735774054,-10.,-77.918102006));
#1709=CARTESIAN_POINT('',(153.735774054,-5.,-77.918102006));
#1710=B_SPLINE_SURFACE_WITH_KNOTS('',2,1,((#1704,#1705),(#1706,#1707),(#1708,#1709)),.UNSPECIFIED.,.F.,.F.,.U.,(3,3),(2,2),(0.,1.),(0.,1.),.UNSPECIFIED.);
#1711=CARTESIAN_POINT('',(160.317382835,-5.,-83.441952233));
#1712=VERTEX_POINT('',#1711);
#1713=CARTESIAN_POINT('',(160.317382835,-5.,-83.441952233));
#1714=CARTESIAN_POINT('',(156.203877347,-5.,-81.443963853));
#1715=CARTESIAN_POINT('',(153.735774054,-5.,-77.918102006));
#1716=B_SPLINE_CURVE_WITH_KNOTS('',2,(#1713,#1714,#1715),.UNSPECIFIED.,.F.,.F.,(3,3),(0.,1.),.UNSPECIFIED.);
#1717=EDGE_CURVE('',#1712,#1679,#1716,.T.);
#1718=ORIENTED_EDGE('',*,*,#1717,.F.);
#1719=CARTESIAN_POINT('',(160.317382835,-10.,-83.441952233));
#1720=VERTEX_POINT('',#1719);
#1721=CARTESIAN_POINT('',(160.317382835,-10.,-83.441952233));
#1722=DIRECTION('',(0.,1.,0.));
#1723=VECTOR('',#1722,5.);
#1724=LINE('',#1721,#1723);
#1725=EDGE_CURVE('',#1720,#1712,#1724,.T.);
#1726=ORIENTED_EDGE('',*,*,#1725,.F.);
#1727=CARTESIAN_POINT('',(160.317382835,-10.,-83.441952233));
#1728=CARTESIAN_POINT('',(156.203877347,-10.,-81.443963853));
#1729=CARTESIAN_POINT('',(153.735774054,-10.,-77.918102006));
#1730=B_SPLINE_CURVE_WITH_KNOTS('',2,(#1727,#1728,#1729),.UNSPECIFIED.,.F.,.F.,(3,3),(0.,1.),.UNSPECIFIED.);
#1731=EDGE_CURVE('',#1720,#1687,#1730,.T.);
#1732=ORIENTED_EDGE('',*,*,#1731,.T.);
#1733=ORIENTED_EDGE('',*,*,#1692,.T.);
#1734=EDGE_LOOP('',(#1718,#1726,#1732,#1733));
#1735=FACE_BOUND('',#1734,.T.);
#1736=ADVANCED_FACE('',(#1735),#1710,.T.);
#1737=CARTESIAN_POINT('',(169.484623638,-10.,-85.498704977));
#1738=CARTESIAN_POINT('',(169.484623638,-5.,-85.498704977));
#1739=CARTESIAN_POINT('',(164.372123959,-10.,-85.498704977));
#1740=CARTESIAN_POINT('',(164.372123959,-5.,-85.498704977));
#1741=CARTESIAN_POINT('',(160.317382835,-10.,-83.441952233));
#1742=CARTESIAN_POINT('',(160.317382835,-5.,-83.441952233));
#1743=B_SPLINE_SURFACE_WITH_KNOTS('',2,1,((#1737,#1738),(#1739,#1740),(#1741,#1742)),.UNSPECIFIED.,.F.,.F.,.U.,(3,3),(2,2),(0.,1.),(0.,1.),.UNSPECIFIED.);
#1744=CARTESIAN_POINT('',(169.484623638,-5.,-85.498704977));
#1745=CARTESIAN_POINT('',(164.372123959,-5.,-85.498704977));
#1746=CARTESIAN_POINT('',(160.317382835,-5.,-83.441952233));
#1747=B_SPLINE_CURVE_WITH_KNOTS('',2,(#1744,#1745,#1746),.UNSPECIFIED.,.F.,.F.,(3,3),(0.,1.),.UNSPECIFIED.);
#1748=EDGE_CURVE('',#830,#1712,#1747,.T.);
#1749=ORIENTED_EDGE('',*,*,#1748,.F.);
#1750=ORIENTED_EDGE('',*,*,#857,.F.);
#1751=CARTESIAN_POINT('',(169.484623638,-10.,-85.498704977));
#1752=CARTESIAN_POINT('',(164.372123959,-10.,-85.498704977));
#1753=CARTESIAN_POINT('',(160.317382835,-10.,-83.441952233));
#1754=B_SPLINE_CURVE_WITH_KNOTS('',2,(#1751,#1752,#1753),.UNSPECIFIED.,.F.,.F.,(3,3),(0.,1.),.UNSPECIFIED.);
#1755=EDGE_CURVE('',#846,#1720,#1754,.T.);
#1756=ORIENTED_EDGE('',*,*,#1755,.T.);
#1757=ORIENTED_EDGE('',*,*,#1725,.T.);
#1758=EDGE_LOOP('',(#1749,#1750,#1756,#1757));
#1759=FACE_BOUND('',#1758,.T.);
#1760=ADVANCED_FACE('',(#1759),#1743,.T.);
#1761=CARTESIAN_POINT('',(125.,-10.,-75.));
#1762=DIRECTION('',(0.,-1.,0.));
#1763=DIRECTION('',(0.,0.,-1.));
#1764=AXIS2_PLACEMENT_3D('',#1761,#1762,#1763);
#1765=PLANE('',#1764);
#1766=ORIENTED_EDGE('',*,*,#851,.F.);
#1767=ORIENTED_EDGE('',*,*,#889,.F.);
#1768=ORIENTED_EDGE('',*,*,#922,.F.);
#1769=ORIENTED_EDGE('',*,*,#955,.F.);
#1770=ORIENTED_EDGE('',*,*,#988,.F.);
#1771=ORIENTED_EDGE('',*,*,#1021,.F.);
#1772=ORIENTED_EDGE('',*,*,#1054,.F.);
#1773=ORIENTED_EDGE('',*,*,#1087,.F.);
#1774=ORIENTED_EDGE('',*,*,#1118,.F.);
#1775=ORIENTED_EDGE('',*,*,#1149,.F.);
#1776=ORIENTED_EDGE('',*,*,#1180,.F.);
#1777=ORIENTED_EDGE('',*,*,#1211,.F.);
#1778=ORIENTED_EDGE('',*,*,#1242,.F.);
#1779=ORIENTED_EDGE('',*,*,#1273,.F.);
#1780=ORIENTED_EDGE('',*,*,#1304,.F.);
#1781=ORIENTED_EDGE('',*,*,#1337,.F.);
#1782=ORIENTED_EDGE('',*,*,#1370,.F.);
#1783=ORIENTED_EDGE('',*,*,#1403,.F.);
#1784=ORIENTED_EDGE('',*,*,#1436,.F.);
#1785=ORIENTED_EDGE('',*,*,#1469,.F.);
#1786=ORIENTED_EDGE('',*,*,#1502,.F.);
#1787=ORIENTED_EDGE('',*,*,#1535,.F.);
#1788=ORIENTED_EDGE('',*,*,#1568,.F.);
#1789=ORIENTED_EDGE('',*,*,#1601,.F.);
#1790=ORIENTED_EDGE('',*,*,#1634,.F.);
#1791=ORIENTED_EDGE('',*,*,#1665,.F.);
#1792=ORIENTED_EDGE('',*,*,#1698,.F.);
#1793=ORIENTED_EDGE('',*,*,#1731,.F.);
#1794=ORIENTED_EDGE('',*,*,#1755,.F.);
#1795=EDGE_LOOP('',(#1766,#1767,#1768,#1769,#1770,#1771,#1772,#1773,#1774,#1775,#1776,#1777,#1778,#1779,#1780,#1781,#1782,#1783,#1784,#1785,#1786,#1787,#1788,#1789,#1790,#1791,
#1792,#1793,#1794));
#1796=FACE_BOUND('',#1795,.T.);
#1797=ADVANCED_FACE('',(#1796),#1765,.T.);
#1798=CARTESIAN_POINT('',(125.,-5.,-75.));
#1799=DIRECTION('',(0.,-1.,0.));
#1800=DIRECTION('',(0.,0.,-1.));
#1801=AXIS2_PLACEMENT_3D('',#1798,#1799,#1800);
#1802=PLANE('',#1801);
#1803=ORIENTED_EDGE('',*,*,#835,.T.);
#1804=ORIENTED_EDGE('',*,*,#1748,.T.);
#1805=ORIENTED_EDGE('',*,*,#1717,.T.);
#1806=ORIENTED_EDGE('',*,*,#1684,.T.);
#1807=ORIENTED_EDGE('',*,*,#1651,.T.);
#1808=ORIENTED_EDGE('',*,*,#1620,.T.);
#1809=ORIENTED_EDGE('',*,*,#1587,.T.);
#1810=ORIENTED_EDGE('',*,*,#1554,.T.);
#1811=ORIENTED_EDGE('',*,*,#1521,.T.);
#1812=ORIENTED_EDGE('',*,*,#1488,.T.);
#1813=ORIENTED_EDGE('',*,*,#1455,.T.);
#1814=ORIENTED_EDGE('',*,*,#1422,.T.);
#1815=ORIENTED_EDGE('',*,*,#1389,.T.);
#1816=ORIENTED_EDGE('',*,*,#1356,.T.);
#1817=ORIENTED_EDGE('',*,*,#1323,.T.);
#1818=ORIENTED_EDGE('',*,*,#1290,.T.);
#1819=ORIENTED_EDGE('',*,*,#1259,.T.);
#1820=ORIENTED_EDGE('',*,*,#1228,.T.);
#1821=ORIENTED_EDGE('',*,*,#1197,.T.);
#1822=ORIENTED_EDGE('',*,*,#1166,.T.);
#1823=ORIENTED_EDGE('',*,*,#1135,.T.);
#1824=ORIENTED_EDGE('',*,*,#1104,.T.);
#1825=ORIENTED_EDGE('',*,*,#1073,.T.);
#1826=ORIENTED_EDGE('',*,*,#1040,.T.);
#1827=ORIENTED_EDGE('',*,*,#1007,.T.);
#1828=ORIENTED_EDGE('',*,*,#974,.T.);
#1829=ORIENTED_EDGE('',*,*,#941,.T.);
#1830=ORIENTED_EDGE('',*,*,#908,.T.);
#1831=ORIENTED_EDGE('',*,*,#875,.T.);
#1832=EDGE_LOOP('',(#1803,#1804,#1805,#1806,#1807,#1808,#1809,#1810,#1811,#1812,#1813,#1814,#1815,#1816,#1817,#1818,#1819,#1820,#1821,#1822,#1823,#1824,#1825,#1826,#1827,#1828,
#1829,#1830,#1831));
#1833=FACE_BOUND('',#1832,.T.);
#1834=ADVANCED_FACE('',(#1833),#1802,.F.);
#1835=CLOSED_SHELL('',(#861,#894,#927,#960,#993,#1026,#1059,#1092,#1123,#1154,#1185,#1216,#1247,#1278,#1309,#1342,#1375,#1408,#1441,#1474,#1507,#1540,#1573,#1606,#1639,#1670,
#1703,#1736,#1760,#1797,#1834));
#1836=MANIFOLD_SOLID_BREP('Extruded.004',#1835);
#819=STYLED_ITEM('',(),#1836);
#1838=CARTESIAN_POINT('',(6.749370982,-10.,-94.42627237));
#1839=DIRECTION('',(0.,0.,-1.));
#1840=DIRECTION('',(-1.,0.,0.));
#1841=AXIS2_PLACEMENT_3D('',#1838,#1839,#1840);
#1842=PLANE('',#1841);
#1843=CARTESIAN_POINT('',(10.273946859,-5.,-94.42627237));
#1844=VERTEX_POINT('',#1843);
#1845=CARTESIAN_POINT('',(3.224795106,-5.,-94.42627237));
#1846=VERTEX_POINT('',#1845);
#1847=CARTESIAN_POINT('',(10.273946859,-5.,-94.42627237));
#1848=DIRECTION('',(-1.,0.,0.));
#1849=VECTOR('',#1848,7.049151753);
#1850=LINE('',#1847,#1849);
#1851=EDGE_CURVE('',#1844,#1846,#1850,.T.);
#1852=ORIENTED_EDGE('',*,*,#1851,.F.);
#1853=CARTESIAN_POINT('',(10.273946859,-10.,-94.42627237));
#1854=VERTEX_POINT('',#1853);
#1855=CARTESIAN_POINT('',(10.273946859,-10.,-94.42627237));
#1856=DIRECTION('',(0.,1.,0.));
#1857=VECTOR('',#1856,5.);
#1858=LINE('',#1855,#1857);
#1859=EDGE_CURVE('',#1854,#1844,#1858,.T.);
#1860=ORIENTED_EDGE('',*,*,#1859,.F.);
#1861=CARTESIAN_POINT('',(3.224795106,-10.,-94.42627237));
#1862=VERTEX_POINT('',#1861);
#1863=CARTESIAN_POINT('',(10.273946859,-10.,-94.42627237));
#1864=DIRECTION('',(-1.,0.,0.));
#1865=VECTOR('',#1864,7.049151753);
#1866=LINE('',#1863,#1865);
#1867=EDGE_CURVE('',#1854,#1862,#1866,.T.);
#1868=ORIENTED_EDGE('',*,*,#1867,.T.);
#1869=CARTESIAN_POINT('',(3.224795106,-10.,-94.42627237));
#1870=DIRECTION('',(0.,1.,0.));
#1871=VECTOR('',#1870,5.);
#1872=LINE('',#1869,#1871);
#1873=EDGE_CURVE('',#1862,#1846,#1872,.T.);
#1874=ORIENTED_EDGE('',*,*,#1873,.T.);
#1875=EDGE_LOOP('',(#1852,#1860,#1868,#1874));
#1876=FACE_BOUND('',#1875,.T.);
#1877=ADVANCED_FACE('',(#1876),#1842,.T.);
#1878=CARTESIAN_POINT('',(10.273946859,-10.,-104.423654259));
#1879=DIRECTION('',(-1.,0.,0.));
#1880=DIRECTION('',(0.,0.,1.));
#1881=AXIS2_PLACEMENT_3D('',#1878,#1879,#1880);
#1882=PLANE('',#1881);
#1883=CARTESIAN_POINT('',(10.273946859,-5.,-114.421036148));
#1884=VERTEX_POINT('',#1883);
#1885=CARTESIAN_POINT('',(10.273946859,-5.,-114.421036148));
#1886=DIRECTION('',(0.,0.,1.));
#1887=VECTOR('',#1886,19.994763778);
#1888=LINE('',#1885,#1887);
#1889=EDGE_CURVE('',#1884,#1844,#1888,.T.);
#1890=ORIENTED_EDGE('',*,*,#1889,.F.);
#1891=CARTESIAN_POINT('',(10.273946859,-10.,-114.421036148));
#1892=VERTEX_POINT('',#1891);
#1893=CARTESIAN_POINT('',(10.273946859,-10.,-114.421036148));
#1894=DIRECTION('',(0.,1.,0.));
#1895=VECTOR('',#1894,5.);
#1896=LINE('',#1893,#1895);
#1897=EDGE_CURVE('',#1892,#1884,#1896,.T.);
#1898=ORIENTED_EDGE('',*,*,#1897,.F.);
#1899=CARTESIAN_POINT('',(10.273946859,-10.,-114.421036148));
#1900=DIRECTION('',(0.,0.,1.));
#1901=VECTOR('',#1900,19.994763778);
#1902=LINE('',#1899,#1901);
#1903=EDGE_CURVE('',#1892,#1854,#1902,.T.);
#1904=ORIENTED_EDGE('',*,*,#1903,.T.);
#1905=ORIENTED_EDGE('',*,*,#1859,.T.);
#1906=EDGE_LOOP('',(#1890,#1898,#1904,#1905));
#1907=FACE_BOUND('',#1906,.T.);
#1908=ADVANCED_FACE('',(#1907),#1882,.T.);
#1909=CARTESIAN_POINT('',(11.626142636,-10.,-114.421036148));
#1910=DIRECTION('',(0.,0.,-1.));
#1911=DIRECTION('',(-1.,0.,0.));
#1912=AXIS2_PLACEMENT_3D('',#1909,#1910,#1911);
#1913=PLANE('',#1912);
#1914=CARTESIAN_POINT('',(12.978338412,-5.,-114.421036148));
#1915=VERTEX_POINT('',#1914);
#1916=CARTESIAN_POINT('',(12.978338412,-5.,-114.421036148));
#1917=DIRECTION('',(-1.,0.,0.));
#1918=VECTOR('',#1917,2.704391553);
#1919=LINE('',#1916,#1918);
#1920=EDGE_CURVE('',#1915,#1884,#1919,.T.);
#1921=ORIENTED_EDGE('',*,*,#1920,.F.);
#1922=CARTESIAN_POINT('',(12.978338412,-10.,-114.421036148));
#1923=VERTEX_POINT('',#1922);
#1924=CARTESIAN_POINT('',(12.978338412,-10.,-114.421036148));
#1925=DIRECTION('',(0.,1.,0.));
#1926=VECTOR('',#1925,5.);
#1927=LINE('',#1924,#1926);
#1928=EDGE_CURVE('',#1923,#1915,#1927,.T.);
#1929=ORIENTED_EDGE('',*,*,#1928,.F.);
#1930=CARTESIAN_POINT('',(12.978338412,-10.,-114.421036148));
#1931=DIRECTION('',(-1.,0.,0.));
#1932=VECTOR('',#1931,2.704391553);
#1933=LINE('',#1930,#1932);
#1934=EDGE_CURVE('',#1923,#1892,#1933,.T.);
#1935=ORIENTED_EDGE('',*,*,#1934,.T.);
#1936=ORIENTED_EDGE('',*,*,#1897,.T.);
#1937=EDGE_LOOP('',(#1921,#1929,#1935,#1936));
#1938=FACE_BOUND('',#1937,.T.);
#1939=ADVANCED_FACE('',(#1938),#1913,.T.);
#1940=CARTESIAN_POINT('',(12.978338412,-10.,-104.423654259));
#1941=DIRECTION('',(1.,0.,0.));
#1942=DIRECTION('',(0.,0.,-1.));
#1943=AXIS2_PLACEMENT_3D('',#1940,#1941,#1942);
#1944=PLANE('',#1943);
#1945=CARTESIAN_POINT('',(12.978338412,-5.,-94.42627237));
#1946=VERTEX_POINT('',#1945);
#1947=CARTESIAN_POINT('',(12.978338412,-5.,-94.42627237));
#1948=DIRECTION('',(0.,0.,-1.));
#1949=VECTOR('',#1948,19.994763778);
#1950=LINE('',#1947,#1949);
#1951=EDGE_CURVE('',#1946,#1915,#1950,.T.);
#1952=ORIENTED_EDGE('',*,*,#1951,.F.);
#1953=CARTESIAN_POINT('',(12.978338412,-10.,-94.42627237));
#1954=VERTEX_POINT('',#1953);
#1955=CARTESIAN_POINT('',(12.978338412,-10.,-94.42627237));
#1956=DIRECTION('',(0.,1.,0.));
#1957=VECTOR('',#1956,5.);
#1958=LINE('',#1955,#1957);
#1959=EDGE_CURVE('',#1954,#1946,#1958,.T.);
#1960=ORIENTED_EDGE('',*,*,#1959,.F.);
#1961=CARTESIAN_POINT('',(12.978338412,-10.,-94.42627237));
#1962=DIRECTION('',(0.,0.,-1.));
#1963=VECTOR('',#1962,19.994763778);
#1964=LINE('',#1961,#1963);
#1965=EDGE_CURVE('',#1954,#1923,#1964,.T.);
#1966=ORIENTED_EDGE('',*,*,#1965,.T.);
#1967=ORIENTED_EDGE('',*,*,#1928,.T.);
#1968=EDGE_LOOP('',(#1952,#1960,#1966,#1967));
#1969=FACE_BOUND('',#1968,.T.);
#1970=ADVANCED_FACE('',(#1969),#1944,.T.);
#1971=CARTESIAN_POINT('',(16.502914289,-10.,-94.42627237));
#1972=DIRECTION('',(0.,0.,-1.));
#1973=DIRECTION('',(-1.,0.,0.));
#1974=AXIS2_PLACEMENT_3D('',#1971,#1972,#1973);
#1975=PLANE('',#1974);
#1976=CARTESIAN_POINT('',(20.027490165,-5.,-94.42627237));
#1977=VERTEX_POINT('',#1976);
#1978=CARTESIAN_POINT('',(20.027490165,-5.,-94.42627237));
#1979=DIRECTION('',(-1.,0.,0.));
#1980=VECTOR('',#1979,7.049151753);
#1981=LINE('',#1978,#1980);
#1982=EDGE_CURVE('',#1977,#1946,#1981,.T.);
#1983=ORIENTED_EDGE('',*,*,#1982,.F.);
#1984=CARTESIAN_POINT('',(20.027490165,-10.,-94.42627237));
#1985=VERTEX_POINT('',#1984);
#1986=CARTESIAN_POINT('',(20.027490165,-10.,-94.42627237));
#1987=DIRECTION('',(0.,1.,0.));
#1988=VECTOR('',#1987,5.);
#1989=LINE('',#1986,#1988);
#1990=EDGE_CURVE('',#1985,#1977,#1989,.T.);
#1991=ORIENTED_EDGE('',*,*,#1990,.F.);
#1992=CARTESIAN_POINT('',(20.027490165,-10.,-94.42627237));
#1993=DIRECTION('',(-1.,0.,0.));
#1994=VECTOR('',#1993,7.049151753);
#1995=LINE('',#1992,#1994);
#1996=EDGE_CURVE('',#1985,#1954,#1995,.T.);
#1997=ORIENTED_EDGE('',*,*,#1996,.T.);
#1998=ORIENTED_EDGE('',*,*,#1959,.T.);
#1999=EDGE_LOOP('',(#1983,#1991,#1997,#1998));
#2000=FACE_BOUND('',#1999,.T.);
#2001=ADVANCED_FACE('',(#2000),#1975,.T.);
#2002=CARTESIAN_POINT('',(20.027490165,-10.,-93.229246601));
#2003=DIRECTION('',(1.,0.,0.));
#2004=DIRECTION('',(0.,0.,-1.));
#2005=AXIS2_PLACEMENT_3D('',#2002,#2003,#2004);
#2006=PLANE('',#2005);
#2007=CARTESIAN_POINT('',(20.027490165,-5.,-92.032220831));
#2008=VERTEX_POINT('',#2007);
#2009=CARTESIAN_POINT('',(20.027490165,-5.,-92.032220831));
#2010=DIRECTION('',(0.,0.,-1.));
#2011=VECTOR('',#2010,2.394051539);
#2012=LINE('',#2009,#2011);
#2013=EDGE_CURVE('',#2008,#1977,#2012,.T.);
#2014=ORIENTED_EDGE('',*,*,#2013,.F.);
#2015=CARTESIAN_POINT('',(20.027490165,-10.,-92.032220831));
#2016=VERTEX_POINT('',#2015);
#2017=CARTESIAN_POINT('',(20.027490165,-10.,-92.032220831));
#2018=DIRECTION('',(0.,1.,0.));
#2019=VECTOR('',#2018,5.);
#2020=LINE('',#2017,#2019);
#2021=EDGE_CURVE('',#2016,#2008,#2020,.T.);
#2022=ORIENTED_EDGE('',*,*,#2021,.F.);
#2023=CARTESIAN_POINT('',(20.027490165,-10.,-92.032220831));
#2024=DIRECTION('',(0.,0.,-1.));
#2025=VECTOR('',#2024,2.394051539);
#2026=LINE('',#2023,#2025);
#2027=EDGE_CURVE('',#2016,#1985,#2026,.T.);
#2028=ORIENTED_EDGE('',*,*,#2027,.T.);
#2029=ORIENTED_EDGE('',*,*,#1990,.T.);
#2030=EDGE_LOOP('',(#2014,#2022,#2028,#2029));
#2031=FACE_BOUND('',#2030,.T.);
#2032=ADVANCED_FACE('',(#2031),#2006,.T.);
#2033=CARTESIAN_POINT('',(11.626142636,-10.,-92.032220831));
#2034=DIRECTION('',(0.,0.,1.));
#2035=DIRECTION('',(1.,0.,0.));
#2036=AXIS2_PLACEMENT_3D('',#2033,#2034,#2035);
#2037=PLANE('',#2036);
#2038=CARTESIAN_POINT('',(3.224795106,-5.,-92.032220831));
#2039=VERTEX_POINT('',#2038);
#2040=CARTESIAN_POINT('',(3.224795106,-5.,-92.032220831));
#2041=DIRECTION('',(1.,0.,-0.));
#2042=VECTOR('',#2041,16.80269506);
#2043=LINE('',#2040,#2042);
#2044=EDGE_CURVE('',#2039,#2008,#2043,.T.);
#2045=ORIENTED_EDGE('',*,*,#2044,.F.);
#2046=CARTESIAN_POINT('',(3.224795106,-10.,-92.032220831));
#2047=VERTEX_POINT('',#2046);
#2048=CARTESIAN_POINT('',(3.224795106,-10.,-92.032220831));
#2049=DIRECTION('',(0.,1.,0.));
#2050=VECTOR('',#2049,5.);
#2051=LINE('',#2048,#2050);
#2052=EDGE_CURVE('',#2047,#2039,#2051,.T.);
#2053=ORIENTED_EDGE('',*,*,#2052,.F.);
#2054=CARTESIAN_POINT('',(3.224795106,-10.,-92.032220831));
#2055=DIRECTION('',(1.,0.,-0.));
#2056=VECTOR('',#2055,16.80269506);
#2057=LINE('',#2054,#2056);
#2058=EDGE_CURVE('',#2047,#2016,#2057,.T.);
#2059=ORIENTED_EDGE('',*,*,#2058,.T.);
#2060=ORIENTED_EDGE('',*,*,#2021,.T.);
#2061=EDGE_LOOP('',(#2045,#2053,#2059,#2060));
#2062=FACE_BOUND('',#2061,.T.);
#2063=ADVANCED_FACE('',(#2062),#2037,.T.);
#2064=CARTESIAN_POINT('',(3.224795106,-10.,-93.229246601));
#2065=DIRECTION('',(-1.,0.,0.));
#2066=DIRECTION('',(0.,0.,1.));
#2067=AXIS2_PLACEMENT_3D('',#2064,#2065,#2066);
#2068=PLANE('',#2067);
#2069=CARTESIAN_POINT('',(3.224795106,-5.,-94.42627237));
#2070=DIRECTION('',(0.,0.,1.));
#2071=VECTOR('',#2070,2.394051539);
#2072=LINE('',#2069,#2071);
#2073=EDGE_CURVE('',#1846,#2039,#2072,.T.);
#2074=ORIENTED_EDGE('',*,*,#2073,.F.);
#2075=ORIENTED_EDGE('',*,*,#1873,.F.);
#2076=CARTESIAN_POINT('',(3.224795106,-10.,-94.42627237));
#2077=DIRECTION('',(0.,0.,1.));
#2078=VECTOR('',#2077,2.394051539);
#2079=LINE('',#2076,#2078);
#2080=EDGE_CURVE('',#1862,#2047,#2079,.T.);
#2081=ORIENTED_EDGE('',*,*,#2080,.T.);
#2082=ORIENTED_EDGE('',*,*,#2052,.T.);
#2083=EDGE_LOOP('',(#2074,#2075,#2081,#2082));
#2084=FACE_BOUND('',#2083,.T.);
#2085=ADVANCED_FACE('',(#2084),#2068,.T.);
#2086=CARTESIAN_POINT('',(125.,-10.,-75.));
#2087=DIRECTION('',(0.,-1.,0.));
#2088=DIRECTION('',(0.,0.,-1.));
#2089=AXIS2_PLACEMENT_3D('',#2086,#2087,#2088);
#2090=PLANE('',#2089);
#2091=ORIENTED_EDGE('',*,*,#1867,.F.);
#2092=ORIENTED_EDGE('',*,*,#1903,.F.);
#2093=ORIENTED_EDGE('',*,*,#1934,.F.);
#2094=ORIENTED_EDGE('',*,*,#1965,.F.);
#2095=ORIENTED_EDGE('',*,*,#1996,.F.);
#2096=ORIENTED_EDGE('',*,*,#2027,.F.);
#2097=ORIENTED_EDGE('',*,*,#2058,.F.);
#2098=ORIENTED_EDGE('',*,*,#2080,.F.);
#2099=EDGE_LOOP('',(#2091,#2092,#2093,#2094,#2095,#2096,#2097,#2098));
#2100=FACE_BOUND('',#2099,.T.);
#2101=ADVANCED_FACE('',(#2100),#2090,.T.);
#2102=CARTESIAN_POINT('',(125.,-5.,-75.));
#2103=DIRECTION('',(0.,-1.,0.));
#2104=DIRECTION('',(0.,0.,-1.));
#2105=AXIS2_PLACEMENT_3D('',#2102,#2103,#2104);
#2106=PLANE('',#2105);
#2107=ORIENTED_EDGE('',*,*,#1851,.T.);
#2108=ORIENTED_EDGE('',*,*,#2073,.T.);
#2109=ORIENTED_EDGE('',*,*,#2044,.T.);
#2110=ORIENTED_EDGE('',*,*,#2013,.T.);
#2111=ORIENTED_EDGE('',*,*,#1982,.T.);
#2112=ORIENTED_EDGE('',*,*,#1951,.T.);
#2113=ORIENTED_EDGE('',*,*,#1920,.T.);
#2114=ORIENTED_EDGE('',*,*,#1889,.T.);
#2115=EDGE_LOOP('',(#2107,#2108,#2109,#2110,#2111,#2112,#2113,#2114));
#2116=FACE_BOUND('',#2115,.T.);
#2117=ADVANCED_FACE('',(#2116),#2106,.F.);
#2118=CLOSED_SHELL('',(#1877,#1908,#1939,#1970,#2001,#2032,#2063,#2085,#2101,#2117));
#2119=MANIFOLD_SOLID_BREP('Extruded.005',#2118);
#1837=STYLED_ITEM('',(),#2119);
#2121=CARTESIAN_POINT('',(25.170267545,-10.,-114.421036148));
#2122=DIRECTION('',(0.,0.,-1.));
#2123=DIRECTION('',(-1.,0.,0.));
#2124=AXIS2_PLACEMENT_3D('',#2121,#2122,#2123);
#2125=PLANE('',#2124);
#2126=CARTESIAN_POINT('',(26.45596189,-5.,-114.421036148));
#2127=VERTEX_POINT('',#2126);
#2128=CARTESIAN_POINT('',(23.8845732,-5.,-114.421036148));
#2129=VERTEX_POINT('',#2128);
#2130=CARTESIAN_POINT('',(26.45596189,-5.,-114.421036148));
#2131=DIRECTION('',(-1.,0.,0.));
#2132=VECTOR('',#2131,2.57138869);
#2133=LINE('',#2130,#2132);
#2134=EDGE_CURVE('',#2127,#2129,#2133,.T.);
#2135=ORIENTED_EDGE('',*,*,#2134,.F.);
#2136=CARTESIAN_POINT('',(26.45596189,-10.,-114.421036148));
#2137=VERTEX_POINT('',#2136);
#2138=CARTESIAN_POINT('',(26.45596189,-10.,-114.421036148));
#2139=DIRECTION('',(0.,1.,0.));
#2140=VECTOR('',#2139,5.);
#2141=LINE('',#2138,#2140);
#2142=EDGE_CURVE('',#2137,#2127,#2141,.T.);
#2143=ORIENTED_EDGE('',*,*,#2142,.F.);
#2144=CARTESIAN_POINT('',(23.8845732,-10.,-114.421036148));
#2145=VERTEX_POINT('',#2144);
#2146=CARTESIAN_POINT('',(26.45596189,-10.,-114.421036148));
#2147=DIRECTION('',(-1.,0.,0.));
#2148=VECTOR('',#2147,2.57138869);
#2149=LINE('',#2146,#2148);
#2150=EDGE_CURVE('',#2137,#2145,#2149,.T.);
#2151=ORIENTED_EDGE('',*,*,#2150,.T.);
#2152=CARTESIAN_POINT('',(23.8845732,-10.,-114.421036148));
#2153=DIRECTION('',(0.,1.,0.));
#2154=VECTOR('',#2153,5.);
#2155=LINE('',#2152,#2154);
#2156=EDGE_CURVE('',#2145,#2129,#2155,.T.);
#2157=ORIENTED_EDGE('',*,*,#2156,.T.);
#2158=EDGE_LOOP('',(#2135,#2143,#2151,#2157));
#2159=FACE_BOUND('',#2158,.T.);
#2160=ADVANCED_FACE('',(#2159),#2125,.T.);
#2161=CARTESIAN_POINT('',(26.45596189,-10.,-109.112005189));
#2162=DIRECTION('',(1.,0.,0.));
#2163=DIRECTION('',(0.,0.,-1.));
#2164=AXIS2_PLACEMENT_3D('',#2161,#2162,#2163);
#2165=PLANE('',#2164);
#2166=CARTESIAN_POINT('',(26.45596189,-5.,-103.802974231));
#2167=VERTEX_POINT('',#2166);
#2168=CARTESIAN_POINT('',(26.45596189,-5.,-103.802974231));
#2169=DIRECTION('',(0.,0.,-1.));
#2170=VECTOR('',#2169,10.618061918);
#2171=LINE('',#2168,#2170);
#2172=EDGE_CURVE('',#2167,#2127,#2171,.T.);
#2173=ORIENTED_EDGE('',*,*,#2172,.F.);
#2174=CARTESIAN_POINT('',(26.45596189,-10.,-103.802974231));
#2175=VERTEX_POINT('',#2174);
#2176=CARTESIAN_POINT('',(26.45596189,-10.,-103.802974231));
#2177=DIRECTION('',(0.,1.,0.));
#2178=VECTOR('',#2177,5.);
#2179=LINE('',#2176,#2178);
#2180=EDGE_CURVE('',#2175,#2167,#2179,.T.);
#2181=ORIENTED_EDGE('',*,*,#2180,.F.);
#2182=CARTESIAN_POINT('',(26.45596189,-10.,-103.802974231));
#2183=DIRECTION('',(0.,0.,-1.));
#2184=VECTOR('',#2183,10.618061918);
#2185=LINE('',#2182,#2184);
#2186=EDGE_CURVE('',#2175,#2137,#2185,.T.);
#2187=ORIENTED_EDGE('',*,*,#2186,.T.);
#2188=ORIENTED_EDGE('',*,*,#2142,.T.);
#2189=EDGE_LOOP('',(#2173,#2181,#2187,#2188));
#2190=FACE_BOUND('',#2189,.T.);
#2191=ADVANCED_FACE('',(#2190),#2165,.T.);
#2192=CARTESIAN_POINT('',(27.010140487,-10.,-101.763596994));
#2193=CARTESIAN_POINT('',(27.010140487,-5.,-101.763596994));
#2194=CARTESIAN_POINT('',(26.45596189,-10.,-102.650282749));
#2195=CARTESIAN_POINT('',(26.45596189,-5.,-102.650282749));
#2196=CARTESIAN_POINT('',(26.45596189,-10.,-103.802974231));
#2197=CARTESIAN_POINT('',(26.45596189,-5.,-103.802974231));
#2198=B_SPLINE_SURFACE_WITH_KNOTS('',2,1,((#2192,#2193),(#2194,#2195),(#2196,#2197)),.UNSPECIFIED.,.F.,.F.,.U.,(3,3),(2,2),(0.,1.),(0.,1.),.UNSPECIFIED.);
#2199=CARTESIAN_POINT('',(27.010140487,-5.,-101.763596994));
#2200=VERTEX_POINT('',#2199);
#2201=CARTESIAN_POINT('',(27.010140487,-5.,-101.763596994));
#2202=CARTESIAN_POINT('',(26.45596189,-5.,-102.650282749));
#2203=CARTESIAN_POINT('',(26.45596189,-5.,-103.802974231));
#2204=B_SPLINE_CURVE_WITH_KNOTS('',2,(#2201,#2202,#2203),.UNSPECIFIED.,.F.,.F.,(3,3),(0.,1.),.UNSPECIFIED.);
#2205=EDGE_CURVE('',#2200,#2167,#2204,.T.);
#2206=ORIENTED_EDGE('',*,*,#2205,.F.);
#2207=CARTESIAN_POINT('',(27.010140487,-10.,-101.763596994));
#2208=VERTEX_POINT('',#2207);
#2209=CARTESIAN_POINT('',(27.010140487,-10.,-101.763596994));
#2210=DIRECTION('',(0.,1.,0.));
#2211=VECTOR('',#2210,5.);
#2212=LINE('',#2209,#2211);
#2213=EDGE_CURVE('',#2208,#2200,#2212,.T.);
#2214=ORIENTED_EDGE('',*,*,#2213,.F.);
#2215=CARTESIAN_POINT('',(27.010140487,-10.,-101.763596994));
#2216=CARTESIAN_POINT('',(26.45596189,-10.,-102.650282749));
#2217=CARTESIAN_POINT('',(26.45596189,-10.,-103.802974231));
#2218=B_SPLINE_CURVE_WITH_KNOTS('',2,(#2215,#2216,#2217),.UNSPECIFIED.,.F.,.F.,(3,3),(0.,1.),.UNSPECIFIED.);
#2219=EDGE_CURVE('',#2208,#2175,#2218,.T.);
#2220=ORIENTED_EDGE('',*,*,#2219,.T.);
#2221=ORIENTED_EDGE('',*,*,#2180,.T.);
#2222=EDGE_LOOP('',(#2206,#2214,#2220,#2221));
#2223=FACE_BOUND('',#2222,.T.);
#2224=ADVANCED_FACE('',(#2223),#2198,.T.);
#2225=CARTESIAN_POINT('',(28.517506271,-10.,-100.367066929));
#2226=CARTESIAN_POINT('',(28.517506271,-5.,-100.367066929));
#2227=CARTESIAN_POINT('',(27.564319084,-10.,-100.876911239));
#2228=CARTESIAN_POINT('',(27.564319084,-5.,-100.876911239));
#2229=CARTESIAN_POINT('',(27.010140487,-10.,-101.763596994));
#2230=CARTESIAN_POINT('',(27.010140487,-5.,-101.763596994));
#2231=B_SPLINE_SURFACE_WITH_KNOTS('',2,1,((#2225,#2226),(#2227,#2228),(#2229,#2230)),.UNSPECIFIED.,.F.,.F.,.U.,(3,3),(2,2),(0.,1.),(0.,1.),.UNSPECIFIED.);
#2232=CARTESIAN_POINT('',(28.517506271,-5.,-100.367066929));
#2233=VERTEX_POINT('',#2232);
#2234=CARTESIAN_POINT('',(28.517506271,-5.,-100.367066929));
#2235=CARTESIAN_POINT('',(27.564319084,-5.,-100.876911239));
#2236=CARTESIAN_POINT('',(27.010140487,-5.,-101.763596994));
#2237=B_SPLINE_CURVE_WITH_KNOTS('',2,(#2234,#2235,#2236),.UNSPECIFIED.,.F.,.F.,(3,3),(0.,1.),.UNSPECIFIED.);
#2238=EDGE_CURVE('',#2233,#2200,#2237,.T.);
#2239=ORIENTED_EDGE('',*,*,#2238,.F.);
#2240=CARTESIAN_POINT('',(28.517506271,-10.,-100.367066929));
#2241=VERTEX_POINT('',#2240);
#2242=CARTESIAN_POINT('',(28.517506271,-10.,-100.367066929));
#2243=DIRECTION('',(0.,1.,0.));
#2244=VECTOR('',#2243,5.);
#2245=LINE('',#2242,#2244);
#2246=EDGE_CURVE('',#2241,#2233,#2245,.T.);
#2247=ORIENTED_EDGE('',*,*,#2246,.F.);
#2248=CARTESIAN_POINT('',(28.517506271,-10.,-100.367066929));
#2249=CARTESIAN_POINT('',(27.564319084,-10.,-100.876911239));
#2250=CARTESIAN_POINT('',(27.010140487,-10.,-101.763596994));
#2251=B_SPLINE_CURVE_WITH_KNOTS('',2,(#2248,#2249,#2250),.UNSPECIFIED.,.F.,.F.,(3,3),(0.,1.),.UNSPECIFIED.);
#2252=EDGE_CURVE('',#2241,#2208,#2251,.T.);
#2253=ORIENTED_EDGE('',*,*,#2252,.T.);
#2254=ORIENTED_EDGE('',*,*,#2213,.T.);
#2255=EDGE_LOOP('',(#2239,#2247,#2253,#2254));
#2256=FACE_BOUND('',#2255,.T.);
#2257=ADVANCED_FACE('',(#2256),#2231,.T.);
#2258=CARTESIAN_POINT('',(30.689886371,-10.,-99.85722262));
#2259=CARTESIAN_POINT('',(30.689886371,-5.,-99.85722262));
#2260=CARTESIAN_POINT('',(29.470693457,-10.,-99.85722262));
#2261=CARTESIAN_POINT('',(29.470693457,-5.,-99.85722262));
#2262=CARTESIAN_POINT('',(28.517506271,-10.,-100.367066929));
#2263=CARTESIAN_POINT('',(28.517506271,-5.,-100.367066929));
#2264=B_SPLINE_SURFACE_WITH_KNOTS('',2,1,((#2258,#2259),(#2260,#2261),(#2262,#2263)),.UNSPECIFIED.,.F.,.F.,.U.,(3,3),(2,2),(0.,1.),(0.,1.),.UNSPECIFIED.);
#2265=CARTESIAN_POINT('',(30.689886371,-5.,-99.85722262));
#2266=VERTEX_POINT('',#2265);
#2267=CARTESIAN_POINT('',(30.689886371,-5.,-99.85722262));
#2268=CARTESIAN_POINT('',(29.470693457,-5.,-99.85722262));
#2269=CARTESIAN_POINT('',(28.517506271,-5.,-100.367066929));
#2270=B_SPLINE_CURVE_WITH_KNOTS('',2,(#2267,#2268,#2269),.UNSPECIFIED.,.F.,.F.,(3,3),(0.,1.),.UNSPECIFIED.);
#2271=EDGE_CURVE('',#2266,#2233,#2270,.T.);
#2272=ORIENTED_EDGE('',*,*,#2271,.F.);
#2273=CARTESIAN_POINT('',(30.689886371,-10.,-99.85722262));
#2274=VERTEX_POINT('',#2273);
#2275=CARTESIAN_POINT('',(30.689886371,-10.,-99.85722262));
#2276=DIRECTION('',(0.,1.,0.));
#2277=VECTOR('',#2276,5.);
#2278=LINE('',#2275,#2277);
#2279=EDGE_CURVE('',#2274,#2266,#2278,.T.);
#2280=ORIENTED_EDGE('',*,*,#2279,.F.);
#2281=CARTESIAN_POINT('',(30.689886371,-10.,-99.85722262));
#2282=CARTESIAN_POINT('',(29.470693457,-10.,-99.85722262));
#2283=CARTESIAN_POINT('',(28.517506271,-10.,-100.367066929));
#2284=B_SPLINE_CURVE_WITH_KNOTS('',2,(#2281,#2282,#2283),.UNSPECIFIED.,.F.,.F.,(3,3),(0.,1.),.UNSPECIFIED.);
#2285=EDGE_CURVE('',#2274,#2241,#2284,.T.);
#2286=ORIENTED_EDGE('',*,*,#2285,.T.);
#2287=ORIENTED_EDGE('',*,*,#2246,.T.);
#2288=EDGE_LOOP('',(#2272,#2280,#2286,#2287));
#2289=FACE_BOUND('',#2288,.T.);
#2290=ADVANCED_FACE('',(#2289),#2264,.T.);
#2291=CARTESIAN_POINT('',(31.665240701,-10.,-99.923724052));
#2292=CARTESIAN_POINT('',(31.665240701,-5.,-99.923724052));
#2293=CARTESIAN_POINT('',(31.19973068,-10.,-99.85722262));
#2294=CARTESIAN_POINT('',(31.19973068,-5.,-99.85722262));
#2295=CARTESIAN_POINT('',(30.689886371,-10.,-99.85722262));
#2296=CARTESIAN_POINT('',(30.689886371,-5.,-99.85722262));
#2297=B_SPLINE_SURFACE_WITH_KNOTS('',2,1,((#2291,#2292),(#2293,#2294),(#2295,#2296)),.UNSPECIFIED.,.F.,.F.,.U.,(3,3),(2,2),(0.,1.),(0.,1.),.UNSPECIFIED.);
#2298=CARTESIAN_POINT('',(31.665240701,-5.,-99.923724052));
#2299=VERTEX_POINT('',#2298);
#2300=CARTESIAN_POINT('',(31.665240701,-5.,-99.923724052));
#2301=CARTESIAN_POINT('',(31.19973068,-5.,-99.85722262));
#2302=CARTESIAN_POINT('',(30.689886371,-5.,-99.85722262));
#2303=B_SPLINE_CURVE_WITH_KNOTS('',2,(#2300,#2301,#2302),.UNSPECIFIED.,.F.,.F.,(3,3),(0.,1.),.UNSPECIFIED.);
#2304=EDGE_CURVE('',#2299,#2266,#2303,.T.);
#2305=ORIENTED_EDGE('',*,*,#2304,.F.);
#2306=CARTESIAN_POINT('',(31.665240701,-10.,-99.923724052));
#2307=VERTEX_POINT('',#2306);
#2308=CARTESIAN_POINT('',(31.665240701,-10.,-99.923724052));
#2309=DIRECTION('',(0.,1.,0.));
#2310=VECTOR('',#2309,5.);
#2311=LINE('',#2308,#2310);
#2312=EDGE_CURVE('',#2307,#2299,#2311,.T.);
#2313=ORIENTED_EDGE('',*,*,#2312,.F.);
#2314=CARTESIAN_POINT('',(31.665240701,-10.,-99.923724052));
#2315=CARTESIAN_POINT('',(31.19973068,-10.,-99.85722262));
#2316=CARTESIAN_POINT('',(30.689886371,-10.,-99.85722262));
#2317=B_SPLINE_CURVE_WITH_KNOTS('',2,(#2314,#2315,#2316),.UNSPECIFIED.,.F.,.F.,(3,3),(0.,1.),.UNSPECIFIED.);
#2318=EDGE_CURVE('',#2307,#2274,#2317,.T.);
#2319=ORIENTED_EDGE('',*,*,#2318,.T.);
#2320=ORIENTED_EDGE('',*,*,#2279,.T.);
#2321=EDGE_LOOP('',(#2305,#2313,#2319,#2320));
#2322=FACE_BOUND('',#2321,.T.);
#2323=ADVANCED_FACE('',(#2322),#2297,.T.);
#2324=CARTESIAN_POINT('',(32.263753586,-10.,-100.034559771));
#2325=CARTESIAN_POINT('',(32.263753586,-5.,-100.034559771));
#2326=CARTESIAN_POINT('',(32.130750723,-10.,-99.990225484));
#2327=CARTESIAN_POINT('',(32.130750723,-5.,-99.990225484));
#2328=CARTESIAN_POINT('',(31.665240701,-10.,-99.923724052));
#2329=CARTESIAN_POINT('',(31.665240701,-5.,-99.923724052));
#2330=B_SPLINE_SURFACE_WITH_KNOTS('',2,1,((#2324,#2325),(#2326,#2327),(#2328,#2329)),.UNSPECIFIED.,.F.,.F.,.U.,(3,3),(2,2),(0.,1.),(0.,1.),.UNSPECIFIED.);
#2331=CARTESIAN_POINT('',(32.263753586,-5.,-100.034559771));
#2332=VERTEX_POINT('',#2331);
#2333=CARTESIAN_POINT('',(32.263753586,-5.,-100.034559771));
#2334=CARTESIAN_POINT('',(32.130750723,-5.,-99.990225484));
#2335=CARTESIAN_POINT('',(31.665240701,-5.,-99.923724052));
#2336=B_SPLINE_CURVE_WITH_KNOTS('',2,(#2333,#2334,#2335),.UNSPECIFIED.,.F.,.F.,(3,3),(0.,1.),.UNSPECIFIED.);
#2337=EDGE_CURVE('',#2332,#2299,#2336,.T.);
#2338=ORIENTED_EDGE('',*,*,#2337,.F.);
#2339=CARTESIAN_POINT('',(32.263753586,-10.,-100.034559771));
#2340=VERTEX_POINT('',#2339);
#2341=CARTESIAN_POINT('',(32.263753586,-10.,-100.034559771));
#2342=DIRECTION('',(0.,1.,0.));
#2343=VECTOR('',#2342,5.);
#2344=LINE('',#2341,#2343);
#2345=EDGE_CURVE('',#2340,#2332,#2344,.T.);
#2346=ORIENTED_EDGE('',*,*,#2345,.F.);
#2347=CARTESIAN_POINT('',(32.263753586,-10.,-100.034559771));
#2348=CARTESIAN_POINT('',(32.130750723,-10.,-99.990225484));
#2349=CARTESIAN_POINT('',(31.665240701,-10.,-99.923724052));
#2350=B_SPLINE_CURVE_WITH_KNOTS('',2,(#2347,#2348,#2349),.UNSPECIFIED.,.F.,.F.,(3,3),(0.,1.),.UNSPECIFIED.);
#2351=EDGE_CURVE('',#2340,#2307,#2350,.T.);
#2352=ORIENTED_EDGE('',*,*,#2351,.T.);
#2353=ORIENTED_EDGE('',*,*,#2312,.T.);
#2354=EDGE_LOOP('',(#2338,#2346,#2352,#2353));
#2355=FACE_BOUND('',#2354,.T.);
#2356=ADVANCED_FACE('',(#2355),#2330,.T.);
#2357=CARTESIAN_POINT('',(32.263753586,-10.,-98.726698283));
#2358=DIRECTION('',(1.,0.,0.));
#2359=DIRECTION('',(0.,0.,-1.));
#2360=AXIS2_PLACEMENT_3D('',#2357,#2358,#2359);
#2361=PLANE('',#2360);
#2362=CARTESIAN_POINT('',(32.263753586,-5.,-97.418836794));
#2363=VERTEX_POINT('',#2362);
#2364=CARTESIAN_POINT('',(32.263753586,-5.,-97.418836794));
#2365=DIRECTION('',(0.,0.,-1.));
#2366=VECTOR('',#2365,2.615722978);
#2367=LINE('',#2364,#2366);
#2368=EDGE_CURVE('',#2363,#2332,#2367,.T.);
#2369=ORIENTED_EDGE('',*,*,#2368,.F.);
#2370=CARTESIAN_POINT('',(32.263753586,-10.,-97.418836794));
#2371=VERTEX_POINT('',#2370);
#2372=CARTESIAN_POINT('',(32.263753586,-10.,-97.418836794));
#2373=DIRECTION('',(0.,1.,0.));
#2374=VECTOR('',#2373,5.);
#2375=LINE('',#2372,#2374);
#2376=EDGE_CURVE('',#2371,#2363,#2375,.T.);
#2377=ORIENTED_EDGE('',*,*,#2376,.F.);
#2378=CARTESIAN_POINT('',(32.263753586,-10.,-97.418836794));
#2379=DIRECTION('',(0.,0.,-1.));
#2380=VECTOR('',#2379,2.615722978);
#2381=LINE('',#2378,#2380);
#2382=EDGE_CURVE('',#2371,#2340,#2381,.T.);
#2383=ORIENTED_EDGE('',*,*,#2382,.T.);
#2384=ORIENTED_EDGE('',*,*,#2345,.T.);
#2385=EDGE_LOOP('',(#2369,#2377,#2383,#2384));
#2386=FACE_BOUND('',#2385,.T.);
#2387=ADVANCED_FACE('',(#2386),#2361,.T.);
#2388=CARTESIAN_POINT('',(31.620906414,-10.,-97.374502506));
#2389=CARTESIAN_POINT('',(31.620906414,-5.,-97.374502506));
#2390=CARTESIAN_POINT('',(32.042082146,-10.,-97.39666965));
#2391=CARTESIAN_POINT('',(32.042082146,-5.,-97.39666965));
#2392=CARTESIAN_POINT('',(32.263753585,-10.,-97.418836794));
#2393=CARTESIAN_POINT('',(32.263753585,-5.,-97.418836794));
#2394=B_SPLINE_SURFACE_WITH_KNOTS('',2,1,((#2388,#2389),(#2390,#2391),(#2392,#2393)),.UNSPECIFIED.,.F.,.F.,.U.,(3,3),(2,2),(0.,0.999999997),(0.,1.),.UNSPECIFIED.);
#2395=CARTESIAN_POINT('',(31.620906414,-5.,-97.374502506));
#2396=VERTEX_POINT('',#2395);
#2397=CARTESIAN_POINT('',(31.620906414,-5.,-97.374502506));
#2398=CARTESIAN_POINT('',(32.042082147,-5.,-97.39666965));
#2399=CARTESIAN_POINT('',(32.263753586,-5.,-97.418836794));
#2400=B_SPLINE_CURVE_WITH_KNOTS('',2,(#2397,#2398,#2399),.UNSPECIFIED.,.F.,.F.,(3,3),(0.,1.),.UNSPECIFIED.);
#2401=EDGE_CURVE('',#2396,#2363,#2400,.T.);
#2402=ORIENTED_EDGE('',*,*,#2401,.F.);
#2403=CARTESIAN_POINT('',(31.620906414,-10.,-97.374502506));
#2404=VERTEX_POINT('',#2403);
#2405=CARTESIAN_POINT('',(31.620906414,-10.,-97.374502506));
#2406=DIRECTION('',(0.,1.,0.));
#2407=VECTOR('',#2406,5.);
#2408=LINE('',#2405,#2407);
#2409=EDGE_CURVE('',#2404,#2396,#2408,.T.);
#2410=ORIENTED_EDGE('',*,*,#2409,.F.);
#2411=CARTESIAN_POINT('',(31.620906414,-10.,-97.374502506));
#2412=CARTESIAN_POINT('',(32.042082147,-10.,-97.39666965));
#2413=CARTESIAN_POINT('',(32.263753586,-10.,-97.418836794));
#2414=B_SPLINE_CURVE_WITH_KNOTS('',2,(#2411,#2412,#2413),.UNSPECIFIED.,.F.,.F.,(3,3),(0.,1.),.UNSPECIFIED.);
#2415=EDGE_CURVE('',#2404,#2371,#2414,.T.);
#2416=ORIENTED_EDGE('',*,*,#2415,.T.);
#2417=ORIENTED_EDGE('',*,*,#2376,.T.);
#2418=EDGE_LOOP('',(#2402,#2410,#2416,#2417));
#2419=FACE_BOUND('',#2418,.T.);
#2420=ADVANCED_FACE('',(#2419),#2394,.T.);
#2421=CARTESIAN_POINT('',(31.266232112,-10.,-97.374502506));
#2422=DIRECTION('',(0.,0.,1.));
#2423=DIRECTION('',(1.,0.,0.));
#2424=AXIS2_PLACEMENT_3D('',#2421,#2422,#2423);
#2425=PLANE('',#2424);
#2426=CARTESIAN_POINT('',(30.911557809,-5.,-97.374502506));
#2427=VERTEX_POINT('',#2426);
#2428=CARTESIAN_POINT('',(30.911557809,-5.,-97.374502506));
#2429=DIRECTION('',(1.,0.,-0.));
#2430=VECTOR('',#2429,0.709348604);
#2431=LINE('',#2428,#2430);
#2432=EDGE_CURVE('',#2427,#2396,#2431,.T.);
#2433=ORIENTED_EDGE('',*,*,#2432,.F.);
#2434=CARTESIAN_POINT('',(30.911557809,-10.,-97.374502506));
#2435=VERTEX_POINT('',#2434);
#2436=CARTESIAN_POINT('',(30.911557809,-10.,-97.374502506));
#2437=DIRECTION('',(0.,1.,0.));
#2438=VECTOR('',#2437,5.);
#2439=LINE('',#2436,#2438);
#2440=EDGE_CURVE('',#2435,#2427,#2439,.T.);
#2441=ORIENTED_EDGE('',*,*,#2440,.F.);
#2442=CARTESIAN_POINT('',(30.911557809,-10.,-97.374502506));
#2443=DIRECTION('',(1.,0.,-0.));
#2444=VECTOR('',#2443,0.709348604);
#2445=LINE('',#2442,#2444);
#2446=EDGE_CURVE('',#2435,#2404,#2445,.T.);
#2447=ORIENTED_EDGE('',*,*,#2446,.T.);
#2448=ORIENTED_EDGE('',*,*,#2409,.T.);
#2449=EDGE_LOOP('',(#2433,#2441,#2447,#2448));
#2450=FACE_BOUND('',#2449,.T.);
#2451=ADVANCED_FACE('',(#2450),#2425,.T.);
#2452=CARTESIAN_POINT('',(28.207166256,-10.,-98.150352542));
#2453=CARTESIAN_POINT('',(28.207166256,-5.,-98.150352542));
#2454=CARTESIAN_POINT('',(29.404192026,-10.,-97.374502506));
#2455=CARTESIAN_POINT('',(29.404192026,-5.,-97.374502506));
#2456=CARTESIAN_POINT('',(30.911557809,-10.,-97.374502506));
#2457=CARTESIAN_POINT('',(30.911557809,-5.,-97.374502506));
#2458=B_SPLINE_SURFACE_WITH_KNOTS('',2,1,((#2452,#2453),(#2454,#2455),(#2456,#2457)),.UNSPECIFIED.,.F.,.F.,.U.,(3,3),(2,2),(0.,1.),(0.,1.),.UNSPECIFIED.);
#2459=CARTESIAN_POINT('',(28.207166256,-5.,-98.150352542));
#2460=VERTEX_POINT('',#2459);
#2461=CARTESIAN_POINT('',(28.207166256,-5.,-98.150352542));
#2462=CARTESIAN_POINT('',(29.404192026,-5.,-97.374502506));
#2463=CARTESIAN_POINT('',(30.911557809,-5.,-97.374502506));
#2464=B_SPLINE_CURVE_WITH_KNOTS('',2,(#2461,#2462,#2463),.UNSPECIFIED.,.F.,.F.,(3,3),(0.,1.),.UNSPECIFIED.);
#2465=EDGE_CURVE('',#2460,#2427,#2464,.T.);
#2466=ORIENTED_EDGE('',*,*,#2465,.F.);
#2467=CARTESIAN_POINT('',(28.207166256,-10.,-98.150352542));
#2468=VERTEX_POINT('',#2467);
#2469=CARTESIAN_POINT('',(28.207166256,-10.,-98.150352542));
#2470=DIRECTION('',(0.,1.,0.));
#2471=VECTOR('',#2470,5.);
#2472=LINE('',#2469,#2471);
#2473=EDGE_CURVE('',#2468,#2460,#2472,.T.);
#2474=ORIENTED_EDGE('',*,*,#2473,.F.);
#2475=CARTESIAN_POINT('',(28.207166256,-10.,-98.150352542));
#2476=CARTESIAN_POINT('',(29.404192026,-10.,-97.374502506));
#2477=CARTESIAN_POINT('',(30.911557809,-10.,-97.374502506));
#2478=B_SPLINE_CURVE_WITH_KNOTS('',2,(#2475,#2476,#2477),.UNSPECIFIED.,.F.,.F.,(3,3),(0.,1.),.UNSPECIFIED.);
#2479=EDGE_CURVE('',#2468,#2435,#2478,.T.);
#2480=ORIENTED_EDGE('',*,*,#2479,.T.);
#2481=ORIENTED_EDGE('',*,*,#2440,.T.);
#2482=EDGE_LOOP('',(#2466,#2474,#2480,#2481));
#2483=FACE_BOUND('',#2482,.T.);
#2484=ADVANCED_FACE('',(#2483),#2458,.T.);
#2485=CARTESIAN_POINT('',(26.544630466,-10.,-100.167562635));
#2486=CARTESIAN_POINT('',(26.544630466,-5.,-100.167562635));
#2487=CARTESIAN_POINT('',(27.010140487,-10.,-98.926202577));
#2488=CARTESIAN_POINT('',(27.010140487,-5.,-98.926202577));
#2489=CARTESIAN_POINT('',(28.207166256,-10.,-98.150352542));
#2490=CARTESIAN_POINT('',(28.207166256,-5.,-98.150352542));
#2491=B_SPLINE_SURFACE_WITH_KNOTS('',2,1,((#2485,#2486),(#2487,#2488),(#2489,#2490)),.UNSPECIFIED.,.F.,.F.,.U.,(3,3),(2,2),(0.,1.),(0.,1.),.UNSPECIFIED.);
#2492=CARTESIAN_POINT('',(26.544630466,-5.,-100.167562635));
#2493=VERTEX_POINT('',#2492);
#2494=CARTESIAN_POINT('',(26.544630466,-5.,-100.167562635));
#2495=CARTESIAN_POINT('',(27.010140487,-5.,-98.926202577));
#2496=CARTESIAN_POINT('',(28.207166256,-5.,-98.150352542));
#2497=B_SPLINE_CURVE_WITH_KNOTS('',2,(#2494,#2495,#2496),.UNSPECIFIED.,.F.,.F.,(3,3),(0.,1.),.UNSPECIFIED.);
#2498=EDGE_CURVE('',#2493,#2460,#2497,.T.);
#2499=ORIENTED_EDGE('',*,*,#2498,.F.);
#2500=CARTESIAN_POINT('',(26.544630466,-10.,-100.167562635));
#2501=VERTEX_POINT('',#2500);
#2502=CARTESIAN_POINT('',(26.544630466,-10.,-100.167562635));
#2503=DIRECTION('',(0.,1.,0.));
#2504=VECTOR('',#2503,5.);
#2505=LINE('',#2502,#2504);
#2506=EDGE_CURVE('',#2501,#2493,#2505,.T.);
#2507=ORIENTED_EDGE('',*,*,#2506,.F.);
#2508=CARTESIAN_POINT('',(26.544630466,-10.,-100.167562635));
#2509=CARTESIAN_POINT('',(27.010140487,-10.,-98.926202577));
#2510=CARTESIAN_POINT('',(28.207166256,-10.,-98.150352542));
#2511=B_SPLINE_CURVE_WITH_KNOTS('',2,(#2508,#2509,#2510),.UNSPECIFIED.,.F.,.F.,(3,3),(0.,1.),.UNSPECIFIED.);
#2512=EDGE_CURVE('',#2501,#2468,#2511,.T.);
#2513=ORIENTED_EDGE('',*,*,#2512,.T.);
#2514=ORIENTED_EDGE('',*,*,#2473,.T.);
#2515=EDGE_LOOP('',(#2499,#2507,#2513,#2514));
#2516=FACE_BOUND('',#2515,.T.);
#2517=ADVANCED_FACE('',(#2516),#2491,.T.);
#2518=CARTESIAN_POINT('',(26.45596189,-10.,-100.167562635));
#2519=DIRECTION('',(0.,0.,1.));
#2520=DIRECTION('',(1.,0.,0.));
#2521=AXIS2_PLACEMENT_3D('',#2518,#2519,#2520);
#2522=PLANE('',#2521);
#2523=CARTESIAN_POINT('',(26.367293314,-5.,-100.167562635));
#2524=VERTEX_POINT('',#2523);
#2525=CARTESIAN_POINT('',(26.367293314,-5.,-100.167562635));
#2526=DIRECTION('',(1.,0.,-0.));
#2527=VECTOR('',#2526,0.177337151);
#2528=LINE('',#2525,#2527);
#2529=EDGE_CURVE('',#2524,#2493,#2528,.T.);
#2530=ORIENTED_EDGE('',*,*,#2529,.F.);
#2531=CARTESIAN_POINT('',(26.367293314,-10.,-100.167562635));
#2532=VERTEX_POINT('',#2531);
#2533=CARTESIAN_POINT('',(26.367293314,-10.,-100.167562635));
#2534=DIRECTION('',(0.,1.,0.));
#2535=VECTOR('',#2534,5.);
#2536=LINE('',#2533,#2535);
#2537=EDGE_CURVE('',#2532,#2524,#2536,.T.);
#2538=ORIENTED_EDGE('',*,*,#2537,.F.);
#2539=CARTESIAN_POINT('',(26.367293314,-10.,-100.167562635));
#2540=DIRECTION('',(1.,0.,-0.));
#2541=VECTOR('',#2540,0.177337151);
#2542=LINE('',#2539,#2541);
#2543=EDGE_CURVE('',#2532,#2501,#2542,.T.);
#2544=ORIENTED_EDGE('',*,*,#2543,.T.);
#2545=ORIENTED_EDGE('',*,*,#2506,.T.);
#2546=EDGE_LOOP('',(#2530,#2538,#2544,#2545));
#2547=FACE_BOUND('',#2546,.T.);
#2548=ADVANCED_FACE('',(#2547),#2522,.T.);
#2549=CARTESIAN_POINT('',(26.367293314,-10.,-98.892951862));
#2550=DIRECTION('',(1.,0.,0.));
#2551=DIRECTION('',(0.,0.,-1.));
#2552=AXIS2_PLACEMENT_3D('',#2549,#2550,#2551);
#2553=PLANE('',#2552);
#2554=CARTESIAN_POINT('',(26.367293314,-5.,-97.618341089));
#2555=VERTEX_POINT('',#2554);
#2556=CARTESIAN_POINT('',(26.367293314,-5.,-97.618341089));
#2557=DIRECTION('',(0.,0.,-1.));
#2558=VECTOR('',#2557,2.549221546);
#2559=LINE('',#2556,#2558);
#2560=EDGE_CURVE('',#2555,#2524,#2559,.T.);
#2561=ORIENTED_EDGE('',*,*,#2560,.F.);
#2562=CARTESIAN_POINT('',(26.367293314,-10.,-97.618341089));
#2563=VERTEX_POINT('',#2562);
#2564=CARTESIAN_POINT('',(26.367293314,-10.,-97.618341089));
#2565=DIRECTION('',(0.,1.,0.));
#2566=VECTOR('',#2565,5.);
#2567=LINE('',#2564,#2566);
#2568=EDGE_CURVE('',#2563,#2555,#2567,.T.);
#2569=ORIENTED_EDGE('',*,*,#2568,.F.);
#2570=CARTESIAN_POINT('',(26.367293314,-10.,-97.618341089));
#2571=DIRECTION('',(0.,0.,-1.));
#2572=VECTOR('',#2571,2.549221546);
#2573=LINE('',#2570,#2572);
#2574=EDGE_CURVE('',#2563,#2532,#2573,.T.);
#2575=ORIENTED_EDGE('',*,*,#2574,.T.);
#2576=ORIENTED_EDGE('',*,*,#2537,.T.);
#2577=EDGE_LOOP('',(#2561,#2569,#2575,#2576));
#2578=FACE_BOUND('',#2577,.T.);
#2579=ADVANCED_FACE('',(#2578),#2553,.T.);
#2580=CARTESIAN_POINT('',(25.125933257,-10.,-97.618341089));
#2581=DIRECTION('',(0.,0.,1.));
#2582=DIRECTION('',(1.,0.,0.));
#2583=AXIS2_PLACEMENT_3D('',#2580,#2581,#2582);
#2584=PLANE('',#2583);
#2585=CARTESIAN_POINT('',(23.8845732,-5.,-97.618341089));
#2586=VERTEX_POINT('',#2585);
#2587=CARTESIAN_POINT('',(23.8845732,-5.,-97.618341089));
#2588=DIRECTION('',(1.,0.,-0.));
#2589=VECTOR('',#2588,2.482720114);
#2590=LINE('',#2587,#2589);
#2591=EDGE_CURVE('',#2586,#2555,#2590,.T.);
#2592=ORIENTED_EDGE('',*,*,#2591,.F.);
#2593=CARTESIAN_POINT('',(23.8845732,-10.,-97.618341089));
#2594=VERTEX_POINT('',#2593);
#2595=CARTESIAN_POINT('',(23.8845732,-10.,-97.618341089));
#2596=DIRECTION('',(0.,1.,0.));
#2597=VECTOR('',#2596,5.);
#2598=LINE('',#2595,#2597);
#2599=EDGE_CURVE('',#2594,#2586,#2598,.T.);
#2600=ORIENTED_EDGE('',*,*,#2599,.F.);
#2601=CARTESIAN_POINT('',(23.8845732,-10.,-97.618341089));
#2602=DIRECTION('',(1.,0.,-0.));
#2603=VECTOR('',#2602,2.482720114);
#2604=LINE('',#2601,#2603);
#2605=EDGE_CURVE('',#2594,#2563,#2604,.T.);
#2606=ORIENTED_EDGE('',*,*,#2605,.T.);
#2607=ORIENTED_EDGE('',*,*,#2568,.T.);
#2608=EDGE_LOOP('',(#2592,#2600,#2606,#2607));
#2609=FACE_BOUND('',#2608,.T.);
#2610=ADVANCED_FACE('',(#2609),#2584,.T.);
#2611=CARTESIAN_POINT('',(23.8845732,-10.,-106.019688618));
#2612=DIRECTION('',(-1.,0.,0.));
#2613=DIRECTION('',(0.,0.,1.));
#2614=AXIS2_PLACEMENT_3D('',#2611,#2612,#2613);
#2615=PLANE('',#2614);
#2616=CARTESIAN_POINT('',(23.8845732,-5.,-114.421036148));
#2617=DIRECTION('',(0.,0.,1.));
#2618=VECTOR('',#2617,16.80269506);
#2619=LINE('',#2616,#2618);
#2620=EDGE_CURVE('',#2129,#2586,#2619,.T.);
#2621=ORIENTED_EDGE('',*,*,#2620,.F.);
#2622=ORIENTED_EDGE('',*,*,#2156,.F.);
#2623=CARTESIAN_POINT('',(23.8845732,-10.,-114.421036148));
#2624=DIRECTION('',(0.,0.,1.));
#2625=VECTOR('',#2624,16.80269506);
#2626=LINE('',#2623,#2625);
#2627=EDGE_CURVE('',#2145,#2594,#2626,.T.);
#2628=ORIENTED_EDGE('',*,*,#2627,.T.);
#2629=ORIENTED_EDGE('',*,*,#2599,.T.);
#2630=EDGE_LOOP('',(#2621,#2622,#2628,#2629));
#2631=FACE_BOUND('',#2630,.T.);
#2632=ADVANCED_FACE('',(#2631),#2615,.T.);
#2633=CARTESIAN_POINT('',(125.,-10.,-75.));
#2634=DIRECTION('',(0.,-1.,0.));
#2635=DIRECTION('',(0.,0.,-1.));
#2636=AXIS2_PLACEMENT_3D('',#2633,#2634,#2635);
#2637=PLANE('',#2636);
#2638=ORIENTED_EDGE('',*,*,#2150,.F.);
#2639=ORIENTED_EDGE('',*,*,#2186,.F.);
#2640=ORIENTED_EDGE('',*,*,#2219,.F.);
#2641=ORIENTED_EDGE('',*,*,#2252,.F.);
#2642=ORIENTED_EDGE('',*,*,#2285,.F.);
#2643=ORIENTED_EDGE('',*,*,#2318,.F.);
#2644=ORIENTED_EDGE('',*,*,#2351,.F.);
#2645=ORIENTED_EDGE('',*,*,#2382,.F.);
#2646=ORIENTED_EDGE('',*,*,#2415,.F.);
#2647=ORIENTED_EDGE('',*,*,#2446,.F.);
#2648=ORIENTED_EDGE('',*,*,#2479,.F.);
#2649=ORIENTED_EDGE('',*,*,#2512,.F.);
#2650=ORIENTED_EDGE('',*,*,#2543,.F.);
#2651=ORIENTED_EDGE('',*,*,#2574,.F.);
#2652=ORIENTED_EDGE('',*,*,#2605,.F.);
#2653=ORIENTED_EDGE('',*,*,#2627,.F.);
#2654=EDGE_LOOP('',(#2638,#2639,#2640,#2641,#2642,#2643,#2644,#2645,#2646,#2647,#2648,#2649,#2650,#2651,#2652,#2653));
#2655=FACE_BOUND('',#2654,.T.);
#2656=ADVANCED_FACE('',(#2655),#2637,.T.);
#2657=CARTESIAN_POINT('',(125.,-5.,-75.));
#2658=DIRECTION('',(0.,-1.,0.));
#2659=DIRECTION('',(0.,0.,-1.));
#2660=AXIS2_PLACEMENT_3D('',#2657,#2658,#2659);
#2661=PLANE('',#2660);
#2662=ORIENTED_EDGE('',*,*,#2134,.T.);
#2663=ORIENTED_EDGE('',*,*,#2620,.T.);
#2664=ORIENTED_EDGE('',*,*,#2591,.T.);
#2665=ORIENTED_EDGE('',*,*,#2560,.T.);
#2666=ORIENTED_EDGE('',*,*,#2529,.T.);
#2667=ORIENTED_EDGE('',*,*,#2498,.T.);
#2668=ORIENTED_EDGE('',*,*,#2465,.T.);
#2669=ORIENTED_EDGE('',*,*,#2432,.T.);
#2670=ORIENTED_EDGE('',*,*,#2401,.T.);
#2671=ORIENTED_EDGE('',*,*,#2368,.T.);
#2672=ORIENTED_EDGE('',*,*,#2337,.T.);
#2673=ORIENTED_EDGE('',*,*,#2304,.T.);
#2674=ORIENTED_EDGE('',*,*,#2271,.T.);
#2675=ORIENTED_EDGE('',*,*,#2238,.T.);
#2676=ORIENTED_EDGE('',*,*,#2205,.T.);
#2677=ORIENTED_EDGE('',*,*,#2172,.T.);
#2678=EDGE_LOOP('',(#2662,#2663,#2664,#2665,#2666,#2667,#2668,#2669,#2670,#2671,#2672,#2673,#2674,#2675,#2676,#2677));
#2679=FACE_BOUND('',#2678,.T.);
#2680=ADVANCED_FACE('',(#2679),#2661,.F.);
#2681=CLOSED_SHELL('',(#2160,#2191,#2224,#2257,#2290,#2323,#2356,#2387,#2420,#2451,#2484,#2517,#2548,#2579,#2610,#2632,#2656,#2680));
#2682=MANIFOLD_SOLID_BREP('Extruded.006',#2681);
#2120=STYLED_ITEM('',(),#2682);
#2684=CARTESIAN_POINT('',(42.74881264,-10.,-114.37670186));
#2685=CARTESIAN_POINT('',(42.74881264,-5.,-114.37670186));
#2686=CARTESIAN_POINT('',(41.751291166,-10.,-114.820044738));
#2687=CARTESIAN_POINT('',(41.751291166,-5.,-114.820044738));
#2688=CARTESIAN_POINT('',(40.266092526,-10.,-114.820044738));
#2689=CARTESIAN_POINT('',(40.266092526,-5.,-114.820044738));
#2690=B_SPLINE_SURFACE_WITH_KNOTS('',2,1,((#2684,#2685),(#2686,#2687),(#2688,#2689)),.UNSPECIFIED.,.F.,.F.,.U.,(3,3),(2,2),(0.,1.),(0.,1.),.UNSPECIFIED.);
#2691=CARTESIAN_POINT('',(42.74881264,-5.,-114.37670186));
#2692=VERTEX_POINT('',#2691);
#2693=CARTESIAN_POINT('',(40.266092526,-5.,-114.820044738));
#2694=VERTEX_POINT('',#2693);
#2695=CARTESIAN_POINT('',(42.74881264,-5.,-114.37670186));
#2696=CARTESIAN_POINT('',(41.751291166,-5.,-114.820044738));
#2697=CARTESIAN_POINT('',(40.266092526,-5.,-114.820044738));
#2698=B_SPLINE_CURVE_WITH_KNOTS('',2,(#2695,#2696,#2697),.UNSPECIFIED.,.F.,.F.,(3,3),(0.,1.),.UNSPECIFIED.);
#2699=EDGE_CURVE('',#2692,#2694,#2698,.T.);
#2700=ORIENTED_EDGE('',*,*,#2699,.F.);
#2701=CARTESIAN_POINT('',(42.74881264,-10.,-114.37670186));
#2702=VERTEX_POINT('',#2701);
#2703=CARTESIAN_POINT('',(42.74881264,-10.,-114.37670186));
#2704=DIRECTION('',(0.,1.,0.));
#2705=VECTOR('',#2704,5.);
#2706=LINE('',#2703,#2705);
#2707=EDGE_CURVE('',#2702,#2692,#2706,.T.);
#2708=ORIENTED_EDGE('',*,*,#2707,.F.);
#2709=CARTESIAN_POINT('',(40.266092526,-10.,-114.820044738));
#2710=VERTEX_POINT('',#2709);
#2711=CARTESIAN_POINT('',(42.74881264,-10.,-114.37670186));
#2712=CARTESIAN_POINT('',(41.751291166,-10.,-114.820044738));
#2713=CARTESIAN_POINT('',(40.266092526,-10.,-114.820044738));
#2714=B_SPLINE_CURVE_WITH_KNOTS('',2,(#2711,#2712,#2713),.UNSPECIFIED.,.F.,.F.,(3,3),(0.,1.),.UNSPECIFIED.);
#2715=EDGE_CURVE('',#2702,#2710,#2714,.T.);
#2716=ORIENTED_EDGE('',*,*,#2715,.T.);
#2717=CARTESIAN_POINT('',(40.266092526,-10.,-114.820044738));
#2718=DIRECTION('',(0.,1.,0.));
#2719=VECTOR('',#2718,5.);
#2720=LINE('',#2717,#2719);
#2721=EDGE_CURVE('',#2710,#2694,#2720,.T.);
#2722=ORIENTED_EDGE('',*,*,#2721,.T.);
#2723=EDGE_LOOP('',(#2700,#2708,#2716,#2722));
#2724=FACE_BOUND('',#2723,.T.);
#2725=ADVANCED_FACE('',(#2724),#2690,.T.);
#2726=CARTESIAN_POINT('',(44.389181287,-10.,-113.312678954));
#2727=CARTESIAN_POINT('',(44.389181287,-5.,-113.312678954));
#2728=CARTESIAN_POINT('',(43.768501259,-10.,-113.933358983));
#2729=CARTESIAN_POINT('',(43.768501259,-5.,-113.933358983));
#2730=CARTESIAN_POINT('',(42.74881264,-10.,-114.37670186));
#2731=CARTESIAN_POINT('',(42.74881264,-5.,-114.37670186));
#2732=B_SPLINE_SURFACE_WITH_KNOTS('',2,1,((#2726,#2727),(#2728,#2729),(#2730,#2731)),.UNSPECIFIED.,.F.,.F.,.U.,(3,3),(2,2),(0.,1.),(0.,1.),.UNSPECIFIED.);
#2733=CARTESIAN_POINT('',(44.389181287,-5.,-113.312678954));
#2734=VERTEX_POINT('',#2733);
#2735=CARTESIAN_POINT('',(44.389181287,-5.,-113.312678954));
#2736=CARTESIAN_POINT('',(43.768501259,-5.,-113.933358983));
#2737=CARTESIAN_POINT('',(42.74881264,-5.,-114.37670186));
#2738=B_SPLINE_CURVE_WITH_KNOTS('',2,(#2735,#2736,#2737),.UNSPECIFIED.,.F.,.F.,(3,3),(0.,1.),.UNSPECIFIED.);
#2739=EDGE_CURVE('',#2734,#2692,#2738,.T.);
#2740=ORIENTED_EDGE('',*,*,#2739,.F.);
#2741=CARTESIAN_POINT('',(44.389181287,-10.,-113.312678954));
#2742=VERTEX_POINT('',#2741);
#2743=CARTESIAN_POINT('',(44.389181287,-10.,-113.312678954));
#2744=DIRECTION('',(0.,1.,0.));
#2745=VECTOR('',#2744,5.);
#2746=LINE('',#2743,#2745);
#2747=EDGE_CURVE('',#2742,#2734,#2746,.T.);
#2748=ORIENTED_EDGE('',*,*,#2747,.F.);
#2749=CARTESIAN_POINT('',(44.389181287,-10.,-113.312678954));
#2750=CARTESIAN_POINT('',(43.768501259,-10.,-113.933358983));
#2751=CARTESIAN_POINT('',(42.74881264,-10.,-114.37670186));
#2752=B_SPLINE_CURVE_WITH_KNOTS('',2,(#2749,#2750,#2751),.UNSPECIFIED.,.F.,.F.,(3,3),(0.,1.),.UNSPECIFIED.);
#2753=EDGE_CURVE('',#2742,#2702,#2752,.T.);
#2754=ORIENTED_EDGE('',*,*,#2753,.T.);
#2755=ORIENTED_EDGE('',*,*,#2707,.T.);
#2756=EDGE_LOOP('',(#2740,#2748,#2754,#2755));
#2757=FACE_BOUND('',#2756,.T.);
#2758=ADVANCED_FACE('',(#2757),#2732,.T.);
#2759=CARTESIAN_POINT('',(45.253699899,-10.,-112.137820329));
#2760=CARTESIAN_POINT('',(45.253699899,-5.,-112.137820329));
#2761=CARTESIAN_POINT('',(45.009861316,-10.,-112.691998926));
#2762=CARTESIAN_POINT('',(45.009861316,-5.,-112.691998926));
#2763=CARTESIAN_POINT('',(44.389181287,-10.,-113.312678954));
#2764=CARTESIAN_POINT('',(44.389181287,-5.,-113.312678954));
#2765=B_SPLINE_SURFACE_WITH_KNOTS('',2,1,((#2759,#2760),(#2761,#2762),(#2763,#2764)),.UNSPECIFIED.,.F.,.F.,.U.,(3,3),(2,2),(0.,1.),(0.,1.),.UNSPECIFIED.);
#2766=CARTESIAN_POINT('',(45.253699899,-5.,-112.137820329));
#2767=VERTEX_POINT('',#2766);
#2768=CARTESIAN_POINT('',(45.253699899,-5.,-112.137820329));
#2769=CARTESIAN_POINT('',(45.009861316,-5.,-112.691998926));
#2770=CARTESIAN_POINT('',(44.389181287,-5.,-113.312678954));
#2771=B_SPLINE_CURVE_WITH_KNOTS('',2,(#2768,#2769,#2770),.UNSPECIFIED.,.F.,.F.,(3,3),(0.,1.),.UNSPECIFIED.);
#2772=EDGE_CURVE('',#2767,#2734,#2771,.T.);
#2773=ORIENTED_EDGE('',*,*,#2772,.F.);
#2774=CARTESIAN_POINT('',(45.253699899,-10.,-112.137820329));
#2775=VERTEX_POINT('',#2774);
#2776=CARTESIAN_POINT('',(45.253699899,-10.,-112.137820329));
#2777=DIRECTION('',(0.,1.,0.));
#2778=VECTOR('',#2777,5.);
#2779=LINE('',#2776,#2778);
#2780=EDGE_CURVE('',#2775,#2767,#2779,.T.);
#2781=ORIENTED_EDGE('',*,*,#2780,.F.);
#2782=CARTESIAN_POINT('',(45.253699899,-10.,-112.137820329));
#2783=CARTESIAN_POINT('',(45.009861316,-10.,-112.691998926));
#2784=CARTESIAN_POINT('',(44.389181287,-10.,-113.312678954));
#2785=B_SPLINE_CURVE_WITH_KNOTS('',2,(#2782,#2783,#2784),.UNSPECIFIED.,.F.,.F.,(3,3),(0.,1.),.UNSPECIFIED.);
#2786=EDGE_CURVE('',#2775,#2742,#2785,.T.);
#2787=ORIENTED_EDGE('',*,*,#2786,.T.);
#2788=ORIENTED_EDGE('',*,*,#2747,.T.);
#2789=EDGE_LOOP('',(#2773,#2781,#2787,#2788));
#2790=FACE_BOUND('',#2789,.T.);
#2791=ADVANCED_FACE('',(#2790),#2765,.T.);
#2792=CARTESIAN_POINT('',(45.32020133,-10.,-112.137820329));
#2793=DIRECTION('',(0.,0.,-1.));
#2794=DIRECTION('',(-1.,0.,0.));
#2795=AXIS2_PLACEMENT_3D('',#2792,#2793,#2794);
#2796=PLANE('',#2795);
#2797=CARTESIAN_POINT('',(45.386702762,-5.,-112.137820329));
#2798=VERTEX_POINT('',#2797);
#2799=CARTESIAN_POINT('',(45.386702762,-5.,-112.137820329));
#2800=DIRECTION('',(-1.,0.,0.));
#2801=VECTOR('',#2800,0.133002863);
#2802=LINE('',#2799,#2801);
#2803=EDGE_CURVE('',#2798,#2767,#2802,.T.);
#2804=ORIENTED_EDGE('',*,*,#2803,.F.);
#2805=CARTESIAN_POINT('',(45.386702762,-10.,-112.137820329));
#2806=VERTEX_POINT('',#2805);
#2807=CARTESIAN_POINT('',(45.386702762,-10.,-112.137820329));
#2808=DIRECTION('',(0.,1.,0.));
#2809=VECTOR('',#2808,5.);
#2810=LINE('',#2807,#2809);
#2811=EDGE_CURVE('',#2806,#2798,#2810,.T.);
#2812=ORIENTED_EDGE('',*,*,#2811,.F.);
#2813=CARTESIAN_POINT('',(45.386702762,-10.,-112.137820329));
#2814=DIRECTION('',(-1.,0.,0.));
#2815=VECTOR('',#2814,0.133002863);
#2816=LINE('',#2813,#2815);
#2817=EDGE_CURVE('',#2806,#2775,#2816,.T.);
#2818=ORIENTED_EDGE('',*,*,#2817,.T.);
#2819=ORIENTED_EDGE('',*,*,#2780,.T.);
#2820=EDGE_LOOP('',(#2804,#2812,#2818,#2819));
#2821=FACE_BOUND('',#2820,.T.);
#2822=ADVANCED_FACE('',(#2821),#2796,.T.);
#2823=CARTESIAN_POINT('',(45.386702762,-10.,-113.279428238));
#2824=DIRECTION('',(-1.,0.,0.));
#2825=DIRECTION('',(0.,0.,1.));
#2826=AXIS2_PLACEMENT_3D('',#2823,#2824,#2825);
#2827=PLANE('',#2826);
#2828=CARTESIAN_POINT('',(45.386702762,-5.,-114.421036148));
#2829=VERTEX_POINT('',#2828);
#2830=CARTESIAN_POINT('',(45.386702762,-5.,-114.421036148));
#2831=DIRECTION('',(0.,0.,1.));
#2832=VECTOR('',#2831,2.283215819);
#2833=LINE('',#2830,#2832);
#2834=EDGE_CURVE('',#2829,#2798,#2833,.T.);
#2835=ORIENTED_EDGE('',*,*,#2834,.F.);
#2836=CARTESIAN_POINT('',(45.386702762,-10.,-114.421036148));
#2837=VERTEX_POINT('',#2836);
#2838=CARTESIAN_POINT('',(45.386702762,-10.,-114.421036148));
#2839=DIRECTION('',(0.,1.,0.));
#2840=VECTOR('',#2839,5.);
#2841=LINE('',#2838,#2840);
#2842=EDGE_CURVE('',#2837,#2829,#2841,.T.);
#2843=ORIENTED_EDGE('',*,*,#2842,.F.);
#2844=CARTESIAN_POINT('',(45.386702762,-10.,-114.421036148));
#2845=DIRECTION('',(0.,0.,1.));
#2846=VECTOR('',#2845,2.283215819);
#2847=LINE('',#2844,#2846);
#2848=EDGE_CURVE('',#2837,#2806,#2847,.T.);
#2849=ORIENTED_EDGE('',*,*,#2848,.T.);
#2850=ORIENTED_EDGE('',*,*,#2811,.T.);
#2851=EDGE_LOOP('',(#2835,#2843,#2849,#2850));
#2852=FACE_BOUND('',#2851,.T.);
#2853=ADVANCED_FACE('',(#2852),#2827,.T.);
#2854=CARTESIAN_POINT('',(46.683480679,-10.,-114.421036148));
#2855=DIRECTION('',(0.,0.,-1.));
#2856=DIRECTION('',(-1.,0.,0.));
#2857=AXIS2_PLACEMENT_3D('',#2854,#2855,#2856);
#2858=PLANE('',#2857);
#2859=CARTESIAN_POINT('',(47.980258596,-5.,-114.421036148));
#2860=VERTEX_POINT('',#2859);
#2861=CARTESIAN_POINT('',(47.980258596,-5.,-114.421036148));
#2862=DIRECTION('',(-1.,0.,0.));
#2863=VECTOR('',#2862,2.593555834);
#2864=LINE('',#2861,#2863);
#2865=EDGE_CURVE('',#2860,#2829,#2864,.T.);
#2866=ORIENTED_EDGE('',*,*,#2865,.F.);
#2867=CARTESIAN_POINT('',(47.980258596,-10.,-114.421036148));
#2868=VERTEX_POINT('',#2867);
#2869=CARTESIAN_POINT('',(47.980258596,-10.,-114.421036148));
#2870=DIRECTION('',(0.,1.,0.));
#2871=VECTOR('',#2870,5.);
#2872=LINE('',#2869,#2871);
#2873=EDGE_CURVE('',#2868,#2860,#2872,.T.);
#2874=ORIENTED_EDGE('',*,*,#2873,.F.);
#2875=CARTESIAN_POINT('',(47.980258596,-10.,-114.421036148));
#2876=DIRECTION('',(-1.,0.,0.));
#2877=VECTOR('',#2876,2.593555834);
#2878=LINE('',#2875,#2877);
#2879=EDGE_CURVE('',#2868,#2837,#2878,.T.);
#2880=ORIENTED_EDGE('',*,*,#2879,.T.);
#2881=ORIENTED_EDGE('',*,*,#2842,.T.);
#2882=EDGE_LOOP('',(#2866,#2874,#2880,#2881));
#2883=FACE_BOUND('',#2882,.T.);
#2884=ADVANCED_FACE('',(#2883),#2858,.T.);
#2885=CARTESIAN_POINT('',(47.980258596,-10.,-108.890333751));
#2886=DIRECTION('',(1.,0.,0.));
#2887=DIRECTION('',(0.,0.,-1.));
#2888=AXIS2_PLACEMENT_3D('',#2885,#2886,#2887);
#2889=PLANE('',#2888);
#2890=CARTESIAN_POINT('',(47.980258596,-5.,-103.359631353));
#2891=VERTEX_POINT('',#2890);
#2892=CARTESIAN_POINT('',(47.980258596,-5.,-103.359631353));
#2893=DIRECTION('',(0.,0.,-1.));
#2894=VECTOR('',#2893,11.061404795);
#2895=LINE('',#2892,#2894);
#2896=EDGE_CURVE('',#2891,#2860,#2895,.T.);
#2897=ORIENTED_EDGE('',*,*,#2896,.F.);
#2898=CARTESIAN_POINT('',(47.980258596,-10.,-103.359631353));
#2899=VERTEX_POINT('',#2898);
#2900=CARTESIAN_POINT('',(47.980258596,-10.,-103.359631353));
#2901=DIRECTION('',(0.,1.,0.));
#2902=VECTOR('',#2901,5.);
#2903=LINE('',#2900,#2902);
#2904=EDGE_CURVE('',#2899,#2891,#2903,.T.);
#2905=ORIENTED_EDGE('',*,*,#2904,.F.);
#2906=CARTESIAN_POINT('',(47.980258596,-10.,-103.359631353));
#2907=DIRECTION('',(0.,0.,-1.));
#2908=VECTOR('',#2907,11.061404795);
#2909=LINE('',#2906,#2908);
#2910=EDGE_CURVE('',#2899,#2868,#2909,.T.);
#2911=ORIENTED_EDGE('',*,*,#2910,.T.);
#2912=ORIENTED_EDGE('',*,*,#2873,.T.);
#2913=EDGE_LOOP('',(#2897,#2905,#2911,#2912));
#2914=FACE_BOUND('',#2913,.T.);
#2915=ADVANCED_FACE('',(#2914),#2889,.T.);
#2916=CARTESIAN_POINT('',(47.315244279,-10.,-100.167562635));
#2917=CARTESIAN_POINT('',(47.315244279,-5.,-100.167562635));
#2918=CARTESIAN_POINT('',(47.980258596,-10.,-101.364588404));
#2919=CARTESIAN_POINT('',(47.980258596,-5.,-101.364588404));
#2920=CARTESIAN_POINT('',(47.980258596,-10.,-103.359631353));
#2921=CARTESIAN_POINT('',(47.980258596,-5.,-103.359631353));
#2922=B_SPLINE_SURFACE_WITH_KNOTS('',2,1,((#2916,#2917),(#2918,#2919),(#2920,#2921)),.UNSPECIFIED.,.F.,.F.,.U.,(3,3),(2,2),(0.,1.),(0.,1.),.UNSPECIFIED.);
#2923=CARTESIAN_POINT('',(47.315244279,-5.,-100.167562635));
#2924=VERTEX_POINT('',#2923);
#2925=CARTESIAN_POINT('',(47.315244279,-5.,-100.167562635));
#2926=CARTESIAN_POINT('',(47.980258596,-5.,-101.364588404));
#2927=CARTESIAN_POINT('',(47.980258596,-5.,-103.359631353));
#2928=B_SPLINE_CURVE_WITH_KNOTS('',2,(#2925,#2926,#2927),.UNSPECIFIED.,.F.,.F.,(3,3),(0.,1.),.UNSPECIFIED.);
#2929=EDGE_CURVE('',#2924,#2891,#2928,.T.);
#2930=ORIENTED_EDGE('',*,*,#2929,.F.);
#2931=CARTESIAN_POINT('',(47.315244279,-10.,-100.167562635));
#2932=VERTEX_POINT('',#2931);
#2933=CARTESIAN_POINT('',(47.315244279,-10.,-100.167562635));
#2934=DIRECTION('',(0.,1.,0.));
#2935=VECTOR('',#2934,5.);
#2936=LINE('',#2933,#2935);
#2937=EDGE_CURVE('',#2932,#2924,#2936,.T.);
#2938=ORIENTED_EDGE('',*,*,#2937,.F.);
#2939=CARTESIAN_POINT('',(47.315244279,-10.,-100.167562635));
#2940=CARTESIAN_POINT('',(47.980258596,-10.,-101.364588404));
#2941=CARTESIAN_POINT('',(47.980258596,-10.,-103.359631353));
#2942=B_SPLINE_CURVE_WITH_KNOTS('',2,(#2939,#2940,#2941),.UNSPECIFIED.,.F.,.F.,(3,3),(0.,1.),.UNSPECIFIED.);
#2943=EDGE_CURVE('',#2932,#2899,#2942,.T.);
#2944=ORIENTED_EDGE('',*,*,#2943,.T.);
#2945=ORIENTED_EDGE('',*,*,#2904,.T.);
#2946=EDGE_LOOP('',(#2930,#2938,#2944,#2945));
#2947=FACE_BOUND('',#2946,.T.);
#2948=ADVANCED_FACE('',(#2947),#2922,.T.);
#2949=CARTESIAN_POINT('',(45.674875632,-10.,-98.37202398));
#2950=CARTESIAN_POINT('',(45.674875632,-5.,-98.37202398));
#2951=CARTESIAN_POINT('',(46.672397107,-10.,-98.970536865));
#2952=CARTESIAN_POINT('',(46.672397107,-5.,-98.970536865));
#2953=CARTESIAN_POINT('',(47.315244279,-10.,-100.167562635));
#2954=CARTESIAN_POINT('',(47.315244279,-5.,-100.167562635));
#2955=B_SPLINE_SURFACE_WITH_KNOTS('',2,1,((#2949,#2950),(#2951,#2952),(#2953,#2954)),.UNSPECIFIED.,.F.,.F.,.U.,(3,3),(2,2),(0.,1.),(0.,1.),.UNSPECIFIED.);
#2956=CARTESIAN_POINT('',(45.674875632,-5.,-98.37202398));
#2957=VERTEX_POINT('',#2956);
#2958=CARTESIAN_POINT('',(45.674875632,-5.,-98.37202398));
#2959=CARTESIAN_POINT('',(46.672397107,-5.,-98.970536865));
#2960=CARTESIAN_POINT('',(47.315244279,-5.,-100.167562635));
#2961=B_SPLINE_CURVE_WITH_KNOTS('',2,(#2958,#2959,#2960),.UNSPECIFIED.,.F.,.F.,(3,3),(0.,1.),.UNSPECIFIED.);
#2962=EDGE_CURVE('',#2957,#2924,#2961,.T.);
#2963=ORIENTED_EDGE('',*,*,#2962,.F.);
#2964=CARTESIAN_POINT('',(45.674875632,-10.,-98.37202398));
#2965=VERTEX_POINT('',#2964);
#2966=CARTESIAN_POINT('',(45.674875632,-10.,-98.37202398));
#2967=DIRECTION('',(0.,1.,0.));
#2968=VECTOR('',#2967,5.);
#2969=LINE('',#2966,#2968);
#2970=EDGE_CURVE('',#2965,#2957,#2969,.T.);
#2971=ORIENTED_EDGE('',*,*,#2970,.F.);
#2972=CARTESIAN_POINT('',(45.674875632,-10.,-98.37202398));
#2973=CARTESIAN_POINT('',(46.672397107,-10.,-98.970536865));
#2974=CARTESIAN_POINT('',(47.315244279,-10.,-100.167562635));
#2975=B_SPLINE_CURVE_WITH_KNOTS('',2,(#2972,#2973,#2974),.UNSPECIFIED.,.F.,.F.,(3,3),(0.,1.),.UNSPECIFIED.);
#2976=EDGE_CURVE('',#2965,#2932,#2975,.T.);
#2977=ORIENTED_EDGE('',*,*,#2976,.T.);
#2978=ORIENTED_EDGE('',*,*,#2937,.T.);
#2979=EDGE_LOOP('',(#2963,#2971,#2977,#2978));
#2980=FACE_BOUND('',#2979,.T.);
#2981=ADVANCED_FACE('',(#2980),#2955,.T.);
#2982=CARTESIAN_POINT('',(43.635498396,-10.,-97.596173945));
#2983=CARTESIAN_POINT('',(43.635498396,-5.,-97.596173945));
#2984=CARTESIAN_POINT('',(44.677354158,-10.,-97.79567824));
#2985=CARTESIAN_POINT('',(44.677354158,-5.,-97.79567824));
#2986=CARTESIAN_POINT('',(45.674875632,-10.,-98.37202398));
#2987=CARTESIAN_POINT('',(45.674875632,-5.,-98.37202398));
#2988=B_SPLINE_SURFACE_WITH_KNOTS('',2,1,((#2982,#2983),(#2984,#2985),(#2986,#2987)),.UNSPECIFIED.,.F.,.F.,.U.,(3,3),(2,2),(0.,1.),(0.,1.),.UNSPECIFIED.);
#2989=CARTESIAN_POINT('',(43.635498396,-5.,-97.596173945));
#2990=VERTEX_POINT('',#2989);
#2991=CARTESIAN_POINT('',(43.635498396,-5.,-97.596173945));
#2992=CARTESIAN_POINT('',(44.677354158,-5.,-97.79567824));
#2993=CARTESIAN_POINT('',(45.674875632,-5.,-98.37202398));
#2994=B_SPLINE_CURVE_WITH_KNOTS('',2,(#2991,#2992,#2993),.UNSPECIFIED.,.F.,.F.,(3,3),(0.,1.),.UNSPECIFIED.);
#2995=EDGE_CURVE('',#2990,#2957,#2994,.T.);
#2996=ORIENTED_EDGE('',*,*,#2995,.F.);
#2997=CARTESIAN_POINT('',(43.635498396,-10.,-97.596173945));
#2998=VERTEX_POINT('',#2997);
#2999=CARTESIAN_POINT('',(43.635498396,-10.,-97.596173945));
#3000=DIRECTION('',(0.,1.,0.));
#3001=VECTOR('',#3000,5.);
#3002=LINE('',#2999,#3001);
#3003=EDGE_CURVE('',#2998,#2990,#3002,.T.);
#3004=ORIENTED_EDGE('',*,*,#3003,.F.);
#3005=CARTESIAN_POINT('',(43.635498396,-10.,-97.596173945));
#3006=CARTESIAN_POINT('',(44.677354158,-10.,-97.79567824));
#3007=CARTESIAN_POINT('',(45.674875632,-10.,-98.37202398));
#3008=B_SPLINE_CURVE_WITH_KNOTS('',2,(#3005,#3006,#3007),.UNSPECIFIED.,.F.,.F.,(3,3),(0.,1.),.UNSPECIFIED.);
#3009=EDGE_CURVE('',#2998,#2965,#3008,.T.);
#3010=ORIENTED_EDGE('',*,*,#3009,.T.);
#3011=ORIENTED_EDGE('',*,*,#2970,.T.);
#3012=EDGE_LOOP('',(#2996,#3004,#3010,#3011));
#3013=FACE_BOUND('',#3012,.T.);
#3014=ADVANCED_FACE('',(#3013),#2988,.T.);
#3015=CARTESIAN_POINT('',(41.77345831,-10.,-97.418836794));
#3016=CARTESIAN_POINT('',(41.77345831,-5.,-97.418836794));
#3017=CARTESIAN_POINT('',(42.57147549,-10.,-97.418836794));
#3018=CARTESIAN_POINT('',(42.57147549,-5.,-97.418836794));
#3019=CARTESIAN_POINT('',(43.635498396,-10.,-97.596173945));
#3020=CARTESIAN_POINT('',(43.635498396,-5.,-97.596173945));
#3021=B_SPLINE_SURFACE_WITH_KNOTS('',2,1,((#3015,#3016),(#3017,#3018),(#3019,#3020)),.UNSPECIFIED.,.F.,.F.,.U.,(3,3),(2,2),(0.,1.),(0.,1.),.UNSPECIFIED.);
#3022=CARTESIAN_POINT('',(41.77345831,-5.,-97.418836794));
#3023=VERTEX_POINT('',#3022);
#3024=CARTESIAN_POINT('',(41.77345831,-5.,-97.418836794));
#3025=CARTESIAN_POINT('',(42.571475489,-5.,-97.418836794));
#3026=CARTESIAN_POINT('',(43.635498396,-5.,-97.596173945));
#3027=B_SPLINE_CURVE_WITH_KNOTS('',2,(#3024,#3025,#3026),.UNSPECIFIED.,.F.,.F.,(3,3),(0.,1.),.UNSPECIFIED.);
#3028=EDGE_CURVE('',#3023,#2990,#3027,.T.);
#3029=ORIENTED_EDGE('',*,*,#3028,.F.);
#3030=CARTESIAN_POINT('',(41.77345831,-10.,-97.418836794));
#3031=VERTEX_POINT('',#3030);
#3032=CARTESIAN_POINT('',(41.77345831,-10.,-97.418836794));
#3033=DIRECTION('',(0.,1.,0.));
#3034=VECTOR('',#3033,5.);
#3035=LINE('',#3032,#3034);
#3036=EDGE_CURVE('',#3031,#3023,#3035,.T.);
#3037=ORIENTED_EDGE('',*,*,#3036,.F.);
#3038=CARTESIAN_POINT('',(41.77345831,-10.,-97.418836794));
#3039=CARTESIAN_POINT('',(42.571475489,-10.,-97.418836794));
#3040=CARTESIAN_POINT('',(43.635498396,-10.,-97.596173945));
#3041=B_SPLINE_CURVE_WITH_KNOTS('',2,(#3038,#3039,#3040),.UNSPECIFIED.,.F.,.F.,(3,3),(0.,1.),.UNSPECIFIED.);
#3042=EDGE_CURVE('',#3031,#2998,#3041,.T.);
#3043=ORIENTED_EDGE('',*,*,#3042,.T.);
#3044=ORIENTED_EDGE('',*,*,#3003,.T.);
#3045=EDGE_LOOP('',(#3029,#3037,#3043,#3044));
#3046=FACE_BOUND('',#3045,.T.);
#3047=ADVANCED_FACE('',(#3046),#3021,.T.);
#3048=CARTESIAN_POINT('',(39.179902476,-10.,-97.751343952));
#3049=CARTESIAN_POINT('',(39.179902476,-5.,-97.751343952));
#3050=CARTESIAN_POINT('',(40.487763965,-10.,-97.418836794));
#3051=CARTESIAN_POINT('',(40.487763965,-5.,-97.418836794));
#3052=CARTESIAN_POINT('',(41.77345831,-10.,-97.418836794));
#3053=CARTESIAN_POINT('',(41.77345831,-5.,-97.418836794));
#3054=B_SPLINE_SURFACE_WITH_KNOTS('',2,1,((#3048,#3049),(#3050,#3051),(#3052,#3053)),.UNSPECIFIED.,.F.,.F.,.U.,(3,3),(2,2),(0.,1.),(0.,1.),.UNSPECIFIED.);
#3055=CARTESIAN_POINT('',(39.179902476,-5.,-97.751343952));
#3056=VERTEX_POINT('',#3055);
#3057=CARTESIAN_POINT('',(39.179902476,-5.,-97.751343952));
#3058=CARTESIAN_POINT('',(40.487763965,-5.,-97.418836794));
#3059=CARTESIAN_POINT('',(41.77345831,-5.,-97.418836794));
#3060=B_SPLINE_CURVE_WITH_KNOTS('',2,(#3057,#3058,#3059),.UNSPECIFIED.,.F.,.F.,(3,3),(0.,1.),.UNSPECIFIED.);
#3061=EDGE_CURVE('',#3056,#3023,#3060,.T.);
#3062=ORIENTED_EDGE('',*,*,#3061,.F.);
#3063=CARTESIAN_POINT('',(39.179902476,-10.,-97.751343952));
#3064=VERTEX_POINT('',#3063);
#3065=CARTESIAN_POINT('',(39.179902476,-10.,-97.751343952));
#3066=DIRECTION('',(0.,1.,0.));
#3067=VECTOR('',#3066,5.);
#3068=LINE('',#3065,#3067);
#3069=EDGE_CURVE('',#3064,#3056,#3068,.T.);
#3070=ORIENTED_EDGE('',*,*,#3069,.F.);
#3071=CARTESIAN_POINT('',(39.179902476,-10.,-97.751343952));
#3072=CARTESIAN_POINT('',(40.487763965,-10.,-97.418836794));
#3073=CARTESIAN_POINT('',(41.77345831,-10.,-97.418836794));
#3074=B_SPLINE_CURVE_WITH_KNOTS('',2,(#3071,#3072,#3073),.UNSPECIFIED.,.F.,.F.,(3,3),(0.,1.),.UNSPECIFIED.);
#3075=EDGE_CURVE('',#3064,#3031,#3074,.T.);
#3076=ORIENTED_EDGE('',*,*,#3075,.T.);
#3077=ORIENTED_EDGE('',*,*,#3036,.T.);
#3078=EDGE_LOOP('',(#3062,#3070,#3076,#3077));
#3079=FACE_BOUND('',#3078,.T.);
#3080=ADVANCED_FACE('',(#3079),#3054,.T.);
#3081=CARTESIAN_POINT('',(36.785850937,-10.,-98.948369721));
#3082=CARTESIAN_POINT('',(36.785850937,-5.,-98.948369721));
#3083=CARTESIAN_POINT('',(37.872040987,-10.,-98.106018254));
#3084=CARTESIAN_POINT('',(37.872040987,-5.,-98.106018254));
#3085=CARTESIAN_POINT('',(39.179902476,-10.,-97.751343952));
#3086=CARTESIAN_POINT('',(39.179902476,-5.,-97.751343952));
#3087=B_SPLINE_SURFACE_WITH_KNOTS('',2,1,((#3081,#3082),(#3083,#3084),(#3085,#3086)),.UNSPECIFIED.,.F.,.F.,.U.,(3,3),(2,2),(0.,1.),(0.,1.),.UNSPECIFIED.);
#3088=CARTESIAN_POINT('',(36.785850937,-5.,-98.948369721));
#3089=VERTEX_POINT('',#3088);
#3090=CARTESIAN_POINT('',(36.785850937,-5.,-98.948369721));
#3091=CARTESIAN_POINT('',(37.872040987,-5.,-98.106018254));
#3092=CARTESIAN_POINT('',(39.179902476,-5.,-97.751343952));
#3093=B_SPLINE_CURVE_WITH_KNOTS('',2,(#3090,#3091,#3092),.UNSPECIFIED.,.F.,.F.,(3,3),(0.,1.),.UNSPECIFIED.);
#3094=EDGE_CURVE('',#3089,#3056,#3093,.T.);
#3095=ORIENTED_EDGE('',*,*,#3094,.F.);
#3096=CARTESIAN_POINT('',(36.785850937,-10.,-98.948369721));
#3097=VERTEX_POINT('',#3096);
#3098=CARTESIAN_POINT('',(36.785850937,-10.,-98.948369721));
#3099=DIRECTION('',(0.,1.,0.));
#3100=VECTOR('',#3099,5.);
#3101=LINE('',#3098,#3100);
#3102=EDGE_CURVE('',#3097,#3089,#3101,.T.);
#3103=ORIENTED_EDGE('',*,*,#3102,.F.);
#3104=CARTESIAN_POINT('',(36.785850937,-10.,-98.948369721));
#3105=CARTESIAN_POINT('',(37.872040987,-10.,-98.106018254));
#3106=CARTESIAN_POINT('',(39.179902476,-10.,-97.751343952));
#3107=B_SPLINE_CURVE_WITH_KNOTS('',2,(#3104,#3105,#3106),.UNSPECIFIED.,.F.,.F.,(3,3),(0.,1.),.UNSPECIFIED.);
#3108=EDGE_CURVE('',#3097,#3064,#3107,.T.);
#3109=ORIENTED_EDGE('',*,*,#3108,.T.);
#3110=ORIENTED_EDGE('',*,*,#3069,.T.);
#3111=EDGE_LOOP('',(#3095,#3103,#3109,#3110));
#3112=FACE_BOUND('',#3111,.T.);
#3113=ADVANCED_FACE('',(#3112),#3087,.T.);
#3114=CARTESIAN_POINT('',(35.034646571,-10.,-101.34242126));
#3115=CARTESIAN_POINT('',(35.034646571,-5.,-101.34242126));
#3116=CARTESIAN_POINT('',(35.677493743,-10.,-99.812888333));
#3117=CARTESIAN_POINT('',(35.677493743,-5.,-99.812888333));
#3118=CARTESIAN_POINT('',(36.785850937,-10.,-98.948369721));
#3119=CARTESIAN_POINT('',(36.785850937,-5.,-98.948369721));
#3120=B_SPLINE_SURFACE_WITH_KNOTS('',2,1,((#3114,#3115),(#3116,#3117),(#3118,#3119)),.UNSPECIFIED.,.F.,.F.,.U.,(3,3),(2,2),(0.,1.),(0.,1.),.UNSPECIFIED.);
#3121=CARTESIAN_POINT('',(35.034646571,-5.,-101.34242126));
#3122=VERTEX_POINT('',#3121);
#3123=CARTESIAN_POINT('',(35.034646571,-5.,-101.34242126));
#3124=CARTESIAN_POINT('',(35.677493743,-5.,-99.812888333));
#3125=CARTESIAN_POINT('',(36.785850937,-5.,-98.948369721));
#3126=B_SPLINE_CURVE_WITH_KNOTS('',2,(#3123,#3124,#3125),.UNSPECIFIED.,.F.,.F.,(3,3),(0.,1.),.UNSPECIFIED.);
#3127=EDGE_CURVE('',#3122,#3089,#3126,.T.);
#3128=ORIENTED_EDGE('',*,*,#3127,.F.);
#3129=CARTESIAN_POINT('',(35.034646571,-10.,-101.34242126));
#3130=VERTEX_POINT('',#3129);
#3131=CARTESIAN_POINT('',(35.034646571,-10.,-101.34242126));
#3132=DIRECTION('',(0.,1.,0.));
#3133=VECTOR('',#3132,5.);
#3134=LINE('',#3131,#3133);
#3135=EDGE_CURVE('',#3130,#3122,#3134,.T.);
#3136=ORIENTED_EDGE('',*,*,#3135,.F.);
#3137=CARTESIAN_POINT('',(35.034646571,-10.,-101.34242126));
#3138=CARTESIAN_POINT('',(35.677493743,-10.,-99.812888333));
#3139=CARTESIAN_POINT('',(36.785850937,-10.,-98.948369721));
#3140=B_SPLINE_CURVE_WITH_KNOTS('',2,(#3137,#3138,#3139),.UNSPECIFIED.,.F.,.F.,(3,3),(0.,1.),.UNSPECIFIED.);
#3141=EDGE_CURVE('',#3130,#3097,#3140,.T.);
#3142=ORIENTED_EDGE('',*,*,#3141,.T.);
#3143=ORIENTED_EDGE('',*,*,#3102,.T.);
#3144=EDGE_LOOP('',(#3128,#3136,#3142,#3143));
#3145=FACE_BOUND('',#3144,.T.);
#3146=ADVANCED_FACE('',(#3145),#3120,.T.);
#3147=CARTESIAN_POINT('',(36.253839484,-10.,-101.785764138));
#3148=DIRECTION('',(-0.341743063,0.,-0.939793423));
#3149=DIRECTION('',(-0.939793423,0.,0.341743063));
#3150=AXIS2_PLACEMENT_3D('',#3147,#3148,#3149);
#3151=PLANE('',#3150);
#3152=CARTESIAN_POINT('',(37.473032397,-5.,-102.229107015));
#3153=VERTEX_POINT('',#3152);
#3154=CARTESIAN_POINT('',(37.473032397,-5.,-102.229107015));
#3155=DIRECTION('',(-0.939793423,0.,0.341743063));
#3156=VECTOR('',#3155,2.59459767);
#3157=LINE('',#3154,#3156);
#3158=EDGE_CURVE('',#3153,#3122,#3157,.T.);
#3159=ORIENTED_EDGE('',*,*,#3158,.F.);
#3160=CARTESIAN_POINT('',(37.473032397,-10.,-102.229107015));
#3161=VERTEX_POINT('',#3160);
#3162=CARTESIAN_POINT('',(37.473032397,-10.,-102.229107015));
#3163=DIRECTION('',(0.,1.,0.));
#3164=VECTOR('',#3163,5.);
#3165=LINE('',#3162,#3164);
#3166=EDGE_CURVE('',#3161,#3153,#3165,.T.);
#3167=ORIENTED_EDGE('',*,*,#3166,.F.);
#3168=CARTESIAN_POINT('',(37.473032397,-10.,-102.229107015));
#3169=DIRECTION('',(-0.939793423,0.,0.341743063));
#3170=VECTOR('',#3169,2.59459767);
#3171=LINE('',#3168,#3170);
#3172=EDGE_CURVE('',#3161,#3130,#3171,.T.);
#3173=ORIENTED_EDGE('',*,*,#3172,.T.);
#3174=ORIENTED_EDGE('',*,*,#3135,.T.);
#3175=EDGE_LOOP('',(#3159,#3167,#3173,#3174));
#3176=FACE_BOUND('',#3175,.T.);
#3177=ADVANCED_FACE('',(#3176),#3151,.T.);
#3178=CARTESIAN_POINT('',(38.958231037,-10.,-100.500069793));
#3179=CARTESIAN_POINT('',(38.958231037,-5.,-100.500069793));
#3180=CARTESIAN_POINT('',(37.894208131,-10.,-101.298086972));
#3181=CARTESIAN_POINT('',(37.894208131,-5.,-101.298086972));
#3182=CARTESIAN_POINT('',(37.473032397,-10.,-102.229107015));
#3183=CARTESIAN_POINT('',(37.473032397,-5.,-102.229107015));
#3184=B_SPLINE_SURFACE_WITH_KNOTS('',2,1,((#3178,#3179),(#3180,#3181),(#3182,#3183)),.UNSPECIFIED.,.F.,.F.,.U.,(3,3),(2,2),(0.,1.),(0.,1.),.UNSPECIFIED.);
#3185=CARTESIAN_POINT('',(38.958231037,-5.,-100.500069793));
#3186=VERTEX_POINT('',#3185);
#3187=CARTESIAN_POINT('',(38.958231037,-5.,-100.500069793));
#3188=CARTESIAN_POINT('',(37.894208131,-5.,-101.298086972));
#3189=CARTESIAN_POINT('',(37.473032397,-5.,-102.229107015));
#3190=B_SPLINE_CURVE_WITH_KNOTS('',2,(#3187,#3188,#3189),.UNSPECIFIED.,.F.,.F.,(3,3),(0.,1.),.UNSPECIFIED.);
#3191=EDGE_CURVE('',#3186,#3153,#3190,.T.);
#3192=ORIENTED_EDGE('',*,*,#3191,.F.);
#3193=CARTESIAN_POINT('',(38.958231037,-10.,-100.500069793));
#3194=VERTEX_POINT('',#3193);
#3195=CARTESIAN_POINT('',(38.958231037,-10.,-100.500069793));
#3196=DIRECTION('',(0.,1.,0.));
#3197=VECTOR('',#3196,5.);
#3198=LINE('',#3195,#3197);
#3199=EDGE_CURVE('',#3194,#3186,#3198,.T.);
#3200=ORIENTED_EDGE('',*,*,#3199,.F.);
#3201=CARTESIAN_POINT('',(38.958231037,-10.,-100.500069793));
#3202=CARTESIAN_POINT('',(37.894208131,-10.,-101.298086972));
#3203=CARTESIAN_POINT('',(37.473032397,-10.,-102.229107015));
#3204=B_SPLINE_CURVE_WITH_KNOTS('',2,(#3201,#3202,#3203),.UNSPECIFIED.,.F.,.F.,(3,3),(0.,1.),.UNSPECIFIED.);
#3205=EDGE_CURVE('',#3194,#3161,#3204,.T.);
#3206=ORIENTED_EDGE('',*,*,#3205,.T.);
#3207=ORIENTED_EDGE('',*,*,#3166,.T.);
#3208=EDGE_LOOP('',(#3192,#3200,#3206,#3207));
#3209=FACE_BOUND('',#3208,.T.);
#3210=ADVANCED_FACE('',(#3209),#3184,.T.);
#3211=CARTESIAN_POINT('',(41.839959741,-10.,-99.679885469));
#3212=CARTESIAN_POINT('',(41.839959741,-5.,-99.679885469));
#3213=CARTESIAN_POINT('',(40.0000868,-10.,-99.679885469));
#3214=CARTESIAN_POINT('',(40.0000868,-5.,-99.679885469));
#3215=CARTESIAN_POINT('',(38.958231037,-10.,-100.500069793));
#3216=CARTESIAN_POINT('',(38.958231037,-5.,-100.500069793));
#3217=B_SPLINE_SURFACE_WITH_KNOTS('',2,1,((#3211,#3212),(#3213,#3214),(#3215,#3216)),.UNSPECIFIED.,.F.,.F.,.U.,(3,3),(2,2),(0.,1.),(0.,1.),.UNSPECIFIED.);
#3218=CARTESIAN_POINT('',(41.839959741,-5.,-99.679885469));
#3219=VERTEX_POINT('',#3218);
#3220=CARTESIAN_POINT('',(41.839959741,-5.,-99.679885469));
#3221=CARTESIAN_POINT('',(40.0000868,-5.,-99.679885469));
#3222=CARTESIAN_POINT('',(38.958231037,-5.,-100.500069793));
#3223=B_SPLINE_CURVE_WITH_KNOTS('',2,(#3220,#3221,#3222),.UNSPECIFIED.,.F.,.F.,(3,3),(0.,1.),.UNSPECIFIED.);
#3224=EDGE_CURVE('',#3219,#3186,#3223,.T.);
#3225=ORIENTED_EDGE('',*,*,#3224,.F.);
#3226=CARTESIAN_POINT('',(41.839959741,-10.,-99.679885469));
#3227=VERTEX_POINT('',#3226);
#3228=CARTESIAN_POINT('',(41.839959741,-10.,-99.679885469));
#3229=DIRECTION('',(0.,1.,0.));
#3230=VECTOR('',#3229,5.);
#3231=LINE('',#3228,#3230);
#3232=EDGE_CURVE('',#3227,#3219,#3231,.T.);
#3233=ORIENTED_EDGE('',*,*,#3232,.F.);
#3234=CARTESIAN_POINT('',(41.839959741,-10.,-99.679885469));
#3235=CARTESIAN_POINT('',(40.0000868,-10.,-99.679885469));
#3236=CARTESIAN_POINT('',(38.958231037,-10.,-100.500069793));
#3237=B_SPLINE_CURVE_WITH_KNOTS('',2,(#3234,#3235,#3236),.UNSPECIFIED.,.F.,.F.,(3,3),(0.,1.),.UNSPECIFIED.);
#3238=EDGE_CURVE('',#3227,#3194,#3237,.T.);
#3239=ORIENTED_EDGE('',*,*,#3238,.T.);
#3240=ORIENTED_EDGE('',*,*,#3199,.T.);
#3241=EDGE_LOOP('',(#3225,#3233,#3239,#3240));
#3242=FACE_BOUND('',#3241,.T.);
#3243=ADVANCED_FACE('',(#3242),#3217,.T.);
#3244=CARTESIAN_POINT('',(44.522184151,-10.,-100.588738368));
#3245=CARTESIAN_POINT('',(44.522184151,-5.,-100.588738368));
#3246=CARTESIAN_POINT('',(43.635498396,-10.,-99.679885469));
#3247=CARTESIAN_POINT('',(43.635498396,-5.,-99.679885469));
#3248=CARTESIAN_POINT('',(41.839959741,-10.,-99.679885469));
#3249=CARTESIAN_POINT('',(41.839959741,-5.,-99.679885469));
#3250=B_SPLINE_SURFACE_WITH_KNOTS('',2,1,((#3244,#3245),(#3246,#3247),(#3248,#3249)),.UNSPECIFIED.,.F.,.F.,.U.,(3,3),(2,2),(0.,1.),(0.,1.),.UNSPECIFIED.);
#3251=CARTESIAN_POINT('',(44.522184151,-5.,-100.588738368));
#3252=VERTEX_POINT('',#3251);
#3253=CARTESIAN_POINT('',(44.522184151,-5.,-100.588738368));
#3254=CARTESIAN_POINT('',(43.635498396,-5.,-99.679885469));
#3255=CARTESIAN_POINT('',(41.839959741,-5.,-99.679885469));
#3256=B_SPLINE_CURVE_WITH_KNOTS('',2,(#3253,#3254,#3255),.UNSPECIFIED.,.F.,.F.,(3,3),(0.,1.),.UNSPECIFIED.);
#3257=EDGE_CURVE('',#3252,#3219,#3256,.T.);
#3258=ORIENTED_EDGE('',*,*,#3257,.F.);
#3259=CARTESIAN_POINT('',(44.522184151,-10.,-100.588738368));
#3260=VERTEX_POINT('',#3259);
#3261=CARTESIAN_POINT('',(44.522184151,-10.,-100.588738368));
#3262=DIRECTION('',(0.,1.,0.));
#3263=VECTOR('',#3262,5.);
#3264=LINE('',#3261,#3263);
#3265=EDGE_CURVE('',#3260,#3252,#3264,.T.);
#3266=ORIENTED_EDGE('',*,*,#3265,.F.);
#3267=CARTESIAN_POINT('',(44.522184151,-10.,-100.588738368));
#3268=CARTESIAN_POINT('',(43.635498396,-10.,-99.679885469));
#3269=CARTESIAN_POINT('',(41.839959741,-10.,-99.679885469));
#3270=B_SPLINE_CURVE_WITH_KNOTS('',2,(#3267,#3268,#3269),.UNSPECIFIED.,.F.,.F.,(3,3),(0.,1.),.UNSPECIFIED.);
#3271=EDGE_CURVE('',#3260,#3227,#3270,.T.);
#3272=ORIENTED_EDGE('',*,*,#3271,.T.);
#3273=ORIENTED_EDGE('',*,*,#3232,.T.);
#3274=EDGE_LOOP('',(#3258,#3266,#3272,#3273));
#3275=FACE_BOUND('',#3274,.T.);
#3276=ADVANCED_FACE('',(#3275),#3250,.T.);
#3277=CARTESIAN_POINT('',(45.386702762,-10.,-103.093625626));
#3278=CARTESIAN_POINT('',(45.386702762,-5.,-103.093625626));
#3279=CARTESIAN_POINT('',(45.386702762,-10.,-101.475424123));
#3280=CARTESIAN_POINT('',(45.386702762,-5.,-101.475424123));
#3281=CARTESIAN_POINT('',(44.522184151,-10.,-100.588738368));
#3282=CARTESIAN_POINT('',(44.522184151,-5.,-100.588738368));
#3283=B_SPLINE_SURFACE_WITH_KNOTS('',2,1,((#3277,#3278),(#3279,#3280),(#3281,#3282)),.UNSPECIFIED.,.F.,.F.,.U.,(3,3),(2,2),(0.,1.),(0.,1.),.UNSPECIFIED.);
#3284=CARTESIAN_POINT('',(45.386702762,-5.,-103.093625626));
#3285=VERTEX_POINT('',#3284);
#3286=CARTESIAN_POINT('',(45.386702762,-5.,-103.093625626));
#3287=CARTESIAN_POINT('',(45.386702762,-5.,-101.475424123));
#3288=CARTESIAN_POINT('',(44.522184151,-5.,-100.588738368));
#3289=B_SPLINE_CURVE_WITH_KNOTS('',2,(#3286,#3287,#3288),.UNSPECIFIED.,.F.,.F.,(3,3),(0.,1.),.UNSPECIFIED.);
#3290=EDGE_CURVE('',#3285,#3252,#3289,.T.);
#3291=ORIENTED_EDGE('',*,*,#3290,.F.);
#3292=CARTESIAN_POINT('',(45.386702762,-10.,-103.093625626));
#3293=VERTEX_POINT('',#3292);
#3294=CARTESIAN_POINT('',(45.386702762,-10.,-103.093625626));
#3295=DIRECTION('',(0.,1.,0.));
#3296=VECTOR('',#3295,5.);
#3297=LINE('',#3294,#3296);
#3298=EDGE_CURVE('',#3293,#3285,#3297,.T.);
#3299=ORIENTED_EDGE('',*,*,#3298,.F.);
#3300=CARTESIAN_POINT('',(45.386702762,-10.,-103.093625626));
#3301=CARTESIAN_POINT('',(45.386702762,-10.,-101.475424123));
#3302=CARTESIAN_POINT('',(44.522184151,-10.,-100.588738368));
#3303=B_SPLINE_CURVE_WITH_KNOTS('',2,(#3300,#3301,#3302),.UNSPECIFIED.,.F.,.F.,(3,3),(0.,1.),.UNSPECIFIED.);
#3304=EDGE_CURVE('',#3293,#3260,#3303,.T.);
#3305=ORIENTED_EDGE('',*,*,#3304,.T.);
#3306=ORIENTED_EDGE('',*,*,#3265,.T.);
#3307=EDGE_LOOP('',(#3291,#3299,#3305,#3306));
#3308=FACE_BOUND('',#3307,.T.);
#3309=ADVANCED_FACE('',(#3308),#3283,.T.);
#3310=CARTESIAN_POINT('',(45.386702762,-10.,-103.137959914));
#3311=DIRECTION('',(-1.,0.,0.));
#3312=DIRECTION('',(0.,0.,1.));
#3313=AXIS2_PLACEMENT_3D('',#3310,#3311,#3312);
#3314=PLANE('',#3313);
#3315=CARTESIAN_POINT('',(45.386702762,-5.,-103.182294202));
#3316=VERTEX_POINT('',#3315);
#3317=CARTESIAN_POINT('',(45.386702762,-5.,-103.182294202));
#3318=DIRECTION('',(0.,0.,1.));
#3319=VECTOR('',#3318,0.088668576);
#3320=LINE('',#3317,#3319);
#3321=EDGE_CURVE('',#3316,#3285,#3320,.T.);
#3322=ORIENTED_EDGE('',*,*,#3321,.F.);
#3323=CARTESIAN_POINT('',(45.386702762,-10.,-103.182294202));
#3324=VERTEX_POINT('',#3323);
#3325=CARTESIAN_POINT('',(45.386702762,-10.,-103.182294202));
#3326=DIRECTION('',(0.,1.,0.));
#3327=VECTOR('',#3326,5.);
#3328=LINE('',#3325,#3327);
#3329=EDGE_CURVE('',#3324,#3316,#3328,.T.);
#3330=ORIENTED_EDGE('',*,*,#3329,.F.);
#3331=CARTESIAN_POINT('',(45.386702762,-10.,-103.182294202));
#3332=DIRECTION('',(0.,0.,1.));
#3333=VECTOR('',#3332,0.088668576);
#3334=LINE('',#3331,#3333);
#3335=EDGE_CURVE('',#3324,#3293,#3334,.T.);
#3336=ORIENTED_EDGE('',*,*,#3335,.T.);
#3337=ORIENTED_EDGE('',*,*,#3298,.T.);
#3338=EDGE_LOOP('',(#3322,#3330,#3336,#3337));
#3339=FACE_BOUND('',#3338,.T.);
#3340=ADVANCED_FACE('',(#3339),#3314,.T.);
#3341=CARTESIAN_POINT('',(44.943359884,-10.,-104.046812813));
#3342=CARTESIAN_POINT('',(44.943359884,-5.,-104.046812813));
#3343=CARTESIAN_POINT('',(45.386702762,-10.,-103.802974231));
#3344=CARTESIAN_POINT('',(45.386702762,-5.,-103.802974231));
#3345=CARTESIAN_POINT('',(45.386702762,-10.,-103.182294202));
#3346=CARTESIAN_POINT('',(45.386702762,-5.,-103.182294202));
#3347=B_SPLINE_SURFACE_WITH_KNOTS('',2,1,((#3341,#3342),(#3343,#3344),(#3345,#3346)),.UNSPECIFIED.,.F.,.F.,.U.,(3,3),(2,2),(0.,1.),(0.,1.),.UNSPECIFIED.);
#3348=CARTESIAN_POINT('',(44.943359884,-5.,-104.046812813));
#3349=VERTEX_POINT('',#3348);
#3350=CARTESIAN_POINT('',(44.943359884,-5.,-104.046812813));
#3351=CARTESIAN_POINT('',(45.386702762,-5.,-103.802974231));
#3352=CARTESIAN_POINT('',(45.386702762,-5.,-103.182294202));
#3353=B_SPLINE_CURVE_WITH_KNOTS('',2,(#3350,#3351,#3352),.UNSPECIFIED.,.F.,.F.,(3,3),(0.,1.),.UNSPECIFIED.);
#3354=EDGE_CURVE('',#3349,#3316,#3353,.T.);
#3355=ORIENTED_EDGE('',*,*,#3354,.F.);
#3356=CARTESIAN_POINT('',(44.943359884,-10.,-104.046812813));
#3357=VERTEX_POINT('',#3356);
#3358=CARTESIAN_POINT('',(44.943359884,-10.,-104.046812813));
#3359=DIRECTION('',(0.,1.,0.));
#3360=VECTOR('',#3359,5.);
#3361=LINE('',#3358,#3360);
#3362=EDGE_CURVE('',#3357,#3349,#3361,.T.);
#3363=ORIENTED_EDGE('',*,*,#3362,.F.);
#3364=CARTESIAN_POINT('',(44.943359884,-10.,-104.046812813));
#3365=CARTESIAN_POINT('',(45.386702762,-10.,-103.802974231));
#3366=CARTESIAN_POINT('',(45.386702762,-10.,-103.182294202));
#3367=B_SPLINE_CURVE_WITH_KNOTS('',2,(#3364,#3365,#3366),.UNSPECIFIED.,.F.,.F.,(3,3),(0.,1.),.UNSPECIFIED.);
#3368=EDGE_CURVE('',#3357,#3324,#3367,.T.);
#3369=ORIENTED_EDGE('',*,*,#3368,.T.);
#3370=ORIENTED_EDGE('',*,*,#3329,.T.);
#3371=EDGE_LOOP('',(#3355,#3363,#3369,#3370));
#3372=FACE_BOUND('',#3371,.T.);
#3373=ADVANCED_FACE('',(#3372),#3347,.T.);
#3374=CARTESIAN_POINT('',(43.54682982,-10.,-104.401487115));
#3375=CARTESIAN_POINT('',(43.54682982,-5.,-104.401487115));
#3376=CARTESIAN_POINT('',(44.500017007,-10.,-104.31281854));
#3377=CARTESIAN_POINT('',(44.500017007,-5.,-104.31281854));
#3378=CARTESIAN_POINT('',(44.943359884,-10.,-104.046812813));
#3379=CARTESIAN_POINT('',(44.943359884,-5.,-104.046812813));
#3380=B_SPLINE_SURFACE_WITH_KNOTS('',2,1,((#3374,#3375),(#3376,#3377),(#3378,#3379)),.UNSPECIFIED.,.F.,.F.,.U.,(3,3),(2,2),(0.,1.),(0.,1.),.UNSPECIFIED.);
#3381=CARTESIAN_POINT('',(43.54682982,-5.,-104.401487115));
#3382=VERTEX_POINT('',#3381);
#3383=CARTESIAN_POINT('',(43.54682982,-5.,-104.401487115));
#3384=CARTESIAN_POINT('',(44.500017007,-5.,-104.31281854));
#3385=CARTESIAN_POINT('',(44.943359884,-5.,-104.046812813));
#3386=B_SPLINE_CURVE_WITH_KNOTS('',2,(#3383,#3384,#3385),.UNSPECIFIED.,.F.,.F.,(3,3),(0.,1.),.UNSPECIFIED.);
#3387=EDGE_CURVE('',#3382,#3349,#3386,.T.);
#3388=ORIENTED_EDGE('',*,*,#3387,.F.);
#3389=CARTESIAN_POINT('',(43.54682982,-10.,-104.401487115));
#3390=VERTEX_POINT('',#3389);
#3391=CARTESIAN_POINT('',(43.54682982,-10.,-104.401487115));
#3392=DIRECTION('',(0.,1.,0.));
#3393=VECTOR('',#3392,5.);
#3394=LINE('',#3391,#3393);
#3395=EDGE_CURVE('',#3390,#3382,#3394,.T.);
#3396=ORIENTED_EDGE('',*,*,#3395,.F.);
#3397=CARTESIAN_POINT('',(43.54682982,-10.,-104.401487115));
#3398=CARTESIAN_POINT('',(44.500017007,-10.,-104.31281854));
#3399=CARTESIAN_POINT('',(44.943359884,-10.,-104.046812813));
#3400=B_SPLINE_CURVE_WITH_KNOTS('',2,(#3397,#3398,#3399),.UNSPECIFIED.,.F.,.F.,(3,3),(0.,1.),.UNSPECIFIED.);
#3401=EDGE_CURVE('',#3390,#3357,#3400,.T.);
#3402=ORIENTED_EDGE('',*,*,#3401,.T.);
#3403=ORIENTED_EDGE('',*,*,#3362,.T.);
#3404=EDGE_LOOP('',(#3388,#3396,#3402,#3403));
#3405=FACE_BOUND('',#3404,.T.);
#3406=ADVANCED_FACE('',(#3405),#3380,.T.);
#3407=CARTESIAN_POINT('',(41.064109706,-10.,-104.71182713));
#3408=CARTESIAN_POINT('',(41.064109706,-5.,-104.71182713));
#3409=CARTESIAN_POINT('',(42.593642633,-10.,-104.512322835));
#3410=CARTESIAN_POINT('',(42.593642633,-5.,-104.512322835));
#3411=CARTESIAN_POINT('',(43.54682982,-10.,-104.401487115));
#3412=CARTESIAN_POINT('',(43.54682982,-5.,-104.401487115));
#3413=B_SPLINE_SURFACE_WITH_KNOTS('',2,1,((#3407,#3408),(#3409,#3410),(#3411,#3412)),.UNSPECIFIED.,.F.,.F.,.U.,(3,3),(2,2),(0.,1.),(0.,1.),.UNSPECIFIED.);
#3414=CARTESIAN_POINT('',(41.064109706,-5.,-104.71182713));
#3415=VERTEX_POINT('',#3414);
#3416=CARTESIAN_POINT('',(41.064109706,-5.,-104.71182713));
#3417=CARTESIAN_POINT('',(42.593642633,-5.,-104.512322835));
#3418=CARTESIAN_POINT('',(43.54682982,-5.,-104.401487115));
#3419=B_SPLINE_CURVE_WITH_KNOTS('',2,(#3416,#3417,#3418),.UNSPECIFIED.,.F.,.F.,(3,3),(0.,1.),.UNSPECIFIED.);
#3420=EDGE_CURVE('',#3415,#3382,#3419,.T.);
#3421=ORIENTED_EDGE('',*,*,#3420,.F.);
#3422=CARTESIAN_POINT('',(41.064109706,-10.,-104.71182713));
#3423=VERTEX_POINT('',#3422);
#3424=CARTESIAN_POINT('',(41.064109706,-10.,-104.71182713));
#3425=DIRECTION('',(0.,1.,0.));
#3426=VECTOR('',#3425,5.);
#3427=LINE('',#3424,#3426);
#3428=EDGE_CURVE('',#3423,#3415,#3427,.T.);
#3429=ORIENTED_EDGE('',*,*,#3428,.F.);
#3430=CARTESIAN_POINT('',(41.064109706,-10.,-104.71182713));
#3431=CARTESIAN_POINT('',(42.593642633,-10.,-104.512322835));
#3432=CARTESIAN_POINT('',(43.54682982,-10.,-104.401487115));
#3433=B_SPLINE_CURVE_WITH_KNOTS('',2,(#3430,#3431,#3432),.UNSPECIFIED.,.F.,.F.,(3,3),(0.,1.),.UNSPECIFIED.);
#3434=EDGE_CURVE('',#3423,#3390,#3433,.T.);
#3435=ORIENTED_EDGE('',*,*,#3434,.T.);
#3436=ORIENTED_EDGE('',*,*,#3395,.T.);
#3437=EDGE_LOOP('',(#3421,#3429,#3435,#3436));
#3438=FACE_BOUND('',#3437,.T.);
#3439=ADVANCED_FACE('',(#3438),#3413,.T.);
#3440=CARTESIAN_POINT('',(38.736559598,-10.,-105.133002863));
#3441=CARTESIAN_POINT('',(38.736559598,-5.,-105.133002863));
#3442=CARTESIAN_POINT('',(39.88925108,-10.,-104.866997137));
#3443=CARTESIAN_POINT('',(39.88925108,-5.,-104.866997137));
#3444=CARTESIAN_POINT('',(41.064109706,-10.,-104.71182713));
#3445=CARTESIAN_POINT('',(41.064109706,-5.,-104.71182713));
#3446=B_SPLINE_SURFACE_WITH_KNOTS('',2,1,((#3440,#3441),(#3442,#3443),(#3444,#3445)),.UNSPECIFIED.,.F.,.F.,.U.,(3,3),(2,2),(0.,1.),(0.,1.),.UNSPECIFIED.);
#3447=CARTESIAN_POINT('',(38.736559598,-5.,-105.133002863));
#3448=VERTEX_POINT('',#3447);
#3449=CARTESIAN_POINT('',(38.736559598,-5.,-105.133002863));
#3450=CARTESIAN_POINT('',(39.88925108,-5.,-104.866997137));
#3451=CARTESIAN_POINT('',(41.064109706,-5.,-104.71182713));
#3452=B_SPLINE_CURVE_WITH_KNOTS('',2,(#3449,#3450,#3451),.UNSPECIFIED.,.F.,.F.,(3,3),(0.,1.),.UNSPECIFIED.);
#3453=EDGE_CURVE('',#3448,#3415,#3452,.T.);
#3454=ORIENTED_EDGE('',*,*,#3453,.F.);
#3455=CARTESIAN_POINT('',(38.736559598,-10.,-105.133002863));
#3456=VERTEX_POINT('',#3455);
#3457=CARTESIAN_POINT('',(38.736559598,-10.,-105.133002863));
#3458=DIRECTION('',(0.,1.,0.));
#3459=VECTOR('',#3458,5.);
#3460=LINE('',#3457,#3459);
#3461=EDGE_CURVE('',#3456,#3448,#3460,.T.);
#3462=ORIENTED_EDGE('',*,*,#3461,.F.);
#3463=CARTESIAN_POINT('',(38.736559598,-10.,-105.133002863));
#3464=CARTESIAN_POINT('',(39.88925108,-10.,-104.866997137));
#3465=CARTESIAN_POINT('',(41.064109706,-10.,-104.71182713));
#3466=B_SPLINE_CURVE_WITH_KNOTS('',2,(#3463,#3464,#3465),.UNSPECIFIED.,.F.,.F.,(3,3),(0.,1.),.UNSPECIFIED.);
#3467=EDGE_CURVE('',#3456,#3423,#3466,.T.);
#3468=ORIENTED_EDGE('',*,*,#3467,.T.);
#3469=ORIENTED_EDGE('',*,*,#3428,.T.);
#3470=EDGE_LOOP('',(#3454,#3462,#3468,#3469));
#3471=FACE_BOUND('',#3470,.T.);
#3472=ADVANCED_FACE('',(#3471),#3446,.T.);
#3473=CARTESIAN_POINT('',(36.63068093,-10.,-105.886685755));
#3474=CARTESIAN_POINT('',(36.63068093,-5.,-105.886685755));
#3475=CARTESIAN_POINT('',(37.583868117,-10.,-105.376841446));
#3476=CARTESIAN_POINT('',(37.583868117,-5.,-105.376841446));
#3477=CARTESIAN_POINT('',(38.736559598,-10.,-105.133002863));
#3478=CARTESIAN_POINT('',(38.736559598,-5.,-105.133002863));
#3479=B_SPLINE_SURFACE_WITH_KNOTS('',2,1,((#3473,#3474),(#3475,#3476),(#3477,#3478)),.UNSPECIFIED.,.F.,.F.,.U.,(3,3),(2,2),(0.,1.),(0.,1.),.UNSPECIFIED.);
#3480=CARTESIAN_POINT('',(36.63068093,-5.,-105.886685755));
#3481=VERTEX_POINT('',#3480);
#3482=CARTESIAN_POINT('',(36.63068093,-5.,-105.886685755));
#3483=CARTESIAN_POINT('',(37.583868117,-5.,-105.376841446));
#3484=CARTESIAN_POINT('',(38.736559598,-5.,-105.133002863));
#3485=B_SPLINE_CURVE_WITH_KNOTS('',2,(#3482,#3483,#3484),.UNSPECIFIED.,.F.,.F.,(3,3),(0.,1.),.UNSPECIFIED.);
#3486=EDGE_CURVE('',#3481,#3448,#3485,.T.);
#3487=ORIENTED_EDGE('',*,*,#3486,.F.);
#3488=CARTESIAN_POINT('',(36.63068093,-10.,-105.886685755));
#3489=VERTEX_POINT('',#3488);
#3490=CARTESIAN_POINT('',(36.63068093,-10.,-105.886685755));
#3491=DIRECTION('',(0.,1.,0.));
#3492=VECTOR('',#3491,5.);
#3493=LINE('',#3490,#3492);
#3494=EDGE_CURVE('',#3489,#3481,#3493,.T.);
#3495=ORIENTED_EDGE('',*,*,#3494,.F.);
#3496=CARTESIAN_POINT('',(36.63068093,-10.,-105.886685755));
#3497=CARTESIAN_POINT('',(37.583868117,-10.,-105.376841446));
#3498=CARTESIAN_POINT('',(38.736559598,-10.,-105.133002863));
#3499=B_SPLINE_CURVE_WITH_KNOTS('',2,(#3496,#3497,#3498),.UNSPECIFIED.,.F.,.F.,(3,3),(0.,1.),.UNSPECIFIED.);
#3500=EDGE_CURVE('',#3489,#3456,#3499,.T.);
#3501=ORIENTED_EDGE('',*,*,#3500,.T.);
#3502=ORIENTED_EDGE('',*,*,#3461,.T.);
#3503=EDGE_LOOP('',(#3487,#3495,#3501,#3502));
#3504=FACE_BOUND('',#3503,.T.);
#3505=ADVANCED_FACE('',(#3504),#3479,.T.);
#3506=CARTESIAN_POINT('',(35.123315146,-10.,-107.305382963));
#3507=CARTESIAN_POINT('',(35.123315146,-5.,-107.305382963));
#3508=CARTESIAN_POINT('',(35.677493743,-10.,-106.396530064));
#3509=CARTESIAN_POINT('',(35.677493743,-5.,-106.396530064));
#3510=CARTESIAN_POINT('',(36.63068093,-10.,-105.886685755));
#3511=CARTESIAN_POINT('',(36.63068093,-5.,-105.886685755));
#3512=B_SPLINE_SURFACE_WITH_KNOTS('',2,1,((#3506,#3507),(#3508,#3509),(#3510,#3511)),.UNSPECIFIED.,.F.,.F.,.U.,(3,3),(2,2),(0.,1.),(0.,1.),.UNSPECIFIED.);
#3513=CARTESIAN_POINT('',(35.123315146,-5.,-107.305382963));
#3514=VERTEX_POINT('',#3513);
#3515=CARTESIAN_POINT('',(35.123315146,-5.,-107.305382963));
#3516=CARTESIAN_POINT('',(35.677493743,-5.,-106.396530064));
#3517=CARTESIAN_POINT('',(36.63068093,-5.,-105.886685755));
#3518=B_SPLINE_CURVE_WITH_KNOTS('',2,(#3515,#3516,#3517),.UNSPECIFIED.,.F.,.F.,(3,3),(0.,1.),.UNSPECIFIED.);
#3519=EDGE_CURVE('',#3514,#3481,#3518,.T.);
#3520=ORIENTED_EDGE('',*,*,#3519,.F.);
#3521=CARTESIAN_POINT('',(35.123315146,-10.,-107.305382963));
#3522=VERTEX_POINT('',#3521);
#3523=CARTESIAN_POINT('',(35.123315146,-10.,-107.305382963));
#3524=DIRECTION('',(0.,1.,0.));
#3525=VECTOR('',#3524,5.);
#3526=LINE('',#3523,#3525);
#3527=EDGE_CURVE('',#3522,#3514,#3526,.T.);
#3528=ORIENTED_EDGE('',*,*,#3527,.F.);
#3529=CARTESIAN_POINT('',(35.123315146,-10.,-107.305382963));
#3530=CARTESIAN_POINT('',(35.677493743,-10.,-106.396530064));
#3531=CARTESIAN_POINT('',(36.63068093,-10.,-105.886685755));
#3532=B_SPLINE_CURVE_WITH_KNOTS('',2,(#3529,#3530,#3531),.UNSPECIFIED.,.F.,.F.,(3,3),(0.,1.),.UNSPECIFIED.);
#3533=EDGE_CURVE('',#3522,#3489,#3532,.T.);
#3534=ORIENTED_EDGE('',*,*,#3533,.T.);
#3535=ORIENTED_EDGE('',*,*,#3494,.T.);
#3536=EDGE_LOOP('',(#3520,#3528,#3534,#3535));
#3537=FACE_BOUND('',#3536,.T.);
#3538=ADVANCED_FACE('',(#3537),#3512,.T.);
#3539=CARTESIAN_POINT('',(34.546969405,-10.,-109.655100214));
#3540=CARTESIAN_POINT('',(34.546969405,-5.,-109.655100214));
#3541=CARTESIAN_POINT('',(34.546969405,-10.,-108.214235862));
#3542=CARTESIAN_POINT('',(34.546969405,-5.,-108.214235862));
#3543=CARTESIAN_POINT('',(35.123315146,-10.,-107.305382963));
#3544=CARTESIAN_POINT('',(35.123315146,-5.,-107.305382963));
#3545=B_SPLINE_SURFACE_WITH_KNOTS('',2,1,((#3539,#3540),(#3541,#3542),(#3543,#3544)),.UNSPECIFIED.,.F.,.F.,.U.,(3,3),(2,2),(0.,1.),(0.,1.),.UNSPECIFIED.);
#3546=CARTESIAN_POINT('',(34.546969405,-5.,-109.655100214));
#3547=VERTEX_POINT('',#3546);
#3548=CARTESIAN_POINT('',(34.546969405,-5.,-109.655100214));
#3549=CARTESIAN_POINT('',(34.546969405,-5.,-108.214235862));
#3550=CARTESIAN_POINT('',(35.123315146,-5.,-107.305382963));
#3551=B_SPLINE_CURVE_WITH_KNOTS('',2,(#3548,#3549,#3550),.UNSPECIFIED.,.F.,.F.,(3,3),(0.,1.),.UNSPECIFIED.);
#3552=EDGE_CURVE('',#3547,#3514,#3551,.T.);
#3553=ORIENTED_EDGE('',*,*,#3552,.F.);
#3554=CARTESIAN_POINT('',(34.546969405,-10.,-109.655100214));
#3555=VERTEX_POINT('',#3554);
#3556=CARTESIAN_POINT('',(34.546969405,-10.,-109.655100214));
#3557=DIRECTION('',(0.,1.,0.));
#3558=VECTOR('',#3557,5.);
#3559=LINE('',#3556,#3558);
#3560=EDGE_CURVE('',#3555,#3547,#3559,.T.);
#3561=ORIENTED_EDGE('',*,*,#3560,.F.);
#3562=CARTESIAN_POINT('',(34.546969405,-10.,-109.655100214));
#3563=CARTESIAN_POINT('',(34.546969405,-10.,-108.214235862));
#3564=CARTESIAN_POINT('',(35.123315146,-10.,-107.305382963));
#3565=B_SPLINE_CURVE_WITH_KNOTS('',2,(#3562,#3563,#3564),.UNSPECIFIED.,.F.,.F.,(3,3),(0.,1.),.UNSPECIFIED.);
#3566=EDGE_CURVE('',#3555,#3522,#3565,.T.);
#3567=ORIENTED_EDGE('',*,*,#3566,.T.);
#3568=ORIENTED_EDGE('',*,*,#3527,.T.);
#3569=EDGE_LOOP('',(#3553,#3561,#3567,#3568));
#3570=FACE_BOUND('',#3569,.T.);
#3571=ADVANCED_FACE('',(#3570),#3545,.T.);
#3572=CARTESIAN_POINT('',(35.322819441,-10.,-112.448160343));
#3573=CARTESIAN_POINT('',(35.322819441,-5.,-112.448160343));
#3574=CARTESIAN_POINT('',(34.546969405,-10.,-111.295468861));
#3575=CARTESIAN_POINT('',(34.546969405,-5.,-111.295468861));
#3576=CARTESIAN_POINT('',(34.546969405,-10.,-109.655100214));
#3577=CARTESIAN_POINT('',(34.546969405,-5.,-109.655100214));
#3578=B_SPLINE_SURFACE_WITH_KNOTS('',2,1,((#3572,#3573),(#3574,#3575),(#3576,#3577)),.UNSPECIFIED.,.F.,.F.,.U.,(3,3),(2,2),(0.,1.),(0.,1.),.UNSPECIFIED.);
#3579=CARTESIAN_POINT('',(35.322819441,-5.,-112.448160343));
#3580=VERTEX_POINT('',#3579);
#3581=CARTESIAN_POINT('',(35.322819441,-5.,-112.448160343));
#3582=CARTESIAN_POINT('',(34.546969405,-5.,-111.295468861));
#3583=CARTESIAN_POINT('',(34.546969405,-5.,-109.655100214));
#3584=B_SPLINE_CURVE_WITH_KNOTS('',2,(#3581,#3582,#3583),.UNSPECIFIED.,.F.,.F.,(3,3),(0.,1.),.UNSPECIFIED.);
#3585=EDGE_CURVE('',#3580,#3547,#3584,.T.);
#3586=ORIENTED_EDGE('',*,*,#3585,.F.);
#3587=CARTESIAN_POINT('',(35.322819441,-10.,-112.448160343));
#3588=VERTEX_POINT('',#3587);
#3589=CARTESIAN_POINT('',(35.322819441,-10.,-112.448160343));
#3590=DIRECTION('',(0.,1.,0.));
#3591=VECTOR('',#3590,5.);
#3592=LINE('',#3589,#3591);
#3593=EDGE_CURVE('',#3588,#3580,#3592,.T.);
#3594=ORIENTED_EDGE('',*,*,#3593,.F.);
#3595=CARTESIAN_POINT('',(35.322819441,-10.,-112.448160343));
#3596=CARTESIAN_POINT('',(34.546969405,-10.,-111.295468861));
#3597=CARTESIAN_POINT('',(34.546969405,-10.,-109.655100214));
#3598=B_SPLINE_CURVE_WITH_KNOTS('',2,(#3595,#3596,#3597),.UNSPECIFIED.,.F.,.F.,(3,3),(0.,1.),.UNSPECIFIED.);
#3599=EDGE_CURVE('',#3588,#3555,#3598,.T.);
#3600=ORIENTED_EDGE('',*,*,#3599,.T.);
#3601=ORIENTED_EDGE('',*,*,#3560,.T.);
#3602=EDGE_LOOP('',(#3586,#3594,#3600,#3601));
#3603=FACE_BOUND('',#3602,.T.);
#3604=ADVANCED_FACE('',(#3603),#3578,.T.);
#3605=CARTESIAN_POINT('',(37.384363822,-10.,-114.199364709));
#3606=CARTESIAN_POINT('',(37.384363822,-5.,-114.199364709));
#3607=CARTESIAN_POINT('',(36.076502333,-10.,-113.600851825));
#3608=CARTESIAN_POINT('',(36.076502333,-5.,-113.600851825));
#3609=CARTESIAN_POINT('',(35.322819441,-10.,-112.448160343));
#3610=CARTESIAN_POINT('',(35.322819441,-5.,-112.448160343));
#3611=B_SPLINE_SURFACE_WITH_KNOTS('',2,1,((#3605,#3606),(#3607,#3608),(#3609,#3610)),.UNSPECIFIED.,.F.,.F.,.U.,(3,3),(2,2),(0.,1.),(0.,1.),.UNSPECIFIED.);
#3612=CARTESIAN_POINT('',(37.384363822,-5.,-114.199364709));
#3613=VERTEX_POINT('',#3612);
#3614=CARTESIAN_POINT('',(37.384363822,-5.,-114.199364709));
#3615=CARTESIAN_POINT('',(36.076502333,-5.,-113.600851825));
#3616=CARTESIAN_POINT('',(35.322819441,-5.,-112.448160343));
#3617=B_SPLINE_CURVE_WITH_KNOTS('',2,(#3614,#3615,#3616),.UNSPECIFIED.,.F.,.F.,(3,3),(0.,1.),.UNSPECIFIED.);
#3618=EDGE_CURVE('',#3613,#3580,#3617,.T.);
#3619=ORIENTED_EDGE('',*,*,#3618,.F.);
#3620=CARTESIAN_POINT('',(37.384363822,-10.,-114.199364709));
#3621=VERTEX_POINT('',#3620);
#3622=CARTESIAN_POINT('',(37.384363822,-10.,-114.199364709));
#3623=DIRECTION('',(0.,1.,0.));
#3624=VECTOR('',#3623,5.);
#3625=LINE('',#3622,#3624);
#3626=EDGE_CURVE('',#3621,#3613,#3625,.T.);
#3627=ORIENTED_EDGE('',*,*,#3626,.F.);
#3628=CARTESIAN_POINT('',(37.384363822,-10.,-114.199364709));
#3629=CARTESIAN_POINT('',(36.076502333,-10.,-113.600851825));
#3630=CARTESIAN_POINT('',(35.322819441,-10.,-112.448160343));
#3631=B_SPLINE_CURVE_WITH_KNOTS('',2,(#3628,#3629,#3630),.UNSPECIFIED.,.F.,.F.,(3,3),(0.,1.),.UNSPECIFIED.);
#3632=EDGE_CURVE('',#3621,#3588,#3631,.T.);
#3633=ORIENTED_EDGE('',*,*,#3632,.T.);
#3634=ORIENTED_EDGE('',*,*,#3593,.T.);
#3635=EDGE_LOOP('',(#3619,#3627,#3633,#3634));
#3636=FACE_BOUND('',#3635,.T.);
#3637=ADVANCED_FACE('',(#3636),#3611,.T.);
#3638=CARTESIAN_POINT('',(38.138046714,-10.,-111.805313171));
#3639=CARTESIAN_POINT('',(38.138046714,-5.,-111.805313171));
#3640=CARTESIAN_POINT('',(39.135568188,-10.,-112.492494631));
#3641=CARTESIAN_POINT('',(39.135568188,-5.,-112.492494631));
#3642=CARTESIAN_POINT('',(40.665101116,-10.,-112.492494631));
#3643=CARTESIAN_POINT('',(40.665101116,-5.,-112.492494631));
#3644=B_SPLINE_SURFACE_WITH_KNOTS('',2,1,((#3638,#3639),(#3640,#3641),(#3642,#3643)),.UNSPECIFIED.,.F.,.F.,.U.,(3,3),(2,2),(0.,1.),(0.,1.),.UNSPECIFIED.);
#3645=CARTESIAN_POINT('',(38.138046714,-5.,-111.805313171));
#3646=VERTEX_POINT('',#3645);
#3647=CARTESIAN_POINT('',(40.665101116,-5.,-112.492494631));
#3648=VERTEX_POINT('',#3647);
#3649=CARTESIAN_POINT('',(38.138046714,-5.,-111.805313171));
#3650=CARTESIAN_POINT('',(39.135568188,-5.,-112.492494631));
#3651=CARTESIAN_POINT('',(40.665101116,-5.,-112.492494631));
#3652=B_SPLINE_CURVE_WITH_KNOTS('',2,(#3649,#3650,#3651),.UNSPECIFIED.,.F.,.F.,(3,3),(0.,1.),.UNSPECIFIED.);
#3653=EDGE_CURVE('',#3646,#3648,#3652,.T.);
#3654=ORIENTED_EDGE('',*,*,#3653,.F.);
#3655=CARTESIAN_POINT('',(38.138046714,-10.,-111.805313171));
#3656=VERTEX_POINT('',#3655);
#3657=CARTESIAN_POINT('',(38.138046714,-10.,-111.805313171));
#3658=DIRECTION('',(0.,1.,0.));
#3659=VECTOR('',#3658,5.);
#3660=LINE('',#3657,#3659);
#3661=EDGE_CURVE('',#3656,#3646,#3660,.T.);
#3662=ORIENTED_EDGE('',*,*,#3661,.F.);
#3663=CARTESIAN_POINT('',(40.665101116,-10.,-112.492494631));
#3664=VERTEX_POINT('',#3663);
#3665=CARTESIAN_POINT('',(38.138046714,-10.,-111.805313171));
#3666=CARTESIAN_POINT('',(39.135568188,-10.,-112.492494631));
#3667=CARTESIAN_POINT('',(40.665101116,-10.,-112.492494631));
#3668=B_SPLINE_CURVE_WITH_KNOTS('',2,(#3665,#3666,#3667),.UNSPECIFIED.,.F.,.F.,(3,3),(0.,1.),.UNSPECIFIED.);
#3669=EDGE_CURVE('',#3656,#3664,#3668,.T.);
#3670=ORIENTED_EDGE('',*,*,#3669,.T.);
#3671=CARTESIAN_POINT('',(40.665101116,-10.,-112.492494631));
#3672=DIRECTION('',(0.,1.,0.));
#3673=VECTOR('',#3672,5.);
#3674=LINE('',#3671,#3673);
#3675=EDGE_CURVE('',#3664,#3648,#3674,.T.);
#3676=ORIENTED_EDGE('',*,*,#3675,.T.);
#3677=EDGE_LOOP('',(#3654,#3662,#3670,#3676));
#3678=FACE_BOUND('',#3677,.T.);
#3679=ADVANCED_FACE('',(#3678),#3644,.T.);
#3680=CARTESIAN_POINT('',(37.118358095,-10.,-109.788103078));
#3681=CARTESIAN_POINT('',(37.118358095,-5.,-109.788103078));
#3682=CARTESIAN_POINT('',(37.118358095,-10.,-111.140298854));
#3683=CARTESIAN_POINT('',(37.118358095,-5.,-111.140298854));
#3684=CARTESIAN_POINT('',(38.138046714,-10.,-111.805313171));
#3685=CARTESIAN_POINT('',(38.138046714,-5.,-111.805313171));
#3686=B_SPLINE_SURFACE_WITH_KNOTS('',2,1,((#3680,#3681),(#3682,#3683),(#3684,#3685)),.UNSPECIFIED.,.F.,.F.,.U.,(3,3),(2,2),(0.,1.),(0.,1.),.UNSPECIFIED.);
#3687=CARTESIAN_POINT('',(37.118358095,-5.,-109.788103078));
#3688=VERTEX_POINT('',#3687);
#3689=CARTESIAN_POINT('',(37.118358095,-5.,-109.788103078));
#3690=CARTESIAN_POINT('',(37.118358095,-5.,-111.140298854));
#3691=CARTESIAN_POINT('',(38.138046714,-5.,-111.805313171));
#3692=B_SPLINE_CURVE_WITH_KNOTS('',2,(#3689,#3690,#3691),.UNSPECIFIED.,.F.,.F.,(3,3),(0.,1.),.UNSPECIFIED.);
#3693=EDGE_CURVE('',#3688,#3646,#3692,.T.);
#3694=ORIENTED_EDGE('',*,*,#3693,.F.);
#3695=CARTESIAN_POINT('',(37.118358095,-10.,-109.788103078));
#3696=VERTEX_POINT('',#3695);
#3697=CARTESIAN_POINT('',(37.118358095,-10.,-109.788103078));
#3698=DIRECTION('',(0.,1.,0.));
#3699=VECTOR('',#3698,5.);
#3700=LINE('',#3697,#3699);
#3701=EDGE_CURVE('',#3696,#3688,#3700,.T.);
#3702=ORIENTED_EDGE('',*,*,#3701,.F.);
#3703=CARTESIAN_POINT('',(37.118358095,-10.,-109.788103078));
#3704=CARTESIAN_POINT('',(37.118358095,-10.,-111.140298854));
#3705=CARTESIAN_POINT('',(38.138046714,-10.,-111.805313171));
#3706=B_SPLINE_CURVE_WITH_KNOTS('',2,(#3703,#3704,#3705),.UNSPECIFIED.,.F.,.F.,(3,3),(0.,1.),.UNSPECIFIED.);
#3707=EDGE_CURVE('',#3696,#3656,#3706,.T.);
#3708=ORIENTED_EDGE('',*,*,#3707,.T.);
#3709=ORIENTED_EDGE('',*,*,#3661,.T.);
#3710=EDGE_LOOP('',(#3694,#3702,#3708,#3709));
#3711=FACE_BOUND('',#3710,.T.);
#3712=ADVANCED_FACE('',(#3711),#3686,.T.);
#3713=CARTESIAN_POINT('',(37.650369548,-10.,-108.236403006));
#3714=CARTESIAN_POINT('',(37.650369548,-5.,-108.236403006));
#3715=CARTESIAN_POINT('',(37.118358095,-10.,-108.790581603));
#3716=CARTESIAN_POINT('',(37.118358095,-5.,-108.790581603));
#3717=CARTESIAN_POINT('',(37.118358095,-10.,-109.788103078));
#3718=CARTESIAN_POINT('',(37.118358095,-5.,-109.788103078));
#3719=B_SPLINE_SURFACE_WITH_KNOTS('',2,1,((#3713,#3714),(#3715,#3716),(#3717,#3718)),.UNSPECIFIED.,.F.,.F.,.U.,(3,3),(2,2),(0.,1.),(0.,1.),.UNSPECIFIED.);
#3720=CARTESIAN_POINT('',(37.650369548,-5.,-108.236403006));
#3721=VERTEX_POINT('',#3720);
#3722=CARTESIAN_POINT('',(37.650369548,-5.,-108.236403006));
#3723=CARTESIAN_POINT('',(37.118358095,-5.,-108.790581603));
#3724=CARTESIAN_POINT('',(37.118358095,-5.,-109.788103078));
#3725=B_SPLINE_CURVE_WITH_KNOTS('',2,(#3722,#3723,#3724),.UNSPECIFIED.,.F.,.F.,(3,3),(0.,1.),.UNSPECIFIED.);
#3726=EDGE_CURVE('',#3721,#3688,#3725,.T.);
#3727=ORIENTED_EDGE('',*,*,#3726,.F.);
#3728=CARTESIAN_POINT('',(37.650369548,-10.,-108.236403006));
#3729=VERTEX_POINT('',#3728);
#3730=CARTESIAN_POINT('',(37.650369548,-10.,-108.236403006));
#3731=DIRECTION('',(0.,1.,0.));
#3732=VECTOR('',#3731,5.);
#3733=LINE('',#3730,#3732);
#3734=EDGE_CURVE('',#3729,#3721,#3733,.T.);
#3735=ORIENTED_EDGE('',*,*,#3734,.F.);
#3736=CARTESIAN_POINT('',(37.650369548,-10.,-108.236403006));
#3737=CARTESIAN_POINT('',(37.118358095,-10.,-108.790581603));
#3738=CARTESIAN_POINT('',(37.118358095,-10.,-109.788103078));
#3739=B_SPLINE_CURVE_WITH_KNOTS('',2,(#3736,#3737,#3738),.UNSPECIFIED.,.F.,.F.,(3,3),(0.,1.),.UNSPECIFIED.);
#3740=EDGE_CURVE('',#3729,#3696,#3739,.T.);
#3741=ORIENTED_EDGE('',*,*,#3740,.T.);
#3742=ORIENTED_EDGE('',*,*,#3701,.T.);
#3743=EDGE_LOOP('',(#3727,#3735,#3741,#3742));
#3744=FACE_BOUND('',#3743,.T.);
#3745=ADVANCED_FACE('',(#3744),#3719,.T.);
#3746=CARTESIAN_POINT('',(39.046899613,-10.,-107.371884395));
#3747=CARTESIAN_POINT('',(39.046899613,-5.,-107.371884395));
#3748=CARTESIAN_POINT('',(38.182381001,-10.,-107.660057265));
#3749=CARTESIAN_POINT('',(38.182381001,-5.,-107.660057265));
#3750=CARTESIAN_POINT('',(37.650369548,-10.,-108.236403006));
#3751=CARTESIAN_POINT('',(37.650369548,-5.,-108.236403006));
#3752=B_SPLINE_SURFACE_WITH_KNOTS('',2,1,((#3746,#3747),(#3748,#3749),(#3750,#3751)),.UNSPECIFIED.,.F.,.F.,.U.,(3,3),(2,2),(0.,1.),(0.,1.),.UNSPECIFIED.);
#3753=CARTESIAN_POINT('',(39.046899613,-5.,-107.371884395));
#3754=VERTEX_POINT('',#3753);
#3755=CARTESIAN_POINT('',(39.046899613,-5.,-107.371884395));
#3756=CARTESIAN_POINT('',(38.182381001,-5.,-107.660057265));
#3757=CARTESIAN_POINT('',(37.650369548,-5.,-108.236403006));
#3758=B_SPLINE_CURVE_WITH_KNOTS('',2,(#3755,#3756,#3757),.UNSPECIFIED.,.F.,.F.,(3,3),(0.,1.),.UNSPECIFIED.);
#3759=EDGE_CURVE('',#3754,#3721,#3758,.T.);
#3760=ORIENTED_EDGE('',*,*,#3759,.F.);
#3761=CARTESIAN_POINT('',(39.046899613,-10.,-107.371884395));
#3762=VERTEX_POINT('',#3761);
#3763=CARTESIAN_POINT('',(39.046899613,-10.,-107.371884395));
#3764=DIRECTION('',(0.,1.,0.));
#3765=VECTOR('',#3764,5.);
#3766=LINE('',#3763,#3765);
#3767=EDGE_CURVE('',#3762,#3754,#3766,.T.);
#3768=ORIENTED_EDGE('',*,*,#3767,.F.);
#3769=CARTESIAN_POINT('',(39.046899613,-10.,-107.371884395));
#3770=CARTESIAN_POINT('',(38.182381001,-10.,-107.660057265));
#3771=CARTESIAN_POINT('',(37.650369548,-10.,-108.236403006));
#3772=B_SPLINE_CURVE_WITH_KNOTS('',2,(#3769,#3770,#3771),.UNSPECIFIED.,.F.,.F.,(3,3),(0.,1.),.UNSPECIFIED.);
#3773=EDGE_CURVE('',#3762,#3729,#3772,.T.);
#3774=ORIENTED_EDGE('',*,*,#3773,.T.);
#3775=ORIENTED_EDGE('',*,*,#3734,.T.);
#3776=EDGE_LOOP('',(#3760,#3768,#3774,#3775));
#3777=FACE_BOUND('',#3776,.T.);
#3778=ADVANCED_FACE('',(#3777),#3752,.T.);
#3779=CARTESIAN_POINT('',(40.931106842,-10.,-106.950708661));
#3780=CARTESIAN_POINT('',(40.931106842,-5.,-106.950708661));
#3781=CARTESIAN_POINT('',(39.933585368,-10.,-107.083711525));
#3782=CARTESIAN_POINT('',(39.933585368,-5.,-107.083711525));
#3783=CARTESIAN_POINT('',(39.046899613,-10.,-107.371884395));
#3784=CARTESIAN_POINT('',(39.046899613,-5.,-107.371884395));
#3785=B_SPLINE_SURFACE_WITH_KNOTS('',2,1,((#3779,#3780),(#3781,#3782),(#3783,#3784)),.UNSPECIFIED.,.F.,.F.,.U.,(3,3),(2,2),(0.,1.),(0.,1.),.UNSPECIFIED.);
#3786=CARTESIAN_POINT('',(40.931106842,-5.,-106.950708661));
#3787=VERTEX_POINT('',#3786);
#3788=CARTESIAN_POINT('',(40.931106842,-5.,-106.950708661));
#3789=CARTESIAN_POINT('',(39.933585368,-5.,-107.083711525));
#3790=CARTESIAN_POINT('',(39.046899613,-5.,-107.371884395));
#3791=B_SPLINE_CURVE_WITH_KNOTS('',2,(#3788,#3789,#3790),.UNSPECIFIED.,.F.,.F.,(3,3),(0.,1.),.UNSPECIFIED.);
#3792=EDGE_CURVE('',#3787,#3754,#3791,.T.);
#3793=ORIENTED_EDGE('',*,*,#3792,.F.);
#3794=CARTESIAN_POINT('',(40.931106842,-10.,-106.950708661));
#3795=VERTEX_POINT('',#3794);
#3796=CARTESIAN_POINT('',(40.931106842,-10.,-106.950708661));
#3797=DIRECTION('',(0.,1.,0.));
#3798=VECTOR('',#3797,5.);
#3799=LINE('',#3796,#3798);
#3800=EDGE_CURVE('',#3795,#3787,#3799,.T.);
#3801=ORIENTED_EDGE('',*,*,#3800,.F.);
#3802=CARTESIAN_POINT('',(40.931106842,-10.,-106.950708661));
#3803=CARTESIAN_POINT('',(39.933585368,-10.,-107.083711525));
#3804=CARTESIAN_POINT('',(39.046899613,-10.,-107.371884395));
#3805=B_SPLINE_CURVE_WITH_KNOTS('',2,(#3802,#3803,#3804),.UNSPECIFIED.,.F.,.F.,(3,3),(0.,1.),.UNSPECIFIED.);
#3806=EDGE_CURVE('',#3795,#3762,#3805,.T.);
#3807=ORIENTED_EDGE('',*,*,#3806,.T.);
#3808=ORIENTED_EDGE('',*,*,#3767,.T.);
#3809=EDGE_LOOP('',(#3793,#3801,#3807,#3808));
#3810=FACE_BOUND('',#3809,.T.);
#3811=ADVANCED_FACE('',(#3810),#3785,.T.);
#3812=CARTESIAN_POINT('',(42.017296892,-10.,-106.795538654));
#3813=CARTESIAN_POINT('',(42.017296892,-5.,-106.795538654));
#3814=CARTESIAN_POINT('',(41.352282577,-10.,-106.88420723));
#3815=CARTESIAN_POINT('',(41.352282577,-5.,-106.88420723));
#3816=CARTESIAN_POINT('',(40.931106843,-10.,-106.950708661));
#3817=CARTESIAN_POINT('',(40.931106843,-5.,-106.950708661));
#3818=B_SPLINE_SURFACE_WITH_KNOTS('',2,1,((#3812,#3813),(#3814,#3815),(#3816,#3817)),.UNSPECIFIED.,.F.,.F.,.U.,(3,3),(2,2),(0.,0.999999999),(0.,1.),.UNSPECIFIED.);
#3819=CARTESIAN_POINT('',(42.017296892,-5.,-106.795538654));
#3820=VERTEX_POINT('',#3819);
#3821=CARTESIAN_POINT('',(42.017296892,-5.,-106.795538654));
#3822=CARTESIAN_POINT('',(41.352282576,-5.,-106.88420723));
#3823=CARTESIAN_POINT('',(40.931106842,-5.,-106.950708661));
#3824=B_SPLINE_CURVE_WITH_KNOTS('',2,(#3821,#3822,#3823),.UNSPECIFIED.,.F.,.F.,(3,3),(0.,1.),.UNSPECIFIED.);
#3825=EDGE_CURVE('',#3820,#3787,#3824,.T.);
#3826=ORIENTED_EDGE('',*,*,#3825,.F.);
#3827=CARTESIAN_POINT('',(42.017296892,-10.,-106.795538654));
#3828=VERTEX_POINT('',#3827);
#3829=CARTESIAN_POINT('',(42.017296892,-10.,-106.795538654));
#3830=DIRECTION('',(0.,1.,0.));
#3831=VECTOR('',#3830,5.);
#3832=LINE('',#3829,#3831);
#3833=EDGE_CURVE('',#3828,#3820,#3832,.T.);
#3834=ORIENTED_EDGE('',*,*,#3833,.F.);
#3835=CARTESIAN_POINT('',(42.017296892,-10.,-106.795538654));
#3836=CARTESIAN_POINT('',(41.352282576,-10.,-106.88420723));
#3837=CARTESIAN_POINT('',(40.931106842,-10.,-106.950708661));
#3838=B_SPLINE_CURVE_WITH_KNOTS('',2,(#3835,#3836,#3837),.UNSPECIFIED.,.F.,.F.,(3,3),(0.,1.),.UNSPECIFIED.);
#3839=EDGE_CURVE('',#3828,#3795,#3838,.T.);
#3840=ORIENTED_EDGE('',*,*,#3839,.T.);
#3841=ORIENTED_EDGE('',*,*,#3800,.T.);
#3842=EDGE_LOOP('',(#3826,#3834,#3840,#3841));
#3843=FACE_BOUND('',#3842,.T.);
#3844=ADVANCED_FACE('',(#3843),#3818,.T.);
#3845=CARTESIAN_POINT('',(43.413826957,-10.,-106.618201503));
#3846=CARTESIAN_POINT('',(43.413826957,-5.,-106.618201503));
#3847=CARTESIAN_POINT('',(42.682311209,-10.,-106.729037222));
#3848=CARTESIAN_POINT('',(42.682311209,-5.,-106.729037222));
#3849=CARTESIAN_POINT('',(42.017296892,-10.,-106.795538654));
#3850=CARTESIAN_POINT('',(42.017296892,-5.,-106.795538654));
#3851=B_SPLINE_SURFACE_WITH_KNOTS('',2,1,((#3845,#3846),(#3847,#3848),(#3849,#3850)),.UNSPECIFIED.,.F.,.F.,.U.,(3,3),(2,2),(0.,1.),(0.,1.),.UNSPECIFIED.);
#3852=CARTESIAN_POINT('',(43.413826957,-5.,-106.618201503));
#3853=VERTEX_POINT('',#3852);
#3854=CARTESIAN_POINT('',(43.413826957,-5.,-106.618201503));
#3855=CARTESIAN_POINT('',(42.682311209,-5.,-106.729037222));
#3856=CARTESIAN_POINT('',(42.017296892,-5.,-106.795538654));
#3857=B_SPLINE_CURVE_WITH_KNOTS('',2,(#3854,#3855,#3856),.UNSPECIFIED.,.F.,.F.,(3,3),(0.,1.),.UNSPECIFIED.);
#3858=EDGE_CURVE('',#3853,#3820,#3857,.T.);
#3859=ORIENTED_EDGE('',*,*,#3858,.F.);
#3860=CARTESIAN_POINT('',(43.413826957,-10.,-106.618201503));
#3861=VERTEX_POINT('',#3860);
#3862=CARTESIAN_POINT('',(43.413826957,-10.,-106.618201503));
#3863=DIRECTION('',(0.,1.,0.));
#3864=VECTOR('',#3863,5.);
#3865=LINE('',#3862,#3864);
#3866=EDGE_CURVE('',#3861,#3853,#3865,.T.);
#3867=ORIENTED_EDGE('',*,*,#3866,.F.);
#3868=CARTESIAN_POINT('',(43.413826957,-10.,-106.618201503));
#3869=CARTESIAN_POINT('',(42.682311209,-10.,-106.729037222));
#3870=CARTESIAN_POINT('',(42.017296892,-10.,-106.795538654));
#3871=B_SPLINE_CURVE_WITH_KNOTS('',2,(#3868,#3869,#3870),.UNSPECIFIED.,.F.,.F.,(3,3),(0.,1.),.UNSPECIFIED.);
#3872=EDGE_CURVE('',#3861,#3828,#3871,.T.);
#3873=ORIENTED_EDGE('',*,*,#3872,.T.);
#3874=ORIENTED_EDGE('',*,*,#3833,.T.);
#3875=EDGE_LOOP('',(#3859,#3867,#3873,#3874));
#3876=FACE_BOUND('',#3875,.T.);
#3877=ADVANCED_FACE('',(#3876),#3851,.T.);
#3878=CARTESIAN_POINT('',(44.677354158,-10.,-106.330028633));
#3879=CARTESIAN_POINT('',(44.677354158,-5.,-106.330028633));
#3880=CARTESIAN_POINT('',(44.123175561,-10.,-106.48519864));
#3881=CARTESIAN_POINT('',(44.123175561,-5.,-106.48519864));
#3882=CARTESIAN_POINT('',(43.413826957,-10.,-106.618201503));
#3883=CARTESIAN_POINT('',(43.413826957,-5.,-106.618201503));
#3884=B_SPLINE_SURFACE_WITH_KNOTS('',2,1,((#3878,#3879),(#3880,#3881),(#3882,#3883)),.UNSPECIFIED.,.F.,.F.,.U.,(3,3),(2,2),(0.,1.),(0.,1.),.UNSPECIFIED.);
#3885=CARTESIAN_POINT('',(44.677354158,-5.,-106.330028633));
#3886=VERTEX_POINT('',#3885);
#3887=CARTESIAN_POINT('',(44.677354158,-5.,-106.330028633));
#3888=CARTESIAN_POINT('',(44.123175561,-5.,-106.48519864));
#3889=CARTESIAN_POINT('',(43.413826957,-5.,-106.618201503));
#3890=B_SPLINE_CURVE_WITH_KNOTS('',2,(#3887,#3888,#3889),.UNSPECIFIED.,.F.,.F.,(3,3),(0.,1.),.UNSPECIFIED.);
#3891=EDGE_CURVE('',#3886,#3853,#3890,.T.);
#3892=ORIENTED_EDGE('',*,*,#3891,.F.);
#3893=CARTESIAN_POINT('',(44.677354158,-10.,-106.330028633));
#3894=VERTEX_POINT('',#3893);
#3895=CARTESIAN_POINT('',(44.677354158,-10.,-106.330028633));
#3896=DIRECTION('',(0.,1.,0.));
#3897=VECTOR('',#3896,5.);
#3898=LINE('',#3895,#3897);
#3899=EDGE_CURVE('',#3894,#3886,#3898,.T.);
#3900=ORIENTED_EDGE('',*,*,#3899,.F.);
#3901=CARTESIAN_POINT('',(44.677354158,-10.,-106.330028633));
#3902=CARTESIAN_POINT('',(44.123175561,-10.,-106.48519864));
#3903=CARTESIAN_POINT('',(43.413826957,-10.,-106.618201503));
#3904=B_SPLINE_CURVE_WITH_KNOTS('',2,(#3901,#3902,#3903),.UNSPECIFIED.,.F.,.F.,(3,3),(0.,1.),.UNSPECIFIED.);
#3905=EDGE_CURVE('',#3894,#3861,#3904,.T.);
#3906=ORIENTED_EDGE('',*,*,#3905,.T.);
#3907=ORIENTED_EDGE('',*,*,#3866,.T.);
#3908=EDGE_LOOP('',(#3892,#3900,#3906,#3907));
#3909=FACE_BOUND('',#3908,.T.);
#3910=ADVANCED_FACE('',(#3909),#3884,.T.);
#3911=CARTESIAN_POINT('',(45.386702762,-10.,-105.975354331));
#3912=CARTESIAN_POINT('',(45.386702762,-5.,-105.975354331));
#3913=CARTESIAN_POINT('',(45.231532755,-10.,-106.174858626));
#3914=CARTESIAN_POINT('',(45.231532755,-5.,-106.174858626));
#3915=CARTESIAN_POINT('',(44.677354158,-10.,-106.330028633));
#3916=CARTESIAN_POINT('',(44.677354158,-5.,-106.330028633));
#3917=B_SPLINE_SURFACE_WITH_KNOTS('',2,1,((#3911,#3912),(#3913,#3914),(#3915,#3916)),.UNSPECIFIED.,.F.,.F.,.U.,(3,3),(2,2),(0.,1.),(0.,1.),.UNSPECIFIED.);
#3918=CARTESIAN_POINT('',(45.386702762,-5.,-105.975354331));
#3919=VERTEX_POINT('',#3918);
#3920=CARTESIAN_POINT('',(45.386702762,-5.,-105.975354331));
#3921=CARTESIAN_POINT('',(45.231532755,-5.,-106.174858626));
#3922=CARTESIAN_POINT('',(44.677354158,-5.,-106.330028633));
#3923=B_SPLINE_CURVE_WITH_KNOTS('',2,(#3920,#3921,#3922),.UNSPECIFIED.,.F.,.F.,(3,3),(0.,1.),.UNSPECIFIED.);
#3924=EDGE_CURVE('',#3919,#3886,#3923,.T.);
#3925=ORIENTED_EDGE('',*,*,#3924,.F.);
#3926=CARTESIAN_POINT('',(45.386702762,-10.,-105.975354331));
#3927=VERTEX_POINT('',#3926);
#3928=CARTESIAN_POINT('',(45.386702762,-10.,-105.975354331));
#3929=DIRECTION('',(0.,1.,0.));
#3930=VECTOR('',#3929,5.);
#3931=LINE('',#3928,#3930);
#3932=EDGE_CURVE('',#3927,#3919,#3931,.T.);
#3933=ORIENTED_EDGE('',*,*,#3932,.F.);
#3934=CARTESIAN_POINT('',(45.386702762,-10.,-105.975354331));
#3935=CARTESIAN_POINT('',(45.231532755,-10.,-106.174858626));
#3936=CARTESIAN_POINT('',(44.677354158,-10.,-106.330028633));
#3937=B_SPLINE_CURVE_WITH_KNOTS('',2,(#3934,#3935,#3936),.UNSPECIFIED.,.F.,.F.,(3,3),(0.,1.),.UNSPECIFIED.);
#3938=EDGE_CURVE('',#3927,#3894,#3937,.T.);
#3939=ORIENTED_EDGE('',*,*,#3938,.T.);
#3940=ORIENTED_EDGE('',*,*,#3899,.T.);
#3941=EDGE_LOOP('',(#3925,#3933,#3939,#3940));
#3942=FACE_BOUND('',#3941,.T.);
#3943=ADVANCED_FACE('',(#3942),#3917,.T.);
#3944=CARTESIAN_POINT('',(45.386702762,-10.,-107.161296528));
#3945=DIRECTION('',(-1.,0.,0.));
#3946=DIRECTION('',(0.,0.,1.));
#3947=AXIS2_PLACEMENT_3D('',#3944,#3945,#3946);
#3948=PLANE('',#3947);
#3949=CARTESIAN_POINT('',(45.386702762,-5.,-108.347238726));
#3950=VERTEX_POINT('',#3949);
#3951=CARTESIAN_POINT('',(45.386702762,-5.,-108.347238726));
#3952=DIRECTION('',(0.,0.,1.));
#3953=VECTOR('',#3952,2.371884395);
#3954=LINE('',#3951,#3953);
#3955=EDGE_CURVE('',#3950,#3919,#3954,.T.);
#3956=ORIENTED_EDGE('',*,*,#3955,.F.);
#3957=CARTESIAN_POINT('',(45.386702762,-10.,-108.347238726));
#3958=VERTEX_POINT('',#3957);
#3959=CARTESIAN_POINT('',(45.386702762,-10.,-108.347238726));
#3960=DIRECTION('',(0.,1.,0.));
#3961=VECTOR('',#3960,5.);
#3962=LINE('',#3959,#3961);
#3963=EDGE_CURVE('',#3958,#3950,#3962,.T.);
#3964=ORIENTED_EDGE('',*,*,#3963,.F.);
#3965=CARTESIAN_POINT('',(45.386702762,-10.,-108.347238726));
#3966=DIRECTION('',(0.,0.,1.));
#3967=VECTOR('',#3966,2.371884395);
#3968=LINE('',#3965,#3967);
#3969=EDGE_CURVE('',#3958,#3927,#3968,.T.);
#3970=ORIENTED_EDGE('',*,*,#3969,.T.);
#3971=ORIENTED_EDGE('',*,*,#3932,.T.);
#3972=EDGE_LOOP('',(#3956,#3964,#3970,#3971));
#3973=FACE_BOUND('',#3972,.T.);
#3974=ADVANCED_FACE('',(#3973),#3948,.T.);
#3975=CARTESIAN_POINT('',(44.854691309,-10.,-110.342281675));
#3976=CARTESIAN_POINT('',(44.854691309,-5.,-110.342281675));
#3977=CARTESIAN_POINT('',(45.386702762,-10.,-109.389094488));
#3978=CARTESIAN_POINT('',(45.386702762,-5.,-109.389094488));
#3979=CARTESIAN_POINT('',(45.386702762,-10.,-108.347238726));
#3980=CARTESIAN_POINT('',(45.386702762,-5.,-108.347238726));
#3981=B_SPLINE_SURFACE_WITH_KNOTS('',2,1,((#3975,#3976),(#3977,#3978),(#3979,#3980)),.UNSPECIFIED.,.F.,.F.,.U.,(3,3),(2,2),(0.,1.),(0.,1.),.UNSPECIFIED.);
#3982=CARTESIAN_POINT('',(44.854691309,-5.,-110.342281675));
#3983=VERTEX_POINT('',#3982);
#3984=CARTESIAN_POINT('',(44.854691309,-5.,-110.342281675));
#3985=CARTESIAN_POINT('',(45.386702762,-5.,-109.389094488));
#3986=CARTESIAN_POINT('',(45.386702762,-5.,-108.347238726));
#3987=B_SPLINE_CURVE_WITH_KNOTS('',2,(#3984,#3985,#3986),.UNSPECIFIED.,.F.,.F.,(3,3),(0.,1.),.UNSPECIFIED.);
#3988=EDGE_CURVE('',#3983,#3950,#3987,.T.);
#3989=ORIENTED_EDGE('',*,*,#3988,.F.);
#3990=CARTESIAN_POINT('',(44.854691309,-10.,-110.342281675));
#3991=VERTEX_POINT('',#3990);
#3992=CARTESIAN_POINT('',(44.854691309,-10.,-110.342281675));
#3993=DIRECTION('',(0.,1.,0.));
#3994=VECTOR('',#3993,5.);
#3995=LINE('',#3992,#3994);
#3996=EDGE_CURVE('',#3991,#3983,#3995,.T.);
#3997=ORIENTED_EDGE('',*,*,#3996,.F.);
#3998=CARTESIAN_POINT('',(44.854691309,-10.,-110.342281675));
#3999=CARTESIAN_POINT('',(45.386702762,-10.,-109.389094488));
#4000=CARTESIAN_POINT('',(45.386702762,-10.,-108.347238726));
#4001=B_SPLINE_CURVE_WITH_KNOTS('',2,(#3998,#3999,#4000),.UNSPECIFIED.,.F.,.F.,(3,3),(0.,1.),.UNSPECIFIED.);
#4002=EDGE_CURVE('',#3991,#3958,#4001,.T.);
#4003=ORIENTED_EDGE('',*,*,#4002,.T.);
#4004=ORIENTED_EDGE('',*,*,#3963,.T.);
#4005=EDGE_LOOP('',(#3989,#3997,#4003,#4004));
#4006=FACE_BOUND('',#4005,.T.);
#4007=ADVANCED_FACE('',(#4006),#3981,.T.);
#4008=CARTESIAN_POINT('',(43.25865695,-10.,-111.893981746));
#4009=CARTESIAN_POINT('',(43.25865695,-5.,-111.893981746));
#4010=CARTESIAN_POINT('',(44.300512712,-10.,-111.295468861));
#4011=CARTESIAN_POINT('',(44.300512712,-5.,-111.295468861));
#4012=CARTESIAN_POINT('',(44.854691309,-10.,-110.342281675));
#4013=CARTESIAN_POINT('',(44.854691309,-5.,-110.342281675));
#4014=B_SPLINE_SURFACE_WITH_KNOTS('',2,1,((#4008,#4009),(#4010,#4011),(#4012,#4013)),.UNSPECIFIED.,.F.,.F.,.U.,(3,3),(2,2),(0.,1.),(0.,1.),.UNSPECIFIED.);
#4015=CARTESIAN_POINT('',(43.25865695,-5.,-111.893981746));
#4016=VERTEX_POINT('',#4015);
#4017=CARTESIAN_POINT('',(43.25865695,-5.,-111.893981746));
#4018=CARTESIAN_POINT('',(44.300512712,-5.,-111.295468861));
#4019=CARTESIAN_POINT('',(44.854691309,-5.,-110.342281675));
#4020=B_SPLINE_CURVE_WITH_KNOTS('',2,(#4017,#4018,#4019),.UNSPECIFIED.,.F.,.F.,(3,3),(0.,1.),.UNSPECIFIED.);
#4021=EDGE_CURVE('',#4016,#3983,#4020,.T.);
#4022=ORIENTED_EDGE('',*,*,#4021,.F.);
#4023=CARTESIAN_POINT('',(43.25865695,-10.,-111.893981746));
#4024=VERTEX_POINT('',#4023);
#4025=CARTESIAN_POINT('',(43.25865695,-10.,-111.893981746));
#4026=DIRECTION('',(0.,1.,0.));
#4027=VECTOR('',#4026,5.);
#4028=LINE('',#4025,#4027);
#4029=EDGE_CURVE('',#4024,#4016,#4028,.T.);
#4030=ORIENTED_EDGE('',*,*,#4029,.F.);
#4031=CARTESIAN_POINT('',(43.25865695,-10.,-111.893981746));
#4032=CARTESIAN_POINT('',(44.300512712,-10.,-111.295468861));
#4033=CARTESIAN_POINT('',(44.854691309,-10.,-110.342281675));
#4034=B_SPLINE_CURVE_WITH_KNOTS('',2,(#4031,#4032,#4033),.UNSPECIFIED.,.F.,.F.,(3,3),(0.,1.),.UNSPECIFIED.);
#4035=EDGE_CURVE('',#4024,#3991,#4034,.T.);
#4036=ORIENTED_EDGE('',*,*,#4035,.T.);
#4037=ORIENTED_EDGE('',*,*,#3996,.T.);
#4038=EDGE_LOOP('',(#4022,#4030,#4036,#4037));
#4039=FACE_BOUND('',#4038,.T.);
#4040=ADVANCED_FACE('',(#4039),#4014,.T.);
#4041=CARTESIAN_POINT('',(40.665101116,-10.,-112.492494631));
#4042=CARTESIAN_POINT('',(40.665101116,-5.,-112.492494631));
#4043=CARTESIAN_POINT('',(42.194634043,-10.,-112.492494631));
#4044=CARTESIAN_POINT('',(42.194634043,-5.,-112.492494631));
#4045=CARTESIAN_POINT('',(43.25865695,-10.,-111.893981746));
#4046=CARTESIAN_POINT('',(43.25865695,-5.,-111.893981746));
#4047=B_SPLINE_SURFACE_WITH_KNOTS('',2,1,((#4041,#4042),(#4043,#4044),(#4045,#4046)),.UNSPECIFIED.,.F.,.F.,.U.,(3,3),(2,2),(0.,1.),(0.,1.),.UNSPECIFIED.);
#4048=CARTESIAN_POINT('',(40.665101116,-5.,-112.492494631));
#4049=CARTESIAN_POINT('',(42.194634043,-5.,-112.492494631));
#4050=CARTESIAN_POINT('',(43.25865695,-5.,-111.893981746));
#4051=B_SPLINE_CURVE_WITH_KNOTS('',2,(#4048,#4049,#4050),.UNSPECIFIED.,.F.,.F.,(3,3),(0.,1.),.UNSPECIFIED.);
#4052=EDGE_CURVE('',#3648,#4016,#4051,.T.);
#4053=ORIENTED_EDGE('',*,*,#4052,.F.);
#4054=ORIENTED_EDGE('',*,*,#3675,.F.);
#4055=CARTESIAN_POINT('',(40.665101116,-10.,-112.492494631));
#4056=CARTESIAN_POINT('',(42.194634043,-10.,-112.492494631));
#4057=CARTESIAN_POINT('',(43.25865695,-10.,-111.893981746));
#4058=B_SPLINE_CURVE_WITH_KNOTS('',2,(#4055,#4056,#4057),.UNSPECIFIED.,.F.,.F.,(3,3),(0.,1.),.UNSPECIFIED.);
#4059=EDGE_CURVE('',#3664,#4024,#4058,.T.);
#4060=ORIENTED_EDGE('',*,*,#4059,.T.);
#4061=ORIENTED_EDGE('',*,*,#4029,.T.);
#4062=EDGE_LOOP('',(#4053,#4054,#4060,#4061));
#4063=FACE_BOUND('',#4062,.T.);
#4064=ADVANCED_FACE('',(#4063),#4047,.T.);
#4065=CARTESIAN_POINT('',(40.266092526,-10.,-114.820044738));
#4066=CARTESIAN_POINT('',(40.266092526,-5.,-114.820044738));
#4067=CARTESIAN_POINT('',(38.670058167,-10.,-114.820044738));
#4068=CARTESIAN_POINT('',(38.670058167,-5.,-114.820044738));
#4069=CARTESIAN_POINT('',(37.384363822,-10.,-114.199364709));
#4070=CARTESIAN_POINT('',(37.384363822,-5.,-114.199364709));
#4071=B_SPLINE_SURFACE_WITH_KNOTS('',2,1,((#4065,#4066),(#4067,#4068),(#4069,#4070)),.UNSPECIFIED.,.F.,.F.,.U.,(3,3),(2,2),(0.,1.),(0.,1.),.UNSPECIFIED.);
#4072=CARTESIAN_POINT('',(40.266092526,-5.,-114.820044738));
#4073=CARTESIAN_POINT('',(38.670058167,-5.,-114.820044738));
#4074=CARTESIAN_POINT('',(37.384363822,-5.,-114.199364709));
#4075=B_SPLINE_CURVE_WITH_KNOTS('',2,(#4072,#4073,#4074),.UNSPECIFIED.,.F.,.F.,(3,3),(0.,1.),.UNSPECIFIED.);
#4076=EDGE_CURVE('',#2694,#3613,#4075,.T.);
#4077=ORIENTED_EDGE('',*,*,#4076,.F.);
#4078=ORIENTED_EDGE('',*,*,#2721,.F.);
#4079=CARTESIAN_POINT('',(40.266092526,-10.,-114.820044738));
#4080=CARTESIAN_POINT('',(38.670058167,-10.,-114.820044738));
#4081=CARTESIAN_POINT('',(37.384363822,-10.,-114.199364709));
#4082=B_SPLINE_CURVE_WITH_KNOTS('',2,(#4079,#4080,#4081),.UNSPECIFIED.,.F.,.F.,(3,3),(0.,1.),.UNSPECIFIED.);
#4083=EDGE_CURVE('',#2710,#3621,#4082,.T.);
#4084=ORIENTED_EDGE('',*,*,#4083,.T.);
#4085=ORIENTED_EDGE('',*,*,#3626,.T.);
#4086=EDGE_LOOP('',(#4077,#4078,#4084,#4085));
#4087=FACE_BOUND('',#4086,.T.);
#4088=ADVANCED_FACE('',(#4087),#4071,.T.);
#4089=CARTESIAN_POINT('',(125.,-10.,-75.));
#4090=DIRECTION('',(0.,-1.,0.));
#4091=DIRECTION('',(0.,0.,-1.));
#4092=AXIS2_PLACEMENT_3D('',#4089,#4090,#4091);
#4093=PLANE('',#4092);
#4094=ORIENTED_EDGE('',*,*,#3669,.F.);
#4095=ORIENTED_EDGE('',*,*,#3707,.F.);
#4096=ORIENTED_EDGE('',*,*,#3740,.F.);
#4097=ORIENTED_EDGE('',*,*,#3773,.F.);
#4098=ORIENTED_EDGE('',*,*,#3806,.F.);
#4099=ORIENTED_EDGE('',*,*,#3839,.F.);
#4100=ORIENTED_EDGE('',*,*,#3872,.F.);
#4101=ORIENTED_EDGE('',*,*,#3905,.F.);
#4102=ORIENTED_EDGE('',*,*,#3938,.F.);
#4103=ORIENTED_EDGE('',*,*,#3969,.F.);
#4104=ORIENTED_EDGE('',*,*,#4002,.F.);
#4105=ORIENTED_EDGE('',*,*,#4035,.F.);
#4106=ORIENTED_EDGE('',*,*,#4059,.F.);
#4107=EDGE_LOOP('',(#4094,#4095,#4096,#4097,#4098,#4099,#4100,#4101,#4102,#4103,#4104,#4105,#4106));
#4108=FACE_BOUND('',#4107,.T.);
#4109=ORIENTED_EDGE('',*,*,#2715,.F.);
#4110=ORIENTED_EDGE('',*,*,#2753,.F.);
#4111=ORIENTED_EDGE('',*,*,#2786,.F.);
#4112=ORIENTED_EDGE('',*,*,#2817,.F.);
#4113=ORIENTED_EDGE('',*,*,#2848,.F.);
#4114=ORIENTED_EDGE('',*,*,#2879,.F.);
#4115=ORIENTED_EDGE('',*,*,#2910,.F.);
#4116=ORIENTED_EDGE('',*,*,#2943,.F.);
#4117=ORIENTED_EDGE('',*,*,#2976,.F.);
#4118=ORIENTED_EDGE('',*,*,#3009,.F.);
#4119=ORIENTED_EDGE('',*,*,#3042,.F.);
#4120=ORIENTED_EDGE('',*,*,#3075,.F.);
#4121=ORIENTED_EDGE('',*,*,#3108,.F.);
#4122=ORIENTED_EDGE('',*,*,#3141,.F.);
#4123=ORIENTED_EDGE('',*,*,#3172,.F.);
#4124=ORIENTED_EDGE('',*,*,#3205,.F.);
#4125=ORIENTED_EDGE('',*,*,#3238,.F.);
#4126=ORIENTED_EDGE('',*,*,#3271,.F.);
#4127=ORIENTED_EDGE('',*,*,#3304,.F.);
#4128=ORIENTED_EDGE('',*,*,#3335,.F.);
#4129=ORIENTED_EDGE('',*,*,#3368,.F.);
#4130=ORIENTED_EDGE('',*,*,#3401,.F.);
#4131=ORIENTED_EDGE('',*,*,#3434,.F.);
#4132=ORIENTED_EDGE('',*,*,#3467,.F.);
#4133=ORIENTED_EDGE('',*,*,#3500,.F.);
#4134=ORIENTED_EDGE('',*,*,#3533,.F.);
#4135=ORIENTED_EDGE('',*,*,#3566,.F.);
#4136=ORIENTED_EDGE('',*,*,#3599,.F.);
#4137=ORIENTED_EDGE('',*,*,#3632,.F.);
#4138=ORIENTED_EDGE('',*,*,#4083,.F.);
#4139=EDGE_LOOP('',(#4109,#4110,#4111,#4112,#4113,#4114,#4115,#4116,#4117,#4118,#4119,#4120,#4121,#4122,#4123,#4124,#4125,#4126,#4127,#4128,#4129,#4130,#4131,#4132,#4133,#4134,
#4135,#4136,#4137,#4138));
#4140=FACE_BOUND('',#4139,.T.);
#4141=ADVANCED_FACE('',(#4108,#4140),#4093,.T.);
#4142=CARTESIAN_POINT('',(125.,-5.,-75.));
#4143=DIRECTION('',(0.,-1.,0.));
#4144=DIRECTION('',(0.,0.,-1.));
#4145=AXIS2_PLACEMENT_3D('',#4142,#4143,#4144);
#4146=PLANE('',#4145);
#4147=ORIENTED_EDGE('',*,*,#3653,.T.);
#4148=ORIENTED_EDGE('',*,*,#4052,.T.);
#4149=ORIENTED_EDGE('',*,*,#4021,.T.);
#4150=ORIENTED_EDGE('',*,*,#3988,.T.);
#4151=ORIENTED_EDGE('',*,*,#3955,.T.);
#4152=ORIENTED_EDGE('',*,*,#3924,.T.);
#4153=ORIENTED_EDGE('',*,*,#3891,.T.);
#4154=ORIENTED_EDGE('',*,*,#3858,.T.);
#4155=ORIENTED_EDGE('',*,*,#3825,.T.);
#4156=ORIENTED_EDGE('',*,*,#3792,.T.);
#4157=ORIENTED_EDGE('',*,*,#3759,.T.);
#4158=ORIENTED_EDGE('',*,*,#3726,.T.);
#4159=ORIENTED_EDGE('',*,*,#3693,.T.);
#4160=EDGE_LOOP('',(#4147,#4148,#4149,#4150,#4151,#4152,#4153,#4154,#4155,#4156,#4157,#4158,#4159));
#4161=FACE_BOUND('',#4160,.T.);
#4162=ORIENTED_EDGE('',*,*,#2699,.T.);
#4163=ORIENTED_EDGE('',*,*,#4076,.T.);
#4164=ORIENTED_EDGE('',*,*,#3618,.T.);
#4165=ORIENTED_EDGE('',*,*,#3585,.T.);
#4166=ORIENTED_EDGE('',*,*,#3552,.T.);
#4167=ORIENTED_EDGE('',*,*,#3519,.T.);
#4168=ORIENTED_EDGE('',*,*,#3486,.T.);
#4169=ORIENTED_EDGE('',*,*,#3453,.T.);
#4170=ORIENTED_EDGE('',*,*,#3420,.T.);
#4171=ORIENTED_EDGE('',*,*,#3387,.T.);
#4172=ORIENTED_EDGE('',*,*,#3354,.T.);
#4173=ORIENTED_EDGE('',*,*,#3321,.T.);
#4174=ORIENTED_EDGE('',*,*,#3290,.T.);
#4175=ORIENTED_EDGE('',*,*,#3257,.T.);
#4176=ORIENTED_EDGE('',*,*,#3224,.T.);
#4177=ORIENTED_EDGE('',*,*,#3191,.T.);
#4178=ORIENTED_EDGE('',*,*,#3158,.T.);
#4179=ORIENTED_EDGE('',*,*,#3127,.T.);
#4180=ORIENTED_EDGE('',*,*,#3094,.T.);
#4181=ORIENTED_EDGE('',*,*,#3061,.T.);
#4182=ORIENTED_EDGE('',*,*,#3028,.T.);
#4183=ORIENTED_EDGE('',*,*,#2995,.T.);
#4184=ORIENTED_EDGE('',*,*,#2962,.T.);
#4185=ORIENTED_EDGE('',*,*,#2929,.T.);
#4186=ORIENTED_EDGE('',*,*,#2896,.T.);
#4187=ORIENTED_EDGE('',*,*,#2865,.T.);
#4188=ORIENTED_EDGE('',*,*,#2834,.T.);
#4189=ORIENTED_EDGE('',*,*,#2803,.T.);
#4190=ORIENTED_EDGE('',*,*,#2772,.T.);
#4191=ORIENTED_EDGE('',*,*,#2739,.T.);
#4192=EDGE_LOOP('',(#4162,#4163,#4164,#4165,#4166,#4167,#4168,#4169,#4170,#4171,#4172,#4173,#4174,#4175,#4176,#4177,#4178,#4179,#4180,#4181,#4182,#4183,#4184,#4185,#4186,#4187,
#4188,#4189,#4190,#4191));
#4193=FACE_BOUND('',#4192,.T.);
#4194=ADVANCED_FACE('',(#4161,#4193),#4146,.F.);
#4195=CLOSED_SHELL('',(#2725,#2758,#2791,#2822,#2853,#2884,#2915,#2948,#2981,#3014,#3047,#3080,#3113,#3146,#3177,#3210,#3243,#3276,#3309,#3340,#3373,#3406,#3439,#3472,#3505,#3538,
#3571,#3604,#3637,#3679,#3712,#3745,#3778,#3811,#3844,#3877,#3910,#3943,#3974,#4007,#4040,#4064,#4088,#4141,#4194));
#4196=MANIFOLD_SOLID_BREP('Extruded.007',#4195);
#2683=STYLED_ITEM('',(),#4196);
#4198=CARTESIAN_POINT('',(55.827427528,-10.,-101.830098425));
#4199=CARTESIAN_POINT('',(55.827427528,-5.,-101.830098425));
#4200=CARTESIAN_POINT('',(55.273248931,-10.,-102.849787044));
#4201=CARTESIAN_POINT('',(55.273248931,-5.,-102.849787044));
#4202=CARTESIAN_POINT('',(55.273248931,-10.,-104.31281854));
#4203=CARTESIAN_POINT('',(55.273248931,-5.,-104.31281854));
#4204=B_SPLINE_SURFACE_WITH_KNOTS('',2,1,((#4198,#4199),(#4200,#4201),(#4202,#4203)),.UNSPECIFIED.,.F.,.F.,.U.,(3,3),(2,2),(0.,1.),(0.,1.),.UNSPECIFIED.);
#4205=CARTESIAN_POINT('',(55.827427528,-5.,-101.830098425));
#4206=VERTEX_POINT('',#4205);
#4207=CARTESIAN_POINT('',(55.273248931,-5.,-104.31281854));
#4208=VERTEX_POINT('',#4207);
#4209=CARTESIAN_POINT('',(55.827427528,-5.,-101.830098425));
#4210=CARTESIAN_POINT('',(55.273248931,-5.,-102.849787044));
#4211=CARTESIAN_POINT('',(55.273248931,-5.,-104.31281854));
#4212=B_SPLINE_CURVE_WITH_KNOTS('',2,(#4209,#4210,#4211),.UNSPECIFIED.,.F.,.F.,(3,3),(0.,1.),.UNSPECIFIED.);
#4213=EDGE_CURVE('',#4206,#4208,#4212,.T.);
#4214=ORIENTED_EDGE('',*,*,#4213,.F.);
#4215=CARTESIAN_POINT('',(55.827427528,-10.,-101.830098425));
#4216=VERTEX_POINT('',#4215);
#4217=CARTESIAN_POINT('',(55.827427528,-10.,-101.830098425));
#4218=DIRECTION('',(0.,1.,0.));
#4219=VECTOR('',#4218,5.);
#4220=LINE('',#4217,#4219);
#4221=EDGE_CURVE('',#4216,#4206,#4220,.T.);
#4222=ORIENTED_EDGE('',*,*,#4221,.F.);
#4223=CARTESIAN_POINT('',(55.273248931,-10.,-104.31281854));
#4224=VERTEX_POINT('',#4223);
#4225=CARTESIAN_POINT('',(55.827427528,-10.,-101.830098425));
#4226=CARTESIAN_POINT('',(55.273248931,-10.,-102.849787044));
#4227=CARTESIAN_POINT('',(55.273248931,-10.,-104.31281854));
#4228=B_SPLINE_CURVE_WITH_KNOTS('',2,(#4225,#4226,#4227),.UNSPECIFIED.,.F.,.F.,(3,3),(0.,1.),.UNSPECIFIED.);
#4229=EDGE_CURVE('',#4216,#4224,#4228,.T.);
#4230=ORIENTED_EDGE('',*,*,#4229,.T.);
#4231=CARTESIAN_POINT('',(55.273248931,-10.,-104.31281854));
#4232=DIRECTION('',(0.,1.,0.));
#4233=VECTOR('',#4232,5.);
#4234=LINE('',#4231,#4233);
#4235=EDGE_CURVE('',#4224,#4208,#4234,.T.);
#4236=ORIENTED_EDGE('',*,*,#4235,.T.);
#4237=EDGE_LOOP('',(#4214,#4222,#4230,#4236));
#4238=FACE_BOUND('',#4237,.T.);
#4239=ADVANCED_FACE('',(#4238),#4204,.T.);
#4240=CARTESIAN_POINT('',(57.356960456,-10.,-100.25623121));
#4241=CARTESIAN_POINT('',(57.356960456,-5.,-100.25623121));
#4242=CARTESIAN_POINT('',(56.381606125,-10.,-100.788242663));
#4243=CARTESIAN_POINT('',(56.381606125,-5.,-100.788242663));
#4244=CARTESIAN_POINT('',(55.827427528,-10.,-101.830098425));
#4245=CARTESIAN_POINT('',(55.827427528,-5.,-101.830098425));
#4246=B_SPLINE_SURFACE_WITH_KNOTS('',2,1,((#4240,#4241),(#4242,#4243),(#4244,#4245)),.UNSPECIFIED.,.F.,.F.,.U.,(3,3),(2,2),(0.,1.),(0.,1.),.UNSPECIFIED.);
#4247=CARTESIAN_POINT('',(57.356960456,-5.,-100.25623121));
#4248=VERTEX_POINT('',#4247);
#4249=CARTESIAN_POINT('',(57.356960456,-5.,-100.25623121));
#4250=CARTESIAN_POINT('',(56.381606125,-5.,-100.788242663));
#4251=CARTESIAN_POINT('',(55.827427528,-5.,-101.830098425));
#4252=B_SPLINE_CURVE_WITH_KNOTS('',2,(#4249,#4250,#4251),.UNSPECIFIED.,.F.,.F.,(3,3),(0.,1.),.UNSPECIFIED.);
#4253=EDGE_CURVE('',#4248,#4206,#4252,.T.);
#4254=ORIENTED_EDGE('',*,*,#4253,.F.);
#4255=CARTESIAN_POINT('',(57.356960456,-10.,-100.25623121));
#4256=VERTEX_POINT('',#4255);
#4257=CARTESIAN_POINT('',(57.356960456,-10.,-100.25623121));
#4258=DIRECTION('',(0.,1.,0.));
#4259=VECTOR('',#4258,5.);
#4260=LINE('',#4257,#4259);
#4261=EDGE_CURVE('',#4256,#4248,#4260,.T.);
#4262=ORIENTED_EDGE('',*,*,#4261,.F.);
#4263=CARTESIAN_POINT('',(57.356960456,-10.,-100.25623121));
#4264=CARTESIAN_POINT('',(56.381606125,-10.,-100.788242663));
#4265=CARTESIAN_POINT('',(55.827427528,-10.,-101.830098425));
#4266=B_SPLINE_CURVE_WITH_KNOTS('',2,(#4263,#4264,#4265),.UNSPECIFIED.,.F.,.F.,(3,3),(0.,1.),.UNSPECIFIED.);
#4267=EDGE_CURVE('',#4256,#4216,#4266,.T.);
#4268=ORIENTED_EDGE('',*,*,#4267,.T.);
#4269=ORIENTED_EDGE('',*,*,#4221,.T.);
#4270=EDGE_LOOP('',(#4254,#4262,#4268,#4269));
#4271=FACE_BOUND('',#4270,.T.);
#4272=ADVANCED_FACE('',(#4271),#4246,.T.);
#4273=CARTESIAN_POINT('',(59.5515077,-10.,-99.724219757));
#4274=CARTESIAN_POINT('',(59.5515077,-5.,-99.724219757));
#4275=CARTESIAN_POINT('',(58.332314787,-10.,-99.724219757));
#4276=CARTESIAN_POINT('',(58.332314787,-5.,-99.724219757));
#4277=CARTESIAN_POINT('',(57.356960456,-10.,-100.25623121));
#4278=CARTESIAN_POINT('',(57.356960456,-5.,-100.25623121));
#4279=B_SPLINE_SURFACE_WITH_KNOTS('',2,1,((#4273,#4274),(#4275,#4276),(#4277,#4278)),.UNSPECIFIED.,.F.,.F.,.U.,(3,3),(2,2),(0.,1.),(0.,1.),.UNSPECIFIED.);
#4280=CARTESIAN_POINT('',(59.5515077,-5.,-99.724219757));
#4281=VERTEX_POINT('',#4280);
#4282=CARTESIAN_POINT('',(59.5515077,-5.,-99.724219757));
#4283=CARTESIAN_POINT('',(58.332314787,-5.,-99.724219757));
#4284=CARTESIAN_POINT('',(57.356960456,-5.,-100.25623121));
#4285=B_SPLINE_CURVE_WITH_KNOTS('',2,(#4282,#4283,#4284),.UNSPECIFIED.,.F.,.F.,(3,3),(0.,1.),.UNSPECIFIED.);
#4286=EDGE_CURVE('',#4281,#4248,#4285,.T.);
#4287=ORIENTED_EDGE('',*,*,#4286,.F.);
#4288=CARTESIAN_POINT('',(59.5515077,-10.,-99.724219757));
#4289=VERTEX_POINT('',#4288);
#4290=CARTESIAN_POINT('',(59.5515077,-10.,-99.724219757));
#4291=DIRECTION('',(0.,1.,0.));
#4292=VECTOR('',#4291,5.);
#4293=LINE('',#4290,#4292);
#4294=EDGE_CURVE('',#4289,#4281,#4293,.T.);
#4295=ORIENTED_EDGE('',*,*,#4294,.F.);
#4296=CARTESIAN_POINT('',(59.5515077,-10.,-99.724219757));
#4297=CARTESIAN_POINT('',(58.332314787,-10.,-99.724219757));
#4298=CARTESIAN_POINT('',(57.356960456,-10.,-100.25623121));
#4299=B_SPLINE_CURVE_WITH_KNOTS('',2,(#4296,#4297,#4298),.UNSPECIFIED.,.F.,.F.,(3,3),(0.,1.),.UNSPECIFIED.);
#4300=EDGE_CURVE('',#4289,#4256,#4299,.T.);
#4301=ORIENTED_EDGE('',*,*,#4300,.T.);
#4302=ORIENTED_EDGE('',*,*,#4261,.T.);
#4303=EDGE_LOOP('',(#4287,#4295,#4301,#4302));
#4304=FACE_BOUND('',#4303,.T.);
#4305=ADVANCED_FACE('',(#4304),#4279,.T.);
#4306=CARTESIAN_POINT('',(62.388902116,-10.,-100.832576951));
#4307=CARTESIAN_POINT('',(62.388902116,-5.,-100.832576951));
#4308=CARTESIAN_POINT('',(61.347046354,-10.,-99.724219757));
#4309=CARTESIAN_POINT('',(61.347046354,-5.,-99.724219757));
#4310=CARTESIAN_POINT('',(59.5515077,-10.,-99.724219757));
#4311=CARTESIAN_POINT('',(59.5515077,-5.,-99.724219757));
#4312=B_SPLINE_SURFACE_WITH_KNOTS('',2,1,((#4306,#4307),(#4308,#4309),(#4310,#4311)),.UNSPECIFIED.,.F.,.F.,.U.,(3,3),(2,2),(0.,1.),(0.,1.),.UNSPECIFIED.);
#4313=CARTESIAN_POINT('',(62.388902116,-5.,-100.832576951));
#4314=VERTEX_POINT('',#4313);
#4315=CARTESIAN_POINT('',(62.388902116,-5.,-100.832576951));
#4316=CARTESIAN_POINT('',(61.347046354,-5.,-99.724219757));
#4317=CARTESIAN_POINT('',(59.5515077,-5.,-99.724219757));
#4318=B_SPLINE_CURVE_WITH_KNOTS('',2,(#4315,#4316,#4317),.UNSPECIFIED.,.F.,.F.,(3,3),(0.,1.),.UNSPECIFIED.);
#4319=EDGE_CURVE('',#4314,#4281,#4318,.T.);
#4320=ORIENTED_EDGE('',*,*,#4319,.F.);
#4321=CARTESIAN_POINT('',(62.388902116,-10.,-100.832576951));
#4322=VERTEX_POINT('',#4321);
#4323=CARTESIAN_POINT('',(62.388902116,-10.,-100.832576951));
#4324=DIRECTION('',(0.,1.,0.));
#4325=VECTOR('',#4324,5.);
#4326=LINE('',#4323,#4325);
#4327=EDGE_CURVE('',#4322,#4314,#4326,.T.);
#4328=ORIENTED_EDGE('',*,*,#4327,.F.);
#4329=CARTESIAN_POINT('',(62.388902116,-10.,-100.832576951));
#4330=CARTESIAN_POINT('',(61.347046354,-10.,-99.724219757));
#4331=CARTESIAN_POINT('',(59.5515077,-10.,-99.724219757));
#4332=B_SPLINE_CURVE_WITH_KNOTS('',2,(#4329,#4330,#4331),.UNSPECIFIED.,.F.,.F.,(3,3),(0.,1.),.UNSPECIFIED.);
#4333=EDGE_CURVE('',#4322,#4289,#4332,.T.);
#4334=ORIENTED_EDGE('',*,*,#4333,.T.);
#4335=ORIENTED_EDGE('',*,*,#4294,.T.);
#4336=EDGE_LOOP('',(#4320,#4328,#4334,#4335));
#4337=FACE_BOUND('',#4336,.T.);
#4338=ADVANCED_FACE('',(#4337),#4312,.T.);
#4339=CARTESIAN_POINT('',(63.408590735,-10.,-103.935977094));
#4340=CARTESIAN_POINT('',(63.408590735,-5.,-103.935977094));
#4341=CARTESIAN_POINT('',(63.408590735,-10.,-101.940934145));
#4342=CARTESIAN_POINT('',(63.408590735,-5.,-101.940934145));
#4343=CARTESIAN_POINT('',(62.388902116,-10.,-100.832576951));
#4344=CARTESIAN_POINT('',(62.388902116,-5.,-100.832576951));
#4345=B_SPLINE_SURFACE_WITH_KNOTS('',2,1,((#4339,#4340),(#4341,#4342),(#4343,#4344)),.UNSPECIFIED.,.F.,.F.,.U.,(3,3),(2,2),(0.,1.),(0.,1.),.UNSPECIFIED.);
#4346=CARTESIAN_POINT('',(63.408590735,-5.,-103.935977094));
#4347=VERTEX_POINT('',#4346);
#4348=CARTESIAN_POINT('',(63.408590735,-5.,-103.935977094));
#4349=CARTESIAN_POINT('',(63.408590735,-5.,-101.940934145));
#4350=CARTESIAN_POINT('',(62.388902116,-5.,-100.832576951));
#4351=B_SPLINE_CURVE_WITH_KNOTS('',2,(#4348,#4349,#4350),.UNSPECIFIED.,.F.,.F.,(3,3),(0.,1.),.UNSPECIFIED.);
#4352=EDGE_CURVE('',#4347,#4314,#4351,.T.);
#4353=ORIENTED_EDGE('',*,*,#4352,.F.);
#4354=CARTESIAN_POINT('',(63.408590735,-10.,-103.935977094));
#4355=VERTEX_POINT('',#4354);
#4356=CARTESIAN_POINT('',(63.408590735,-10.,-103.935977094));
#4357=DIRECTION('',(0.,1.,0.));
#4358=VECTOR('',#4357,5.);
#4359=LINE('',#4356,#4358);
#4360=EDGE_CURVE('',#4355,#4347,#4359,.T.);
#4361=ORIENTED_EDGE('',*,*,#4360,.F.);
#4362=CARTESIAN_POINT('',(63.408590735,-10.,-103.935977094));
#4363=CARTESIAN_POINT('',(63.408590735,-10.,-101.940934145));
#4364=CARTESIAN_POINT('',(62.388902116,-10.,-100.832576951));
#4365=B_SPLINE_CURVE_WITH_KNOTS('',2,(#4362,#4363,#4364),.UNSPECIFIED.,.F.,.F.,(3,3),(0.,1.),.UNSPECIFIED.);
#4366=EDGE_CURVE('',#4355,#4322,#4365,.T.);
#4367=ORIENTED_EDGE('',*,*,#4366,.T.);
#4368=ORIENTED_EDGE('',*,*,#4327,.T.);
#4369=EDGE_LOOP('',(#4353,#4361,#4367,#4368));
#4370=FACE_BOUND('',#4369,.T.);
#4371=ADVANCED_FACE('',(#4370),#4345,.T.);
#4372=CARTESIAN_POINT('',(63.408590735,-10.,-109.178506621));
#4373=DIRECTION('',(-1.,0.,0.));
#4374=DIRECTION('',(0.,0.,1.));
#4375=AXIS2_PLACEMENT_3D('',#4372,#4373,#4374);
#4376=PLANE('',#4375);
#4377=CARTESIAN_POINT('',(63.408590735,-5.,-114.421036148));
#4378=VERTEX_POINT('',#4377);
#4379=CARTESIAN_POINT('',(63.408590735,-5.,-114.421036148));
#4380=DIRECTION('',(0.,0.,1.));
#4381=VECTOR('',#4380,10.485059054);
#4382=LINE('',#4379,#4381);
#4383=EDGE_CURVE('',#4378,#4347,#4382,.T.);
#4384=ORIENTED_EDGE('',*,*,#4383,.F.);
#4385=CARTESIAN_POINT('',(63.408590735,-10.,-114.421036148));
#4386=VERTEX_POINT('',#4385);
#4387=CARTESIAN_POINT('',(63.408590735,-10.,-114.421036148));
#4388=DIRECTION('',(0.,1.,0.));
#4389=VECTOR('',#4388,5.);
#4390=LINE('',#4387,#4389);
#4391=EDGE_CURVE('',#4386,#4378,#4390,.T.);
#4392=ORIENTED_EDGE('',*,*,#4391,.F.);
#4393=CARTESIAN_POINT('',(63.408590735,-10.,-114.421036148));
#4394=DIRECTION('',(0.,0.,1.));
#4395=VECTOR('',#4394,10.485059054);
#4396=LINE('',#4393,#4395);
#4397=EDGE_CURVE('',#4386,#4355,#4396,.T.);
#4398=ORIENTED_EDGE('',*,*,#4397,.T.);
#4399=ORIENTED_EDGE('',*,*,#4360,.T.);
#4400=EDGE_LOOP('',(#4384,#4392,#4398,#4399));
#4401=FACE_BOUND('',#4400,.T.);
#4402=ADVANCED_FACE('',(#4401),#4376,.T.);
#4403=CARTESIAN_POINT('',(64.69428508,-10.,-114.421036148));
#4404=DIRECTION('',(0.,0.,-1.));
#4405=DIRECTION('',(-1.,0.,0.));
#4406=AXIS2_PLACEMENT_3D('',#4403,#4404,#4405);
#4407=PLANE('',#4406);
#4408=CARTESIAN_POINT('',(65.979979425,-5.,-114.421036148));
#4409=VERTEX_POINT('',#4408);
#4410=CARTESIAN_POINT('',(65.979979425,-5.,-114.421036148));
#4411=DIRECTION('',(-1.,0.,0.));
#4412=VECTOR('',#4411,2.57138869);
#4413=LINE('',#4410,#4412);
#4414=EDGE_CURVE('',#4409,#4378,#4413,.T.);
#4415=ORIENTED_EDGE('',*,*,#4414,.F.);
#4416=CARTESIAN_POINT('',(65.979979425,-10.,-114.421036148));
#4417=VERTEX_POINT('',#4416);
#4418=CARTESIAN_POINT('',(65.979979425,-10.,-114.421036148));
#4419=DIRECTION('',(0.,1.,0.));
#4420=VECTOR('',#4419,5.);
#4421=LINE('',#4418,#4420);
#4422=EDGE_CURVE('',#4417,#4409,#4421,.T.);
#4423=ORIENTED_EDGE('',*,*,#4422,.F.);
#4424=CARTESIAN_POINT('',(65.979979425,-10.,-114.421036148));
#4425=DIRECTION('',(-1.,0.,0.));
#4426=VECTOR('',#4425,2.57138869);
#4427=LINE('',#4424,#4426);
#4428=EDGE_CURVE('',#4417,#4386,#4427,.T.);
#4429=ORIENTED_EDGE('',*,*,#4428,.T.);
#4430=ORIENTED_EDGE('',*,*,#4391,.T.);
#4431=EDGE_LOOP('',(#4415,#4423,#4429,#4430));
#4432=FACE_BOUND('',#4431,.T.);
#4433=ADVANCED_FACE('',(#4432),#4407,.T.);
#4434=CARTESIAN_POINT('',(65.979979425,-10.,-109.089838046));
#4435=DIRECTION('',(1.,0.,0.));
#4436=DIRECTION('',(0.,0.,-1.));
#4437=AXIS2_PLACEMENT_3D('',#4434,#4435,#4436);
#4438=PLANE('',#4437);
#4439=CARTESIAN_POINT('',(65.979979425,-5.,-103.758639943));
#4440=VERTEX_POINT('',#4439);
#4441=CARTESIAN_POINT('',(65.979979425,-5.,-103.758639943));
#4442=DIRECTION('',(0.,0.,-1.));
#4443=VECTOR('',#4442,10.662396205);
#4444=LINE('',#4441,#4443);
#4445=EDGE_CURVE('',#4440,#4409,#4444,.T.);
#4446=ORIENTED_EDGE('',*,*,#4445,.F.);
#4447=CARTESIAN_POINT('',(65.979979425,-10.,-103.758639943));
#4448=VERTEX_POINT('',#4447);
#4449=CARTESIAN_POINT('',(65.979979425,-10.,-103.758639943));
#4450=DIRECTION('',(0.,1.,0.));
#4451=VECTOR('',#4450,5.);
#4452=LINE('',#4449,#4451);
#4453=EDGE_CURVE('',#4448,#4440,#4452,.T.);
#4454=ORIENTED_EDGE('',*,*,#4453,.F.);
#4455=CARTESIAN_POINT('',(65.979979425,-10.,-103.758639943));
#4456=DIRECTION('',(0.,0.,-1.));
#4457=VECTOR('',#4456,10.662396205);
#4458=LINE('',#4455,#4457);
#4459=EDGE_CURVE('',#4448,#4417,#4458,.T.);
#4460=ORIENTED_EDGE('',*,*,#4459,.T.);
#4461=ORIENTED_EDGE('',*,*,#4422,.T.);
#4462=EDGE_LOOP('',(#4446,#4454,#4460,#4461));
#4463=FACE_BOUND('',#4462,.T.);
#4464=ADVANCED_FACE('',(#4463),#4438,.T.);
#4465=CARTESIAN_POINT('',(65.270630821,-10.,-100.211896922));
#4466=CARTESIAN_POINT('',(65.270630821,-5.,-100.211896922));
#4467=CARTESIAN_POINT('',(65.979979425,-10.,-101.608426987));
#4468=CARTESIAN_POINT('',(65.979979425,-5.,-101.608426987));
#4469=CARTESIAN_POINT('',(65.979979425,-10.,-103.758639943));
#4470=CARTESIAN_POINT('',(65.979979425,-5.,-103.758639943));
#4471=B_SPLINE_SURFACE_WITH_KNOTS('',2,1,((#4465,#4466),(#4467,#4468),(#4469,#4470)),.UNSPECIFIED.,.F.,.F.,.U.,(3,3),(2,2),(0.,1.),(0.,1.),.UNSPECIFIED.);
#4472=CARTESIAN_POINT('',(65.270630821,-5.,-100.211896922));
#4473=VERTEX_POINT('',#4472);
#4474=CARTESIAN_POINT('',(65.270630821,-5.,-100.211896922));
#4475=CARTESIAN_POINT('',(65.979979425,-5.,-101.608426987));
#4476=CARTESIAN_POINT('',(65.979979425,-5.,-103.758639943));
#4477=B_SPLINE_CURVE_WITH_KNOTS('',2,(#4474,#4475,#4476),.UNSPECIFIED.,.F.,.F.,(3,3),(0.,1.),.UNSPECIFIED.);
#4478=EDGE_CURVE('',#4473,#4440,#4477,.T.);
#4479=ORIENTED_EDGE('',*,*,#4478,.F.);
#4480=CARTESIAN_POINT('',(65.270630821,-10.,-100.211896922));
#4481=VERTEX_POINT('',#4480);
#4482=CARTESIAN_POINT('',(65.270630821,-10.,-100.211896922));
#4483=DIRECTION('',(0.,1.,0.));
#4484=VECTOR('',#4483,5.);
#4485=LINE('',#4482,#4484);
#4486=EDGE_CURVE('',#4481,#4473,#4485,.T.);
#4487=ORIENTED_EDGE('',*,*,#4486,.F.);
#4488=CARTESIAN_POINT('',(65.270630821,-10.,-100.211896922));
#4489=CARTESIAN_POINT('',(65.979979425,-10.,-101.608426987));
#4490=CARTESIAN_POINT('',(65.979979425,-10.,-103.758639943));
#4491=B_SPLINE_CURVE_WITH_KNOTS('',2,(#4488,#4489,#4490),.UNSPECIFIED.,.F.,.F.,(3,3),(0.,1.),.UNSPECIFIED.);
#4492=EDGE_CURVE('',#4481,#4448,#4491,.T.);
#4493=ORIENTED_EDGE('',*,*,#4492,.T.);
#4494=ORIENTED_EDGE('',*,*,#4453,.T.);
#4495=EDGE_LOOP('',(#4479,#4487,#4493,#4494));
#4496=FACE_BOUND('',#4495,.T.);
#4497=ADVANCED_FACE('',(#4496),#4471,.T.);
#4498=CARTESIAN_POINT('',(63.275587871,-10.,-98.106018254));
#4499=CARTESIAN_POINT('',(63.275587871,-5.,-98.106018254));
#4500=CARTESIAN_POINT('',(64.561282216,-10.,-98.793199714));
#4501=CARTESIAN_POINT('',(64.561282216,-5.,-98.793199714));
#4502=CARTESIAN_POINT('',(65.270630821,-10.,-100.211896922));
#4503=CARTESIAN_POINT('',(65.270630821,-5.,-100.211896922));
#4504=B_SPLINE_SURFACE_WITH_KNOTS('',2,1,((#4498,#4499),(#4500,#4501),(#4502,#4503)),.UNSPECIFIED.,.F.,.F.,.U.,(3,3),(2,2),(0.,1.),(0.,1.),.UNSPECIFIED.);
#4505=CARTESIAN_POINT('',(63.275587871,-5.,-98.106018254));
#4506=VERTEX_POINT('',#4505);
#4507=CARTESIAN_POINT('',(63.275587871,-5.,-98.106018254));
#4508=CARTESIAN_POINT('',(64.561282216,-5.,-98.793199714));
#4509=CARTESIAN_POINT('',(65.270630821,-5.,-100.211896922));
#4510=B_SPLINE_CURVE_WITH_KNOTS('',2,(#4507,#4508,#4509),.UNSPECIFIED.,.F.,.F.,(3,3),(0.,1.),.UNSPECIFIED.);
#4511=EDGE_CURVE('',#4506,#4473,#4510,.T.);
#4512=ORIENTED_EDGE('',*,*,#4511,.F.);
#4513=CARTESIAN_POINT('',(63.275587871,-10.,-98.106018254));
#4514=VERTEX_POINT('',#4513);
#4515=CARTESIAN_POINT('',(63.275587871,-10.,-98.106018254));
#4516=DIRECTION('',(0.,1.,0.));
#4517=VECTOR('',#4516,5.);
#4518=LINE('',#4515,#4517);
#4519=EDGE_CURVE('',#4514,#4506,#4518,.T.);
#4520=ORIENTED_EDGE('',*,*,#4519,.F.);
#4521=CARTESIAN_POINT('',(63.275587871,-10.,-98.106018254));
#4522=CARTESIAN_POINT('',(64.561282216,-10.,-98.793199714));
#4523=CARTESIAN_POINT('',(65.270630821,-10.,-100.211896922));
#4524=B_SPLINE_CURVE_WITH_KNOTS('',2,(#4521,#4522,#4523),.UNSPECIFIED.,.F.,.F.,(3,3),(0.,1.),.UNSPECIFIED.);
#4525=EDGE_CURVE('',#4514,#4481,#4524,.T.);
#4526=ORIENTED_EDGE('',*,*,#4525,.T.);
#4527=ORIENTED_EDGE('',*,*,#4486,.T.);
#4528=EDGE_LOOP('',(#4512,#4520,#4526,#4527));
#4529=FACE_BOUND('',#4528,.T.);
#4530=ADVANCED_FACE('',(#4529),#4504,.T.);
#4531=CARTESIAN_POINT('',(60.305190592,-10.,-97.418836794));
#4532=CARTESIAN_POINT('',(60.305190592,-5.,-97.418836794));
#4533=CARTESIAN_POINT('',(62.01206067,-10.,-97.418836794));
#4534=CARTESIAN_POINT('',(62.01206067,-5.,-97.418836794));
#4535=CARTESIAN_POINT('',(63.275587871,-10.,-98.106018254));
#4536=CARTESIAN_POINT('',(63.275587871,-5.,-98.106018254));
#4537=B_SPLINE_SURFACE_WITH_KNOTS('',2,1,((#4531,#4532),(#4533,#4534),(#4535,#4536)),.UNSPECIFIED.,.F.,.F.,.U.,(3,3),(2,2),(0.,1.),(0.,1.),.UNSPECIFIED.);
#4538=CARTESIAN_POINT('',(60.305190592,-5.,-97.418836794));
#4539=VERTEX_POINT('',#4538);
#4540=CARTESIAN_POINT('',(60.305190592,-5.,-97.418836794));
#4541=CARTESIAN_POINT('',(62.01206067,-5.,-97.418836794));
#4542=CARTESIAN_POINT('',(63.275587871,-5.,-98.106018254));
#4543=B_SPLINE_CURVE_WITH_KNOTS('',2,(#4540,#4541,#4542),.UNSPECIFIED.,.F.,.F.,(3,3),(0.,1.),.UNSPECIFIED.);
#4544=EDGE_CURVE('',#4539,#4506,#4543,.T.);
#4545=ORIENTED_EDGE('',*,*,#4544,.F.);
#4546=CARTESIAN_POINT('',(60.305190592,-10.,-97.418836794));
#4547=VERTEX_POINT('',#4546);
#4548=CARTESIAN_POINT('',(60.305190592,-10.,-97.418836794));
#4549=DIRECTION('',(0.,1.,0.));
#4550=VECTOR('',#4549,5.);
#4551=LINE('',#4548,#4550);
#4552=EDGE_CURVE('',#4547,#4539,#4551,.T.);
#4553=ORIENTED_EDGE('',*,*,#4552,.F.);
#4554=CARTESIAN_POINT('',(60.305190592,-10.,-97.418836794));
#4555=CARTESIAN_POINT('',(62.01206067,-10.,-97.418836794));
#4556=CARTESIAN_POINT('',(63.275587871,-10.,-98.106018254));
#4557=B_SPLINE_CURVE_WITH_KNOTS('',2,(#4554,#4555,#4556),.UNSPECIFIED.,.F.,.F.,(3,3),(0.,1.),.UNSPECIFIED.);
#4558=EDGE_CURVE('',#4547,#4514,#4557,.T.);
#4559=ORIENTED_EDGE('',*,*,#4558,.T.);
#4560=ORIENTED_EDGE('',*,*,#4519,.T.);
#4561=EDGE_LOOP('',(#4545,#4553,#4559,#4560));
#4562=FACE_BOUND('',#4561,.T.);
#4563=ADVANCED_FACE('',(#4562),#4537,.T.);
#4564=CARTESIAN_POINT('',(57.201790449,-10.,-98.194686829));
#4565=CARTESIAN_POINT('',(57.201790449,-5.,-98.194686829));
#4566=CARTESIAN_POINT('',(58.398816218,-10.,-97.418836794));
#4567=CARTESIAN_POINT('',(58.398816218,-5.,-97.418836794));
#4568=CARTESIAN_POINT('',(60.305190592,-10.,-97.418836794));
#4569=CARTESIAN_POINT('',(60.305190592,-5.,-97.418836794));
#4570=B_SPLINE_SURFACE_WITH_KNOTS('',2,1,((#4564,#4565),(#4566,#4567),(#4568,#4569)),.UNSPECIFIED.,.F.,.F.,.U.,(3,3),(2,2),(0.,1.),(0.,1.),.UNSPECIFIED.);
#4571=CARTESIAN_POINT('',(57.201790449,-5.,-98.194686829));
#4572=VERTEX_POINT('',#4571);
#4573=CARTESIAN_POINT('',(57.201790449,-5.,-98.194686829));
#4574=CARTESIAN_POINT('',(58.398816218,-5.,-97.418836794));
#4575=CARTESIAN_POINT('',(60.305190592,-5.,-97.418836794));
#4576=B_SPLINE_CURVE_WITH_KNOTS('',2,(#4573,#4574,#4575),.UNSPECIFIED.,.F.,.F.,(3,3),(0.,1.),.UNSPECIFIED.);
#4577=EDGE_CURVE('',#4572,#4539,#4576,.T.);
#4578=ORIENTED_EDGE('',*,*,#4577,.F.);
#4579=CARTESIAN_POINT('',(57.201790449,-10.,-98.194686829));
#4580=VERTEX_POINT('',#4579);
#4581=CARTESIAN_POINT('',(57.201790449,-10.,-98.194686829));
#4582=DIRECTION('',(0.,1.,0.));
#4583=VECTOR('',#4582,5.);
#4584=LINE('',#4581,#4583);
#4585=EDGE_CURVE('',#4580,#4572,#4584,.T.);
#4586=ORIENTED_EDGE('',*,*,#4585,.F.);
#4587=CARTESIAN_POINT('',(57.201790449,-10.,-98.194686829));
#4588=CARTESIAN_POINT('',(58.398816218,-10.,-97.418836794));
#4589=CARTESIAN_POINT('',(60.305190592,-10.,-97.418836794));
#4590=B_SPLINE_CURVE_WITH_KNOTS('',2,(#4587,#4588,#4589),.UNSPECIFIED.,.F.,.F.,(3,3),(0.,1.),.UNSPECIFIED.);
#4591=EDGE_CURVE('',#4580,#4547,#4590,.T.);
#4592=ORIENTED_EDGE('',*,*,#4591,.T.);
#4593=ORIENTED_EDGE('',*,*,#4552,.T.);
#4594=EDGE_LOOP('',(#4578,#4586,#4592,#4593));
#4595=FACE_BOUND('',#4594,.T.);
#4596=ADVANCED_FACE('',(#4595),#4570,.T.);
#4597=CARTESIAN_POINT('',(55.406251795,-10.,-100.25623121));
#4598=CARTESIAN_POINT('',(55.406251795,-5.,-100.25623121));
#4599=CARTESIAN_POINT('',(55.982597536,-10.,-98.970536865));
#4600=CARTESIAN_POINT('',(55.982597536,-5.,-98.970536865));
#4601=CARTESIAN_POINT('',(57.201790449,-10.,-98.194686829));
#4602=CARTESIAN_POINT('',(57.201790449,-5.,-98.194686829));
#4603=B_SPLINE_SURFACE_WITH_KNOTS('',2,1,((#4597,#4598),(#4599,#4600),(#4601,#4602)),.UNSPECIFIED.,.F.,.F.,.U.,(3,3),(2,2),(0.,1.),(0.,1.),.UNSPECIFIED.);
#4604=CARTESIAN_POINT('',(55.406251795,-5.,-100.25623121));
#4605=VERTEX_POINT('',#4604);
#4606=CARTESIAN_POINT('',(55.406251795,-5.,-100.25623121));
#4607=CARTESIAN_POINT('',(55.982597536,-5.,-98.970536865));
#4608=CARTESIAN_POINT('',(57.201790449,-5.,-98.194686829));
#4609=B_SPLINE_CURVE_WITH_KNOTS('',2,(#4606,#4607,#4608),.UNSPECIFIED.,.F.,.F.,(3,3),(0.,1.),.UNSPECIFIED.);
#4610=EDGE_CURVE('',#4605,#4572,#4609,.T.);
#4611=ORIENTED_EDGE('',*,*,#4610,.F.);
#4612=CARTESIAN_POINT('',(55.406251795,-10.,-100.25623121));
#4613=VERTEX_POINT('',#4612);
#4614=CARTESIAN_POINT('',(55.406251795,-10.,-100.25623121));
#4615=DIRECTION('',(0.,1.,0.));
#4616=VECTOR('',#4615,5.);
#4617=LINE('',#4614,#4616);
#4618=EDGE_CURVE('',#4613,#4605,#4617,.T.);
#4619=ORIENTED_EDGE('',*,*,#4618,.F.);
#4620=CARTESIAN_POINT('',(55.406251795,-10.,-100.25623121));
#4621=CARTESIAN_POINT('',(55.982597536,-10.,-98.970536865));
#4622=CARTESIAN_POINT('',(57.201790449,-10.,-98.194686829));
#4623=B_SPLINE_CURVE_WITH_KNOTS('',2,(#4620,#4621,#4622),.UNSPECIFIED.,.F.,.F.,(3,3),(0.,1.),.UNSPECIFIED.);
#4624=EDGE_CURVE('',#4613,#4580,#4623,.T.);
#4625=ORIENTED_EDGE('',*,*,#4624,.T.);
#4626=ORIENTED_EDGE('',*,*,#4585,.T.);
#4627=EDGE_LOOP('',(#4611,#4619,#4625,#4626));
#4628=FACE_BOUND('',#4627,.T.);
#4629=ADVANCED_FACE('',(#4628),#4603,.T.);
#4630=CARTESIAN_POINT('',(55.295416075,-10.,-100.25623121));
#4631=DIRECTION('',(0.,0.,1.));
#4632=DIRECTION('',(1.,0.,0.));
#4633=AXIS2_PLACEMENT_3D('',#4630,#4631,#4632);
#4634=PLANE('',#4633);
#4635=CARTESIAN_POINT('',(55.184580356,-5.,-100.25623121));
#4636=VERTEX_POINT('',#4635);
#4637=CARTESIAN_POINT('',(55.184580356,-5.,-100.25623121));
#4638=DIRECTION('',(1.,0.,-0.));
#4639=VECTOR('',#4638,0.221671439);
#4640=LINE('',#4637,#4639);
#4641=EDGE_CURVE('',#4636,#4605,#4640,.T.);
#4642=ORIENTED_EDGE('',*,*,#4641,.F.);
#4643=CARTESIAN_POINT('',(55.184580356,-10.,-100.25623121));
#4644=VERTEX_POINT('',#4643);
#4645=CARTESIAN_POINT('',(55.184580356,-10.,-100.25623121));
#4646=DIRECTION('',(0.,1.,0.));
#4647=VECTOR('',#4646,5.);
#4648=LINE('',#4645,#4647);
#4649=EDGE_CURVE('',#4644,#4636,#4648,.T.);
#4650=ORIENTED_EDGE('',*,*,#4649,.F.);
#4651=CARTESIAN_POINT('',(55.184580356,-10.,-100.25623121));
#4652=DIRECTION('',(1.,0.,-0.));
#4653=VECTOR('',#4652,0.221671439);
#4654=LINE('',#4651,#4653);
#4655=EDGE_CURVE('',#4644,#4613,#4654,.T.);
#4656=ORIENTED_EDGE('',*,*,#4655,.T.);
#4657=ORIENTED_EDGE('',*,*,#4618,.T.);
#4658=EDGE_LOOP('',(#4642,#4650,#4656,#4657));
#4659=FACE_BOUND('',#4658,.T.);
#4660=ADVANCED_FACE('',(#4659),#4634,.T.);
#4661=CARTESIAN_POINT('',(55.184580356,-10.,-98.937286149));
#4662=DIRECTION('',(1.,0.,0.));
#4663=DIRECTION('',(0.,0.,-1.));
#4664=AXIS2_PLACEMENT_3D('',#4661,#4662,#4663);
#4665=PLANE('',#4664);
#4666=CARTESIAN_POINT('',(55.184580356,-5.,-97.618341089));
#4667=VERTEX_POINT('',#4666);
#4668=CARTESIAN_POINT('',(55.184580356,-5.,-97.618341089));
#4669=DIRECTION('',(0.,0.,-1.));
#4670=VECTOR('',#4669,2.637890121);
#4671=LINE('',#4668,#4670);
#4672=EDGE_CURVE('',#4667,#4636,#4671,.T.);
#4673=ORIENTED_EDGE('',*,*,#4672,.F.);
#4674=CARTESIAN_POINT('',(55.184580356,-10.,-97.618341089));
#4675=VERTEX_POINT('',#4674);
#4676=CARTESIAN_POINT('',(55.184580356,-10.,-97.618341089));
#4677=DIRECTION('',(0.,1.,0.));
#4678=VECTOR('',#4677,5.);
#4679=LINE('',#4676,#4678);
#4680=EDGE_CURVE('',#4675,#4667,#4679,.T.);
#4681=ORIENTED_EDGE('',*,*,#4680,.F.);
#4682=CARTESIAN_POINT('',(55.184580356,-10.,-97.618341089));
#4683=DIRECTION('',(0.,0.,-1.));
#4684=VECTOR('',#4683,2.637890121);
#4685=LINE('',#4682,#4684);
#4686=EDGE_CURVE('',#4675,#4644,#4685,.T.);
#4687=ORIENTED_EDGE('',*,*,#4686,.T.);
#4688=ORIENTED_EDGE('',*,*,#4649,.T.);
#4689=EDGE_LOOP('',(#4673,#4681,#4687,#4688));
#4690=FACE_BOUND('',#4689,.T.);
#4691=ADVANCED_FACE('',(#4690),#4665,.T.);
#4692=CARTESIAN_POINT('',(53.943220299,-10.,-97.618341089));
#4693=DIRECTION('',(0.,0.,1.));
#4694=DIRECTION('',(1.,0.,0.));
#4695=AXIS2_PLACEMENT_3D('',#4692,#4693,#4694);
#4696=PLANE('',#4695);
#4697=CARTESIAN_POINT('',(52.701860242,-5.,-97.618341089));
#4698=VERTEX_POINT('',#4697);
#4699=CARTESIAN_POINT('',(52.701860242,-5.,-97.618341089));
#4700=DIRECTION('',(1.,0.,-0.));
#4701=VECTOR('',#4700,2.482720114);
#4702=LINE('',#4699,#4701);
#4703=EDGE_CURVE('',#4698,#4667,#4702,.T.);
#4704=ORIENTED_EDGE('',*,*,#4703,.F.);
#4705=CARTESIAN_POINT('',(52.701860242,-10.,-97.618341089));
#4706=VERTEX_POINT('',#4705);
#4707=CARTESIAN_POINT('',(52.701860242,-10.,-97.618341089));
#4708=DIRECTION('',(0.,1.,0.));
#4709=VECTOR('',#4708,5.);
#4710=LINE('',#4707,#4709);
#4711=EDGE_CURVE('',#4706,#4698,#4710,.T.);
#4712=ORIENTED_EDGE('',*,*,#4711,.F.);
#4713=CARTESIAN_POINT('',(52.701860242,-10.,-97.618341089));
#4714=DIRECTION('',(1.,0.,-0.));
#4715=VECTOR('',#4714,2.482720114);
#4716=LINE('',#4713,#4715);
#4717=EDGE_CURVE('',#4706,#4675,#4716,.T.);
#4718=ORIENTED_EDGE('',*,*,#4717,.T.);
#4719=ORIENTED_EDGE('',*,*,#4680,.T.);
#4720=EDGE_LOOP('',(#4704,#4712,#4718,#4719));
#4721=FACE_BOUND('',#4720,.T.);
#4722=ADVANCED_FACE('',(#4721),#4696,.T.);
#4723=CARTESIAN_POINT('',(52.701860242,-10.,-106.019688618));
#4724=DIRECTION('',(-1.,0.,0.));
#4725=DIRECTION('',(0.,0.,1.));
#4726=AXIS2_PLACEMENT_3D('',#4723,#4724,#4725);
#4727=PLANE('',#4726);
#4728=CARTESIAN_POINT('',(52.701860242,-5.,-114.421036148));
#4729=VERTEX_POINT('',#4728);
#4730=CARTESIAN_POINT('',(52.701860242,-5.,-114.421036148));
#4731=DIRECTION('',(0.,0.,1.));
#4732=VECTOR('',#4731,16.80269506);
#4733=LINE('',#4730,#4732);
#4734=EDGE_CURVE('',#4729,#4698,#4733,.T.);
#4735=ORIENTED_EDGE('',*,*,#4734,.F.);
#4736=CARTESIAN_POINT('',(52.701860242,-10.,-114.421036148));
#4737=VERTEX_POINT('',#4736);
#4738=CARTESIAN_POINT('',(52.701860242,-10.,-114.421036148));
#4739=DIRECTION('',(0.,1.,0.));
#4740=VECTOR('',#4739,5.);
#4741=LINE('',#4738,#4740);
#4742=EDGE_CURVE('',#4737,#4729,#4741,.T.);
#4743=ORIENTED_EDGE('',*,*,#4742,.F.);
#4744=CARTESIAN_POINT('',(52.701860242,-10.,-114.421036148));
#4745=DIRECTION('',(0.,0.,1.));
#4746=VECTOR('',#4745,16.80269506);
#4747=LINE('',#4744,#4746);
#4748=EDGE_CURVE('',#4737,#4706,#4747,.T.);
#4749=ORIENTED_EDGE('',*,*,#4748,.T.);
#4750=ORIENTED_EDGE('',*,*,#4711,.T.);
#4751=EDGE_LOOP('',(#4735,#4743,#4749,#4750));
#4752=FACE_BOUND('',#4751,.T.);
#4753=ADVANCED_FACE('',(#4752),#4727,.T.);
#4754=CARTESIAN_POINT('',(53.987554587,-10.,-114.421036148));
#4755=DIRECTION('',(0.,0.,-1.));
#4756=DIRECTION('',(-1.,0.,0.));
#4757=AXIS2_PLACEMENT_3D('',#4754,#4755,#4756);
#4758=PLANE('',#4757);
#4759=CARTESIAN_POINT('',(55.273248931,-5.,-114.421036148));
#4760=VERTEX_POINT('',#4759);
#4761=CARTESIAN_POINT('',(55.273248931,-5.,-114.421036148));
#4762=DIRECTION('',(-1.,0.,0.));
#4763=VECTOR('',#4762,2.57138869);
#4764=LINE('',#4761,#4763);
#4765=EDGE_CURVE('',#4760,#4729,#4764,.T.);
#4766=ORIENTED_EDGE('',*,*,#4765,.F.);
#4767=CARTESIAN_POINT('',(55.273248931,-10.,-114.421036148));
#4768=VERTEX_POINT('',#4767);
#4769=CARTESIAN_POINT('',(55.273248931,-10.,-114.421036148));
#4770=DIRECTION('',(0.,1.,0.));
#4771=VECTOR('',#4770,5.);
#4772=LINE('',#4769,#4771);
#4773=EDGE_CURVE('',#4768,#4760,#4772,.T.);
#4774=ORIENTED_EDGE('',*,*,#4773,.F.);
#4775=CARTESIAN_POINT('',(55.273248931,-10.,-114.421036148));
#4776=DIRECTION('',(-1.,0.,0.));
#4777=VECTOR('',#4776,2.57138869);
#4778=LINE('',#4775,#4777);
#4779=EDGE_CURVE('',#4768,#4737,#4778,.T.);
#4780=ORIENTED_EDGE('',*,*,#4779,.T.);
#4781=ORIENTED_EDGE('',*,*,#4742,.T.);
#4782=EDGE_LOOP('',(#4766,#4774,#4780,#4781));
#4783=FACE_BOUND('',#4782,.T.);
#4784=ADVANCED_FACE('',(#4783),#4758,.T.);
#4785=CARTESIAN_POINT('',(55.273248931,-10.,-109.366927344));
#4786=DIRECTION('',(1.,0.,0.));
#4787=DIRECTION('',(0.,0.,-1.));
#4788=AXIS2_PLACEMENT_3D('',#4785,#4786,#4787);
#4789=PLANE('',#4788);
#4790=CARTESIAN_POINT('',(55.273248931,-5.,-104.31281854));
#4791=DIRECTION('',(0.,0.,-1.));
#4792=VECTOR('',#4791,10.108217608);
#4793=LINE('',#4790,#4792);
#4794=EDGE_CURVE('',#4208,#4760,#4793,.T.);
#4795=ORIENTED_EDGE('',*,*,#4794,.F.);
#4796=ORIENTED_EDGE('',*,*,#4235,.F.);
#4797=CARTESIAN_POINT('',(55.273248931,-10.,-104.31281854));
#4798=DIRECTION('',(0.,0.,-1.));
#4799=VECTOR('',#4798,10.108217608);
#4800=LINE('',#4797,#4799);
#4801=EDGE_CURVE('',#4224,#4768,#4800,.T.);
#4802=ORIENTED_EDGE('',*,*,#4801,.T.);
#4803=ORIENTED_EDGE('',*,*,#4773,.T.);
#4804=EDGE_LOOP('',(#4795,#4796,#4802,#4803));
#4805=FACE_BOUND('',#4804,.T.);
#4806=ADVANCED_FACE('',(#4805),#4789,.T.);
#4807=CARTESIAN_POINT('',(125.,-10.,-75.));
#4808=DIRECTION('',(0.,-1.,0.));
#4809=DIRECTION('',(0.,0.,-1.));
#4810=AXIS2_PLACEMENT_3D('',#4807,#4808,#4809);
#4811=PLANE('',#4810);
#4812=ORIENTED_EDGE('',*,*,#4229,.F.);
#4813=ORIENTED_EDGE('',*,*,#4267,.F.);
#4814=ORIENTED_EDGE('',*,*,#4300,.F.);
#4815=ORIENTED_EDGE('',*,*,#4333,.F.);
#4816=ORIENTED_EDGE('',*,*,#4366,.F.);
#4817=ORIENTED_EDGE('',*,*,#4397,.F.);
#4818=ORIENTED_EDGE('',*,*,#4428,.F.);
#4819=ORIENTED_EDGE('',*,*,#4459,.F.);
#4820=ORIENTED_EDGE('',*,*,#4492,.F.);
#4821=ORIENTED_EDGE('',*,*,#4525,.F.);
#4822=ORIENTED_EDGE('',*,*,#4558,.F.);
#4823=ORIENTED_EDGE('',*,*,#4591,.F.);
#4824=ORIENTED_EDGE('',*,*,#4624,.F.);
#4825=ORIENTED_EDGE('',*,*,#4655,.F.);
#4826=ORIENTED_EDGE('',*,*,#4686,.F.);
#4827=ORIENTED_EDGE('',*,*,#4717,.F.);
#4828=ORIENTED_EDGE('',*,*,#4748,.F.);
#4829=ORIENTED_EDGE('',*,*,#4779,.F.);
#4830=ORIENTED_EDGE('',*,*,#4801,.F.);
#4831=EDGE_LOOP('',(#4812,#4813,#4814,#4815,#4816,#4817,#4818,#4819,#4820,#4821,#4822,#4823,#4824,#4825,#4826,#4827,#4828,#4829,#4830));
#4832=FACE_BOUND('',#4831,.T.);
#4833=ADVANCED_FACE('',(#4832),#4811,.T.);
#4834=CARTESIAN_POINT('',(125.,-5.,-75.));
#4835=DIRECTION('',(0.,-1.,0.));
#4836=DIRECTION('',(0.,0.,-1.));
#4837=AXIS2_PLACEMENT_3D('',#4834,#4835,#4836);
#4838=PLANE('',#4837);
#4839=ORIENTED_EDGE('',*,*,#4213,.T.);
#4840=ORIENTED_EDGE('',*,*,#4794,.T.);
#4841=ORIENTED_EDGE('',*,*,#4765,.T.);
#4842=ORIENTED_EDGE('',*,*,#4734,.T.);
#4843=ORIENTED_EDGE('',*,*,#4703,.T.);
#4844=ORIENTED_EDGE('',*,*,#4672,.T.);
#4845=ORIENTED_EDGE('',*,*,#4641,.T.);
#4846=ORIENTED_EDGE('',*,*,#4610,.T.);
#4847=ORIENTED_EDGE('',*,*,#4577,.T.);
#4848=ORIENTED_EDGE('',*,*,#4544,.T.);
#4849=ORIENTED_EDGE('',*,*,#4511,.T.);
#4850=ORIENTED_EDGE('',*,*,#4478,.T.);
#4851=ORIENTED_EDGE('',*,*,#4445,.T.);
#4852=ORIENTED_EDGE('',*,*,#4414,.T.);
#4853=ORIENTED_EDGE('',*,*,#4383,.T.);
#4854=ORIENTED_EDGE('',*,*,#4352,.T.);
#4855=ORIENTED_EDGE('',*,*,#4319,.T.);
#4856=ORIENTED_EDGE('',*,*,#4286,.T.);
#4857=ORIENTED_EDGE('',*,*,#4253,.T.);
#4858=EDGE_LOOP('',(#4839,#4840,#4841,#4842,#4843,#4844,#4845,#4846,#4847,#4848,#4849,#4850,#4851,#4852,#4853,#4854,#4855,#4856,#4857));
#4859=FACE_BOUND('',#4858,.T.);
#4860=ADVANCED_FACE('',(#4859),#4838,.F.);
#4861=CLOSED_SHELL('',(#4239,#4272,#4305,#4338,#4371,#4402,#4433,#4464,#4497,#4530,#4563,#4596,#4629,#4660,#4691,#4722,#4753,#4784,#4806,#4833,#4860));
#4862=MANIFOLD_SOLID_BREP('Extruded.008',#4861);
#4197=STYLED_ITEM('',(),#4862);
#4864=CARTESIAN_POINT('',(82.028991592,-10.,-94.42627237));
#4865=DIRECTION('',(0.,0.,-1.));
#4866=DIRECTION('',(-1.,0.,0.));
#4867=AXIS2_PLACEMENT_3D('',#4864,#4865,#4866);
#4868=PLANE('',#4867);
#4869=CARTESIAN_POINT('',(85.553567469,-5.,-94.42627237));
#4870=VERTEX_POINT('',#4869);
#4871=CARTESIAN_POINT('',(78.504415716,-5.,-94.42627237));
#4872=VERTEX_POINT('',#4871);
#4873=CARTESIAN_POINT('',(85.553567469,-5.,-94.42627237));
#4874=DIRECTION('',(-1.,0.,0.));
#4875=VECTOR('',#4874,7.049151753);
#4876=LINE('',#4873,#4875);
#4877=EDGE_CURVE('',#4870,#4872,#4876,.T.);
#4878=ORIENTED_EDGE('',*,*,#4877,.F.);
#4879=CARTESIAN_POINT('',(85.553567469,-10.,-94.42627237));
#4880=VERTEX_POINT('',#4879);
#4881=CARTESIAN_POINT('',(85.553567469,-10.,-94.42627237));
#4882=DIRECTION('',(0.,1.,0.));
#4883=VECTOR('',#4882,5.);
#4884=LINE('',#4881,#4883);
#4885=EDGE_CURVE('',#4880,#4870,#4884,.T.);
#4886=ORIENTED_EDGE('',*,*,#4885,.F.);
#4887=CARTESIAN_POINT('',(78.504415716,-10.,-94.42627237));
#4888=VERTEX_POINT('',#4887);
#4889=CARTESIAN_POINT('',(85.553567469,-10.,-94.42627237));
#4890=DIRECTION('',(-1.,0.,0.));
#4891=VECTOR('',#4890,7.049151753);
#4892=LINE('',#4889,#4891);
#4893=EDGE_CURVE('',#4880,#4888,#4892,.T.);
#4894=ORIENTED_EDGE('',*,*,#4893,.T.);
#4895=CARTESIAN_POINT('',(78.504415716,-10.,-94.42627237));
#4896=DIRECTION('',(0.,1.,0.));
#4897=VECTOR('',#4896,5.);
#4898=LINE('',#4895,#4897);
#4899=EDGE_CURVE('',#4888,#4872,#4898,.T.);
#4900=ORIENTED_EDGE('',*,*,#4899,.T.);
#4901=EDGE_LOOP('',(#4878,#4886,#4894,#4900));
#4902=FACE_BOUND('',#4901,.T.);
#4903=ADVANCED_FACE('',(#4902),#4868,.T.);
#4904=CARTESIAN_POINT('',(85.553567469,-10.,-104.423654259));
#4905=DIRECTION('',(-1.,0.,0.));
#4906=DIRECTION('',(0.,0.,1.));
#4907=AXIS2_PLACEMENT_3D('',#4904,#4905,#4906);
#4908=PLANE('',#4907);
#4909=CARTESIAN_POINT('',(85.553567469,-5.,-114.421036148));
#4910=VERTEX_POINT('',#4909);
#4911=CARTESIAN_POINT('',(85.553567469,-5.,-114.421036148));
#4912=DIRECTION('',(0.,0.,1.));
#4913=VECTOR('',#4912,19.994763778);
#4914=LINE('',#4911,#4913);
#4915=EDGE_CURVE('',#4910,#4870,#4914,.T.);
#4916=ORIENTED_EDGE('',*,*,#4915,.F.);
#4917=CARTESIAN_POINT('',(85.553567469,-10.,-114.421036148));
#4918=VERTEX_POINT('',#4917);
#4919=CARTESIAN_POINT('',(85.553567469,-10.,-114.421036148));
#4920=DIRECTION('',(0.,1.,0.));
#4921=VECTOR('',#4920,5.);
#4922=LINE('',#4919,#4921);
#4923=EDGE_CURVE('',#4918,#4910,#4922,.T.);
#4924=ORIENTED_EDGE('',*,*,#4923,.F.);
#4925=CARTESIAN_POINT('',(85.553567469,-10.,-114.421036148));
#4926=DIRECTION('',(0.,0.,1.));
#4927=VECTOR('',#4926,19.994763778);
#4928=LINE('',#4925,#4927);
#4929=EDGE_CURVE('',#4918,#4880,#4928,.T.);
#4930=ORIENTED_EDGE('',*,*,#4929,.T.);
#4931=ORIENTED_EDGE('',*,*,#4885,.T.);
#4932=EDGE_LOOP('',(#4916,#4924,#4930,#4931));
#4933=FACE_BOUND('',#4932,.T.);
#4934=ADVANCED_FACE('',(#4933),#4908,.T.);
#4935=CARTESIAN_POINT('',(86.905763246,-10.,-114.421036148));
#4936=DIRECTION('',(0.,0.,-1.));
#4937=DIRECTION('',(-1.,0.,0.));
#4938=AXIS2_PLACEMENT_3D('',#4935,#4936,#4937);
#4939=PLANE('',#4938);
#4940=CARTESIAN_POINT('',(88.257959022,-5.,-114.421036148));
#4941=VERTEX_POINT('',#4940);
#4942=CARTESIAN_POINT('',(88.257959022,-5.,-114.421036148));
#4943=DIRECTION('',(-1.,0.,0.));
#4944=VECTOR('',#4943,2.704391553);
#4945=LINE('',#4942,#4944);
#4946=EDGE_CURVE('',#4941,#4910,#4945,.T.);
#4947=ORIENTED_EDGE('',*,*,#4946,.F.);
#4948=CARTESIAN_POINT('',(88.257959022,-10.,-114.421036148));
#4949=VERTEX_POINT('',#4948);
#4950=CARTESIAN_POINT('',(88.257959022,-10.,-114.421036148));
#4951=DIRECTION('',(0.,1.,0.));
#4952=VECTOR('',#4951,5.);
#4953=LINE('',#4950,#4952);
#4954=EDGE_CURVE('',#4949,#4941,#4953,.T.);
#4955=ORIENTED_EDGE('',*,*,#4954,.F.);
#4956=CARTESIAN_POINT('',(88.257959022,-10.,-114.421036148));
#4957=DIRECTION('',(-1.,0.,0.));
#4958=VECTOR('',#4957,2.704391553);
#4959=LINE('',#4956,#4958);
#4960=EDGE_CURVE('',#4949,#4918,#4959,.T.);
#4961=ORIENTED_EDGE('',*,*,#4960,.T.);
#4962=ORIENTED_EDGE('',*,*,#4923,.T.);
#4963=EDGE_LOOP('',(#4947,#4955,#4961,#4962));
#4964=FACE_BOUND('',#4963,.T.);
#4965=ADVANCED_FACE('',(#4964),#4939,.T.);
#4966=CARTESIAN_POINT('',(88.257959022,-10.,-104.423654259));
#4967=DIRECTION('',(1.,0.,0.));
#4968=DIRECTION('',(0.,0.,-1.));
#4969=AXIS2_PLACEMENT_3D('',#4966,#4967,#4968);
#4970=PLANE('',#4969);
#4971=CARTESIAN_POINT('',(88.257959022,-5.,-94.42627237));
#4972=VERTEX_POINT('',#4971);
#4973=CARTESIAN_POINT('',(88.257959022,-5.,-94.42627237));
#4974=DIRECTION('',(0.,0.,-1.));
#4975=VECTOR('',#4974,19.994763778);
#4976=LINE('',#4973,#4975);
#4977=EDGE_CURVE('',#4972,#4941,#4976,.T.);
#4978=ORIENTED_EDGE('',*,*,#4977,.F.);
#4979=CARTESIAN_POINT('',(88.257959022,-10.,-94.42627237));
#4980=VERTEX_POINT('',#4979);
#4981=CARTESIAN_POINT('',(88.257959022,-10.,-94.42627237));
#4982=DIRECTION('',(0.,1.,0.));
#4983=VECTOR('',#4982,5.);
#4984=LINE('',#4981,#4983);
#4985=EDGE_CURVE('',#4980,#4972,#4984,.T.);
#4986=ORIENTED_EDGE('',*,*,#4985,.F.);
#4987=CARTESIAN_POINT('',(88.257959022,-10.,-94.42627237));
#4988=DIRECTION('',(0.,0.,-1.));
#4989=VECTOR('',#4988,19.994763778);
#4990=LINE('',#4987,#4989);
#4991=EDGE_CURVE('',#4980,#4949,#4990,.T.);
#4992=ORIENTED_EDGE('',*,*,#4991,.T.);
#4993=ORIENTED_EDGE('',*,*,#4954,.T.);
#4994=EDGE_LOOP('',(#4978,#4986,#4992,#4993));
#4995=FACE_BOUND('',#4994,.T.);
#4996=ADVANCED_FACE('',(#4995),#4970,.T.);
#4997=CARTESIAN_POINT('',(91.782534899,-10.,-94.42627237));
#4998=DIRECTION('',(0.,0.,-1.));
#4999=DIRECTION('',(-1.,0.,0.));
#5000=AXIS2_PLACEMENT_3D('',#4997,#4998,#4999);
#5001=PLANE('',#5000);
#5002=CARTESIAN_POINT('',(95.307110775,-5.,-94.42627237));
#5003=VERTEX_POINT('',#5002);
#5004=CARTESIAN_POINT('',(95.307110775,-5.,-94.42627237));
#5005=DIRECTION('',(-1.,0.,0.));
#5006=VECTOR('',#5005,7.049151753);
#5007=LINE('',#5004,#5006);
#5008=EDGE_CURVE('',#5003,#4972,#5007,.T.);
#5009=ORIENTED_EDGE('',*,*,#5008,.F.);
#5010=CARTESIAN_POINT('',(95.307110775,-10.,-94.42627237));
#5011=VERTEX_POINT('',#5010);
#5012=CARTESIAN_POINT('',(95.307110775,-10.,-94.42627237));
#5013=DIRECTION('',(0.,1.,0.));
#5014=VECTOR('',#5013,5.);
#5015=LINE('',#5012,#5014);
#5016=EDGE_CURVE('',#5011,#5003,#5015,.T.);
#5017=ORIENTED_EDGE('',*,*,#5016,.F.);
#5018=CARTESIAN_POINT('',(95.307110775,-10.,-94.42627237));
#5019=DIRECTION('',(-1.,0.,0.));
#5020=VECTOR('',#5019,7.049151753);
#5021=LINE('',#5018,#5020);
#5022=EDGE_CURVE('',#5011,#4980,#5021,.T.);
#5023=ORIENTED_EDGE('',*,*,#5022,.T.);
#5024=ORIENTED_EDGE('',*,*,#4985,.T.);
#5025=EDGE_LOOP('',(#5009,#5017,#5023,#5024));
#5026=FACE_BOUND('',#5025,.T.);
#5027=ADVANCED_FACE('',(#5026),#5001,.T.);
#5028=CARTESIAN_POINT('',(95.307110775,-10.,-93.229246601));
#5029=DIRECTION('',(1.,0.,0.));
#5030=DIRECTION('',(0.,0.,-1.));
#5031=AXIS2_PLACEMENT_3D('',#5028,#5029,#5030);
#5032=PLANE('',#5031);
#5033=CARTESIAN_POINT('',(95.307110775,-5.,-92.032220831));
#5034=VERTEX_POINT('',#5033);
#5035=CARTESIAN_POINT('',(95.307110775,-5.,-92.032220831));
#5036=DIRECTION('',(0.,0.,-1.));
#5037=VECTOR('',#5036,2.394051539);
#5038=LINE('',#5035,#5037);
#5039=EDGE_CURVE('',#5034,#5003,#5038,.T.);
#5040=ORIENTED_EDGE('',*,*,#5039,.F.);
#5041=CARTESIAN_POINT('',(95.307110775,-10.,-92.032220831));
#5042=VERTEX_POINT('',#5041);
#5043=CARTESIAN_POINT('',(95.307110775,-10.,-92.032220831));
#5044=DIRECTION('',(0.,1.,0.));
#5045=VECTOR('',#5044,5.);
#5046=LINE('',#5043,#5045);
#5047=EDGE_CURVE('',#5042,#5034,#5046,.T.);
#5048=ORIENTED_EDGE('',*,*,#5047,.F.);
#5049=CARTESIAN_POINT('',(95.307110775,-10.,-92.032220831));
#5050=DIRECTION('',(0.,0.,-1.));
#5051=VECTOR('',#5050,2.394051539);
#5052=LINE('',#5049,#5051);
#5053=EDGE_CURVE('',#5042,#5011,#5052,.T.);
#5054=ORIENTED_EDGE('',*,*,#5053,.T.);
#5055=ORIENTED_EDGE('',*,*,#5016,.T.);
#5056=EDGE_LOOP('',(#5040,#5048,#5054,#5055));
#5057=FACE_BOUND('',#5056,.T.);
#5058=ADVANCED_FACE('',(#5057),#5032,.T.);
#5059=CARTESIAN_POINT('',(86.905763246,-10.,-92.032220831));
#5060=DIRECTION('',(0.,0.,1.));
#5061=DIRECTION('',(1.,0.,0.));
#5062=AXIS2_PLACEMENT_3D('',#5059,#5060,#5061);
#5063=PLANE('',#5062);
#5064=CARTESIAN_POINT('',(78.504415716,-5.,-92.032220831));
#5065=VERTEX_POINT('',#5064);
#5066=CARTESIAN_POINT('',(78.504415716,-5.,-92.032220831));
#5067=DIRECTION('',(1.,0.,-0.));
#5068=VECTOR('',#5067,16.80269506);
#5069=LINE('',#5066,#5068);
#5070=EDGE_CURVE('',#5065,#5034,#5069,.T.);
#5071=ORIENTED_EDGE('',*,*,#5070,.F.);
#5072=CARTESIAN_POINT('',(78.504415716,-10.,-92.032220831));
#5073=VERTEX_POINT('',#5072);
#5074=CARTESIAN_POINT('',(78.504415716,-10.,-92.032220831));
#5075=DIRECTION('',(0.,1.,0.));
#5076=VECTOR('',#5075,5.);
#5077=LINE('',#5074,#5076);
#5078=EDGE_CURVE('',#5073,#5065,#5077,.T.);
#5079=ORIENTED_EDGE('',*,*,#5078,.F.);
#5080=CARTESIAN_POINT('',(78.504415716,-10.,-92.032220831));
#5081=DIRECTION('',(1.,0.,-0.));
#5082=VECTOR('',#5081,16.80269506);
#5083=LINE('',#5080,#5082);
#5084=EDGE_CURVE('',#5073,#5042,#5083,.T.);
#5085=ORIENTED_EDGE('',*,*,#5084,.T.);
#5086=ORIENTED_EDGE('',*,*,#5047,.T.);
#5087=EDGE_LOOP('',(#5071,#5079,#5085,#5086));
#5088=FACE_BOUND('',#5087,.T.);
#5089=ADVANCED_FACE('',(#5088),#5063,.T.);
#5090=CARTESIAN_POINT('',(78.504415716,-10.,-93.229246601));
#5091=DIRECTION('',(-1.,0.,0.));
#5092=DIRECTION('',(0.,0.,1.));
#5093=AXIS2_PLACEMENT_3D('',#5090,#5091,#5092);
#5094=PLANE('',#5093);
#5095=CARTESIAN_POINT('',(78.504415716,-5.,-94.42627237));
#5096=DIRECTION('',(0.,0.,1.));
#5097=VECTOR('',#5096,2.394051539);
#5098=LINE('',#5095,#5097);
#5099=EDGE_CURVE('',#4872,#5065,#5098,.T.);
#5100=ORIENTED_EDGE('',*,*,#5099,.F.);
#5101=ORIENTED_EDGE('',*,*,#4899,.F.);
#5102=CARTESIAN_POINT('',(78.504415716,-10.,-94.42627237));
#5103=DIRECTION('',(0.,0.,1.));
#5104=VECTOR('',#5103,2.394051539);
#5105=LINE('',#5102,#5104);
#5106=EDGE_CURVE('',#4888,#5073,#5105,.T.);
#5107=ORIENTED_EDGE('',*,*,#5106,.T.);
#5108=ORIENTED_EDGE('',*,*,#5078,.T.);
#5109=EDGE_LOOP('',(#5100,#5101,#5107,#5108));
#5110=FACE_BOUND('',#5109,.T.);
#5111=ADVANCED_FACE('',(#5110),#5094,.T.);
#5112=CARTESIAN_POINT('',(125.,-10.,-75.));
#5113=DIRECTION('',(0.,-1.,0.));
#5114=DIRECTION('',(0.,0.,-1.));
#5115=AXIS2_PLACEMENT_3D('',#5112,#5113,#5114);
#5116=PLANE('',#5115);
#5117=ORIENTED_EDGE('',*,*,#4893,.F.);
#5118=ORIENTED_EDGE('',*,*,#4929,.F.);
#5119=ORIENTED_EDGE('',*,*,#4960,.F.);
#5120=ORIENTED_EDGE('',*,*,#4991,.F.);
#5121=ORIENTED_EDGE('',*,*,#5022,.F.);
#5122=ORIENTED_EDGE('',*,*,#5053,.F.);
#5123=ORIENTED_EDGE('',*,*,#5084,.F.);
#5124=ORIENTED_EDGE('',*,*,#5106,.F.);
#5125=EDGE_LOOP('',(#5117,#5118,#5119,#5120,#5121,#5122,#5123,#5124));
#5126=FACE_BOUND('',#5125,.T.);
#5127=ADVANCED_FACE('',(#5126),#5116,.T.);
#5128=CARTESIAN_POINT('',(125.,-5.,-75.));
#5129=DIRECTION('',(0.,-1.,0.));
#5130=DIRECTION('',(0.,0.,-1.));
#5131=AXIS2_PLACEMENT_3D('',#5128,#5129,#5130);
#5132=PLANE('',#5131);
#5133=ORIENTED_EDGE('',*,*,#4877,.T.);
#5134=ORIENTED_EDGE('',*,*,#5099,.T.);
#5135=ORIENTED_EDGE('',*,*,#5070,.T.);
#5136=ORIENTED_EDGE('',*,*,#5039,.T.);
#5137=ORIENTED_EDGE('',*,*,#5008,.T.);
#5138=ORIENTED_EDGE('',*,*,#4977,.T.);
#5139=ORIENTED_EDGE('',*,*,#4946,.T.);
#5140=ORIENTED_EDGE('',*,*,#4915,.T.);
#5141=EDGE_LOOP('',(#5133,#5134,#5135,#5136,#5137,#5138,#5139,#5140));
#5142=FACE_BOUND('',#5141,.T.);
#5143=ADVANCED_FACE('',(#5142),#5132,.F.);
#5144=CLOSED_SHELL('',(#4903,#4934,#4965,#4996,#5027,#5058,#5089,#5111,#5127,#5143));
#5145=MANIFOLD_SOLID_BREP('Extruded.009',#5144);
#4863=STYLED_ITEM('',(),#5145);
#5147=CARTESIAN_POINT('',(100.449888155,-10.,-114.421036148));
#5148=DIRECTION('',(0.,0.,-1.));
#5149=DIRECTION('',(-1.,0.,0.));
#5150=AXIS2_PLACEMENT_3D('',#5147,#5148,#5149);
#5151=PLANE('',#5150);
#5152=CARTESIAN_POINT('',(101.7355825,-5.,-114.421036148));
#5153=VERTEX_POINT('',#5152);
#5154=CARTESIAN_POINT('',(99.16419381,-5.,-114.421036148));
#5155=VERTEX_POINT('',#5154);
#5156=CARTESIAN_POINT('',(101.7355825,-5.,-114.421036148));
#5157=DIRECTION('',(-1.,0.,0.));
#5158=VECTOR('',#5157,2.57138869);
#5159=LINE('',#5156,#5158);
#5160=EDGE_CURVE('',#5153,#5155,#5159,.T.);
#5161=ORIENTED_EDGE('',*,*,#5160,.F.);
#5162=CARTESIAN_POINT('',(101.7355825,-10.,-114.421036148));
#5163=VERTEX_POINT('',#5162);
#5164=CARTESIAN_POINT('',(101.7355825,-10.,-114.421036148));
#5165=DIRECTION('',(0.,1.,0.));
#5166=VECTOR('',#5165,5.);
#5167=LINE('',#5164,#5166);
#5168=EDGE_CURVE('',#5163,#5153,#5167,.T.);
#5169=ORIENTED_EDGE('',*,*,#5168,.F.);
#5170=CARTESIAN_POINT('',(99.16419381,-10.,-114.421036148));
#5171=VERTEX_POINT('',#5170);
#5172=CARTESIAN_POINT('',(101.7355825,-10.,-114.421036148));
#5173=DIRECTION('',(-1.,0.,0.));
#5174=VECTOR('',#5173,2.57138869);
#5175=LINE('',#5172,#5174);
#5176=EDGE_CURVE('',#5163,#5171,#5175,.T.);
#5177=ORIENTED_EDGE('',*,*,#5176,.T.);
#5178=CARTESIAN_POINT('',(99.16419381,-10.,-114.421036148));
#5179=DIRECTION('',(0.,1.,0.));
#5180=VECTOR('',#5179,5.);
#5181=LINE('',#5178,#5180);
#5182=EDGE_CURVE('',#5171,#5155,#5181,.T.);
#5183=ORIENTED_EDGE('',*,*,#5182,.T.);
#5184=EDGE_LOOP('',(#5161,#5169,#5177,#5183));
#5185=FACE_BOUND('',#5184,.T.);
#5186=ADVANCED_FACE('',(#5185),#5151,.T.);
#5187=CARTESIAN_POINT('',(101.7355825,-10.,-109.112005189));
#5188=DIRECTION('',(1.,0.,0.));
#5189=DIRECTION('',(0.,0.,-1.));
#5190=AXIS2_PLACEMENT_3D('',#5187,#5188,#5189);
#5191=PLANE('',#5190);
#5192=CARTESIAN_POINT('',(101.7355825,-5.,-103.802974231));
#5193=VERTEX_POINT('',#5192);
#5194=CARTESIAN_POINT('',(101.7355825,-5.,-103.802974231));
#5195=DIRECTION('',(0.,0.,-1.));
#5196=VECTOR('',#5195,10.618061918);
#5197=LINE('',#5194,#5196);
#5198=EDGE_CURVE('',#5193,#5153,#5197,.T.);
#5199=ORIENTED_EDGE('',*,*,#5198,.F.);
#5200=CARTESIAN_POINT('',(101.7355825,-10.,-103.802974231));
#5201=VERTEX_POINT('',#5200);
#5202=CARTESIAN_POINT('',(101.7355825,-10.,-103.802974231));
#5203=DIRECTION('',(0.,1.,0.));
#5204=VECTOR('',#5203,5.);
#5205=LINE('',#5202,#5204);
#5206=EDGE_CURVE('',#5201,#5193,#5205,.T.);
#5207=ORIENTED_EDGE('',*,*,#5206,.F.);
#5208=CARTESIAN_POINT('',(101.7355825,-10.,-103.802974231));
#5209=DIRECTION('',(0.,0.,-1.));
#5210=VECTOR('',#5209,10.618061918);
#5211=LINE('',#5208,#5210);
#5212=EDGE_CURVE('',#5201,#5163,#5211,.T.);
#5213=ORIENTED_EDGE('',*,*,#5212,.T.);
#5214=ORIENTED_EDGE('',*,*,#5168,.T.);
#5215=EDGE_LOOP('',(#5199,#5207,#5213,#5214));
#5216=FACE_BOUND('',#5215,.T.);
#5217=ADVANCED_FACE('',(#5216),#5191,.T.);
#5218=CARTESIAN_POINT('',(102.289761097,-10.,-101.763596994));
#5219=CARTESIAN_POINT('',(102.289761097,-5.,-101.763596994));
#5220=CARTESIAN_POINT('',(101.7355825,-10.,-102.650282749));
#5221=CARTESIAN_POINT('',(101.7355825,-5.,-102.650282749));
#5222=CARTESIAN_POINT('',(101.7355825,-10.,-103.802974231));
#5223=CARTESIAN_POINT('',(101.7355825,-5.,-103.802974231));
#5224=B_SPLINE_SURFACE_WITH_KNOTS('',2,1,((#5218,#5219),(#5220,#5221),(#5222,#5223)),.UNSPECIFIED.,.F.,.F.,.U.,(3,3),(2,2),(0.,1.),(0.,1.),.UNSPECIFIED.);
#5225=CARTESIAN_POINT('',(102.289761097,-5.,-101.763596994));
#5226=VERTEX_POINT('',#5225);
#5227=CARTESIAN_POINT('',(102.289761097,-5.,-101.763596994));
#5228=CARTESIAN_POINT('',(101.7355825,-5.,-102.650282749));
#5229=CARTESIAN_POINT('',(101.7355825,-5.,-103.802974231));
#5230=B_SPLINE_CURVE_WITH_KNOTS('',2,(#5227,#5228,#5229),.UNSPECIFIED.,.F.,.F.,(3,3),(0.,1.),.UNSPECIFIED.);
#5231=EDGE_CURVE('',#5226,#5193,#5230,.T.);
#5232=ORIENTED_EDGE('',*,*,#5231,.F.);
#5233=CARTESIAN_POINT('',(102.289761097,-10.,-101.763596994));
#5234=VERTEX_POINT('',#5233);
#5235=CARTESIAN_POINT('',(102.289761097,-10.,-101.763596994));
#5236=DIRECTION('',(0.,1.,0.));
#5237=VECTOR('',#5236,5.);
#5238=LINE('',#5235,#5237);
#5239=EDGE_CURVE('',#5234,#5226,#5238,.T.);
#5240=ORIENTED_EDGE('',*,*,#5239,.F.);
#5241=CARTESIAN_POINT('',(102.289761097,-10.,-101.763596994));
#5242=CARTESIAN_POINT('',(101.7355825,-10.,-102.650282749));
#5243=CARTESIAN_POINT('',(101.7355825,-10.,-103.802974231));
#5244=B_SPLINE_CURVE_WITH_KNOTS('',2,(#5241,#5242,#5243),.UNSPECIFIED.,.F.,.F.,(3,3),(0.,1.),.UNSPECIFIED.);
#5245=EDGE_CURVE('',#5234,#5201,#5244,.T.);
#5246=ORIENTED_EDGE('',*,*,#5245,.T.);
#5247=ORIENTED_EDGE('',*,*,#5206,.T.);
#5248=EDGE_LOOP('',(#5232,#5240,#5246,#5247));
#5249=FACE_BOUND('',#5248,.T.);
#5250=ADVANCED_FACE('',(#5249),#5224,.T.);
#5251=CARTESIAN_POINT('',(103.797126881,-10.,-100.367066929));
#5252=CARTESIAN_POINT('',(103.797126881,-5.,-100.367066929));
#5253=CARTESIAN_POINT('',(102.843939694,-10.,-100.876911239));
#5254=CARTESIAN_POINT('',(102.843939694,-5.,-100.876911239));
#5255=CARTESIAN_POINT('',(102.289761097,-10.,-101.763596994));
#5256=CARTESIAN_POINT('',(102.289761097,-5.,-101.763596994));
#5257=B_SPLINE_SURFACE_WITH_KNOTS('',2,1,((#5251,#5252),(#5253,#5254),(#5255,#5256)),.UNSPECIFIED.,.F.,.F.,.U.,(3,3),(2,2),(0.,1.),(0.,1.),.UNSPECIFIED.);
#5258=CARTESIAN_POINT('',(103.797126881,-5.,-100.367066929));
#5259=VERTEX_POINT('',#5258);
#5260=CARTESIAN_POINT('',(103.797126881,-5.,-100.367066929));
#5261=CARTESIAN_POINT('',(102.843939694,-5.,-100.876911239));
#5262=CARTESIAN_POINT('',(102.289761097,-5.,-101.763596994));
#5263=B_SPLINE_CURVE_WITH_KNOTS('',2,(#5260,#5261,#5262),.UNSPECIFIED.,.F.,.F.,(3,3),(0.,1.),.UNSPECIFIED.);
#5264=EDGE_CURVE('',#5259,#5226,#5263,.T.);
#5265=ORIENTED_EDGE('',*,*,#5264,.F.);
#5266=CARTESIAN_POINT('',(103.797126881,-10.,-100.367066929));
#5267=VERTEX_POINT('',#5266);
#5268=CARTESIAN_POINT('',(103.797126881,-10.,-100.367066929));
#5269=DIRECTION('',(0.,1.,0.));
#5270=VECTOR('',#5269,5.);
#5271=LINE('',#5268,#5270);
#5272=EDGE_CURVE('',#5267,#5259,#5271,.T.);
#5273=ORIENTED_EDGE('',*,*,#5272,.F.);
#5274=CARTESIAN_POINT('',(103.797126881,-10.,-100.367066929));
#5275=CARTESIAN_POINT('',(102.843939694,-10.,-100.876911239));
#5276=CARTESIAN_POINT('',(102.289761097,-10.,-101.763596994));
#5277=B_SPLINE_CURVE_WITH_KNOTS('',2,(#5274,#5275,#5276),.UNSPECIFIED.,.F.,.F.,(3,3),(0.,1.),.UNSPECIFIED.);
#5278=EDGE_CURVE('',#5267,#5234,#5277,.T.);
#5279=ORIENTED_EDGE('',*,*,#5278,.T.);
#5280=ORIENTED_EDGE('',*,*,#5239,.T.);
#5281=EDGE_LOOP('',(#5265,#5273,#5279,#5280));
#5282=FACE_BOUND('',#5281,.T.);
#5283=ADVANCED_FACE('',(#5282),#5257,.T.);
#5284=CARTESIAN_POINT('',(105.969506981,-10.,-99.85722262));
#5285=CARTESIAN_POINT('',(105.969506981,-5.,-99.85722262));
#5286=CARTESIAN_POINT('',(104.750314067,-10.,-99.85722262));
#5287=CARTESIAN_POINT('',(104.750314067,-5.,-99.85722262));
#5288=CARTESIAN_POINT('',(103.797126881,-10.,-100.367066929));
#5289=CARTESIAN_POINT('',(103.797126881,-5.,-100.367066929));
#5290=B_SPLINE_SURFACE_WITH_KNOTS('',2,1,((#5284,#5285),(#5286,#5287),(#5288,#5289)),.UNSPECIFIED.,.F.,.F.,.U.,(3,3),(2,2),(0.,1.),(0.,1.),.UNSPECIFIED.);
#5291=CARTESIAN_POINT('',(105.969506981,-5.,-99.85722262));
#5292=VERTEX_POINT('',#5291);
#5293=CARTESIAN_POINT('',(105.969506981,-5.,-99.85722262));
#5294=CARTESIAN_POINT('',(104.750314067,-5.,-99.85722262));
#5295=CARTESIAN_POINT('',(103.797126881,-5.,-100.367066929));
#5296=B_SPLINE_CURVE_WITH_KNOTS('',2,(#5293,#5294,#5295),.UNSPECIFIED.,.F.,.F.,(3,3),(0.,1.),.UNSPECIFIED.);
#5297=EDGE_CURVE('',#5292,#5259,#5296,.T.);
#5298=ORIENTED_EDGE('',*,*,#5297,.F.);
#5299=CARTESIAN_POINT('',(105.969506981,-10.,-99.85722262));
#5300=VERTEX_POINT('',#5299);
#5301=CARTESIAN_POINT('',(105.969506981,-10.,-99.85722262));
#5302=DIRECTION('',(0.,1.,0.));
#5303=VECTOR('',#5302,5.);
#5304=LINE('',#5301,#5303);
#5305=EDGE_CURVE('',#5300,#5292,#5304,.T.);
#5306=ORIENTED_EDGE('',*,*,#5305,.F.);
#5307=CARTESIAN_POINT('',(105.969506981,-10.,-99.85722262));
#5308=CARTESIAN_POINT('',(104.750314067,-10.,-99.85722262));
#5309=CARTESIAN_POINT('',(103.797126881,-10.,-100.367066929));
#5310=B_SPLINE_CURVE_WITH_KNOTS('',2,(#5307,#5308,#5309),.UNSPECIFIED.,.F.,.F.,(3,3),(0.,1.),.UNSPECIFIED.);
#5311=EDGE_CURVE('',#5300,#5267,#5310,.T.);
#5312=ORIENTED_EDGE('',*,*,#5311,.T.);
#5313=ORIENTED_EDGE('',*,*,#5272,.T.);
#5314=EDGE_LOOP('',(#5298,#5306,#5312,#5313));
#5315=FACE_BOUND('',#5314,.T.);
#5316=ADVANCED_FACE('',(#5315),#5290,.T.);
#5317=CARTESIAN_POINT('',(106.944861311,-10.,-99.923724052));
#5318=CARTESIAN_POINT('',(106.944861311,-5.,-99.923724052));
#5319=CARTESIAN_POINT('',(106.47935129,-10.,-99.85722262));
#5320=CARTESIAN_POINT('',(106.47935129,-5.,-99.85722262));
#5321=CARTESIAN_POINT('',(105.969506981,-10.,-99.85722262));
#5322=CARTESIAN_POINT('',(105.969506981,-5.,-99.85722262));
#5323=B_SPLINE_SURFACE_WITH_KNOTS('',2,1,((#5317,#5318),(#5319,#5320),(#5321,#5322)),.UNSPECIFIED.,.F.,.F.,.U.,(3,3),(2,2),(0.,1.),(0.,1.),.UNSPECIFIED.);
#5324=CARTESIAN_POINT('',(106.944861311,-5.,-99.923724052));
#5325=VERTEX_POINT('',#5324);
#5326=CARTESIAN_POINT('',(106.944861311,-5.,-99.923724052));
#5327=CARTESIAN_POINT('',(106.47935129,-5.,-99.85722262));
#5328=CARTESIAN_POINT('',(105.969506981,-5.,-99.85722262));
#5329=B_SPLINE_CURVE_WITH_KNOTS('',2,(#5326,#5327,#5328),.UNSPECIFIED.,.F.,.F.,(3,3),(0.,1.),.UNSPECIFIED.);
#5330=EDGE_CURVE('',#5325,#5292,#5329,.T.);
#5331=ORIENTED_EDGE('',*,*,#5330,.F.);
#5332=CARTESIAN_POINT('',(106.944861311,-10.,-99.923724052));
#5333=VERTEX_POINT('',#5332);
#5334=CARTESIAN_POINT('',(106.944861311,-10.,-99.923724052));
#5335=DIRECTION('',(0.,1.,0.));
#5336=VECTOR('',#5335,5.);
#5337=LINE('',#5334,#5336);
#5338=EDGE_CURVE('',#5333,#5325,#5337,.T.);
#5339=ORIENTED_EDGE('',*,*,#5338,.F.);
#5340=CARTESIAN_POINT('',(106.944861311,-10.,-99.923724052));
#5341=CARTESIAN_POINT('',(106.47935129,-10.,-99.85722262));
#5342=CARTESIAN_POINT('',(105.969506981,-10.,-99.85722262));
#5343=B_SPLINE_CURVE_WITH_KNOTS('',2,(#5340,#5341,#5342),.UNSPECIFIED.,.F.,.F.,(3,3),(0.,1.),.UNSPECIFIED.);
#5344=EDGE_CURVE('',#5333,#5300,#5343,.T.);
#5345=ORIENTED_EDGE('',*,*,#5344,.T.);
#5346=ORIENTED_EDGE('',*,*,#5305,.T.);
#5347=EDGE_LOOP('',(#5331,#5339,#5345,#5346));
#5348=FACE_BOUND('',#5347,.T.);
#5349=ADVANCED_FACE('',(#5348),#5323,.T.);
#5350=CARTESIAN_POINT('',(107.543374196,-10.,-100.034559771));
#5351=CARTESIAN_POINT('',(107.543374196,-5.,-100.034559771));
#5352=CARTESIAN_POINT('',(107.410371333,-10.,-99.990225484));
#5353=CARTESIAN_POINT('',(107.410371333,-5.,-99.990225484));
#5354=CARTESIAN_POINT('',(106.944861311,-10.,-99.923724052));
#5355=CARTESIAN_POINT('',(106.944861311,-5.,-99.923724052));
#5356=B_SPLINE_SURFACE_WITH_KNOTS('',2,1,((#5350,#5351),(#5352,#5353),(#5354,#5355)),.UNSPECIFIED.,.F.,.F.,.U.,(3,3),(2,2),(0.,1.),(0.,1.),.UNSPECIFIED.);
#5357=CARTESIAN_POINT('',(107.543374196,-5.,-100.034559771));
#5358=VERTEX_POINT('',#5357);
#5359=CARTESIAN_POINT('',(107.543374196,-5.,-100.034559771));
#5360=CARTESIAN_POINT('',(107.410371333,-5.,-99.990225484));
#5361=CARTESIAN_POINT('',(106.944861311,-5.,-99.923724052));
#5362=B_SPLINE_CURVE_WITH_KNOTS('',2,(#5359,#5360,#5361),.UNSPECIFIED.,.F.,.F.,(3,3),(0.,1.),.UNSPECIFIED.);
#5363=EDGE_CURVE('',#5358,#5325,#5362,.T.);
#5364=ORIENTED_EDGE('',*,*,#5363,.F.);
#5365=CARTESIAN_POINT('',(107.543374196,-10.,-100.034559771));
#5366=VERTEX_POINT('',#5365);
#5367=CARTESIAN_POINT('',(107.543374196,-10.,-100.034559771));
#5368=DIRECTION('',(0.,1.,0.));
#5369=VECTOR('',#5368,5.);
#5370=LINE('',#5367,#5369);
#5371=EDGE_CURVE('',#5366,#5358,#5370,.T.);
#5372=ORIENTED_EDGE('',*,*,#5371,.F.);
#5373=CARTESIAN_POINT('',(107.543374196,-10.,-100.034559771));
#5374=CARTESIAN_POINT('',(107.410371333,-10.,-99.990225484));
#5375=CARTESIAN_POINT('',(106.944861311,-10.,-99.923724052));
#5376=B_SPLINE_CURVE_WITH_KNOTS('',2,(#5373,#5374,#5375),.UNSPECIFIED.,.F.,.F.,(3,3),(0.,1.),.UNSPECIFIED.);
#5377=EDGE_CURVE('',#5366,#5333,#5376,.T.);
#5378=ORIENTED_EDGE('',*,*,#5377,.T.);
#5379=ORIENTED_EDGE('',*,*,#5338,.T.);
#5380=EDGE_LOOP('',(#5364,#5372,#5378,#5379));
#5381=FACE_BOUND('',#5380,.T.);
#5382=ADVANCED_FACE('',(#5381),#5356,.T.);
#5383=CARTESIAN_POINT('',(107.543374196,-10.,-98.726698283));
#5384=DIRECTION('',(1.,0.,0.));
#5385=DIRECTION('',(0.,0.,-1.));
#5386=AXIS2_PLACEMENT_3D('',#5383,#5384,#5385);
#5387=PLANE('',#5386);
#5388=CARTESIAN_POINT('',(107.543374196,-5.,-97.418836794));
#5389=VERTEX_POINT('',#5388);
#5390=CARTESIAN_POINT('',(107.543374196,-5.,-97.418836794));
#5391=DIRECTION('',(0.,0.,-1.));
#5392=VECTOR('',#5391,2.615722978);
#5393=LINE('',#5390,#5392);
#5394=EDGE_CURVE('',#5389,#5358,#5393,.T.);
#5395=ORIENTED_EDGE('',*,*,#5394,.F.);
#5396=CARTESIAN_POINT('',(107.543374196,-10.,-97.418836794));
#5397=VERTEX_POINT('',#5396);
#5398=CARTESIAN_POINT('',(107.543374196,-10.,-97.418836794));
#5399=DIRECTION('',(0.,1.,0.));
#5400=VECTOR('',#5399,5.);
#5401=LINE('',#5398,#5400);
#5402=EDGE_CURVE('',#5397,#5389,#5401,.T.);
#5403=ORIENTED_EDGE('',*,*,#5402,.F.);
#5404=CARTESIAN_POINT('',(107.543374196,-10.,-97.418836794));
#5405=DIRECTION('',(0.,0.,-1.));
#5406=VECTOR('',#5405,2.615722978);
#5407=LINE('',#5404,#5406);
#5408=EDGE_CURVE('',#5397,#5366,#5407,.T.);
#5409=ORIENTED_EDGE('',*,*,#5408,.T.);
#5410=ORIENTED_EDGE('',*,*,#5371,.T.);
#5411=EDGE_LOOP('',(#5395,#5403,#5409,#5410));
#5412=FACE_BOUND('',#5411,.T.);
#5413=ADVANCED_FACE('',(#5412),#5387,.T.);
#5414=CARTESIAN_POINT('',(106.900527024,-10.,-97.374502506));
#5415=CARTESIAN_POINT('',(106.900527024,-5.,-97.374502506));
#5416=CARTESIAN_POINT('',(107.321702756,-10.,-97.39666965));
#5417=CARTESIAN_POINT('',(107.321702756,-5.,-97.39666965));
#5418=CARTESIAN_POINT('',(107.543374195,-10.,-97.418836794));
#5419=CARTESIAN_POINT('',(107.543374195,-5.,-97.418836794));
#5420=B_SPLINE_SURFACE_WITH_KNOTS('',2,1,((#5414,#5415),(#5416,#5417),(#5418,#5419)),.UNSPECIFIED.,.F.,.F.,.U.,(3,3),(2,2),(0.,0.999999997),(0.,1.),.UNSPECIFIED.);
#5421=CARTESIAN_POINT('',(106.900527024,-5.,-97.374502506));
#5422=VERTEX_POINT('',#5421);
#5423=CARTESIAN_POINT('',(106.900527024,-5.,-97.374502506));
#5424=CARTESIAN_POINT('',(107.321702757,-5.,-97.39666965));
#5425=CARTESIAN_POINT('',(107.543374196,-5.,-97.418836794));
#5426=B_SPLINE_CURVE_WITH_KNOTS('',2,(#5423,#5424,#5425),.UNSPECIFIED.,.F.,.F.,(3,3),(0.,1.),.UNSPECIFIED.);
#5427=EDGE_CURVE('',#5422,#5389,#5426,.T.);
#5428=ORIENTED_EDGE('',*,*,#5427,.F.);
#5429=CARTESIAN_POINT('',(106.900527024,-10.,-97.374502506));
#5430=VERTEX_POINT('',#5429);
#5431=CARTESIAN_POINT('',(106.900527024,-10.,-97.374502506));
#5432=DIRECTION('',(0.,1.,0.));
#5433=VECTOR('',#5432,5.);
#5434=LINE('',#5431,#5433);
#5435=EDGE_CURVE('',#5430,#5422,#5434,.T.);
#5436=ORIENTED_EDGE('',*,*,#5435,.F.);
#5437=CARTESIAN_POINT('',(106.900527024,-10.,-97.374502506));
#5438=CARTESIAN_POINT('',(107.321702757,-10.,-97.39666965));
#5439=CARTESIAN_POINT('',(107.543374196,-10.,-97.418836794));
#5440=B_SPLINE_CURVE_WITH_KNOTS('',2,(#5437,#5438,#5439),.UNSPECIFIED.,.F.,.F.,(3,3),(0.,1.),.UNSPECIFIED.);
#5441=EDGE_CURVE('',#5430,#5397,#5440,.T.);
#5442=ORIENTED_EDGE('',*,*,#5441,.T.);
#5443=ORIENTED_EDGE('',*,*,#5402,.T.);
#5444=EDGE_LOOP('',(#5428,#5436,#5442,#5443));
#5445=FACE_BOUND('',#5444,.T.);
#5446=ADVANCED_FACE('',(#5445),#5420,.T.);
#5447=CARTESIAN_POINT('',(106.545852721,-10.,-97.374502506));
#5448=DIRECTION('',(0.,0.,1.));
#5449=DIRECTION('',(1.,0.,0.));
#5450=AXIS2_PLACEMENT_3D('',#5447,#5448,#5449);
#5451=PLANE('',#5450);
#5452=CARTESIAN_POINT('',(106.191178419,-5.,-97.374502506));
#5453=VERTEX_POINT('',#5452);
#5454=CARTESIAN_POINT('',(106.191178419,-5.,-97.374502506));
#5455=DIRECTION('',(1.,0.,-0.));
#5456=VECTOR('',#5455,0.709348604);
#5457=LINE('',#5454,#5456);
#5458=EDGE_CURVE('',#5453,#5422,#5457,.T.);
#5459=ORIENTED_EDGE('',*,*,#5458,.F.);
#5460=CARTESIAN_POINT('',(106.191178419,-10.,-97.374502506));
#5461=VERTEX_POINT('',#5460);
#5462=CARTESIAN_POINT('',(106.191178419,-10.,-97.374502506));
#5463=DIRECTION('',(0.,1.,0.));
#5464=VECTOR('',#5463,5.);
#5465=LINE('',#5462,#5464);
#5466=EDGE_CURVE('',#5461,#5453,#5465,.T.);
#5467=ORIENTED_EDGE('',*,*,#5466,.F.);
#5468=CARTESIAN_POINT('',(106.191178419,-10.,-97.374502506));
#5469=DIRECTION('',(1.,0.,-0.));
#5470=VECTOR('',#5469,0.709348604);
#5471=LINE('',#5468,#5470);
#5472=EDGE_CURVE('',#5461,#5430,#5471,.T.);
#5473=ORIENTED_EDGE('',*,*,#5472,.T.);
#5474=ORIENTED_EDGE('',*,*,#5435,.T.);
#5475=EDGE_LOOP('',(#5459,#5467,#5473,#5474));
#5476=FACE_BOUND('',#5475,.T.);
#5477=ADVANCED_FACE('',(#5476),#5451,.T.);
#5478=CARTESIAN_POINT('',(103.486786866,-10.,-98.150352542));
#5479=CARTESIAN_POINT('',(103.486786866,-5.,-98.150352542));
#5480=CARTESIAN_POINT('',(104.683812636,-10.,-97.374502506));
#5481=CARTESIAN_POINT('',(104.683812636,-5.,-97.374502506));
#5482=CARTESIAN_POINT('',(106.191178419,-10.,-97.374502506));
#5483=CARTESIAN_POINT('',(106.191178419,-5.,-97.374502506));
#5484=B_SPLINE_SURFACE_WITH_KNOTS('',2,1,((#5478,#5479),(#5480,#5481),(#5482,#5483)),.UNSPECIFIED.,.F.,.F.,.U.,(3,3),(2,2),(0.,1.),(0.,1.),.UNSPECIFIED.);
#5485=CARTESIAN_POINT('',(103.486786866,-5.,-98.150352542));
#5486=VERTEX_POINT('',#5485);
#5487=CARTESIAN_POINT('',(103.486786866,-5.,-98.150352542));
#5488=CARTESIAN_POINT('',(104.683812636,-5.,-97.374502506));
#5489=CARTESIAN_POINT('',(106.191178419,-5.,-97.374502506));
#5490=B_SPLINE_CURVE_WITH_KNOTS('',2,(#5487,#5488,#5489),.UNSPECIFIED.,.F.,.F.,(3,3),(0.,1.),.UNSPECIFIED.);
#5491=EDGE_CURVE('',#5486,#5453,#5490,.T.);
#5492=ORIENTED_EDGE('',*,*,#5491,.F.);
#5493=CARTESIAN_POINT('',(103.486786866,-10.,-98.150352542));
#5494=VERTEX_POINT('',#5493);
#5495=CARTESIAN_POINT('',(103.486786866,-10.,-98.150352542));
#5496=DIRECTION('',(0.,1.,0.));
#5497=VECTOR('',#5496,5.);
#5498=LINE('',#5495,#5497);
#5499=EDGE_CURVE('',#5494,#5486,#5498,.T.);
#5500=ORIENTED_EDGE('',*,*,#5499,.F.);
#5501=CARTESIAN_POINT('',(103.486786866,-10.,-98.150352542));
#5502=CARTESIAN_POINT('',(104.683812636,-10.,-97.374502506));
#5503=CARTESIAN_POINT('',(106.191178419,-10.,-97.374502506));
#5504=B_SPLINE_CURVE_WITH_KNOTS('',2,(#5501,#5502,#5503),.UNSPECIFIED.,.F.,.F.,(3,3),(0.,1.),.UNSPECIFIED.);
#5505=EDGE_CURVE('',#5494,#5461,#5504,.T.);
#5506=ORIENTED_EDGE('',*,*,#5505,.T.);
#5507=ORIENTED_EDGE('',*,*,#5466,.T.);
#5508=EDGE_LOOP('',(#5492,#5500,#5506,#5507));
#5509=FACE_BOUND('',#5508,.T.);
#5510=ADVANCED_FACE('',(#5509),#5484,.T.);
#5511=CARTESIAN_POINT('',(101.824251075,-10.,-100.167562635));
#5512=CARTESIAN_POINT('',(101.824251075,-5.,-100.167562635));
#5513=CARTESIAN_POINT('',(102.289761097,-10.,-98.926202577));
#5514=CARTESIAN_POINT('',(102.289761097,-5.,-98.926202577));
#5515=CARTESIAN_POINT('',(103.486786866,-10.,-98.150352542));
#5516=CARTESIAN_POINT('',(103.486786866,-5.,-98.150352542));
#5517=B_SPLINE_SURFACE_WITH_KNOTS('',2,1,((#5511,#5512),(#5513,#5514),(#5515,#5516)),.UNSPECIFIED.,.F.,.F.,.U.,(3,3),(2,2),(0.,1.),(0.,1.),.UNSPECIFIED.);
#5518=CARTESIAN_POINT('',(101.824251075,-5.,-100.167562635));
#5519=VERTEX_POINT('',#5518);
#5520=CARTESIAN_POINT('',(101.824251075,-5.,-100.167562635));
#5521=CARTESIAN_POINT('',(102.289761097,-5.,-98.926202577));
#5522=CARTESIAN_POINT('',(103.486786866,-5.,-98.150352542));
#5523=B_SPLINE_CURVE_WITH_KNOTS('',2,(#5520,#5521,#5522),.UNSPECIFIED.,.F.,.F.,(3,3),(0.,1.),.UNSPECIFIED.);
#5524=EDGE_CURVE('',#5519,#5486,#5523,.T.);
#5525=ORIENTED_EDGE('',*,*,#5524,.F.);
#5526=CARTESIAN_POINT('',(101.824251075,-10.,-100.167562635));
#5527=VERTEX_POINT('',#5526);
#5528=CARTESIAN_POINT('',(101.824251075,-10.,-100.167562635));
#5529=DIRECTION('',(0.,1.,0.));
#5530=VECTOR('',#5529,5.);
#5531=LINE('',#5528,#5530);
#5532=EDGE_CURVE('',#5527,#5519,#5531,.T.);
#5533=ORIENTED_EDGE('',*,*,#5532,.F.);
#5534=CARTESIAN_POINT('',(101.824251075,-10.,-100.167562635));
#5535=CARTESIAN_POINT('',(102.289761097,-10.,-98.926202577));
#5536=CARTESIAN_POINT('',(103.486786866,-10.,-98.150352542));
#5537=B_SPLINE_CURVE_WITH_KNOTS('',2,(#5534,#5535,#5536),.UNSPECIFIED.,.F.,.F.,(3,3),(0.,1.),.UNSPECIFIED.);
#5538=EDGE_CURVE('',#5527,#5494,#5537,.T.);
#5539=ORIENTED_EDGE('',*,*,#5538,.T.);
#5540=ORIENTED_EDGE('',*,*,#5499,.T.);
#5541=EDGE_LOOP('',(#5525,#5533,#5539,#5540));
#5542=FACE_BOUND('',#5541,.T.);
#5543=ADVANCED_FACE('',(#5542),#5517,.T.);
#5544=CARTESIAN_POINT('',(101.7355825,-10.,-100.167562635));
#5545=DIRECTION('',(0.,0.,1.));
#5546=DIRECTION('',(1.,0.,0.));
#5547=AXIS2_PLACEMENT_3D('',#5544,#5545,#5546);
#5548=PLANE('',#5547);
#5549=CARTESIAN_POINT('',(101.646913924,-5.,-100.167562635));
#5550=VERTEX_POINT('',#5549);
#5551=CARTESIAN_POINT('',(101.646913924,-5.,-100.167562635));
#5552=DIRECTION('',(1.,0.,-0.));
#5553=VECTOR('',#5552,0.177337151);
#5554=LINE('',#5551,#5553);
#5555=EDGE_CURVE('',#5550,#5519,#5554,.T.);
#5556=ORIENTED_EDGE('',*,*,#5555,.F.);
#5557=CARTESIAN_POINT('',(101.646913924,-10.,-100.167562635));
#5558=VERTEX_POINT('',#5557);
#5559=CARTESIAN_POINT('',(101.646913924,-10.,-100.167562635));
#5560=DIRECTION('',(0.,1.,0.));
#5561=VECTOR('',#5560,5.);
#5562=LINE('',#5559,#5561);
#5563=EDGE_CURVE('',#5558,#5550,#5562,.T.);
#5564=ORIENTED_EDGE('',*,*,#5563,.F.);
#5565=CARTESIAN_POINT('',(101.646913924,-10.,-100.167562635));
#5566=DIRECTION('',(1.,0.,-0.));
#5567=VECTOR('',#5566,0.177337151);
#5568=LINE('',#5565,#5567);
#5569=EDGE_CURVE('',#5558,#5527,#5568,.T.);
#5570=ORIENTED_EDGE('',*,*,#5569,.T.);
#5571=ORIENTED_EDGE('',*,*,#5532,.T.);
#5572=EDGE_LOOP('',(#5556,#5564,#5570,#5571));
#5573=FACE_BOUND('',#5572,.T.);
#5574=ADVANCED_FACE('',(#5573),#5548,.T.);
#5575=CARTESIAN_POINT('',(101.646913924,-10.,-98.892951862));
#5576=DIRECTION('',(1.,0.,0.));
#5577=DIRECTION('',(0.,0.,-1.));
#5578=AXIS2_PLACEMENT_3D('',#5575,#5576,#5577);
#5579=PLANE('',#5578);
#5580=CARTESIAN_POINT('',(101.646913924,-5.,-97.618341089));
#5581=VERTEX_POINT('',#5580);
#5582=CARTESIAN_POINT('',(101.646913924,-5.,-97.618341089));
#5583=DIRECTION('',(0.,0.,-1.));
#5584=VECTOR('',#5583,2.549221546);
#5585=LINE('',#5582,#5584);
#5586=EDGE_CURVE('',#5581,#5550,#5585,.T.);
#5587=ORIENTED_EDGE('',*,*,#5586,.F.);
#5588=CARTESIAN_POINT('',(101.646913924,-10.,-97.618341089));
#5589=VERTEX_POINT('',#5588);
#5590=CARTESIAN_POINT('',(101.646913924,-10.,-97.618341089));
#5591=DIRECTION('',(0.,1.,0.));
#5592=VECTOR('',#5591,5.);
#5593=LINE('',#5590,#5592);
#5594=EDGE_CURVE('',#5589,#5581,#5593,.T.);
#5595=ORIENTED_EDGE('',*,*,#5594,.F.);
#5596=CARTESIAN_POINT('',(101.646913924,-10.,-97.618341089));
#5597=DIRECTION('',(0.,0.,-1.));
#5598=VECTOR('',#5597,2.549221546);
#5599=LINE('',#5596,#5598);
#5600=EDGE_CURVE('',#5589,#5558,#5599,.T.);
#5601=ORIENTED_EDGE('',*,*,#5600,.T.);
#5602=ORIENTED_EDGE('',*,*,#5563,.T.);
#5603=EDGE_LOOP('',(#5587,#5595,#5601,#5602));
#5604=FACE_BOUND('',#5603,.T.);
#5605=ADVANCED_FACE('',(#5604),#5579,.T.);
#5606=CARTESIAN_POINT('',(100.405553867,-10.,-97.618341089));
#5607=DIRECTION('',(0.,0.,1.));
#5608=DIRECTION('',(1.,0.,0.));
#5609=AXIS2_PLACEMENT_3D('',#5606,#5607,#5608);
#5610=PLANE('',#5609);
#5611=CARTESIAN_POINT('',(99.16419381,-5.,-97.618341089));
#5612=VERTEX_POINT('',#5611);
#5613=CARTESIAN_POINT('',(99.16419381,-5.,-97.618341089));
#5614=DIRECTION('',(1.,0.,-0.));
#5615=VECTOR('',#5614,2.482720114);
#5616=LINE('',#5613,#5615);
#5617=EDGE_CURVE('',#5612,#5581,#5616,.T.);
#5618=ORIENTED_EDGE('',*,*,#5617,.F.);
#5619=CARTESIAN_POINT('',(99.16419381,-10.,-97.618341089));
#5620=VERTEX_POINT('',#5619);
#5621=CARTESIAN_POINT('',(99.16419381,-10.,-97.618341089));
#5622=DIRECTION('',(0.,1.,0.));
#5623=VECTOR('',#5622,5.);
#5624=LINE('',#5621,#5623);
#5625=EDGE_CURVE('',#5620,#5612,#5624,.T.);
#5626=ORIENTED_EDGE('',*,*,#5625,.F.);
#5627=CARTESIAN_POINT('',(99.16419381,-10.,-97.618341089));
#5628=DIRECTION('',(1.,0.,-0.));
#5629=VECTOR('',#5628,2.482720114);
#5630=LINE('',#5627,#5629);
#5631=EDGE_CURVE('',#5620,#5589,#5630,.T.);
#5632=ORIENTED_EDGE('',*,*,#5631,.T.);
#5633=ORIENTED_EDGE('',*,*,#5594,.T.);
#5634=EDGE_LOOP('',(#5618,#5626,#5632,#5633));
#5635=FACE_BOUND('',#5634,.T.);
#5636=ADVANCED_FACE('',(#5635),#5610,.T.);
#5637=CARTESIAN_POINT('',(99.16419381,-10.,-106.019688618));
#5638=DIRECTION('',(-1.,0.,0.));
#5639=DIRECTION('',(0.,0.,1.));
#5640=AXIS2_PLACEMENT_3D('',#5637,#5638,#5639);
#5641=PLANE('',#5640);
#5642=CARTESIAN_POINT('',(99.16419381,-5.,-114.421036148));
#5643=DIRECTION('',(0.,0.,1.));
#5644=VECTOR('',#5643,16.80269506);
#5645=LINE('',#5642,#5644);
#5646=EDGE_CURVE('',#5155,#5612,#5645,.T.);
#5647=ORIENTED_EDGE('',*,*,#5646,.F.);
#5648=ORIENTED_EDGE('',*,*,#5182,.F.);
#5649=CARTESIAN_POINT('',(99.16419381,-10.,-114.421036148));
#5650=DIRECTION('',(0.,0.,1.));
#5651=VECTOR('',#5650,16.80269506);
#5652=LINE('',#5649,#5651);
#5653=EDGE_CURVE('',#5171,#5620,#5652,.T.);
#5654=ORIENTED_EDGE('',*,*,#5653,.T.);
#5655=ORIENTED_EDGE('',*,*,#5625,.T.);
#5656=EDGE_LOOP('',(#5647,#5648,#5654,#5655));
#5657=FACE_BOUND('',#5656,.T.);
#5658=ADVANCED_FACE('',(#5657),#5641,.T.);
#5659=CARTESIAN_POINT('',(125.,-10.,-75.));
#5660=DIRECTION('',(0.,-1.,0.));
#5661=DIRECTION('',(0.,0.,-1.));
#5662=AXIS2_PLACEMENT_3D('',#5659,#5660,#5661);
#5663=PLANE('',#5662);
#5664=ORIENTED_EDGE('',*,*,#5176,.F.);
#5665=ORIENTED_EDGE('',*,*,#5212,.F.);
#5666=ORIENTED_EDGE('',*,*,#5245,.F.);
#5667=ORIENTED_EDGE('',*,*,#5278,.F.);
#5668=ORIENTED_EDGE('',*,*,#5311,.F.);
#5669=ORIENTED_EDGE('',*,*,#5344,.F.);
#5670=ORIENTED_EDGE('',*,*,#5377,.F.);
#5671=ORIENTED_EDGE('',*,*,#5408,.F.);
#5672=ORIENTED_EDGE('',*,*,#5441,.F.);
#5673=ORIENTED_EDGE('',*,*,#5472,.F.);
#5674=ORIENTED_EDGE('',*,*,#5505,.F.);
#5675=ORIENTED_EDGE('',*,*,#5538,.F.);
#5676=ORIENTED_EDGE('',*,*,#5569,.F.);
#5677=ORIENTED_EDGE('',*,*,#5600,.F.);
#5678=ORIENTED_EDGE('',*,*,#5631,.F.);
#5679=ORIENTED_EDGE('',*,*,#5653,.F.);
#5680=EDGE_LOOP('',(#5664,#5665,#5666,#5667,#5668,#5669,#5670,#5671,#5672,#5673,#5674,#5675,#5676,#5677,#5678,#5679));
#5681=FACE_BOUND('',#5680,.T.);
#5682=ADVANCED_FACE('',(#5681),#5663,.T.);
#5683=CARTESIAN_POINT('',(125.,-5.,-75.));
#5684=DIRECTION('',(0.,-1.,0.));
#5685=DIRECTION('',(0.,0.,-1.));
#5686=AXIS2_PLACEMENT_3D('',#5683,#5684,#5685);
#5687=PLANE('',#5686);
#5688=ORIENTED_EDGE('',*,*,#5160,.T.);
#5689=ORIENTED_EDGE('',*,*,#5646,.T.);
#5690=ORIENTED_EDGE('',*,*,#5617,.T.);
#5691=ORIENTED_EDGE('',*,*,#5586,.T.);
#5692=ORIENTED_EDGE('',*,*,#5555,.T.);
#5693=ORIENTED_EDGE('',*,*,#5524,.T.);
#5694=ORIENTED_EDGE('',*,*,#5491,.T.);
#5695=ORIENTED_EDGE('',*,*,#5458,.T.);
#5696=ORIENTED_EDGE('',*,*,#5427,.T.);
#5697=ORIENTED_EDGE('',*,*,#5394,.T.);
#5698=ORIENTED_EDGE('',*,*,#5363,.T.);
#5699=ORIENTED_EDGE('',*,*,#5330,.T.);
#5700=ORIENTED_EDGE('',*,*,#5297,.T.);
#5701=ORIENTED_EDGE('',*,*,#5264,.T.);
#5702=ORIENTED_EDGE('',*,*,#5231,.T.);
#5703=ORIENTED_EDGE('',*,*,#5198,.T.);
#5704=EDGE_LOOP('',(#5688,#5689,#5690,#5691,#5692,#5693,#5694,#5695,#5696,#5697,#5698,#5699,#5700,#5701,#5702,#5703));
#5705=FACE_BOUND('',#5704,.T.);
#5706=ADVANCED_FACE('',(#5705),#5687,.F.);
#5707=CLOSED_SHELL('',(#5186,#5217,#5250,#5283,#5316,#5349,#5382,#5413,#5446,#5477,#5510,#5543,#5574,#5605,#5636,#5658,#5682,#5706));
#5708=MANIFOLD_SOLID_BREP('Extruded.010',#5707);
#5146=STYLED_ITEM('',(),#5708);
#5710=CARTESIAN_POINT('',(121.420006264,-10.,-113.6895204));
#5711=CARTESIAN_POINT('',(121.420006264,-5.,-113.6895204));
#5712=CARTESIAN_POINT('',(119.713136185,-10.,-114.77571045));
#5713=CARTESIAN_POINT('',(119.713136185,-5.,-114.77571045));
#5714=CARTESIAN_POINT('',(117.429920366,-10.,-114.77571045));
#5715=CARTESIAN_POINT('',(117.429920366,-5.,-114.77571045));
#5716=B_SPLINE_SURFACE_WITH_KNOTS('',2,1,((#5710,#5711),(#5712,#5713),(#5714,#5715)),.UNSPECIFIED.,.F.,.F.,.U.,(3,3),(2,2),(0.,1.),(0.,1.),.UNSPECIFIED.);
#5717=CARTESIAN_POINT('',(121.420006264,-5.,-113.6895204));
#5718=VERTEX_POINT('',#5717);
#5719=CARTESIAN_POINT('',(117.429920366,-5.,-114.77571045));
#5720=VERTEX_POINT('',#5719);
#5721=CARTESIAN_POINT('',(121.420006264,-5.,-113.6895204));
#5722=CARTESIAN_POINT('',(119.713136185,-5.,-114.77571045));
#5723=CARTESIAN_POINT('',(117.429920366,-5.,-114.77571045));
#5724=B_SPLINE_CURVE_WITH_KNOTS('',2,(#5721,#5722,#5723),.UNSPECIFIED.,.F.,.F.,(3,3),(0.,1.),.UNSPECIFIED.);
#5725=EDGE_CURVE('',#5718,#5720,#5724,.T.);
#5726=ORIENTED_EDGE('',*,*,#5725,.F.);
#5727=CARTESIAN_POINT('',(121.420006264,-10.,-113.6895204));
#5728=VERTEX_POINT('',#5727);
#5729=CARTESIAN_POINT('',(121.420006264,-10.,-113.6895204));
#5730=DIRECTION('',(0.,1.,0.));
#5731=VECTOR('',#5730,5.);
#5732=LINE('',#5729,#5731);
#5733=EDGE_CURVE('',#5728,#5718,#5732,.T.);
#5734=ORIENTED_EDGE('',*,*,#5733,.F.);
#5735=CARTESIAN_POINT('',(117.429920366,-10.,-114.77571045));
#5736=VERTEX_POINT('',#5735);
#5737=CARTESIAN_POINT('',(121.420006264,-10.,-113.6895204));
#5738=CARTESIAN_POINT('',(119.713136185,-10.,-114.77571045));
#5739=CARTESIAN_POINT('',(117.429920366,-10.,-114.77571045));
#5740=B_SPLINE_CURVE_WITH_KNOTS('',2,(#5737,#5738,#5739),.UNSPECIFIED.,.F.,.F.,(3,3),(0.,1.),.UNSPECIFIED.);
#5741=EDGE_CURVE('',#5728,#5736,#5740,.T.);
#5742=ORIENTED_EDGE('',*,*,#5741,.T.);
#5743=CARTESIAN_POINT('',(117.429920366,-10.,-114.77571045));
#5744=DIRECTION('',(0.,1.,0.));
#5745=VECTOR('',#5744,5.);
#5746=LINE('',#5743,#5745);
#5747=EDGE_CURVE('',#5736,#5720,#5746,.T.);
#5748=ORIENTED_EDGE('',*,*,#5747,.T.);
#5749=EDGE_LOOP('',(#5726,#5734,#5742,#5748));
#5750=FACE_BOUND('',#5749,.T.);
#5751=ADVANCED_FACE('',(#5750),#5716,.T.);
#5752=CARTESIAN_POINT('',(124.080063529,-10.,-110.652621689));
#5753=CARTESIAN_POINT('',(124.080063529,-5.,-110.652621689));
#5754=CARTESIAN_POINT('',(123.126876342,-10.,-112.60333035));
#5755=CARTESIAN_POINT('',(123.126876342,-5.,-112.60333035));
#5756=CARTESIAN_POINT('',(121.420006264,-10.,-113.6895204));
#5757=CARTESIAN_POINT('',(121.420006264,-5.,-113.6895204));
#5758=B_SPLINE_SURFACE_WITH_KNOTS('',2,1,((#5752,#5753),(#5754,#5755),(#5756,#5757)),.UNSPECIFIED.,.F.,.F.,.U.,(3,3),(2,2),(0.,1.),(0.,1.),.UNSPECIFIED.);
#5759=CARTESIAN_POINT('',(124.080063529,-5.,-110.652621689));
#5760=VERTEX_POINT('',#5759);
#5761=CARTESIAN_POINT('',(124.080063529,-5.,-110.652621689));
#5762=CARTESIAN_POINT('',(123.126876342,-5.,-112.60333035));
#5763=CARTESIAN_POINT('',(121.420006264,-5.,-113.6895204));
#5764=B_SPLINE_CURVE_WITH_KNOTS('',2,(#5761,#5762,#5763),.UNSPECIFIED.,.F.,.F.,(3,3),(0.,1.),.UNSPECIFIED.);
#5765=EDGE_CURVE('',#5760,#5718,#5764,.T.);
#5766=ORIENTED_EDGE('',*,*,#5765,.F.);
#5767=CARTESIAN_POINT('',(124.080063529,-10.,-110.652621689));
#5768=VERTEX_POINT('',#5767);
#5769=CARTESIAN_POINT('',(124.080063529,-10.,-110.652621689));
#5770=DIRECTION('',(0.,1.,0.));
#5771=VECTOR('',#5770,5.);
#5772=LINE('',#5769,#5771);
#5773=EDGE_CURVE('',#5768,#5760,#5772,.T.);
#5774=ORIENTED_EDGE('',*,*,#5773,.F.);
#5775=CARTESIAN_POINT('',(124.080063529,-10.,-110.652621689));
#5776=CARTESIAN_POINT('',(123.126876342,-10.,-112.60333035));
#5777=CARTESIAN_POINT('',(121.420006264,-10.,-113.6895204));
#5778=B_SPLINE_CURVE_WITH_KNOTS('',2,(#5775,#5776,#5777),.UNSPECIFIED.,.F.,.F.,(3,3),(0.,1.),.UNSPECIFIED.);
#5779=EDGE_CURVE('',#5768,#5728,#5778,.T.);
#5780=ORIENTED_EDGE('',*,*,#5779,.T.);
#5781=ORIENTED_EDGE('',*,*,#5733,.T.);
#5782=EDGE_LOOP('',(#5766,#5774,#5780,#5781));
#5783=FACE_BOUND('',#5782,.T.);
#5784=ADVANCED_FACE('',(#5783),#5758,.T.);
#5785=CARTESIAN_POINT('',(125.05541786,-10.,-106.108357194));
#5786=CARTESIAN_POINT('',(125.05541786,-5.,-106.108357194));
#5787=CARTESIAN_POINT('',(125.05541786,-10.,-108.724080172));
#5788=CARTESIAN_POINT('',(125.05541786,-5.,-108.724080172));
#5789=CARTESIAN_POINT('',(124.080063529,-10.,-110.652621689));
#5790=CARTESIAN_POINT('',(124.080063529,-5.,-110.652621689));
#5791=B_SPLINE_SURFACE_WITH_KNOTS('',2,1,((#5785,#5786),(#5787,#5788),(#5789,#5790)),.UNSPECIFIED.,.F.,.F.,.U.,(3,3),(2,2),(0.,1.),(0.,1.),.UNSPECIFIED.);
#5792=CARTESIAN_POINT('',(125.05541786,-5.,-106.108357194));
#5793=VERTEX_POINT('',#5792);
#5794=CARTESIAN_POINT('',(125.05541786,-5.,-106.108357194));
#5795=CARTESIAN_POINT('',(125.05541786,-5.,-108.724080172));
#5796=CARTESIAN_POINT('',(124.080063529,-5.,-110.652621689));
#5797=B_SPLINE_CURVE_WITH_KNOTS('',2,(#5794,#5795,#5796),.UNSPECIFIED.,.F.,.F.,(3,3),(0.,1.),.UNSPECIFIED.);
#5798=EDGE_CURVE('',#5793,#5760,#5797,.T.);
#5799=ORIENTED_EDGE('',*,*,#5798,.F.);
#5800=CARTESIAN_POINT('',(125.05541786,-10.,-106.108357194));
#5801=VERTEX_POINT('',#5800);
#5802=CARTESIAN_POINT('',(125.05541786,-10.,-106.108357194));
#5803=DIRECTION('',(0.,1.,0.));
#5804=VECTOR('',#5803,5.);
#5805=LINE('',#5802,#5804);
#5806=EDGE_CURVE('',#5801,#5793,#5805,.T.);
#5807=ORIENTED_EDGE('',*,*,#5806,.F.);
#5808=CARTESIAN_POINT('',(125.05541786,-10.,-106.108357194));
#5809=CARTESIAN_POINT('',(125.05541786,-10.,-108.724080172));
#5810=CARTESIAN_POINT('',(124.080063529,-10.,-110.652621689));
#5811=B_SPLINE_CURVE_WITH_KNOTS('',2,(#5808,#5809,#5810),.UNSPECIFIED.,.F.,.F.,(3,3),(0.,1.),.UNSPECIFIED.);
#5812=EDGE_CURVE('',#5801,#5768,#5811,.T.);
#5813=ORIENTED_EDGE('',*,*,#5812,.T.);
#5814=ORIENTED_EDGE('',*,*,#5773,.T.);
#5815=EDGE_LOOP('',(#5799,#5807,#5813,#5814));
#5816=FACE_BOUND('',#5815,.T.);
#5817=ADVANCED_FACE('',(#5816),#5791,.T.);
#5818=CARTESIAN_POINT('',(124.080063529,-10.,-101.541925555));
#5819=CARTESIAN_POINT('',(124.080063529,-5.,-101.541925555));
#5820=CARTESIAN_POINT('',(125.05541786,-10.,-103.492634216));
#5821=CARTESIAN_POINT('',(125.05541786,-5.,-103.492634216));
#5822=CARTESIAN_POINT('',(125.05541786,-10.,-106.108357194));
#5823=CARTESIAN_POINT('',(125.05541786,-5.,-106.108357194));
#5824=B_SPLINE_SURFACE_WITH_KNOTS('',2,1,((#5818,#5819),(#5820,#5821),(#5822,#5823)),.UNSPECIFIED.,.F.,.F.,.U.,(3,3),(2,2),(0.,1.),(0.,1.),.UNSPECIFIED.);
#5825=CARTESIAN_POINT('',(124.080063529,-5.,-101.541925555));
#5826=VERTEX_POINT('',#5825);
#5827=CARTESIAN_POINT('',(124.080063529,-5.,-101.541925555));
#5828=CARTESIAN_POINT('',(125.05541786,-5.,-103.492634216));
#5829=CARTESIAN_POINT('',(125.05541786,-5.,-106.108357194));
#5830=B_SPLINE_CURVE_WITH_KNOTS('',2,(#5827,#5828,#5829),.UNSPECIFIED.,.F.,.F.,(3,3),(0.,1.),.UNSPECIFIED.);
#5831=EDGE_CURVE('',#5826,#5793,#5830,.T.);
#5832=ORIENTED_EDGE('',*,*,#5831,.F.);
#5833=CARTESIAN_POINT('',(124.080063529,-10.,-101.541925555));
#5834=VERTEX_POINT('',#5833);
#5835=CARTESIAN_POINT('',(124.080063529,-10.,-101.541925555));
#5836=DIRECTION('',(0.,1.,0.));
#5837=VECTOR('',#5836,5.);
#5838=LINE('',#5835,#5837);
#5839=EDGE_CURVE('',#5834,#5826,#5838,.T.);
#5840=ORIENTED_EDGE('',*,*,#5839,.F.);
#5841=CARTESIAN_POINT('',(124.080063529,-10.,-101.541925555));
#5842=CARTESIAN_POINT('',(125.05541786,-10.,-103.492634216));
#5843=CARTESIAN_POINT('',(125.05541786,-10.,-106.108357194));
#5844=B_SPLINE_CURVE_WITH_KNOTS('',2,(#5841,#5842,#5843),.UNSPECIFIED.,.F.,.F.,(3,3),(0.,1.),.UNSPECIFIED.);
#5845=EDGE_CURVE('',#5834,#5801,#5844,.T.);
#5846=ORIENTED_EDGE('',*,*,#5845,.T.);
#5847=ORIENTED_EDGE('',*,*,#5806,.T.);
#5848=EDGE_LOOP('',(#5832,#5840,#5846,#5847));
#5849=FACE_BOUND('',#5848,.T.);
#5850=ADVANCED_FACE('',(#5849),#5824,.T.);
#5851=CARTESIAN_POINT('',(121.420006264,-10.,-98.4828597));
#5852=CARTESIAN_POINT('',(121.420006264,-5.,-98.4828597));
#5853=CARTESIAN_POINT('',(123.126876342,-10.,-99.56904975));
#5854=CARTESIAN_POINT('',(123.126876342,-5.,-99.56904975));
#5855=CARTESIAN_POINT('',(124.080063529,-10.,-101.541925555));
#5856=CARTESIAN_POINT('',(124.080063529,-5.,-101.541925555));
#5857=B_SPLINE_SURFACE_WITH_KNOTS('',2,1,((#5851,#5852),(#5853,#5854),(#5855,#5856)),.UNSPECIFIED.,.F.,.F.,.U.,(3,3),(2,2),(0.,1.),(0.,1.),.UNSPECIFIED.);
#5858=CARTESIAN_POINT('',(121.420006264,-5.,-98.4828597));
#5859=VERTEX_POINT('',#5858);
#5860=CARTESIAN_POINT('',(121.420006264,-5.,-98.4828597));
#5861=CARTESIAN_POINT('',(123.126876342,-5.,-99.56904975));
#5862=CARTESIAN_POINT('',(124.080063529,-5.,-101.541925555));
#5863=B_SPLINE_CURVE_WITH_KNOTS('',2,(#5860,#5861,#5862),.UNSPECIFIED.,.F.,.F.,(3,3),(0.,1.),.UNSPECIFIED.);
#5864=EDGE_CURVE('',#5859,#5826,#5863,.T.);
#5865=ORIENTED_EDGE('',*,*,#5864,.F.);
#5866=CARTESIAN_POINT('',(121.420006264,-10.,-98.4828597));
#5867=VERTEX_POINT('',#5866);
#5868=CARTESIAN_POINT('',(121.420006264,-10.,-98.4828597));
#5869=DIRECTION('',(0.,1.,0.));
#5870=VECTOR('',#5869,5.);
#5871=LINE('',#5868,#5870);
#5872=EDGE_CURVE('',#5867,#5859,#5871,.T.);
#5873=ORIENTED_EDGE('',*,*,#5872,.F.);
#5874=CARTESIAN_POINT('',(121.420006264,-10.,-98.4828597));
#5875=CARTESIAN_POINT('',(123.126876342,-10.,-99.56904975));
#5876=CARTESIAN_POINT('',(124.080063529,-10.,-101.541925555));
#5877=B_SPLINE_CURVE_WITH_KNOTS('',2,(#5874,#5875,#5876),.UNSPECIFIED.,.F.,.F.,(3,3),(0.,1.),.UNSPECIFIED.);
#5878=EDGE_CURVE('',#5867,#5834,#5877,.T.);
#5879=ORIENTED_EDGE('',*,*,#5878,.T.);
#5880=ORIENTED_EDGE('',*,*,#5839,.T.);
#5881=EDGE_LOOP('',(#5865,#5873,#5879,#5880));
#5882=FACE_BOUND('',#5881,.T.);
#5883=ADVANCED_FACE('',(#5882),#5857,.T.);
#5884=CARTESIAN_POINT('',(117.429920366,-10.,-97.418836794));
#5885=CARTESIAN_POINT('',(117.429920366,-5.,-97.418836794));
#5886=CARTESIAN_POINT('',(119.713136185,-10.,-97.418836794));
#5887=CARTESIAN_POINT('',(119.713136185,-5.,-97.418836794));
#5888=CARTESIAN_POINT('',(121.420006264,-10.,-98.4828597));
#5889=CARTESIAN_POINT('',(121.420006264,-5.,-98.4828597));
#5890=B_SPLINE_SURFACE_WITH_KNOTS('',2,1,((#5884,#5885),(#5886,#5887),(#5888,#5889)),.UNSPECIFIED.,.F.,.F.,.U.,(3,3),(2,2),(0.,1.),(0.,1.),.UNSPECIFIED.);
#5891=CARTESIAN_POINT('',(117.429920366,-5.,-97.418836794));
#5892=VERTEX_POINT('',#5891);
#5893=CARTESIAN_POINT('',(117.429920366,-5.,-97.418836794));
#5894=CARTESIAN_POINT('',(119.713136185,-5.,-97.418836794));
#5895=CARTESIAN_POINT('',(121.420006264,-5.,-98.4828597));
#5896=B_SPLINE_CURVE_WITH_KNOTS('',2,(#5893,#5894,#5895),.UNSPECIFIED.,.F.,.F.,(3,3),(0.,1.),.UNSPECIFIED.);
#5897=EDGE_CURVE('',#5892,#5859,#5896,.T.);
#5898=ORIENTED_EDGE('',*,*,#5897,.F.);
#5899=CARTESIAN_POINT('',(117.429920366,-10.,-97.418836794));
#5900=VERTEX_POINT('',#5899);
#5901=CARTESIAN_POINT('',(117.429920366,-10.,-97.418836794));
#5902=DIRECTION('',(0.,1.,0.));
#5903=VECTOR('',#5902,5.);
#5904=LINE('',#5901,#5903);
#5905=EDGE_CURVE('',#5900,#5892,#5904,.T.);
#5906=ORIENTED_EDGE('',*,*,#5905,.F.);
#5907=CARTESIAN_POINT('',(117.429920366,-10.,-97.418836794));
#5908=CARTESIAN_POINT('',(119.713136185,-10.,-97.418836794));
#5909=CARTESIAN_POINT('',(121.420006264,-10.,-98.4828597));
#5910=B_SPLINE_CURVE_WITH_KNOTS('',2,(#5907,#5908,#5909),.UNSPECIFIED.,.F.,.F.,(3,3),(0.,1.),.UNSPECIFIED.);
#5911=EDGE_CURVE('',#5900,#5867,#5910,.T.);
#5912=ORIENTED_EDGE('',*,*,#5911,.T.);
#5913=ORIENTED_EDGE('',*,*,#5872,.T.);
#5914=EDGE_LOOP('',(#5898,#5906,#5912,#5913));
#5915=FACE_BOUND('',#5914,.T.);
#5916=ADVANCED_FACE('',(#5915),#5890,.T.);
#5917=CARTESIAN_POINT('',(113.462001611,-10.,-98.4828597));
#5918=CARTESIAN_POINT('',(113.462001611,-5.,-98.4828597));
#5919=CARTESIAN_POINT('',(115.16887169,-10.,-97.418836794));
#5920=CARTESIAN_POINT('',(115.16887169,-5.,-97.418836794));
#5921=CARTESIAN_POINT('',(117.429920366,-10.,-97.418836794));
#5922=CARTESIAN_POINT('',(117.429920366,-5.,-97.418836794));
#5923=B_SPLINE_SURFACE_WITH_KNOTS('',2,1,((#5917,#5918),(#5919,#5920),(#5921,#5922)),.UNSPECIFIED.,.F.,.F.,.U.,(3,3),(2,2),(0.,1.),(0.,1.),.UNSPECIFIED.);
#5924=CARTESIAN_POINT('',(113.462001611,-5.,-98.4828597));
#5925=VERTEX_POINT('',#5924);
#5926=CARTESIAN_POINT('',(113.462001611,-5.,-98.4828597));
#5927=CARTESIAN_POINT('',(115.16887169,-5.,-97.418836794));
#5928=CARTESIAN_POINT('',(117.429920366,-5.,-97.418836794));
#5929=B_SPLINE_CURVE_WITH_KNOTS('',2,(#5926,#5927,#5928),.UNSPECIFIED.,.F.,.F.,(3,3),(0.,1.),.UNSPECIFIED.);
#5930=EDGE_CURVE('',#5925,#5892,#5929,.T.);
#5931=ORIENTED_EDGE('',*,*,#5930,.F.);
#5932=CARTESIAN_POINT('',(113.462001611,-10.,-98.4828597));
#5933=VERTEX_POINT('',#5932);
#5934=CARTESIAN_POINT('',(113.462001611,-10.,-98.4828597));
#5935=DIRECTION('',(0.,1.,0.));
#5936=VECTOR('',#5935,5.);
#5937=LINE('',#5934,#5936);
#5938=EDGE_CURVE('',#5933,#5925,#5937,.T.);
#5939=ORIENTED_EDGE('',*,*,#5938,.F.);
#5940=CARTESIAN_POINT('',(113.462001611,-10.,-98.4828597));
#5941=CARTESIAN_POINT('',(115.16887169,-10.,-97.418836794));
#5942=CARTESIAN_POINT('',(117.429920366,-10.,-97.418836794));
#5943=B_SPLINE_CURVE_WITH_KNOTS('',2,(#5940,#5941,#5942),.UNSPECIFIED.,.F.,.F.,(3,3),(0.,1.),.UNSPECIFIED.);
#5944=EDGE_CURVE('',#5933,#5900,#5943,.T.);
#5945=ORIENTED_EDGE('',*,*,#5944,.T.);
#5946=ORIENTED_EDGE('',*,*,#5905,.T.);
#5947=EDGE_LOOP('',(#5931,#5939,#5945,#5946));
#5948=FACE_BOUND('',#5947,.T.);
#5949=ADVANCED_FACE('',(#5948),#5923,.T.);
#5950=CARTESIAN_POINT('',(110.779777202,-10.,-101.541925555));
#5951=CARTESIAN_POINT('',(110.779777202,-5.,-101.541925555));
#5952=CARTESIAN_POINT('',(111.732964389,-10.,-99.56904975));
#5953=CARTESIAN_POINT('',(111.732964389,-5.,-99.56904975));
#5954=CARTESIAN_POINT('',(113.462001611,-10.,-98.4828597));
#5955=CARTESIAN_POINT('',(113.462001611,-5.,-98.4828597));
#5956=B_SPLINE_SURFACE_WITH_KNOTS('',2,1,((#5950,#5951),(#5952,#5953),(#5954,#5955)),.UNSPECIFIED.,.F.,.F.,.U.,(3,3),(2,2),(0.,1.),(0.,1.),.UNSPECIFIED.);
#5957=CARTESIAN_POINT('',(110.779777202,-5.,-101.541925555));
#5958=VERTEX_POINT('',#5957);
#5959=CARTESIAN_POINT('',(110.779777202,-5.,-101.541925555));
#5960=CARTESIAN_POINT('',(111.732964389,-5.,-99.56904975));
#5961=CARTESIAN_POINT('',(113.462001611,-5.,-98.4828597));
#5962=B_SPLINE_CURVE_WITH_KNOTS('',2,(#5959,#5960,#5961),.UNSPECIFIED.,.F.,.F.,(3,3),(0.,1.),.UNSPECIFIED.);
#5963=EDGE_CURVE('',#5958,#5925,#5962,.T.);
#5964=ORIENTED_EDGE('',*,*,#5963,.F.);
#5965=CARTESIAN_POINT('',(110.779777202,-10.,-101.541925555));
#5966=VERTEX_POINT('',#5965);
#5967=CARTESIAN_POINT('',(110.779777202,-10.,-101.541925555));
#5968=DIRECTION('',(0.,1.,0.));
#5969=VECTOR('',#5968,5.);
#5970=LINE('',#5967,#5969);
#5971=EDGE_CURVE('',#5966,#5958,#5970,.T.);
#5972=ORIENTED_EDGE('',*,*,#5971,.F.);
#5973=CARTESIAN_POINT('',(110.779777202,-10.,-101.541925555));
#5974=CARTESIAN_POINT('',(111.732964389,-10.,-99.56904975));
#5975=CARTESIAN_POINT('',(113.462001611,-10.,-98.4828597));
#5976=B_SPLINE_CURVE_WITH_KNOTS('',2,(#5973,#5974,#5975),.UNSPECIFIED.,.F.,.F.,(3,3),(0.,1.),.UNSPECIFIED.);
#5977=EDGE_CURVE('',#5966,#5933,#5976,.T.);
#5978=ORIENTED_EDGE('',*,*,#5977,.T.);
#5979=ORIENTED_EDGE('',*,*,#5938,.T.);
#5980=EDGE_LOOP('',(#5964,#5972,#5978,#5979));
#5981=FACE_BOUND('',#5980,.T.);
#5982=ADVANCED_FACE('',(#5981),#5956,.T.);
#5983=CARTESIAN_POINT('',(109.826590015,-10.,-106.108357194));
#5984=CARTESIAN_POINT('',(109.826590015,-5.,-106.108357194));
#5985=CARTESIAN_POINT('',(109.826590015,-10.,-103.492634216));
#5986=CARTESIAN_POINT('',(109.826590015,-5.,-103.492634216));
#5987=CARTESIAN_POINT('',(110.779777202,-10.,-101.541925555));
#5988=CARTESIAN_POINT('',(110.779777202,-5.,-101.541925555));
#5989=B_SPLINE_SURFACE_WITH_KNOTS('',2,1,((#5983,#5984),(#5985,#5986),(#5987,#5988)),.UNSPECIFIED.,.F.,.F.,.U.,(3,3),(2,2),(0.,1.),(0.,1.),.UNSPECIFIED.);
#5990=CARTESIAN_POINT('',(109.826590015,-5.,-106.108357194));
#5991=VERTEX_POINT('',#5990);
#5992=CARTESIAN_POINT('',(109.826590015,-5.,-106.108357194));
#5993=CARTESIAN_POINT('',(109.826590015,-5.,-103.492634216));
#5994=CARTESIAN_POINT('',(110.779777202,-5.,-101.541925555));
#5995=B_SPLINE_CURVE_WITH_KNOTS('',2,(#5992,#5993,#5994),.UNSPECIFIED.,.F.,.F.,(3,3),(0.,1.),.UNSPECIFIED.);
#5996=EDGE_CURVE('',#5991,#5958,#5995,.T.);
#5997=ORIENTED_EDGE('',*,*,#5996,.F.);
#5998=CARTESIAN_POINT('',(109.826590015,-10.,-106.108357194));
#5999=VERTEX_POINT('',#5998);
#6000=CARTESIAN_POINT('',(109.826590015,-10.,-106.108357194));
#6001=DIRECTION('',(0.,1.,0.));
#6002=VECTOR('',#6001,5.);
#6003=LINE('',#6000,#6002);
#6004=EDGE_CURVE('',#5999,#5991,#6003,.T.);
#6005=ORIENTED_EDGE('',*,*,#6004,.F.);
#6006=CARTESIAN_POINT('',(109.826590015,-10.,-106.108357194));
#6007=CARTESIAN_POINT('',(109.826590015,-10.,-103.492634216));
#6008=CARTESIAN_POINT('',(110.779777202,-10.,-101.541925555));
#6009=B_SPLINE_CURVE_WITH_KNOTS('',2,(#6006,#6007,#6008),.UNSPECIFIED.,.F.,.F.,(3,3),(0.,1.),.UNSPECIFIED.);
#6010=EDGE_CURVE('',#5999,#5966,#6009,.T.);
#6011=ORIENTED_EDGE('',*,*,#6010,.T.);
#6012=ORIENTED_EDGE('',*,*,#5971,.T.);
#6013=EDGE_LOOP('',(#5997,#6005,#6011,#6012));
#6014=FACE_BOUND('',#6013,.T.);
#6015=ADVANCED_FACE('',(#6014),#5989,.T.);
#6016=CARTESIAN_POINT('',(110.779777202,-10.,-110.652621689));
#6017=CARTESIAN_POINT('',(110.779777202,-5.,-110.652621689));
#6018=CARTESIAN_POINT('',(109.826590015,-10.,-108.724080172));
#6019=CARTESIAN_POINT('',(109.826590015,-5.,-108.724080172));
#6020=CARTESIAN_POINT('',(109.826590015,-10.,-106.108357194));
#6021=CARTESIAN_POINT('',(109.826590015,-5.,-106.108357194));
#6022=B_SPLINE_SURFACE_WITH_KNOTS('',2,1,((#6016,#6017),(#6018,#6019),(#6020,#6021)),.UNSPECIFIED.,.F.,.F.,.U.,(3,3),(2,2),(0.,1.),(0.,1.),.UNSPECIFIED.);
#6023=CARTESIAN_POINT('',(110.779777202,-5.,-110.652621689));
#6024=VERTEX_POINT('',#6023);
#6025=CARTESIAN_POINT('',(110.779777202,-5.,-110.652621689));
#6026=CARTESIAN_POINT('',(109.826590015,-5.,-108.724080172));
#6027=CARTESIAN_POINT('',(109.826590015,-5.,-106.108357194));
#6028=B_SPLINE_CURVE_WITH_KNOTS('',2,(#6025,#6026,#6027),.UNSPECIFIED.,.F.,.F.,(3,3),(0.,1.),.UNSPECIFIED.);
#6029=EDGE_CURVE('',#6024,#5991,#6028,.T.);
#6030=ORIENTED_EDGE('',*,*,#6029,.F.);
#6031=CARTESIAN_POINT('',(110.779777202,-10.,-110.652621689));
#6032=VERTEX_POINT('',#6031);
#6033=CARTESIAN_POINT('',(110.779777202,-10.,-110.652621689));
#6034=DIRECTION('',(0.,1.,0.));
#6035=VECTOR('',#6034,5.);
#6036=LINE('',#6033,#6035);
#6037=EDGE_CURVE('',#6032,#6024,#6036,.T.);
#6038=ORIENTED_EDGE('',*,*,#6037,.F.);
#6039=CARTESIAN_POINT('',(110.779777202,-10.,-110.652621689));
#6040=CARTESIAN_POINT('',(109.826590015,-10.,-108.724080172));
#6041=CARTESIAN_POINT('',(109.826590015,-10.,-106.108357194));
#6042=B_SPLINE_CURVE_WITH_KNOTS('',2,(#6039,#6040,#6041),.UNSPECIFIED.,.F.,.F.,(3,3),(0.,1.),.UNSPECIFIED.);
#6043=EDGE_CURVE('',#6032,#5999,#6042,.T.);
#6044=ORIENTED_EDGE('',*,*,#6043,.T.);
#6045=ORIENTED_EDGE('',*,*,#6004,.T.);
#6046=EDGE_LOOP('',(#6030,#6038,#6044,#6045));
#6047=FACE_BOUND('',#6046,.T.);
#6048=ADVANCED_FACE('',(#6047),#6022,.T.);
#6049=CARTESIAN_POINT('',(113.462001611,-10.,-113.6895204));
#6050=CARTESIAN_POINT('',(113.462001611,-5.,-113.6895204));
#6051=CARTESIAN_POINT('',(111.732964389,-10.,-112.60333035));
#6052=CARTESIAN_POINT('',(111.732964389,-5.,-112.60333035));
#6053=CARTESIAN_POINT('',(110.779777202,-10.,-110.652621689));
#6054=CARTESIAN_POINT('',(110.779777202,-5.,-110.652621689));
#6055=B_SPLINE_SURFACE_WITH_KNOTS('',2,1,((#6049,#6050),(#6051,#6052),(#6053,#6054)),.UNSPECIFIED.,.F.,.F.,.U.,(3,3),(2,2),(0.,1.),(0.,1.),.UNSPECIFIED.);
#6056=CARTESIAN_POINT('',(113.462001611,-5.,-113.6895204));
#6057=VERTEX_POINT('',#6056);
#6058=CARTESIAN_POINT('',(113.462001611,-5.,-113.6895204));
#6059=CARTESIAN_POINT('',(111.732964389,-5.,-112.60333035));
#6060=CARTESIAN_POINT('',(110.779777202,-5.,-110.652621689));
#6061=B_SPLINE_CURVE_WITH_KNOTS('',2,(#6058,#6059,#6060),.UNSPECIFIED.,.F.,.F.,(3,3),(0.,1.),.UNSPECIFIED.);
#6062=EDGE_CURVE('',#6057,#6024,#6061,.T.);
#6063=ORIENTED_EDGE('',*,*,#6062,.F.);
#6064=CARTESIAN_POINT('',(113.462001611,-10.,-113.6895204));
#6065=VERTEX_POINT('',#6064);
#6066=CARTESIAN_POINT('',(113.462001611,-10.,-113.6895204));
#6067=DIRECTION('',(0.,1.,0.));
#6068=VECTOR('',#6067,5.);
#6069=LINE('',#6066,#6068);
#6070=EDGE_CURVE('',#6065,#6057,#6069,.T.);
#6071=ORIENTED_EDGE('',*,*,#6070,.F.);
#6072=CARTESIAN_POINT('',(113.462001611,-10.,-113.6895204));
#6073=CARTESIAN_POINT('',(111.732964389,-10.,-112.60333035));
#6074=CARTESIAN_POINT('',(110.779777202,-10.,-110.652621689));
#6075=B_SPLINE_CURVE_WITH_KNOTS('',2,(#6072,#6073,#6074),.UNSPECIFIED.,.F.,.F.,(3,3),(0.,1.),.UNSPECIFIED.);
#6076=EDGE_CURVE('',#6065,#6032,#6075,.T.);
#6077=ORIENTED_EDGE('',*,*,#6076,.T.);
#6078=ORIENTED_EDGE('',*,*,#6037,.T.);
#6079=EDGE_LOOP('',(#6063,#6071,#6077,#6078));
#6080=FACE_BOUND('',#6079,.T.);
#6081=ADVANCED_FACE('',(#6080),#6055,.T.);
#6082=CARTESIAN_POINT('',(114.592525949,-10.,-111.561474588));
#6083=CARTESIAN_POINT('',(114.592525949,-5.,-111.561474588));
#6084=CARTESIAN_POINT('',(115.700883143,-10.,-112.448160343));
#6085=CARTESIAN_POINT('',(115.700883143,-5.,-112.448160343));
#6086=CARTESIAN_POINT('',(117.429920366,-10.,-112.448160343));
#6087=CARTESIAN_POINT('',(117.429920366,-5.,-112.448160343));
#6088=B_SPLINE_SURFACE_WITH_KNOTS('',2,1,((#6082,#6083),(#6084,#6085),(#6086,#6087)),.UNSPECIFIED.,.F.,.F.,.U.,(3,3),(2,2),(0.,1.),(0.,1.),.UNSPECIFIED.);
#6089=CARTESIAN_POINT('',(114.592525949,-5.,-111.561474588));
#6090=VERTEX_POINT('',#6089);
#6091=CARTESIAN_POINT('',(117.429920366,-5.,-112.448160343));
#6092=VERTEX_POINT('',#6091);
#6093=CARTESIAN_POINT('',(114.592525949,-5.,-111.561474588));
#6094=CARTESIAN_POINT('',(115.700883143,-5.,-112.448160343));
#6095=CARTESIAN_POINT('',(117.429920366,-5.,-112.448160343));
#6096=B_SPLINE_CURVE_WITH_KNOTS('',2,(#6093,#6094,#6095),.UNSPECIFIED.,.F.,.F.,(3,3),(0.,1.),.UNSPECIFIED.);
#6097=EDGE_CURVE('',#6090,#6092,#6096,.T.);
#6098=ORIENTED_EDGE('',*,*,#6097,.F.);
#6099=CARTESIAN_POINT('',(114.592525949,-10.,-111.561474588));
#6100=VERTEX_POINT('',#6099);
#6101=CARTESIAN_POINT('',(114.592525949,-10.,-111.561474588));
#6102=DIRECTION('',(0.,1.,0.));
#6103=VECTOR('',#6102,5.);
#6104=LINE('',#6101,#6103);
#6105=EDGE_CURVE('',#6100,#6090,#6104,.T.);
#6106=ORIENTED_EDGE('',*,*,#6105,.F.);
#6107=CARTESIAN_POINT('',(117.429920366,-10.,-112.448160343));
#6108=VERTEX_POINT('',#6107);
#6109=CARTESIAN_POINT('',(114.592525949,-10.,-111.561474588));
#6110=CARTESIAN_POINT('',(115.700883143,-10.,-112.448160343));
#6111=CARTESIAN_POINT('',(117.429920366,-10.,-112.448160343));
#6112=B_SPLINE_CURVE_WITH_KNOTS('',2,(#6109,#6110,#6111),.UNSPECIFIED.,.F.,.F.,(3,3),(0.,1.),.UNSPECIFIED.);
#6113=EDGE_CURVE('',#6100,#6108,#6112,.T.);
#6114=ORIENTED_EDGE('',*,*,#6113,.T.);
#6115=CARTESIAN_POINT('',(117.429920366,-10.,-112.448160343));
#6116=DIRECTION('',(0.,1.,0.));
#6117=VECTOR('',#6116,5.);
#6118=LINE('',#6115,#6117);
#6119=EDGE_CURVE('',#6108,#6092,#6118,.T.);
#6120=ORIENTED_EDGE('',*,*,#6119,.T.);
#6121=EDGE_LOOP('',(#6098,#6106,#6114,#6120));
#6122=FACE_BOUND('',#6121,.T.);
#6123=ADVANCED_FACE('',(#6122),#6088,.T.);
#6124=CARTESIAN_POINT('',(112.952157302,-10.,-109.233924481));
#6125=CARTESIAN_POINT('',(112.952157302,-5.,-109.233924481));
#6126=CARTESIAN_POINT('',(113.484168755,-10.,-110.674788833));
#6127=CARTESIAN_POINT('',(113.484168755,-5.,-110.674788833));
#6128=CARTESIAN_POINT('',(114.592525949,-10.,-111.561474588));
#6129=CARTESIAN_POINT('',(114.592525949,-5.,-111.561474588));
#6130=B_SPLINE_SURFACE_WITH_KNOTS('',2,1,((#6124,#6125),(#6126,#6127),(#6128,#6129)),.UNSPECIFIED.,.F.,.F.,.U.,(3,3),(2,2),(0.,1.),(0.,1.),.UNSPECIFIED.);
#6131=CARTESIAN_POINT('',(112.952157302,-5.,-109.233924481));
#6132=VERTEX_POINT('',#6131);
#6133=CARTESIAN_POINT('',(112.952157302,-5.,-109.233924481));
#6134=CARTESIAN_POINT('',(113.484168755,-5.,-110.674788833));
#6135=CARTESIAN_POINT('',(114.592525949,-5.,-111.561474588));
#6136=B_SPLINE_CURVE_WITH_KNOTS('',2,(#6133,#6134,#6135),.UNSPECIFIED.,.F.,.F.,(3,3),(0.,1.),.UNSPECIFIED.);
#6137=EDGE_CURVE('',#6132,#6090,#6136,.T.);
#6138=ORIENTED_EDGE('',*,*,#6137,.F.);
#6139=CARTESIAN_POINT('',(112.952157302,-10.,-109.233924481));
#6140=VERTEX_POINT('',#6139);
#6141=CARTESIAN_POINT('',(112.952157302,-10.,-109.233924481));
#6142=DIRECTION('',(0.,1.,0.));
#6143=VECTOR('',#6142,5.);
#6144=LINE('',#6141,#6143);
#6145=EDGE_CURVE('',#6140,#6132,#6144,.T.);
#6146=ORIENTED_EDGE('',*,*,#6145,.F.);
#6147=CARTESIAN_POINT('',(112.952157302,-10.,-109.233924481));
#6148=CARTESIAN_POINT('',(113.484168755,-10.,-110.674788833));
#6149=CARTESIAN_POINT('',(114.592525949,-10.,-111.561474588));
#6150=B_SPLINE_CURVE_WITH_KNOTS('',2,(#6147,#6148,#6149),.UNSPECIFIED.,.F.,.F.,(3,3),(0.,1.),.UNSPECIFIED.);
#6151=EDGE_CURVE('',#6140,#6100,#6150,.T.);
#6152=ORIENTED_EDGE('',*,*,#6151,.T.);
#6153=ORIENTED_EDGE('',*,*,#6105,.T.);
#6154=EDGE_LOOP('',(#6138,#6146,#6152,#6153));
#6155=FACE_BOUND('',#6154,.T.);
#6156=ADVANCED_FACE('',(#6155),#6130,.T.);
#6157=CARTESIAN_POINT('',(112.397978705,-10.,-106.108357194));
#6158=CARTESIAN_POINT('',(112.397978705,-5.,-106.108357194));
#6159=CARTESIAN_POINT('',(112.397978705,-10.,-107.793060129));
#6160=CARTESIAN_POINT('',(112.397978705,-5.,-107.793060129));
#6161=CARTESIAN_POINT('',(112.952157302,-10.,-109.233924481));
#6162=CARTESIAN_POINT('',(112.952157302,-5.,-109.233924481));
#6163=B_SPLINE_SURFACE_WITH_KNOTS('',2,1,((#6157,#6158),(#6159,#6160),(#6161,#6162)),.UNSPECIFIED.,.F.,.F.,.U.,(3,3),(2,2),(0.,1.),(0.,1.),.UNSPECIFIED.);
#6164=CARTESIAN_POINT('',(112.397978705,-5.,-106.108357194));
#6165=VERTEX_POINT('',#6164);
#6166=CARTESIAN_POINT('',(112.397978705,-5.,-106.108357194));
#6167=CARTESIAN_POINT('',(112.397978705,-5.,-107.793060129));
#6168=CARTESIAN_POINT('',(112.952157302,-5.,-109.233924481));
#6169=B_SPLINE_CURVE_WITH_KNOTS('',2,(#6166,#6167,#6168),.UNSPECIFIED.,.F.,.F.,(3,3),(0.,1.),.UNSPECIFIED.);
#6170=EDGE_CURVE('',#6165,#6132,#6169,.T.);
#6171=ORIENTED_EDGE('',*,*,#6170,.F.);
#6172=CARTESIAN_POINT('',(112.397978705,-10.,-106.108357194));
#6173=VERTEX_POINT('',#6172);
#6174=CARTESIAN_POINT('',(112.397978705,-10.,-106.108357194));
#6175=DIRECTION('',(0.,1.,0.));
#6176=VECTOR('',#6175,5.);
#6177=LINE('',#6174,#6176);
#6178=EDGE_CURVE('',#6173,#6165,#6177,.T.);
#6179=ORIENTED_EDGE('',*,*,#6178,.F.);
#6180=CARTESIAN_POINT('',(112.397978705,-10.,-106.108357194));
#6181=CARTESIAN_POINT('',(112.397978705,-10.,-107.793060129));
#6182=CARTESIAN_POINT('',(112.952157302,-10.,-109.233924481));
#6183=B_SPLINE_CURVE_WITH_KNOTS('',2,(#6180,#6181,#6182),.UNSPECIFIED.,.F.,.F.,(3,3),(0.,1.),.UNSPECIFIED.);
#6184=EDGE_CURVE('',#6173,#6140,#6183,.T.);
#6185=ORIENTED_EDGE('',*,*,#6184,.T.);
#6186=ORIENTED_EDGE('',*,*,#6145,.T.);
#6187=EDGE_LOOP('',(#6171,#6179,#6185,#6186));
#6188=FACE_BOUND('',#6187,.T.);
#6189=ADVANCED_FACE('',(#6188),#6163,.T.);
#6190=CARTESIAN_POINT('',(112.952157302,-10.,-102.982789907));
#6191=CARTESIAN_POINT('',(112.952157302,-5.,-102.982789907));
#6192=CARTESIAN_POINT('',(112.397978705,-10.,-104.423654259));
#6193=CARTESIAN_POINT('',(112.397978705,-5.,-104.423654259));
#6194=CARTESIAN_POINT('',(112.397978705,-10.,-106.108357194));
#6195=CARTESIAN_POINT('',(112.397978705,-5.,-106.108357194));
#6196=B_SPLINE_SURFACE_WITH_KNOTS('',2,1,((#6190,#6191),(#6192,#6193),(#6194,#6195)),.UNSPECIFIED.,.F.,.F.,.U.,(3,3),(2,2),(0.,1.),(0.,1.),.UNSPECIFIED.);
#6197=CARTESIAN_POINT('',(112.952157302,-5.,-102.982789907));
#6198=VERTEX_POINT('',#6197);
#6199=CARTESIAN_POINT('',(112.952157302,-5.,-102.982789907));
#6200=CARTESIAN_POINT('',(112.397978705,-5.,-104.423654259));
#6201=CARTESIAN_POINT('',(112.397978705,-5.,-106.108357194));
#6202=B_SPLINE_CURVE_WITH_KNOTS('',2,(#6199,#6200,#6201),.UNSPECIFIED.,.F.,.F.,(3,3),(0.,1.),.UNSPECIFIED.);
#6203=EDGE_CURVE('',#6198,#6165,#6202,.T.);
#6204=ORIENTED_EDGE('',*,*,#6203,.F.);
#6205=CARTESIAN_POINT('',(112.952157302,-10.,-102.982789907));
#6206=VERTEX_POINT('',#6205);
#6207=CARTESIAN_POINT('',(112.952157302,-10.,-102.982789907));
#6208=DIRECTION('',(0.,1.,0.));
#6209=VECTOR('',#6208,5.);
#6210=LINE('',#6207,#6209);
#6211=EDGE_CURVE('',#6206,#6198,#6210,.T.);
#6212=ORIENTED_EDGE('',*,*,#6211,.F.);
#6213=CARTESIAN_POINT('',(112.952157302,-10.,-102.982789907));
#6214=CARTESIAN_POINT('',(112.397978705,-10.,-104.423654259));
#6215=CARTESIAN_POINT('',(112.397978705,-10.,-106.108357194));
#6216=B_SPLINE_CURVE_WITH_KNOTS('',2,(#6213,#6214,#6215),.UNSPECIFIED.,.F.,.F.,(3,3),(0.,1.),.UNSPECIFIED.);
#6217=EDGE_CURVE('',#6206,#6173,#6216,.T.);
#6218=ORIENTED_EDGE('',*,*,#6217,.T.);
#6219=ORIENTED_EDGE('',*,*,#6178,.T.);
#6220=EDGE_LOOP('',(#6204,#6212,#6218,#6219));
#6221=FACE_BOUND('',#6220,.T.);
#6222=ADVANCED_FACE('',(#6221),#6196,.T.);
#6223=CARTESIAN_POINT('',(114.592525949,-10.,-100.633072656));
#6224=CARTESIAN_POINT('',(114.592525949,-5.,-100.633072656));
#6225=CARTESIAN_POINT('',(113.484168755,-10.,-101.519758411));
#6226=CARTESIAN_POINT('',(113.484168755,-5.,-101.519758411));
#6227=CARTESIAN_POINT('',(112.952157302,-10.,-102.982789907));
#6228=CARTESIAN_POINT('',(112.952157302,-5.,-102.982789907));
#6229=B_SPLINE_SURFACE_WITH_KNOTS('',2,1,((#6223,#6224),(#6225,#6226),(#6227,#6228)),.UNSPECIFIED.,.F.,.F.,.U.,(3,3),(2,2),(0.,1.),(0.,1.),.UNSPECIFIED.);
#6230=CARTESIAN_POINT('',(114.592525949,-5.,-100.633072656));
#6231=VERTEX_POINT('',#6230);
#6232=CARTESIAN_POINT('',(114.592525949,-5.,-100.633072656));
#6233=CARTESIAN_POINT('',(113.484168755,-5.,-101.519758411));
#6234=CARTESIAN_POINT('',(112.952157302,-5.,-102.982789907));
#6235=B_SPLINE_CURVE_WITH_KNOTS('',2,(#6232,#6233,#6234),.UNSPECIFIED.,.F.,.F.,(3,3),(0.,1.),.UNSPECIFIED.);
#6236=EDGE_CURVE('',#6231,#6198,#6235,.T.);
#6237=ORIENTED_EDGE('',*,*,#6236,.F.);
#6238=CARTESIAN_POINT('',(114.592525949,-10.,-100.633072656));
#6239=VERTEX_POINT('',#6238);
#6240=CARTESIAN_POINT('',(114.592525949,-10.,-100.633072656));
#6241=DIRECTION('',(0.,1.,0.));
#6242=VECTOR('',#6241,5.);
#6243=LINE('',#6240,#6242);
#6244=EDGE_CURVE('',#6239,#6231,#6243,.T.);
#6245=ORIENTED_EDGE('',*,*,#6244,.F.);
#6246=CARTESIAN_POINT('',(114.592525949,-10.,-100.633072656));
#6247=CARTESIAN_POINT('',(113.484168755,-10.,-101.519758411));
#6248=CARTESIAN_POINT('',(112.952157302,-10.,-102.982789907));
#6249=B_SPLINE_CURVE_WITH_KNOTS('',2,(#6246,#6247,#6248),.UNSPECIFIED.,.F.,.F.,(3,3),(0.,1.),.UNSPECIFIED.);
#6250=EDGE_CURVE('',#6239,#6206,#6249,.T.);
#6251=ORIENTED_EDGE('',*,*,#6250,.T.);
#6252=ORIENTED_EDGE('',*,*,#6211,.T.);
#6253=EDGE_LOOP('',(#6237,#6245,#6251,#6252));
#6254=FACE_BOUND('',#6253,.T.);
#6255=ADVANCED_FACE('',(#6254),#6229,.T.);
#6256=CARTESIAN_POINT('',(117.429920366,-10.,-99.724219757));
#6257=CARTESIAN_POINT('',(117.429920366,-5.,-99.724219757));
#6258=CARTESIAN_POINT('',(115.700883143,-10.,-99.724219757));
#6259=CARTESIAN_POINT('',(115.700883143,-5.,-99.724219757));
#6260=CARTESIAN_POINT('',(114.592525949,-10.,-100.633072656));
#6261=CARTESIAN_POINT('',(114.592525949,-5.,-100.633072656));
#6262=B_SPLINE_SURFACE_WITH_KNOTS('',2,1,((#6256,#6257),(#6258,#6259),(#6260,#6261)),.UNSPECIFIED.,.F.,.F.,.U.,(3,3),(2,2),(0.,1.),(0.,1.),.UNSPECIFIED.);
#6263=CARTESIAN_POINT('',(117.429920366,-5.,-99.724219757));
#6264=VERTEX_POINT('',#6263);
#6265=CARTESIAN_POINT('',(117.429920366,-5.,-99.724219757));
#6266=CARTESIAN_POINT('',(115.700883143,-5.,-99.724219757));
#6267=CARTESIAN_POINT('',(114.592525949,-5.,-100.633072656));
#6268=B_SPLINE_CURVE_WITH_KNOTS('',2,(#6265,#6266,#6267),.UNSPECIFIED.,.F.,.F.,(3,3),(0.,1.),.UNSPECIFIED.);
#6269=EDGE_CURVE('',#6264,#6231,#6268,.T.);
#6270=ORIENTED_EDGE('',*,*,#6269,.F.);
#6271=CARTESIAN_POINT('',(117.429920366,-10.,-99.724219757));
#6272=VERTEX_POINT('',#6271);
#6273=CARTESIAN_POINT('',(117.429920366,-10.,-99.724219757));
#6274=DIRECTION('',(0.,1.,0.));
#6275=VECTOR('',#6274,5.);
#6276=LINE('',#6273,#6275);
#6277=EDGE_CURVE('',#6272,#6264,#6276,.T.);
#6278=ORIENTED_EDGE('',*,*,#6277,.F.);
#6279=CARTESIAN_POINT('',(117.429920366,-10.,-99.724219757));
#6280=CARTESIAN_POINT('',(115.700883143,-10.,-99.724219757));
#6281=CARTESIAN_POINT('',(114.592525949,-10.,-100.633072656));
#6282=B_SPLINE_CURVE_WITH_KNOTS('',2,(#6279,#6280,#6281),.UNSPECIFIED.,.F.,.F.,(3,3),(0.,1.),.UNSPECIFIED.);
#6283=EDGE_CURVE('',#6272,#6239,#6282,.T.);
#6284=ORIENTED_EDGE('',*,*,#6283,.T.);
#6285=ORIENTED_EDGE('',*,*,#6244,.T.);
#6286=EDGE_LOOP('',(#6270,#6278,#6284,#6285));
#6287=FACE_BOUND('',#6286,.T.);
#6288=ADVANCED_FACE('',(#6287),#6262,.T.);
#6289=CARTESIAN_POINT('',(120.289481926,-10.,-100.633072656));
#6290=CARTESIAN_POINT('',(120.289481926,-5.,-100.633072656));
#6291=CARTESIAN_POINT('',(119.158957588,-10.,-99.724219757));
#6292=CARTESIAN_POINT('',(119.158957588,-5.,-99.724219757));
#6293=CARTESIAN_POINT('',(117.429920366,-10.,-99.724219757));
#6294=CARTESIAN_POINT('',(117.429920366,-5.,-99.724219757));
#6295=B_SPLINE_SURFACE_WITH_KNOTS('',2,1,((#6289,#6290),(#6291,#6292),(#6293,#6294)),.UNSPECIFIED.,.F.,.F.,.U.,(3,3),(2,2),(0.,1.),(0.,1.),.UNSPECIFIED.);
#6296=CARTESIAN_POINT('',(120.289481926,-5.,-100.633072656));
#6297=VERTEX_POINT('',#6296);
#6298=CARTESIAN_POINT('',(120.289481926,-5.,-100.633072656));
#6299=CARTESIAN_POINT('',(119.158957588,-5.,-99.724219757));
#6300=CARTESIAN_POINT('',(117.429920366,-5.,-99.724219757));
#6301=B_SPLINE_CURVE_WITH_KNOTS('',2,(#6298,#6299,#6300),.UNSPECIFIED.,.F.,.F.,(3,3),(0.,1.),.UNSPECIFIED.);
#6302=EDGE_CURVE('',#6297,#6264,#6301,.T.);
#6303=ORIENTED_EDGE('',*,*,#6302,.F.);
#6304=CARTESIAN_POINT('',(120.289481926,-10.,-100.633072656));
#6305=VERTEX_POINT('',#6304);
#6306=CARTESIAN_POINT('',(120.289481926,-10.,-100.633072656));
#6307=DIRECTION('',(0.,1.,0.));
#6308=VECTOR('',#6307,5.);
#6309=LINE('',#6306,#6308);
#6310=EDGE_CURVE('',#6305,#6297,#6309,.T.);
#6311=ORIENTED_EDGE('',*,*,#6310,.F.);
#6312=CARTESIAN_POINT('',(120.289481926,-10.,-100.633072656));
#6313=CARTESIAN_POINT('',(119.158957588,-10.,-99.724219757));
#6314=CARTESIAN_POINT('',(117.429920366,-10.,-99.724219757));
#6315=B_SPLINE_CURVE_WITH_KNOTS('',2,(#6312,#6313,#6314),.UNSPECIFIED.,.F.,.F.,(3,3),(0.,1.),.UNSPECIFIED.);
#6316=EDGE_CURVE('',#6305,#6272,#6315,.T.);
#6317=ORIENTED_EDGE('',*,*,#6316,.T.);
#6318=ORIENTED_EDGE('',*,*,#6277,.T.);
#6319=EDGE_LOOP('',(#6303,#6311,#6317,#6318));
#6320=FACE_BOUND('',#6319,.T.);
#6321=ADVANCED_FACE('',(#6320),#6295,.T.);
#6322=CARTESIAN_POINT('',(121.929850573,-10.,-102.982789907));
#6323=CARTESIAN_POINT('',(121.929850573,-5.,-102.982789907));
#6324=CARTESIAN_POINT('',(121.39783912,-10.,-101.519758411));
#6325=CARTESIAN_POINT('',(121.39783912,-5.,-101.519758411));
#6326=CARTESIAN_POINT('',(120.289481926,-10.,-100.633072656));
#6327=CARTESIAN_POINT('',(120.289481926,-5.,-100.633072656));
#6328=B_SPLINE_SURFACE_WITH_KNOTS('',2,1,((#6322,#6323),(#6324,#6325),(#6326,#6327)),.UNSPECIFIED.,.F.,.F.,.U.,(3,3),(2,2),(0.,1.),(0.,1.),.UNSPECIFIED.);
#6329=CARTESIAN_POINT('',(121.929850573,-5.,-102.982789907));
#6330=VERTEX_POINT('',#6329);
#6331=CARTESIAN_POINT('',(121.929850573,-5.,-102.982789907));
#6332=CARTESIAN_POINT('',(121.39783912,-5.,-101.519758411));
#6333=CARTESIAN_POINT('',(120.289481926,-5.,-100.633072656));
#6334=B_SPLINE_CURVE_WITH_KNOTS('',2,(#6331,#6332,#6333),.UNSPECIFIED.,.F.,.F.,(3,3),(0.,1.),.UNSPECIFIED.);
#6335=EDGE_CURVE('',#6330,#6297,#6334,.T.);
#6336=ORIENTED_EDGE('',*,*,#6335,.F.);
#6337=CARTESIAN_POINT('',(121.929850573,-10.,-102.982789907));
#6338=VERTEX_POINT('',#6337);
#6339=CARTESIAN_POINT('',(121.929850573,-10.,-102.982789907));
#6340=DIRECTION('',(0.,1.,0.));
#6341=VECTOR('',#6340,5.);
#6342=LINE('',#6339,#6341);
#6343=EDGE_CURVE('',#6338,#6330,#6342,.T.);
#6344=ORIENTED_EDGE('',*,*,#6343,.F.);
#6345=CARTESIAN_POINT('',(121.929850573,-10.,-102.982789907));
#6346=CARTESIAN_POINT('',(121.39783912,-10.,-101.519758411));
#6347=CARTESIAN_POINT('',(120.289481926,-10.,-100.633072656));
#6348=B_SPLINE_CURVE_WITH_KNOTS('',2,(#6345,#6346,#6347),.UNSPECIFIED.,.F.,.F.,(3,3),(0.,1.),.UNSPECIFIED.);
#6349=EDGE_CURVE('',#6338,#6305,#6348,.T.);
#6350=ORIENTED_EDGE('',*,*,#6349,.T.);
#6351=ORIENTED_EDGE('',*,*,#6310,.T.);
#6352=EDGE_LOOP('',(#6336,#6344,#6350,#6351));
#6353=FACE_BOUND('',#6352,.T.);
#6354=ADVANCED_FACE('',(#6353),#6328,.T.);
#6355=CARTESIAN_POINT('',(122.461862026,-10.,-106.108357194));
#6356=CARTESIAN_POINT('',(122.461862026,-5.,-106.108357194));
#6357=CARTESIAN_POINT('',(122.461862026,-10.,-104.423654259));
#6358=CARTESIAN_POINT('',(122.461862026,-5.,-104.423654259));
#6359=CARTESIAN_POINT('',(121.929850573,-10.,-102.982789907));
#6360=CARTESIAN_POINT('',(121.929850573,-5.,-102.982789907));
#6361=B_SPLINE_SURFACE_WITH_KNOTS('',2,1,((#6355,#6356),(#6357,#6358),(#6359,#6360)),.UNSPECIFIED.,.F.,.F.,.U.,(3,3),(2,2),(0.,1.),(0.,1.),.UNSPECIFIED.);
#6362=CARTESIAN_POINT('',(122.461862026,-5.,-106.108357194));
#6363=VERTEX_POINT('',#6362);
#6364=CARTESIAN_POINT('',(122.461862026,-5.,-106.108357194));
#6365=CARTESIAN_POINT('',(122.461862026,-5.,-104.423654259));
#6366=CARTESIAN_POINT('',(121.929850573,-5.,-102.982789907));
#6367=B_SPLINE_CURVE_WITH_KNOTS('',2,(#6364,#6365,#6366),.UNSPECIFIED.,.F.,.F.,(3,3),(0.,1.),.UNSPECIFIED.);
#6368=EDGE_CURVE('',#6363,#6330,#6367,.T.);
#6369=ORIENTED_EDGE('',*,*,#6368,.F.);
#6370=CARTESIAN_POINT('',(122.461862026,-10.,-106.108357194));
#6371=VERTEX_POINT('',#6370);
#6372=CARTESIAN_POINT('',(122.461862026,-10.,-106.108357194));
#6373=DIRECTION('',(0.,1.,0.));
#6374=VECTOR('',#6373,5.);
#6375=LINE('',#6372,#6374);
#6376=EDGE_CURVE('',#6371,#6363,#6375,.T.);
#6377=ORIENTED_EDGE('',*,*,#6376,.F.);
#6378=CARTESIAN_POINT('',(122.461862026,-10.,-106.108357194));
#6379=CARTESIAN_POINT('',(122.461862026,-10.,-104.423654259));
#6380=CARTESIAN_POINT('',(121.929850573,-10.,-102.982789907));
#6381=B_SPLINE_CURVE_WITH_KNOTS('',2,(#6378,#6379,#6380),.UNSPECIFIED.,.F.,.F.,(3,3),(0.,1.),.UNSPECIFIED.);
#6382=EDGE_CURVE('',#6371,#6338,#6381,.T.);
#6383=ORIENTED_EDGE('',*,*,#6382,.T.);
#6384=ORIENTED_EDGE('',*,*,#6343,.T.);
#6385=EDGE_LOOP('',(#6369,#6377,#6383,#6384));
#6386=FACE_BOUND('',#6385,.T.);
#6387=ADVANCED_FACE('',(#6386),#6361,.T.);
#6388=CARTESIAN_POINT('',(121.929850573,-10.,-109.233924481));
#6389=CARTESIAN_POINT('',(121.929850573,-5.,-109.233924481));
#6390=CARTESIAN_POINT('',(122.461862026,-10.,-107.793060129));
#6391=CARTESIAN_POINT('',(122.461862026,-5.,-107.793060129));
#6392=CARTESIAN_POINT('',(122.461862026,-10.,-106.108357194));
#6393=CARTESIAN_POINT('',(122.461862026,-5.,-106.108357194));
#6394=B_SPLINE_SURFACE_WITH_KNOTS('',2,1,((#6388,#6389),(#6390,#6391),(#6392,#6393)),.UNSPECIFIED.,.F.,.F.,.U.,(3,3),(2,2),(0.,1.),(0.,1.),.UNSPECIFIED.);
#6395=CARTESIAN_POINT('',(121.929850573,-5.,-109.233924481));
#6396=VERTEX_POINT('',#6395);
#6397=CARTESIAN_POINT('',(121.929850573,-5.,-109.233924481));
#6398=CARTESIAN_POINT('',(122.461862026,-5.,-107.793060129));
#6399=CARTESIAN_POINT('',(122.461862026,-5.,-106.108357194));
#6400=B_SPLINE_CURVE_WITH_KNOTS('',2,(#6397,#6398,#6399),.UNSPECIFIED.,.F.,.F.,(3,3),(0.,1.),.UNSPECIFIED.);
#6401=EDGE_CURVE('',#6396,#6363,#6400,.T.);
#6402=ORIENTED_EDGE('',*,*,#6401,.F.);
#6403=CARTESIAN_POINT('',(121.929850573,-10.,-109.233924481));
#6404=VERTEX_POINT('',#6403);
#6405=CARTESIAN_POINT('',(121.929850573,-10.,-109.233924481));
#6406=DIRECTION('',(0.,1.,0.));
#6407=VECTOR('',#6406,5.);
#6408=LINE('',#6405,#6407);
#6409=EDGE_CURVE('',#6404,#6396,#6408,.T.);
#6410=ORIENTED_EDGE('',*,*,#6409,.F.);
#6411=CARTESIAN_POINT('',(121.929850573,-10.,-109.233924481));
#6412=CARTESIAN_POINT('',(122.461862026,-10.,-107.793060129));
#6413=CARTESIAN_POINT('',(122.461862026,-10.,-106.108357194));
#6414=B_SPLINE_CURVE_WITH_KNOTS('',2,(#6411,#6412,#6413),.UNSPECIFIED.,.F.,.F.,(3,3),(0.,1.),.UNSPECIFIED.);
#6415=EDGE_CURVE('',#6404,#6371,#6414,.T.);
#6416=ORIENTED_EDGE('',*,*,#6415,.T.);
#6417=ORIENTED_EDGE('',*,*,#6376,.T.);
#6418=EDGE_LOOP('',(#6402,#6410,#6416,#6417));
#6419=FACE_BOUND('',#6418,.T.);
#6420=ADVANCED_FACE('',(#6419),#6394,.T.);
#6421=CARTESIAN_POINT('',(120.289481926,-10.,-111.561474588));
#6422=CARTESIAN_POINT('',(120.289481926,-5.,-111.561474588));
#6423=CARTESIAN_POINT('',(121.39783912,-10.,-110.674788833));
#6424=CARTESIAN_POINT('',(121.39783912,-5.,-110.674788833));
#6425=CARTESIAN_POINT('',(121.929850573,-10.,-109.233924481));
#6426=CARTESIAN_POINT('',(121.929850573,-5.,-109.233924481));
#6427=B_SPLINE_SURFACE_WITH_KNOTS('',2,1,((#6421,#6422),(#6423,#6424),(#6425,#6426)),.UNSPECIFIED.,.F.,.F.,.U.,(3,3),(2,2),(0.,1.),(0.,1.),.UNSPECIFIED.);
#6428=CARTESIAN_POINT('',(120.289481926,-5.,-111.561474588));
#6429=VERTEX_POINT('',#6428);
#6430=CARTESIAN_POINT('',(120.289481926,-5.,-111.561474588));
#6431=CARTESIAN_POINT('',(121.39783912,-5.,-110.674788833));
#6432=CARTESIAN_POINT('',(121.929850573,-5.,-109.233924481));
#6433=B_SPLINE_CURVE_WITH_KNOTS('',2,(#6430,#6431,#6432),.UNSPECIFIED.,.F.,.F.,(3,3),(0.,1.),.UNSPECIFIED.);
#6434=EDGE_CURVE('',#6429,#6396,#6433,.T.);
#6435=ORIENTED_EDGE('',*,*,#6434,.F.);
#6436=CARTESIAN_POINT('',(120.289481926,-10.,-111.561474588));
#6437=VERTEX_POINT('',#6436);
#6438=CARTESIAN_POINT('',(120.289481926,-10.,-111.561474588));
#6439=DIRECTION('',(0.,1.,0.));
#6440=VECTOR('',#6439,5.);
#6441=LINE('',#6438,#6440);
#6442=EDGE_CURVE('',#6437,#6429,#6441,.T.);
#6443=ORIENTED_EDGE('',*,*,#6442,.F.);
#6444=CARTESIAN_POINT('',(120.289481926,-10.,-111.561474588));
#6445=CARTESIAN_POINT('',(121.39783912,-10.,-110.674788833));
#6446=CARTESIAN_POINT('',(121.929850573,-10.,-109.233924481));
#6447=B_SPLINE_CURVE_WITH_KNOTS('',2,(#6444,#6445,#6446),.UNSPECIFIED.,.F.,.F.,(3,3),(0.,1.),.UNSPECIFIED.);
#6448=EDGE_CURVE('',#6437,#6404,#6447,.T.);
#6449=ORIENTED_EDGE('',*,*,#6448,.T.);
#6450=ORIENTED_EDGE('',*,*,#6409,.T.);
#6451=EDGE_LOOP('',(#6435,#6443,#6449,#6450));
#6452=FACE_BOUND('',#6451,.T.);
#6453=ADVANCED_FACE('',(#6452),#6427,.T.);
#6454=CARTESIAN_POINT('',(117.429920366,-10.,-112.448160343));
#6455=CARTESIAN_POINT('',(117.429920366,-5.,-112.448160343));
#6456=CARTESIAN_POINT('',(119.158957588,-10.,-112.448160343));
#6457=CARTESIAN_POINT('',(119.158957588,-5.,-112.448160343));
#6458=CARTESIAN_POINT('',(120.289481926,-10.,-111.561474588));
#6459=CARTESIAN_POINT('',(120.289481926,-5.,-111.561474588));
#6460=B_SPLINE_SURFACE_WITH_KNOTS('',2,1,((#6454,#6455),(#6456,#6457),(#6458,#6459)),.UNSPECIFIED.,.F.,.F.,.U.,(3,3),(2,2),(0.,1.),(0.,1.),.UNSPECIFIED.);
#6461=CARTESIAN_POINT('',(117.429920366,-5.,-112.448160343));
#6462=CARTESIAN_POINT('',(119.158957588,-5.,-112.448160343));
#6463=CARTESIAN_POINT('',(120.289481926,-5.,-111.561474588));
#6464=B_SPLINE_CURVE_WITH_KNOTS('',2,(#6461,#6462,#6463),.UNSPECIFIED.,.F.,.F.,(3,3),(0.,1.),.UNSPECIFIED.);
#6465=EDGE_CURVE('',#6092,#6429,#6464,.T.);
#6466=ORIENTED_EDGE('',*,*,#6465,.F.);
#6467=ORIENTED_EDGE('',*,*,#6119,.F.);
#6468=CARTESIAN_POINT('',(117.429920366,-10.,-112.448160343));
#6469=CARTESIAN_POINT('',(119.158957588,-10.,-112.448160343));
#6470=CARTESIAN_POINT('',(120.289481926,-10.,-111.561474588));
#6471=B_SPLINE_CURVE_WITH_KNOTS('',2,(#6468,#6469,#6470),.UNSPECIFIED.,.F.,.F.,(3,3),(0.,1.),.UNSPECIFIED.);
#6472=EDGE_CURVE('',#6108,#6437,#6471,.T.);
#6473=ORIENTED_EDGE('',*,*,#6472,.T.);
#6474=ORIENTED_EDGE('',*,*,#6442,.T.);
#6475=EDGE_LOOP('',(#6466,#6467,#6473,#6474));
#6476=FACE_BOUND('',#6475,.T.);
#6477=ADVANCED_FACE('',(#6476),#6460,.T.);
#6478=CARTESIAN_POINT('',(117.429920366,-10.,-114.77571045));
#6479=CARTESIAN_POINT('',(117.429920366,-5.,-114.77571045));
#6480=CARTESIAN_POINT('',(115.16887169,-10.,-114.77571045));
#6481=CARTESIAN_POINT('',(115.16887169,-5.,-114.77571045));
#6482=CARTESIAN_POINT('',(113.462001611,-10.,-113.6895204));
#6483=CARTESIAN_POINT('',(113.462001611,-5.,-113.6895204));
#6484=B_SPLINE_SURFACE_WITH_KNOTS('',2,1,((#6478,#6479),(#6480,#6481),(#6482,#6483)),.UNSPECIFIED.,.F.,.F.,.U.,(3,3),(2,2),(0.,1.),(0.,1.),.UNSPECIFIED.);
#6485=CARTESIAN_POINT('',(117.429920366,-5.,-114.77571045));
#6486=CARTESIAN_POINT('',(115.16887169,-5.,-114.77571045));
#6487=CARTESIAN_POINT('',(113.462001611,-5.,-113.6895204));
#6488=B_SPLINE_CURVE_WITH_KNOTS('',2,(#6485,#6486,#6487),.UNSPECIFIED.,.F.,.F.,(3,3),(0.,1.),.UNSPECIFIED.);
#6489=EDGE_CURVE('',#5720,#6057,#6488,.T.);
#6490=ORIENTED_EDGE('',*,*,#6489,.F.);
#6491=ORIENTED_EDGE('',*,*,#5747,.F.);
#6492=CARTESIAN_POINT('',(117.429920366,-10.,-114.77571045));
#6493=CARTESIAN_POINT('',(115.16887169,-10.,-114.77571045));
#6494=CARTESIAN_POINT('',(113.462001611,-10.,-113.6895204));
#6495=B_SPLINE_CURVE_WITH_KNOTS('',2,(#6492,#6493,#6494),.UNSPECIFIED.,.F.,.F.,(3,3),(0.,1.),.UNSPECIFIED.);
#6496=EDGE_CURVE('',#5736,#6065,#6495,.T.);
#6497=ORIENTED_EDGE('',*,*,#6496,.T.);
#6498=ORIENTED_EDGE('',*,*,#6070,.T.);
#6499=EDGE_LOOP('',(#6490,#6491,#6497,#6498));
#6500=FACE_BOUND('',#6499,.T.);
#6501=ADVANCED_FACE('',(#6500),#6484,.T.);
#6502=CARTESIAN_POINT('',(125.,-10.,-75.));
#6503=DIRECTION('',(0.,-1.,0.));
#6504=DIRECTION('',(0.,0.,-1.));
#6505=AXIS2_PLACEMENT_3D('',#6502,#6503,#6504);
#6506=PLANE('',#6505);
#6507=ORIENTED_EDGE('',*,*,#6113,.F.);
#6508=ORIENTED_EDGE('',*,*,#6151,.F.);
#6509=ORIENTED_EDGE('',*,*,#6184,.F.);
#6510=ORIENTED_EDGE('',*,*,#6217,.F.);
#6511=ORIENTED_EDGE('',*,*,#6250,.F.);
#6512=ORIENTED_EDGE('',*,*,#6283,.F.);
#6513=ORIENTED_EDGE('',*,*,#6316,.F.);
#6514=ORIENTED_EDGE('',*,*,#6349,.F.);
#6515=ORIENTED_EDGE('',*,*,#6382,.F.);
#6516=ORIENTED_EDGE('',*,*,#6415,.F.);
#6517=ORIENTED_EDGE('',*,*,#6448,.F.);
#6518=ORIENTED_EDGE('',*,*,#6472,.F.);
#6519=EDGE_LOOP('',(#6507,#6508,#6509,#6510,#6511,#6512,#6513,#6514,#6515,#6516,#6517,#6518));
#6520=FACE_BOUND('',#6519,.T.);
#6521=ORIENTED_EDGE('',*,*,#5741,.F.);
#6522=ORIENTED_EDGE('',*,*,#5779,.F.);
#6523=ORIENTED_EDGE('',*,*,#5812,.F.);
#6524=ORIENTED_EDGE('',*,*,#5845,.F.);
#6525=ORIENTED_EDGE('',*,*,#5878,.F.);
#6526=ORIENTED_EDGE('',*,*,#5911,.F.);
#6527=ORIENTED_EDGE('',*,*,#5944,.F.);
#6528=ORIENTED_EDGE('',*,*,#5977,.F.);
#6529=ORIENTED_EDGE('',*,*,#6010,.F.);
#6530=ORIENTED_EDGE('',*,*,#6043,.F.);
#6531=ORIENTED_EDGE('',*,*,#6076,.F.);
#6532=ORIENTED_EDGE('',*,*,#6496,.F.);
#6533=EDGE_LOOP('',(#6521,#6522,#6523,#6524,#6525,#6526,#6527,#6528,#6529,#6530,#6531,#6532));
#6534=FACE_BOUND('',#6533,.T.);
#6535=ADVANCED_FACE('',(#6520,#6534),#6506,.T.);
#6536=CARTESIAN_POINT('',(125.,-5.,-75.));
#6537=DIRECTION('',(0.,-1.,0.));
#6538=DIRECTION('',(0.,0.,-1.));
#6539=AXIS2_PLACEMENT_3D('',#6536,#6537,#6538);
#6540=PLANE('',#6539);
#6541=ORIENTED_EDGE('',*,*,#6097,.T.);
#6542=ORIENTED_EDGE('',*,*,#6465,.T.);
#6543=ORIENTED_EDGE('',*,*,#6434,.T.);
#6544=ORIENTED_EDGE('',*,*,#6401,.T.);
#6545=ORIENTED_EDGE('',*,*,#6368,.T.);
#6546=ORIENTED_EDGE('',*,*,#6335,.T.);
#6547=ORIENTED_EDGE('',*,*,#6302,.T.);
#6548=ORIENTED_EDGE('',*,*,#6269,.T.);
#6549=ORIENTED_EDGE('',*,*,#6236,.T.);
#6550=ORIENTED_EDGE('',*,*,#6203,.T.);
#6551=ORIENTED_EDGE('',*,*,#6170,.T.);
#6552=ORIENTED_EDGE('',*,*,#6137,.T.);
#6553=EDGE_LOOP('',(#6541,#6542,#6543,#6544,#6545,#6546,#6547,#6548,#6549,#6550,#6551,#6552));
#6554=FACE_BOUND('',#6553,.T.);
#6555=ORIENTED_EDGE('',*,*,#5725,.T.);
#6556=ORIENTED_EDGE('',*,*,#6489,.T.);
#6557=ORIENTED_EDGE('',*,*,#6062,.T.);
#6558=ORIENTED_EDGE('',*,*,#6029,.T.);
#6559=ORIENTED_EDGE('',*,*,#5996,.T.);
#6560=ORIENTED_EDGE('',*,*,#5963,.T.);
#6561=ORIENTED_EDGE('',*,*,#5930,.T.);
#6562=ORIENTED_EDGE('',*,*,#5897,.T.);
#6563=ORIENTED_EDGE('',*,*,#5864,.T.);
#6564=ORIENTED_EDGE('',*,*,#5831,.T.);
#6565=ORIENTED_EDGE('',*,*,#5798,.T.);
#6566=ORIENTED_EDGE('',*,*,#5765,.T.);
#6567=EDGE_LOOP('',(#6555,#6556,#6557,#6558,#6559,#6560,#6561,#6562,#6563,#6564,#6565,#6566));
#6568=FACE_BOUND('',#6567,.T.);
#6569=ADVANCED_FACE('',(#6554,#6568),#6540,.F.);
#6570=CLOSED_SHELL('',(#5751,#5784,#5817,#5850,#5883,#5916,#5949,#5982,#6015,#6048,#6081,#6123,#6156,#6189,#6222,#6255,#6288,#6321,#6354,#6387,#6420,#6453,#6477,#6501,#6535,#6569));
#6571=MANIFOLD_SOLID_BREP('Extruded.011',#6570);
#5709=STYLED_ITEM('',(),#6571);
#6573=CARTESIAN_POINT('',(132.126736757,-10.,-101.830098425));
#6574=CARTESIAN_POINT('',(132.126736757,-5.,-101.830098425));
#6575=CARTESIAN_POINT('',(131.57255816,-10.,-102.849787044));
#6576=CARTESIAN_POINT('',(131.57255816,-5.,-102.849787044));
#6577=CARTESIAN_POINT('',(131.57255816,-10.,-104.31281854));
#6578=CARTESIAN_POINT('',(131.57255816,-5.,-104.31281854));
#6579=B_SPLINE_SURFACE_WITH_KNOTS('',2,1,((#6573,#6574),(#6575,#6576),(#6577,#6578)),.UNSPECIFIED.,.F.,.F.,.U.,(3,3),(2,2),(0.,1.),(0.,1.),.UNSPECIFIED.);
#6580=CARTESIAN_POINT('',(132.126736757,-5.,-101.830098425));
#6581=VERTEX_POINT('',#6580);
#6582=CARTESIAN_POINT('',(131.57255816,-5.,-104.31281854));
#6583=VERTEX_POINT('',#6582);
#6584=CARTESIAN_POINT('',(132.126736757,-5.,-101.830098425));
#6585=CARTESIAN_POINT('',(131.57255816,-5.,-102.849787044));
#6586=CARTESIAN_POINT('',(131.57255816,-5.,-104.31281854));
#6587=B_SPLINE_CURVE_WITH_KNOTS('',2,(#6584,#6585,#6586),.UNSPECIFIED.,.F.,.F.,(3,3),(0.,1.),.UNSPECIFIED.);
#6588=EDGE_CURVE('',#6581,#6583,#6587,.T.);
#6589=ORIENTED_EDGE('',*,*,#6588,.F.);
#6590=CARTESIAN_POINT('',(132.126736757,-10.,-101.830098425));
#6591=VERTEX_POINT('',#6590);
#6592=CARTESIAN_POINT('',(132.126736757,-10.,-101.830098425));
#6593=DIRECTION('',(0.,1.,0.));
#6594=VECTOR('',#6593,5.);
#6595=LINE('',#6592,#6594);
#6596=EDGE_CURVE('',#6591,#6581,#6595,.T.);
#6597=ORIENTED_EDGE('',*,*,#6596,.F.);
#6598=CARTESIAN_POINT('',(131.57255816,-10.,-104.31281854));
#6599=VERTEX_POINT('',#6598);
#6600=CARTESIAN_POINT('',(132.126736757,-10.,-101.830098425));
#6601=CARTESIAN_POINT('',(131.57255816,-10.,-102.849787044));
#6602=CARTESIAN_POINT('',(131.57255816,-10.,-104.31281854));
#6603=B_SPLINE_CURVE_WITH_KNOTS('',2,(#6600,#6601,#6602),.UNSPECIFIED.,.F.,.F.,(3,3),(0.,1.),.UNSPECIFIED.);
#6604=EDGE_CURVE('',#6591,#6599,#6603,.T.);
#6605=ORIENTED_EDGE('',*,*,#6604,.T.);
#6606=CARTESIAN_POINT('',(131.57255816,-10.,-104.31281854));
#6607=DIRECTION('',(0.,1.,0.));
#6608=VECTOR('',#6607,5.);
#6609=LINE('',#6606,#6608);
#6610=EDGE_CURVE('',#6599,#6583,#6609,.T.);
#6611=ORIENTED_EDGE('',*,*,#6610,.T.);
#6612=EDGE_LOOP('',(#6589,#6597,#6605,#6611));
#6613=FACE_BOUND('',#6612,.T.);
#6614=ADVANCED_FACE('',(#6613),#6579,.T.);
#6615=CARTESIAN_POINT('',(133.656269684,-10.,-100.25623121));
#6616=CARTESIAN_POINT('',(133.656269684,-5.,-100.25623121));
#6617=CARTESIAN_POINT('',(132.680915354,-10.,-100.788242663));
#6618=CARTESIAN_POINT('',(132.680915354,-5.,-100.788242663));
#6619=CARTESIAN_POINT('',(132.126736757,-10.,-101.830098425));
#6620=CARTESIAN_POINT('',(132.126736757,-5.,-101.830098425));
#6621=B_SPLINE_SURFACE_WITH_KNOTS('',2,1,((#6615,#6616),(#6617,#6618),(#6619,#6620)),.UNSPECIFIED.,.F.,.F.,.U.,(3,3),(2,2),(0.,1.),(0.,1.),.UNSPECIFIED.);
#6622=CARTESIAN_POINT('',(133.656269684,-5.,-100.25623121));
#6623=VERTEX_POINT('',#6622);
#6624=CARTESIAN_POINT('',(133.656269684,-5.,-100.25623121));
#6625=CARTESIAN_POINT('',(132.680915354,-5.,-100.788242663));
#6626=CARTESIAN_POINT('',(132.126736757,-5.,-101.830098425));
#6627=B_SPLINE_CURVE_WITH_KNOTS('',2,(#6624,#6625,#6626),.UNSPECIFIED.,.F.,.F.,(3,3),(0.,1.),.UNSPECIFIED.);
#6628=EDGE_CURVE('',#6623,#6581,#6627,.T.);
#6629=ORIENTED_EDGE('',*,*,#6628,.F.);
#6630=CARTESIAN_POINT('',(133.656269684,-10.,-100.25623121));
#6631=VERTEX_POINT('',#6630);
#6632=CARTESIAN_POINT('',(133.656269684,-10.,-100.25623121));
#6633=DIRECTION('',(0.,1.,0.));
#6634=VECTOR('',#6633,5.);
#6635=LINE('',#6632,#6634);
#6636=EDGE_CURVE('',#6631,#6623,#6635,.T.);
#6637=ORIENTED_EDGE('',*,*,#6636,.F.);
#6638=CARTESIAN_POINT('',(133.656269684,-10.,-100.25623121));
#6639=CARTESIAN_POINT('',(132.680915354,-10.,-100.788242663));
#6640=CARTESIAN_POINT('',(132.126736757,-10.,-101.830098425));
#6641=B_SPLINE_CURVE_WITH_KNOTS('',2,(#6638,#6639,#6640),.UNSPECIFIED.,.F.,.F.,(3,3),(0.,1.),.UNSPECIFIED.);
#6642=EDGE_CURVE('',#6631,#6591,#6641,.T.);
#6643=ORIENTED_EDGE('',*,*,#6642,.T.);
#6644=ORIENTED_EDGE('',*,*,#6596,.T.);
#6645=EDGE_LOOP('',(#6629,#6637,#6643,#6644));
#6646=FACE_BOUND('',#6645,.T.);
#6647=ADVANCED_FACE('',(#6646),#6621,.T.);
#6648=CARTESIAN_POINT('',(135.850816928,-10.,-99.724219757));
#6649=CARTESIAN_POINT('',(135.850816928,-5.,-99.724219757));
#6650=CARTESIAN_POINT('',(134.631624015,-10.,-99.724219757));
#6651=CARTESIAN_POINT('',(134.631624015,-5.,-99.724219757));
#6652=CARTESIAN_POINT('',(133.656269684,-10.,-100.25623121));
#6653=CARTESIAN_POINT('',(133.656269684,-5.,-100.25623121));
#6654=B_SPLINE_SURFACE_WITH_KNOTS('',2,1,((#6648,#6649),(#6650,#6651),(#6652,#6653)),.UNSPECIFIED.,.F.,.F.,.U.,(3,3),(2,2),(0.,1.),(0.,1.),.UNSPECIFIED.);
#6655=CARTESIAN_POINT('',(135.850816928,-5.,-99.724219757));
#6656=VERTEX_POINT('',#6655);
#6657=CARTESIAN_POINT('',(135.850816928,-5.,-99.724219757));
#6658=CARTESIAN_POINT('',(134.631624015,-5.,-99.724219757));
#6659=CARTESIAN_POINT('',(133.656269684,-5.,-100.25623121));
#6660=B_SPLINE_CURVE_WITH_KNOTS('',2,(#6657,#6658,#6659),.UNSPECIFIED.,.F.,.F.,(3,3),(0.,1.),.UNSPECIFIED.);
#6661=EDGE_CURVE('',#6656,#6623,#6660,.T.);
#6662=ORIENTED_EDGE('',*,*,#6661,.F.);
#6663=CARTESIAN_POINT('',(135.850816928,-10.,-99.724219757));
#6664=VERTEX_POINT('',#6663);
#6665=CARTESIAN_POINT('',(135.850816928,-10.,-99.724219757));
#6666=DIRECTION('',(0.,1.,0.));
#6667=VECTOR('',#6666,5.);
#6668=LINE('',#6665,#6667);
#6669=EDGE_CURVE('',#6664,#6656,#6668,.T.);
#6670=ORIENTED_EDGE('',*,*,#6669,.F.);
#6671=CARTESIAN_POINT('',(135.850816928,-10.,-99.724219757));
#6672=CARTESIAN_POINT('',(134.631624015,-10.,-99.724219757));
#6673=CARTESIAN_POINT('',(133.656269684,-10.,-100.25623121));
#6674=B_SPLINE_CURVE_WITH_KNOTS('',2,(#6671,#6672,#6673),.UNSPECIFIED.,.F.,.F.,(3,3),(0.,1.),.UNSPECIFIED.);
#6675=EDGE_CURVE('',#6664,#6631,#6674,.T.);
#6676=ORIENTED_EDGE('',*,*,#6675,.T.);
#6677=ORIENTED_EDGE('',*,*,#6636,.T.);
#6678=EDGE_LOOP('',(#6662,#6670,#6676,#6677));
#6679=FACE_BOUND('',#6678,.T.);
#6680=ADVANCED_FACE('',(#6679),#6654,.T.);
#6681=CARTESIAN_POINT('',(138.688211345,-10.,-100.832576951));
#6682=CARTESIAN_POINT('',(138.688211345,-5.,-100.832576951));
#6683=CARTESIAN_POINT('',(137.646355582,-10.,-99.724219757));
#6684=CARTESIAN_POINT('',(137.646355582,-5.,-99.724219757));
#6685=CARTESIAN_POINT('',(135.850816928,-10.,-99.724219757));
#6686=CARTESIAN_POINT('',(135.850816928,-5.,-99.724219757));
#6687=B_SPLINE_SURFACE_WITH_KNOTS('',2,1,((#6681,#6682),(#6683,#6684),(#6685,#6686)),.UNSPECIFIED.,.F.,.F.,.U.,(3,3),(2,2),(0.,1.),(0.,1.),.UNSPECIFIED.);
#6688=CARTESIAN_POINT('',(138.688211345,-5.,-100.832576951));
#6689=VERTEX_POINT('',#6688);
#6690=CARTESIAN_POINT('',(138.688211345,-5.,-100.832576951));
#6691=CARTESIAN_POINT('',(137.646355582,-5.,-99.724219757));
#6692=CARTESIAN_POINT('',(135.850816928,-5.,-99.724219757));
#6693=B_SPLINE_CURVE_WITH_KNOTS('',2,(#6690,#6691,#6692),.UNSPECIFIED.,.F.,.F.,(3,3),(0.,1.),.UNSPECIFIED.);
#6694=EDGE_CURVE('',#6689,#6656,#6693,.T.);
#6695=ORIENTED_EDGE('',*,*,#6694,.F.);
#6696=CARTESIAN_POINT('',(138.688211345,-10.,-100.832576951));
#6697=VERTEX_POINT('',#6696);
#6698=CARTESIAN_POINT('',(138.688211345,-10.,-100.832576951));
#6699=DIRECTION('',(0.,1.,0.));
#6700=VECTOR('',#6699,5.);
#6701=LINE('',#6698,#6700);
#6702=EDGE_CURVE('',#6697,#6689,#6701,.T.);
#6703=ORIENTED_EDGE('',*,*,#6702,.F.);
#6704=CARTESIAN_POINT('',(138.688211345,-10.,-100.832576951));
#6705=CARTESIAN_POINT('',(137.646355582,-10.,-99.724219757));
#6706=CARTESIAN_POINT('',(135.850816928,-10.,-99.724219757));
#6707=B_SPLINE_CURVE_WITH_KNOTS('',2,(#6704,#6705,#6706),.UNSPECIFIED.,.F.,.F.,(3,3),(0.,1.),.UNSPECIFIED.);
#6708=EDGE_CURVE('',#6697,#6664,#6707,.T.);
#6709=ORIENTED_EDGE('',*,*,#6708,.T.);
#6710=ORIENTED_EDGE('',*,*,#6669,.T.);
#6711=EDGE_LOOP('',(#6695,#6703,#6709,#6710));
#6712=FACE_BOUND('',#6711,.T.);
#6713=ADVANCED_FACE('',(#6712),#6687,.T.);
#6714=CARTESIAN_POINT('',(139.707899963,-10.,-103.935977094));
#6715=CARTESIAN_POINT('',(139.707899963,-5.,-103.935977094));
#6716=CARTESIAN_POINT('',(139.707899963,-10.,-101.940934145));
#6717=CARTESIAN_POINT('',(139.707899963,-5.,-101.940934145));
#6718=CARTESIAN_POINT('',(138.688211345,-10.,-100.832576951));
#6719=CARTESIAN_POINT('',(138.688211345,-5.,-100.832576951));
#6720=B_SPLINE_SURFACE_WITH_KNOTS('',2,1,((#6714,#6715),(#6716,#6717),(#6718,#6719)),.UNSPECIFIED.,.F.,.F.,.U.,(3,3),(2,2),(0.,1.),(0.,1.),.UNSPECIFIED.);
#6721=CARTESIAN_POINT('',(139.707899963,-5.,-103.935977094));
#6722=VERTEX_POINT('',#6721);
#6723=CARTESIAN_POINT('',(139.707899963,-5.,-103.935977094));
#6724=CARTESIAN_POINT('',(139.707899963,-5.,-101.940934145));
#6725=CARTESIAN_POINT('',(138.688211345,-5.,-100.832576951));
#6726=B_SPLINE_CURVE_WITH_KNOTS('',2,(#6723,#6724,#6725),.UNSPECIFIED.,.F.,.F.,(3,3),(0.,1.),.UNSPECIFIED.);
#6727=EDGE_CURVE('',#6722,#6689,#6726,.T.);
#6728=ORIENTED_EDGE('',*,*,#6727,.F.);
#6729=CARTESIAN_POINT('',(139.707899963,-10.,-103.935977094));
#6730=VERTEX_POINT('',#6729);
#6731=CARTESIAN_POINT('',(139.707899963,-10.,-103.935977094));
#6732=DIRECTION('',(0.,1.,0.));
#6733=VECTOR('',#6732,5.);
#6734=LINE('',#6731,#6733);
#6735=EDGE_CURVE('',#6730,#6722,#6734,.T.);
#6736=ORIENTED_EDGE('',*,*,#6735,.F.);
#6737=CARTESIAN_POINT('',(139.707899963,-10.,-103.935977094));
#6738=CARTESIAN_POINT('',(139.707899963,-10.,-101.940934145));
#6739=CARTESIAN_POINT('',(138.688211345,-10.,-100.832576951));
#6740=B_SPLINE_CURVE_WITH_KNOTS('',2,(#6737,#6738,#6739),.UNSPECIFIED.,.F.,.F.,(3,3),(0.,1.),.UNSPECIFIED.);
#6741=EDGE_CURVE('',#6730,#6697,#6740,.T.);
#6742=ORIENTED_EDGE('',*,*,#6741,.T.);
#6743=ORIENTED_EDGE('',*,*,#6702,.T.);
#6744=EDGE_LOOP('',(#6728,#6736,#6742,#6743));
#6745=FACE_BOUND('',#6744,.T.);
#6746=ADVANCED_FACE('',(#6745),#6720,.T.);
#6747=CARTESIAN_POINT('',(139.707899963,-10.,-109.178506621));
#6748=DIRECTION('',(-1.,0.,0.));
#6749=DIRECTION('',(0.,0.,1.));
#6750=AXIS2_PLACEMENT_3D('',#6747,#6748,#6749);
#6751=PLANE('',#6750);
#6752=CARTESIAN_POINT('',(139.707899963,-5.,-114.421036148));
#6753=VERTEX_POINT('',#6752);
#6754=CARTESIAN_POINT('',(139.707899963,-5.,-114.421036148));
#6755=DIRECTION('',(0.,0.,1.));
#6756=VECTOR('',#6755,10.485059054);
#6757=LINE('',#6754,#6756);
#6758=EDGE_CURVE('',#6753,#6722,#6757,.T.);
#6759=ORIENTED_EDGE('',*,*,#6758,.F.);
#6760=CARTESIAN_POINT('',(139.707899963,-10.,-114.421036148));
#6761=VERTEX_POINT('',#6760);
#6762=CARTESIAN_POINT('',(139.707899963,-10.,-114.421036148));
#6763=DIRECTION('',(0.,1.,0.));
#6764=VECTOR('',#6763,5.);
#6765=LINE('',#6762,#6764);
#6766=EDGE_CURVE('',#6761,#6753,#6765,.T.);
#6767=ORIENTED_EDGE('',*,*,#6766,.F.);
#6768=CARTESIAN_POINT('',(139.707899963,-10.,-114.421036148));
#6769=DIRECTION('',(0.,0.,1.));
#6770=VECTOR('',#6769,10.485059054);
#6771=LINE('',#6768,#6770);
#6772=EDGE_CURVE('',#6761,#6730,#6771,.T.);
#6773=ORIENTED_EDGE('',*,*,#6772,.T.);
#6774=ORIENTED_EDGE('',*,*,#6735,.T.);
#6775=EDGE_LOOP('',(#6759,#6767,#6773,#6774));
#6776=FACE_BOUND('',#6775,.T.);
#6777=ADVANCED_FACE('',(#6776),#6751,.T.);
#6778=CARTESIAN_POINT('',(140.993594308,-10.,-114.421036148));
#6779=DIRECTION('',(0.,0.,-1.));
#6780=DIRECTION('',(-1.,0.,0.));
#6781=AXIS2_PLACEMENT_3D('',#6778,#6779,#6780);
#6782=PLANE('',#6781);
#6783=CARTESIAN_POINT('',(142.279288653,-5.,-114.421036148));
#6784=VERTEX_POINT('',#6783);
#6785=CARTESIAN_POINT('',(142.279288653,-5.,-114.421036148));
#6786=DIRECTION('',(-1.,0.,0.));
#6787=VECTOR('',#6786,2.57138869);
#6788=LINE('',#6785,#6787);
#6789=EDGE_CURVE('',#6784,#6753,#6788,.T.);
#6790=ORIENTED_EDGE('',*,*,#6789,.F.);
#6791=CARTESIAN_POINT('',(142.279288653,-10.,-114.421036148));
#6792=VERTEX_POINT('',#6791);
#6793=CARTESIAN_POINT('',(142.279288653,-10.,-114.421036148));
#6794=DIRECTION('',(0.,1.,0.));
#6795=VECTOR('',#6794,5.);
#6796=LINE('',#6793,#6795);
#6797=EDGE_CURVE('',#6792,#6784,#6796,.T.);
#6798=ORIENTED_EDGE('',*,*,#6797,.F.);
#6799=CARTESIAN_POINT('',(142.279288653,-10.,-114.421036148));
#6800=DIRECTION('',(-1.,0.,0.));
#6801=VECTOR('',#6800,2.57138869);
#6802=LINE('',#6799,#6801);
#6803=EDGE_CURVE('',#6792,#6761,#6802,.T.);
#6804=ORIENTED_EDGE('',*,*,#6803,.T.);
#6805=ORIENTED_EDGE('',*,*,#6766,.T.);
#6806=EDGE_LOOP('',(#6790,#6798,#6804,#6805));
#6807=FACE_BOUND('',#6806,.T.);
#6808=ADVANCED_FACE('',(#6807),#6782,.T.);
#6809=CARTESIAN_POINT('',(142.279288653,-10.,-109.089838046));
#6810=DIRECTION('',(1.,0.,0.));
#6811=DIRECTION('',(0.,0.,-1.));
#6812=AXIS2_PLACEMENT_3D('',#6809,#6810,#6811);
#6813=PLANE('',#6812);
#6814=CARTESIAN_POINT('',(142.279288653,-5.,-103.758639943));
#6815=VERTEX_POINT('',#6814);
#6816=CARTESIAN_POINT('',(142.279288653,-5.,-103.758639943));
#6817=DIRECTION('',(0.,0.,-1.));
#6818=VECTOR('',#6817,10.662396205);
#6819=LINE('',#6816,#6818);
#6820=EDGE_CURVE('',#6815,#6784,#6819,.T.);
#6821=ORIENTED_EDGE('',*,*,#6820,.F.);
#6822=CARTESIAN_POINT('',(142.279288653,-10.,-103.758639943));
#6823=VERTEX_POINT('',#6822);
#6824=CARTESIAN_POINT('',(142.279288653,-10.,-103.758639943));
#6825=DIRECTION('',(0.,1.,0.));
#6826=VECTOR('',#6825,5.);
#6827=LINE('',#6824,#6826);
#6828=EDGE_CURVE('',#6823,#6815,#6827,.T.);
#6829=ORIENTED_EDGE('',*,*,#6828,.F.);
#6830=CARTESIAN_POINT('',(142.279288653,-10.,-103.758639943));
#6831=DIRECTION('',(0.,0.,-1.));
#6832=VECTOR('',#6831,10.662396205);
#6833=LINE('',#6830,#6832);
#6834=EDGE_CURVE('',#6823,#6792,#6833,.T.);
#6835=ORIENTED_EDGE('',*,*,#6834,.T.);
#6836=ORIENTED_EDGE('',*,*,#6797,.T.);
#6837=EDGE_LOOP('',(#6821,#6829,#6835,#6836));
#6838=FACE_BOUND('',#6837,.T.);
#6839=ADVANCED_FACE('',(#6838),#6813,.T.);
#6840=CARTESIAN_POINT('',(141.569940049,-10.,-100.211896922));
#6841=CARTESIAN_POINT('',(141.569940049,-5.,-100.211896922));
#6842=CARTESIAN_POINT('',(142.279288653,-10.,-101.608426987));
#6843=CARTESIAN_POINT('',(142.279288653,-5.,-101.608426987));
#6844=CARTESIAN_POINT('',(142.279288653,-10.,-103.758639943));
#6845=CARTESIAN_POINT('',(142.279288653,-5.,-103.758639943));
#6846=B_SPLINE_SURFACE_WITH_KNOTS('',2,1,((#6840,#6841),(#6842,#6843),(#6844,#6845)),.UNSPECIFIED.,.F.,.F.,.U.,(3,3),(2,2),(0.,1.),(0.,1.),.UNSPECIFIED.);
#6847=CARTESIAN_POINT('',(141.569940049,-5.,-100.211896922));
#6848=VERTEX_POINT('',#6847);
#6849=CARTESIAN_POINT('',(141.569940049,-5.,-100.211896922));
#6850=CARTESIAN_POINT('',(142.279288653,-5.,-101.608426987));
#6851=CARTESIAN_POINT('',(142.279288653,-5.,-103.758639943));
#6852=B_SPLINE_CURVE_WITH_KNOTS('',2,(#6849,#6850,#6851),.UNSPECIFIED.,.F.,.F.,(3,3),(0.,1.),.UNSPECIFIED.);
#6853=EDGE_CURVE('',#6848,#6815,#6852,.T.);
#6854=ORIENTED_EDGE('',*,*,#6853,.F.);
#6855=CARTESIAN_POINT('',(141.569940049,-10.,-100.211896922));
#6856=VERTEX_POINT('',#6855);
#6857=CARTESIAN_POINT('',(141.569940049,-10.,-100.211896922));
#6858=DIRECTION('',(0.,1.,0.));
#6859=VECTOR('',#6858,5.);
#6860=LINE('',#6857,#6859);
#6861=EDGE_CURVE('',#6856,#6848,#6860,.T.);
#6862=ORIENTED_EDGE('',*,*,#6861,.F.);
#6863=CARTESIAN_POINT('',(141.569940049,-10.,-100.211896922));
#6864=CARTESIAN_POINT('',(142.279288653,-10.,-101.608426987));
#6865=CARTESIAN_POINT('',(142.279288653,-10.,-103.758639943));
#6866=B_SPLINE_CURVE_WITH_KNOTS('',2,(#6863,#6864,#6865),.UNSPECIFIED.,.F.,.F.,(3,3),(0.,1.),.UNSPECIFIED.);
#6867=EDGE_CURVE('',#6856,#6823,#6866,.T.);
#6868=ORIENTED_EDGE('',*,*,#6867,.T.);
#6869=ORIENTED_EDGE('',*,*,#6828,.T.);
#6870=EDGE_LOOP('',(#6854,#6862,#6868,#6869));
#6871=FACE_BOUND('',#6870,.T.);
#6872=ADVANCED_FACE('',(#6871),#6846,.T.);
#6873=CARTESIAN_POINT('',(139.5748971,-10.,-98.106018254));
#6874=CARTESIAN_POINT('',(139.5748971,-5.,-98.106018254));
#6875=CARTESIAN_POINT('',(140.860591445,-10.,-98.793199714));
#6876=CARTESIAN_POINT('',(140.860591445,-5.,-98.793199714));
#6877=CARTESIAN_POINT('',(141.569940049,-10.,-100.211896922));
#6878=CARTESIAN_POINT('',(141.569940049,-5.,-100.211896922));
#6879=B_SPLINE_SURFACE_WITH_KNOTS('',2,1,((#6873,#6874),(#6875,#6876),(#6877,#6878)),.UNSPECIFIED.,.F.,.F.,.U.,(3,3),(2,2),(0.,1.),(0.,1.),.UNSPECIFIED.);
#6880=CARTESIAN_POINT('',(139.5748971,-5.,-98.106018254));
#6881=VERTEX_POINT('',#6880);
#6882=CARTESIAN_POINT('',(139.5748971,-5.,-98.106018254));
#6883=CARTESIAN_POINT('',(140.860591445,-5.,-98.793199714));
#6884=CARTESIAN_POINT('',(141.569940049,-5.,-100.211896922));
#6885=B_SPLINE_CURVE_WITH_KNOTS('',2,(#6882,#6883,#6884),.UNSPECIFIED.,.F.,.F.,(3,3),(0.,1.),.UNSPECIFIED.);
#6886=EDGE_CURVE('',#6881,#6848,#6885,.T.);
#6887=ORIENTED_EDGE('',*,*,#6886,.F.);
#6888=CARTESIAN_POINT('',(139.5748971,-10.,-98.106018254));
#6889=VERTEX_POINT('',#6888);
#6890=CARTESIAN_POINT('',(139.5748971,-10.,-98.106018254));
#6891=DIRECTION('',(0.,1.,0.));
#6892=VECTOR('',#6891,5.);
#6893=LINE('',#6890,#6892);
#6894=EDGE_CURVE('',#6889,#6881,#6893,.T.);
#6895=ORIENTED_EDGE('',*,*,#6894,.F.);
#6896=CARTESIAN_POINT('',(139.5748971,-10.,-98.106018254));
#6897=CARTESIAN_POINT('',(140.860591445,-10.,-98.793199714));
#6898=CARTESIAN_POINT('',(141.569940049,-10.,-100.211896922));
#6899=B_SPLINE_CURVE_WITH_KNOTS('',2,(#6896,#6897,#6898),.UNSPECIFIED.,.F.,.F.,(3,3),(0.,1.),.UNSPECIFIED.);
#6900=EDGE_CURVE('',#6889,#6856,#6899,.T.);
#6901=ORIENTED_EDGE('',*,*,#6900,.T.);
#6902=ORIENTED_EDGE('',*,*,#6861,.T.);
#6903=EDGE_LOOP('',(#6887,#6895,#6901,#6902));
#6904=FACE_BOUND('',#6903,.T.);
#6905=ADVANCED_FACE('',(#6904),#6879,.T.);
#6906=CARTESIAN_POINT('',(136.60449982,-10.,-97.418836794));
#6907=CARTESIAN_POINT('',(136.60449982,-5.,-97.418836794));
#6908=CARTESIAN_POINT('',(138.311369899,-10.,-97.418836794));
#6909=CARTESIAN_POINT('',(138.311369899,-5.,-97.418836794));
#6910=CARTESIAN_POINT('',(139.5748971,-10.,-98.106018254));
#6911=CARTESIAN_POINT('',(139.5748971,-5.,-98.106018254));
#6912=B_SPLINE_SURFACE_WITH_KNOTS('',2,1,((#6906,#6907),(#6908,#6909),(#6910,#6911)),.UNSPECIFIED.,.F.,.F.,.U.,(3,3),(2,2),(0.,1.),(0.,1.),.UNSPECIFIED.);
#6913=CARTESIAN_POINT('',(136.60449982,-5.,-97.418836794));
#6914=VERTEX_POINT('',#6913);
#6915=CARTESIAN_POINT('',(136.60449982,-5.,-97.418836794));
#6916=CARTESIAN_POINT('',(138.311369899,-5.,-97.418836794));
#6917=CARTESIAN_POINT('',(139.5748971,-5.,-98.106018254));
#6918=B_SPLINE_CURVE_WITH_KNOTS('',2,(#6915,#6916,#6917),.UNSPECIFIED.,.F.,.F.,(3,3),(0.,1.),.UNSPECIFIED.);
#6919=EDGE_CURVE('',#6914,#6881,#6918,.T.);
#6920=ORIENTED_EDGE('',*,*,#6919,.F.);
#6921=CARTESIAN_POINT('',(136.60449982,-10.,-97.418836794));
#6922=VERTEX_POINT('',#6921);
#6923=CARTESIAN_POINT('',(136.60449982,-10.,-97.418836794));
#6924=DIRECTION('',(0.,1.,0.));
#6925=VECTOR('',#6924,5.);
#6926=LINE('',#6923,#6925);
#6927=EDGE_CURVE('',#6922,#6914,#6926,.T.);
#6928=ORIENTED_EDGE('',*,*,#6927,.F.);
#6929=CARTESIAN_POINT('',(136.60449982,-10.,-97.418836794));
#6930=CARTESIAN_POINT('',(138.311369899,-10.,-97.418836794));
#6931=CARTESIAN_POINT('',(139.5748971,-10.,-98.106018254));
#6932=B_SPLINE_CURVE_WITH_KNOTS('',2,(#6929,#6930,#6931),.UNSPECIFIED.,.F.,.F.,(3,3),(0.,1.),.UNSPECIFIED.);
#6933=EDGE_CURVE('',#6922,#6889,#6932,.T.);
#6934=ORIENTED_EDGE('',*,*,#6933,.T.);
#6935=ORIENTED_EDGE('',*,*,#6894,.T.);
#6936=EDGE_LOOP('',(#6920,#6928,#6934,#6935));
#6937=FACE_BOUND('',#6936,.T.);
#6938=ADVANCED_FACE('',(#6937),#6912,.T.);
#6939=CARTESIAN_POINT('',(133.501099677,-10.,-98.194686829));
#6940=CARTESIAN_POINT('',(133.501099677,-5.,-98.194686829));
#6941=CARTESIAN_POINT('',(134.698125447,-10.,-97.418836794));
#6942=CARTESIAN_POINT('',(134.698125447,-5.,-97.418836794));
#6943=CARTESIAN_POINT('',(136.60449982,-10.,-97.418836794));
#6944=CARTESIAN_POINT('',(136.60449982,-5.,-97.418836794));
#6945=B_SPLINE_SURFACE_WITH_KNOTS('',2,1,((#6939,#6940),(#6941,#6942),(#6943,#6944)),.UNSPECIFIED.,.F.,.F.,.U.,(3,3),(2,2),(0.,1.),(0.,1.),.UNSPECIFIED.);
#6946=CARTESIAN_POINT('',(133.501099677,-5.,-98.194686829));
#6947=VERTEX_POINT('',#6946);
#6948=CARTESIAN_POINT('',(133.501099677,-5.,-98.194686829));
#6949=CARTESIAN_POINT('',(134.698125447,-5.,-97.418836794));
#6950=CARTESIAN_POINT('',(136.60449982,-5.,-97.418836794));
#6951=B_SPLINE_CURVE_WITH_KNOTS('',2,(#6948,#6949,#6950),.UNSPECIFIED.,.F.,.F.,(3,3),(0.,1.),.UNSPECIFIED.);
#6952=EDGE_CURVE('',#6947,#6914,#6951,.T.);
#6953=ORIENTED_EDGE('',*,*,#6952,.F.);
#6954=CARTESIAN_POINT('',(133.501099677,-10.,-98.194686829));
#6955=VERTEX_POINT('',#6954);
#6956=CARTESIAN_POINT('',(133.501099677,-10.,-98.194686829));
#6957=DIRECTION('',(0.,1.,0.));
#6958=VECTOR('',#6957,5.);
#6959=LINE('',#6956,#6958);
#6960=EDGE_CURVE('',#6955,#6947,#6959,.T.);
#6961=ORIENTED_EDGE('',*,*,#6960,.F.);
#6962=CARTESIAN_POINT('',(133.501099677,-10.,-98.194686829));
#6963=CARTESIAN_POINT('',(134.698125447,-10.,-97.418836794));
#6964=CARTESIAN_POINT('',(136.60449982,-10.,-97.418836794));
#6965=B_SPLINE_CURVE_WITH_KNOTS('',2,(#6962,#6963,#6964),.UNSPECIFIED.,.F.,.F.,(3,3),(0.,1.),.UNSPECIFIED.);
#6966=EDGE_CURVE('',#6955,#6922,#6965,.T.);
#6967=ORIENTED_EDGE('',*,*,#6966,.T.);
#6968=ORIENTED_EDGE('',*,*,#6927,.T.);
#6969=EDGE_LOOP('',(#6953,#6961,#6967,#6968));
#6970=FACE_BOUND('',#6969,.T.);
#6971=ADVANCED_FACE('',(#6970),#6945,.T.);
#6972=CARTESIAN_POINT('',(131.705561023,-10.,-100.25623121));
#6973=CARTESIAN_POINT('',(131.705561023,-5.,-100.25623121));
#6974=CARTESIAN_POINT('',(132.281906764,-10.,-98.970536865));
#6975=CARTESIAN_POINT('',(132.281906764,-5.,-98.970536865));
#6976=CARTESIAN_POINT('',(133.501099677,-10.,-98.194686829));
#6977=CARTESIAN_POINT('',(133.501099677,-5.,-98.194686829));
#6978=B_SPLINE_SURFACE_WITH_KNOTS('',2,1,((#6972,#6973),(#6974,#6975),(#6976,#6977)),.UNSPECIFIED.,.F.,.F.,.U.,(3,3),(2,2),(0.,1.),(0.,1.),.UNSPECIFIED.);
#6979=CARTESIAN_POINT('',(131.705561023,-5.,-100.25623121));
#6980=VERTEX_POINT('',#6979);
#6981=CARTESIAN_POINT('',(131.705561023,-5.,-100.25623121));
#6982=CARTESIAN_POINT('',(132.281906764,-5.,-98.970536865));
#6983=CARTESIAN_POINT('',(133.501099677,-5.,-98.194686829));
#6984=B_SPLINE_CURVE_WITH_KNOTS('',2,(#6981,#6982,#6983),.UNSPECIFIED.,.F.,.F.,(3,3),(0.,1.),.UNSPECIFIED.);
#6985=EDGE_CURVE('',#6980,#6947,#6984,.T.);
#6986=ORIENTED_EDGE('',*,*,#6985,.F.);
#6987=CARTESIAN_POINT('',(131.705561023,-10.,-100.25623121));
#6988=VERTEX_POINT('',#6987);
#6989=CARTESIAN_POINT('',(131.705561023,-10.,-100.25623121));
#6990=DIRECTION('',(0.,1.,0.));
#6991=VECTOR('',#6990,5.);
#6992=LINE('',#6989,#6991);
#6993=EDGE_CURVE('',#6988,#6980,#6992,.T.);
#6994=ORIENTED_EDGE('',*,*,#6993,.F.);
#6995=CARTESIAN_POINT('',(131.705561023,-10.,-100.25623121));
#6996=CARTESIAN_POINT('',(132.281906764,-10.,-98.970536865));
#6997=CARTESIAN_POINT('',(133.501099677,-10.,-98.194686829));
#6998=B_SPLINE_CURVE_WITH_KNOTS('',2,(#6995,#6996,#6997),.UNSPECIFIED.,.F.,.F.,(3,3),(0.,1.),.UNSPECIFIED.);
#6999=EDGE_CURVE('',#6988,#6955,#6998,.T.);
#7000=ORIENTED_EDGE('',*,*,#6999,.T.);
#7001=ORIENTED_EDGE('',*,*,#6960,.T.);
#7002=EDGE_LOOP('',(#6986,#6994,#7000,#7001));
#7003=FACE_BOUND('',#7002,.T.);
#7004=ADVANCED_FACE('',(#7003),#6978,.T.);
#7005=CARTESIAN_POINT('',(131.594725304,-10.,-100.25623121));
#7006=DIRECTION('',(0.,0.,1.));
#7007=DIRECTION('',(1.,0.,0.));
#7008=AXIS2_PLACEMENT_3D('',#7005,#7006,#7007);
#7009=PLANE('',#7008);
#7010=CARTESIAN_POINT('',(131.483889584,-5.,-100.25623121));
#7011=VERTEX_POINT('',#7010);
#7012=CARTESIAN_POINT('',(131.483889584,-5.,-100.25623121));
#7013=DIRECTION('',(1.,0.,-0.));
#7014=VECTOR('',#7013,0.221671439);
#7015=LINE('',#7012,#7014);
#7016=EDGE_CURVE('',#7011,#6980,#7015,.T.);
#7017=ORIENTED_EDGE('',*,*,#7016,.F.);
#7018=CARTESIAN_POINT('',(131.483889584,-10.,-100.25623121));
#7019=VERTEX_POINT('',#7018);
#7020=CARTESIAN_POINT('',(131.483889584,-10.,-100.25623121));
#7021=DIRECTION('',(0.,1.,0.));
#7022=VECTOR('',#7021,5.);
#7023=LINE('',#7020,#7022);
#7024=EDGE_CURVE('',#7019,#7011,#7023,.T.);
#7025=ORIENTED_EDGE('',*,*,#7024,.F.);
#7026=CARTESIAN_POINT('',(131.483889584,-10.,-100.25623121));
#7027=DIRECTION('',(1.,0.,-0.));
#7028=VECTOR('',#7027,0.221671439);
#7029=LINE('',#7026,#7028);
#7030=EDGE_CURVE('',#7019,#6988,#7029,.T.);
#7031=ORIENTED_EDGE('',*,*,#7030,.T.);
#7032=ORIENTED_EDGE('',*,*,#6993,.T.);
#7033=EDGE_LOOP('',(#7017,#7025,#7031,#7032));
#7034=FACE_BOUND('',#7033,.T.);
#7035=ADVANCED_FACE('',(#7034),#7009,.T.);
#7036=CARTESIAN_POINT('',(131.483889584,-10.,-98.937286149));
#7037=DIRECTION('',(1.,0.,0.));
#7038=DIRECTION('',(0.,0.,-1.));
#7039=AXIS2_PLACEMENT_3D('',#7036,#7037,#7038);
#7040=PLANE('',#7039);
#7041=CARTESIAN_POINT('',(131.483889584,-5.,-97.618341089));
#7042=VERTEX_POINT('',#7041);
#7043=CARTESIAN_POINT('',(131.483889584,-5.,-97.618341089));
#7044=DIRECTION('',(0.,0.,-1.));
#7045=VECTOR('',#7044,2.637890121);
#7046=LINE('',#7043,#7045);
#7047=EDGE_CURVE('',#7042,#7011,#7046,.T.);
#7048=ORIENTED_EDGE('',*,*,#7047,.F.);
#7049=CARTESIAN_POINT('',(131.483889584,-10.,-97.618341089));
#7050=VERTEX_POINT('',#7049);
#7051=CARTESIAN_POINT('',(131.483889584,-10.,-97.618341089));
#7052=DIRECTION('',(0.,1.,0.));
#7053=VECTOR('',#7052,5.);
#7054=LINE('',#7051,#7053);
#7055=EDGE_CURVE('',#7050,#7042,#7054,.T.);
#7056=ORIENTED_EDGE('',*,*,#7055,.F.);
#7057=CARTESIAN_POINT('',(131.483889584,-10.,-97.618341089));
#7058=DIRECTION('',(0.,0.,-1.));
#7059=VECTOR('',#7058,2.637890121);
#7060=LINE('',#7057,#7059);
#7061=EDGE_CURVE('',#7050,#7019,#7060,.T.);
#7062=ORIENTED_EDGE('',*,*,#7061,.T.);
#7063=ORIENTED_EDGE('',*,*,#7024,.T.);
#7064=EDGE_LOOP('',(#7048,#7056,#7062,#7063));
#7065=FACE_BOUND('',#7064,.T.);
#7066=ADVANCED_FACE('',(#7065),#7040,.T.);
#7067=CARTESIAN_POINT('',(130.242529527,-10.,-97.618341089));
#7068=DIRECTION('',(0.,0.,1.));
#7069=DIRECTION('',(1.,0.,0.));
#7070=AXIS2_PLACEMENT_3D('',#7067,#7068,#7069);
#7071=PLANE('',#7070);
#7072=CARTESIAN_POINT('',(129.00116947,-5.,-97.618341089));
#7073=VERTEX_POINT('',#7072);
#7074=CARTESIAN_POINT('',(129.00116947,-5.,-97.618341089));
#7075=DIRECTION('',(1.,0.,-0.));
#7076=VECTOR('',#7075,2.482720114);
#7077=LINE('',#7074,#7076);
#7078=EDGE_CURVE('',#7073,#7042,#7077,.T.);
#7079=ORIENTED_EDGE('',*,*,#7078,.F.);
#7080=CARTESIAN_POINT('',(129.00116947,-10.,-97.618341089));
#7081=VERTEX_POINT('',#7080);
#7082=CARTESIAN_POINT('',(129.00116947,-10.,-97.618341089));
#7083=DIRECTION('',(0.,1.,0.));
#7084=VECTOR('',#7083,5.);
#7085=LINE('',#7082,#7084);
#7086=EDGE_CURVE('',#7081,#7073,#7085,.T.);
#7087=ORIENTED_EDGE('',*,*,#7086,.F.);
#7088=CARTESIAN_POINT('',(129.00116947,-10.,-97.618341089));
#7089=DIRECTION('',(1.,0.,-0.));
#7090=VECTOR('',#7089,2.482720114);
#7091=LINE('',#7088,#7090);
#7092=EDGE_CURVE('',#7081,#7050,#7091,.T.);
#7093=ORIENTED_EDGE('',*,*,#7092,.T.);
#7094=ORIENTED_EDGE('',*,*,#7055,.T.);
#7095=EDGE_LOOP('',(#7079,#7087,#7093,#7094));
#7096=FACE_BOUND('',#7095,.T.);
#7097=ADVANCED_FACE('',(#7096),#7071,.T.);
#7098=CARTESIAN_POINT('',(129.00116947,-10.,-106.019688618));
#7099=DIRECTION('',(-1.,0.,0.));
#7100=DIRECTION('',(0.,0.,1.));
#7101=AXIS2_PLACEMENT_3D('',#7098,#7099,#7100);
#7102=PLANE('',#7101);
#7103=CARTESIAN_POINT('',(129.00116947,-5.,-114.421036148));
#7104=VERTEX_POINT('',#7103);
#7105=CARTESIAN_POINT('',(129.00116947,-5.,-114.421036148));
#7106=DIRECTION('',(0.,0.,1.));
#7107=VECTOR('',#7106,16.80269506);
#7108=LINE('',#7105,#7107);
#7109=EDGE_CURVE('',#7104,#7073,#7108,.T.);
#7110=ORIENTED_EDGE('',*,*,#7109,.F.);
#7111=CARTESIAN_POINT('',(129.00116947,-10.,-114.421036148));
#7112=VERTEX_POINT('',#7111);
#7113=CARTESIAN_POINT('',(129.00116947,-10.,-114.421036148));
#7114=DIRECTION('',(0.,1.,0.));
#7115=VECTOR('',#7114,5.);
#7116=LINE('',#7113,#7115);
#7117=EDGE_CURVE('',#7112,#7104,#7116,.T.);
#7118=ORIENTED_EDGE('',*,*,#7117,.F.);
#7119=CARTESIAN_POINT('',(129.00116947,-10.,-114.421036148));
#7120=DIRECTION('',(0.,0.,1.));
#7121=VECTOR('',#7120,16.80269506);
#7122=LINE('',#7119,#7121);
#7123=EDGE_CURVE('',#7112,#7081,#7122,.T.);
#7124=ORIENTED_EDGE('',*,*,#7123,.T.);
#7125=ORIENTED_EDGE('',*,*,#7086,.T.);
#7126=EDGE_LOOP('',(#7110,#7118,#7124,#7125));
#7127=FACE_BOUND('',#7126,.T.);
#7128=ADVANCED_FACE('',(#7127),#7102,.T.);
#7129=CARTESIAN_POINT('',(130.286863815,-10.,-114.421036148));
#7130=DIRECTION('',(0.,0.,-1.));
#7131=DIRECTION('',(-1.,0.,0.));
#7132=AXIS2_PLACEMENT_3D('',#7129,#7130,#7131);
#7133=PLANE('',#7132);
#7134=CARTESIAN_POINT('',(131.57255816,-5.,-114.421036148));
#7135=VERTEX_POINT('',#7134);
#7136=CARTESIAN_POINT('',(131.57255816,-5.,-114.421036148));
#7137=DIRECTION('',(-1.,0.,0.));
#7138=VECTOR('',#7137,2.57138869);
#7139=LINE('',#7136,#7138);
#7140=EDGE_CURVE('',#7135,#7104,#7139,.T.);
#7141=ORIENTED_EDGE('',*,*,#7140,.F.);
#7142=CARTESIAN_POINT('',(131.57255816,-10.,-114.421036148));
#7143=VERTEX_POINT('',#7142);
#7144=CARTESIAN_POINT('',(131.57255816,-10.,-114.421036148));
#7145=DIRECTION('',(0.,1.,0.));
#7146=VECTOR('',#7145,5.);
#7147=LINE('',#7144,#7146);
#7148=EDGE_CURVE('',#7143,#7135,#7147,.T.);
#7149=ORIENTED_EDGE('',*,*,#7148,.F.);
#7150=CARTESIAN_POINT('',(131.57255816,-10.,-114.421036148));
#7151=DIRECTION('',(-1.,0.,0.));
#7152=VECTOR('',#7151,2.57138869);
#7153=LINE('',#7150,#7152);
#7154=EDGE_CURVE('',#7143,#7112,#7153,.T.);
#7155=ORIENTED_EDGE('',*,*,#7154,.T.);
#7156=ORIENTED_EDGE('',*,*,#7117,.T.);
#7157=EDGE_LOOP('',(#7141,#7149,#7155,#7156));
#7158=FACE_BOUND('',#7157,.T.);
#7159=ADVANCED_FACE('',(#7158),#7133,.T.);
#7160=CARTESIAN_POINT('',(131.57255816,-10.,-109.366927344));
#7161=DIRECTION('',(1.,0.,0.));
#7162=DIRECTION('',(0.,0.,-1.));
#7163=AXIS2_PLACEMENT_3D('',#7160,#7161,#7162);
#7164=PLANE('',#7163);
#7165=CARTESIAN_POINT('',(131.57255816,-5.,-104.31281854));
#7166=DIRECTION('',(0.,0.,-1.));
#7167=VECTOR('',#7166,10.108217608);
#7168=LINE('',#7165,#7167);
#7169=EDGE_CURVE('',#6583,#7135,#7168,.T.);
#7170=ORIENTED_EDGE('',*,*,#7169,.F.);
#7171=ORIENTED_EDGE('',*,*,#6610,.F.);
#7172=CARTESIAN_POINT('',(131.57255816,-10.,-104.31281854));
#7173=DIRECTION('',(0.,0.,-1.));
#7174=VECTOR('',#7173,10.108217608);
#7175=LINE('',#7172,#7174);
#7176=EDGE_CURVE('',#6599,#7143,#7175,.T.);
#7177=ORIENTED_EDGE('',*,*,#7176,.T.);
#7178=ORIENTED_EDGE('',*,*,#7148,.T.);
#7179=EDGE_LOOP('',(#7170,#7171,#7177,#7178));
#7180=FACE_BOUND('',#7179,.T.);
#7181=ADVANCED_FACE('',(#7180),#7164,.T.);
#7182=CARTESIAN_POINT('',(125.,-10.,-75.));
#7183=DIRECTION('',(0.,-1.,0.));
#7184=DIRECTION('',(0.,0.,-1.));
#7185=AXIS2_PLACEMENT_3D('',#7182,#7183,#7184);
#7186=PLANE('',#7185);
#7187=ORIENTED_EDGE('',*,*,#6604,.F.);
#7188=ORIENTED_EDGE('',*,*,#6642,.F.);
#7189=ORIENTED_EDGE('',*,*,#6675,.F.);
#7190=ORIENTED_EDGE('',*,*,#6708,.F.);
#7191=ORIENTED_EDGE('',*,*,#6741,.F.);
#7192=ORIENTED_EDGE('',*,*,#6772,.F.);
#7193=ORIENTED_EDGE('',*,*,#6803,.F.);
#7194=ORIENTED_EDGE('',*,*,#6834,.F.);
#7195=ORIENTED_EDGE('',*,*,#6867,.F.);
#7196=ORIENTED_EDGE('',*,*,#6900,.F.);
#7197=ORIENTED_EDGE('',*,*,#6933,.F.);
#7198=ORIENTED_EDGE('',*,*,#6966,.F.);
#7199=ORIENTED_EDGE('',*,*,#6999,.F.);
#7200=ORIENTED_EDGE('',*,*,#7030,.F.);
#7201=ORIENTED_EDGE('',*,*,#7061,.F.);
#7202=ORIENTED_EDGE('',*,*,#7092,.F.);
#7203=ORIENTED_EDGE('',*,*,#7123,.F.);
#7204=ORIENTED_EDGE('',*,*,#7154,.F.);
#7205=ORIENTED_EDGE('',*,*,#7176,.F.);
#7206=EDGE_LOOP('',(#7187,#7188,#7189,#7190,#7191,#7192,#7193,#7194,#7195,#7196,#7197,#7198,#7199,#7200,#7201,#7202,#7203,#7204,#7205));
#7207=FACE_BOUND('',#7206,.T.);
#7208=ADVANCED_FACE('',(#7207),#7186,.T.);
#7209=CARTESIAN_POINT('',(125.,-5.,-75.));
#7210=DIRECTION('',(0.,-1.,0.));
#7211=DIRECTION('',(0.,0.,-1.));
#7212=AXIS2_PLACEMENT_3D('',#7209,#7210,#7211);
#7213=PLANE('',#7212);
#7214=ORIENTED_EDGE('',*,*,#6588,.T.);
#7215=ORIENTED_EDGE('',*,*,#7169,.T.);
#7216=ORIENTED_EDGE('',*,*,#7140,.T.);
#7217=ORIENTED_EDGE('',*,*,#7109,.T.);
#7218=ORIENTED_EDGE('',*,*,#7078,.T.);
#7219=ORIENTED_EDGE('',*,*,#7047,.T.);
#7220=ORIENTED_EDGE('',*,*,#7016,.T.);
#7221=ORIENTED_EDGE('',*,*,#6985,.T.);
#7222=ORIENTED_EDGE('',*,*,#6952,.T.);
#7223=ORIENTED_EDGE('',*,*,#6919,.T.);
#7224=ORIENTED_EDGE('',*,*,#6886,.T.);
#7225=ORIENTED_EDGE('',*,*,#6853,.T.);
#7226=ORIENTED_EDGE('',*,*,#6820,.T.);
#7227=ORIENTED_EDGE('',*,*,#6789,.T.);
#7228=ORIENTED_EDGE('',*,*,#6758,.T.);
#7229=ORIENTED_EDGE('',*,*,#6727,.T.);
#7230=ORIENTED_EDGE('',*,*,#6694,.T.);
#7231=ORIENTED_EDGE('',*,*,#6661,.T.);
#7232=ORIENTED_EDGE('',*,*,#6628,.T.);
#7233=EDGE_LOOP('',(#7214,#7215,#7216,#7217,#7218,#7219,#7220,#7221,#7222,#7223,#7224,#7225,#7226,#7227,#7228,#7229,#7230,#7231,#7232));
#7234=FACE_BOUND('',#7233,.T.);
#7235=ADVANCED_FACE('',(#7234),#7213,.F.);
#7236=CLOSED_SHELL('',(#6614,#6647,#6680,#6713,#6746,#6777,#6808,#6839,#6872,#6905,#6938,#6971,#7004,#7035,#7066,#7097,#7128,#7159,#7181,#7208,#7235));
#7237=MANIFOLD_SOLID_BREP('Extruded.012',#7236);
#6572=STYLED_ITEM('',(),#7237);
#7239=CARTESIAN_POINT('',(150.990976197,-10.,-111.073797423));
#7240=CARTESIAN_POINT('',(150.990976197,-5.,-111.073797423));
#7241=CARTESIAN_POINT('',(152.077166247,-10.,-111.849647458));
#7242=CARTESIAN_POINT('',(152.077166247,-5.,-111.849647458));
#7243=CARTESIAN_POINT('',(153.69536775,-10.,-111.849647458));
#7244=CARTESIAN_POINT('',(153.69536775,-5.,-111.849647458));
#7245=B_SPLINE_SURFACE_WITH_KNOTS('',2,1,((#7239,#7240),(#7241,#7242),(#7243,#7244)),.UNSPECIFIED.,.F.,.F.,.U.,(3,3),(2,2),(0.,1.),(0.,1.),.UNSPECIFIED.);
#7246=CARTESIAN_POINT('',(150.990976197,-5.,-111.073797423));
#7247=VERTEX_POINT('',#7246);
#7248=CARTESIAN_POINT('',(153.69536775,-5.,-111.849647458));
#7249=VERTEX_POINT('',#7248);
#7250=CARTESIAN_POINT('',(150.990976197,-5.,-111.073797423));
#7251=CARTESIAN_POINT('',(152.077166247,-5.,-111.849647458));
#7252=CARTESIAN_POINT('',(153.69536775,-5.,-111.849647458));
#7253=B_SPLINE_CURVE_WITH_KNOTS('',2,(#7250,#7251,#7252),.UNSPECIFIED.,.F.,.F.,(3,3),(0.,1.),.UNSPECIFIED.);
#7254=EDGE_CURVE('',#7247,#7249,#7253,.T.);
#7255=ORIENTED_EDGE('',*,*,#7254,.F.);
#7256=CARTESIAN_POINT('',(150.990976197,-10.,-111.073797423));
#7257=VERTEX_POINT('',#7256);
#7258=CARTESIAN_POINT('',(150.990976197,-10.,-111.073797423));
#7259=DIRECTION('',(0.,1.,0.));
#7260=VECTOR('',#7259,5.);
#7261=LINE('',#7258,#7260);
#7262=EDGE_CURVE('',#7257,#7247,#7261,.T.);
#7263=ORIENTED_EDGE('',*,*,#7262,.F.);
#7264=CARTESIAN_POINT('',(153.69536775,-10.,-111.849647458));
#7265=VERTEX_POINT('',#7264);
#7266=CARTESIAN_POINT('',(150.990976197,-10.,-111.073797423));
#7267=CARTESIAN_POINT('',(152.077166247,-10.,-111.849647458));
#7268=CARTESIAN_POINT('',(153.69536775,-10.,-111.849647458));
#7269=B_SPLINE_CURVE_WITH_KNOTS('',2,(#7266,#7267,#7268),.UNSPECIFIED.,.F.,.F.,(3,3),(0.,1.),.UNSPECIFIED.);
#7270=EDGE_CURVE('',#7257,#7265,#7269,.T.);
#7271=ORIENTED_EDGE('',*,*,#7270,.T.);
#7272=CARTESIAN_POINT('',(153.69536775,-10.,-111.849647458));
#7273=DIRECTION('',(0.,1.,0.));
#7274=VECTOR('',#7273,5.);
#7275=LINE('',#7272,#7274);
#7276=EDGE_CURVE('',#7265,#7249,#7275,.T.);
#7277=ORIENTED_EDGE('',*,*,#7276,.T.);
#7278=EDGE_LOOP('',(#7255,#7263,#7271,#7277));
#7279=FACE_BOUND('',#7278,.T.);
#7280=ADVANCED_FACE('',(#7279),#7245,.T.);
#7281=CARTESIAN_POINT('',(149.35060755,-10.,-108.990085898));
#7282=CARTESIAN_POINT('',(149.35060755,-5.,-108.990085898));
#7283=CARTESIAN_POINT('',(149.904786147,-10.,-110.320114531));
#7284=CARTESIAN_POINT('',(149.904786147,-5.,-110.320114531));
#7285=CARTESIAN_POINT('',(150.990976197,-10.,-111.073797423));
#7286=CARTESIAN_POINT('',(150.990976197,-5.,-111.073797423));
#7287=B_SPLINE_SURFACE_WITH_KNOTS('',2,1,((#7281,#7282),(#7283,#7284),(#7285,#7286)),.UNSPECIFIED.,.F.,.F.,.U.,(3,3),(2,2),(0.,1.),(0.,1.),.UNSPECIFIED.);
#7288=CARTESIAN_POINT('',(149.35060755,-5.,-108.990085898));
#7289=VERTEX_POINT('',#7288);
#7290=CARTESIAN_POINT('',(149.35060755,-5.,-108.990085898));
#7291=CARTESIAN_POINT('',(149.904786147,-5.,-110.320114531));
#7292=CARTESIAN_POINT('',(150.990976197,-5.,-111.073797423));
#7293=B_SPLINE_CURVE_WITH_KNOTS('',2,(#7290,#7291,#7292),.UNSPECIFIED.,.F.,.F.,(3,3),(0.,1.),.UNSPECIFIED.);
#7294=EDGE_CURVE('',#7289,#7247,#7293,.T.);
#7295=ORIENTED_EDGE('',*,*,#7294,.F.);
#7296=CARTESIAN_POINT('',(149.35060755,-10.,-108.990085898));
#7297=VERTEX_POINT('',#7296);
#7298=CARTESIAN_POINT('',(149.35060755,-10.,-108.990085898));
#7299=DIRECTION('',(0.,1.,0.));
#7300=VECTOR('',#7299,5.);
#7301=LINE('',#7298,#7300);
#7302=EDGE_CURVE('',#7297,#7289,#7301,.T.);
#7303=ORIENTED_EDGE('',*,*,#7302,.F.);
#7304=CARTESIAN_POINT('',(149.35060755,-10.,-108.990085898));
#7305=CARTESIAN_POINT('',(149.904786147,-10.,-110.320114531));
#7306=CARTESIAN_POINT('',(150.990976197,-10.,-111.073797423));
#7307=B_SPLINE_CURVE_WITH_KNOTS('',2,(#7304,#7305,#7306),.UNSPECIFIED.,.F.,.F.,(3,3),(0.,1.),.UNSPECIFIED.);
#7308=EDGE_CURVE('',#7297,#7257,#7307,.T.);
#7309=ORIENTED_EDGE('',*,*,#7308,.T.);
#7310=ORIENTED_EDGE('',*,*,#7262,.T.);
#7311=EDGE_LOOP('',(#7295,#7303,#7309,#7310));
#7312=FACE_BOUND('',#7311,.T.);
#7313=ADVANCED_FACE('',(#7312),#7287,.T.);
#7314=CARTESIAN_POINT('',(148.796428953,-10.,-105.886685755));
#7315=CARTESIAN_POINT('',(148.796428953,-5.,-105.886685755));
#7316=CARTESIAN_POINT('',(148.796428953,-10.,-107.637890121));
#7317=CARTESIAN_POINT('',(148.796428953,-5.,-107.637890121));
#7318=CARTESIAN_POINT('',(149.35060755,-10.,-108.990085898));
#7319=CARTESIAN_POINT('',(149.35060755,-5.,-108.990085898));
#7320=B_SPLINE_SURFACE_WITH_KNOTS('',2,1,((#7314,#7315),(#7316,#7317),(#7318,#7319)),.UNSPECIFIED.,.F.,.F.,.U.,(3,3),(2,2),(0.,1.),(0.,1.),.UNSPECIFIED.);
#7321=CARTESIAN_POINT('',(148.796428953,-5.,-105.886685755));
#7322=VERTEX_POINT('',#7321);
#7323=CARTESIAN_POINT('',(148.796428953,-5.,-105.886685755));
#7324=CARTESIAN_POINT('',(148.796428953,-5.,-107.637890121));
#7325=CARTESIAN_POINT('',(149.35060755,-5.,-108.990085898));
#7326=B_SPLINE_CURVE_WITH_KNOTS('',2,(#7323,#7324,#7325),.UNSPECIFIED.,.F.,.F.,(3,3),(0.,1.),.UNSPECIFIED.);
#7327=EDGE_CURVE('',#7322,#7289,#7326,.T.);
#7328=ORIENTED_EDGE('',*,*,#7327,.F.);
#7329=CARTESIAN_POINT('',(148.796428953,-10.,-105.886685755));
#7330=VERTEX_POINT('',#7329);
#7331=CARTESIAN_POINT('',(148.796428953,-10.,-105.886685755));
#7332=DIRECTION('',(0.,1.,0.));
#7333=VECTOR('',#7332,5.);
#7334=LINE('',#7331,#7333);
#7335=EDGE_CURVE('',#7330,#7322,#7334,.T.);
#7336=ORIENTED_EDGE('',*,*,#7335,.F.);
#7337=CARTESIAN_POINT('',(148.796428953,-10.,-105.886685755));
#7338=CARTESIAN_POINT('',(148.796428953,-10.,-107.637890121));
#7339=CARTESIAN_POINT('',(149.35060755,-10.,-108.990085898));
#7340=B_SPLINE_CURVE_WITH_KNOTS('',2,(#7337,#7338,#7339),.UNSPECIFIED.,.F.,.F.,(3,3),(0.,1.),.UNSPECIFIED.);
#7341=EDGE_CURVE('',#7330,#7297,#7340,.T.);
#7342=ORIENTED_EDGE('',*,*,#7341,.T.);
#7343=ORIENTED_EDGE('',*,*,#7302,.T.);
#7344=EDGE_LOOP('',(#7328,#7336,#7342,#7343));
#7345=FACE_BOUND('',#7344,.T.);
#7346=ADVANCED_FACE('',(#7345),#7320,.T.);
#7347=CARTESIAN_POINT('',(149.35060755,-10.,-102.783285612));
#7348=CARTESIAN_POINT('',(149.35060755,-5.,-102.783285612));
#7349=CARTESIAN_POINT('',(148.796428953,-10.,-104.179815677));
#7350=CARTESIAN_POINT('',(148.796428953,-5.,-104.179815677));
#7351=CARTESIAN_POINT('',(148.796428953,-10.,-105.886685755));
#7352=CARTESIAN_POINT('',(148.796428953,-5.,-105.886685755));
#7353=B_SPLINE_SURFACE_WITH_KNOTS('',2,1,((#7347,#7348),(#7349,#7350),(#7351,#7352)),.UNSPECIFIED.,.F.,.F.,.U.,(3,3),(2,2),(0.,1.),(0.,1.),.UNSPECIFIED.);
#7354=CARTESIAN_POINT('',(149.35060755,-5.,-102.783285612));
#7355=VERTEX_POINT('',#7354);
#7356=CARTESIAN_POINT('',(149.35060755,-5.,-102.783285612));
#7357=CARTESIAN_POINT('',(148.796428953,-5.,-104.179815677));
#7358=CARTESIAN_POINT('',(148.796428953,-5.,-105.886685755));
#7359=B_SPLINE_CURVE_WITH_KNOTS('',2,(#7356,#7357,#7358),.UNSPECIFIED.,.F.,.F.,(3,3),(0.,1.),.UNSPECIFIED.);
#7360=EDGE_CURVE('',#7355,#7322,#7359,.T.);
#7361=ORIENTED_EDGE('',*,*,#7360,.F.);
#7362=CARTESIAN_POINT('',(149.35060755,-10.,-102.783285612));
#7363=VERTEX_POINT('',#7362);
#7364=CARTESIAN_POINT('',(149.35060755,-10.,-102.783285612));
#7365=DIRECTION('',(0.,1.,0.));
#7366=VECTOR('',#7365,5.);
#7367=LINE('',#7364,#7366);
#7368=EDGE_CURVE('',#7363,#7355,#7367,.T.);
#7369=ORIENTED_EDGE('',*,*,#7368,.F.);
#7370=CARTESIAN_POINT('',(149.35060755,-10.,-102.783285612));
#7371=CARTESIAN_POINT('',(148.796428953,-10.,-104.179815677));
#7372=CARTESIAN_POINT('',(148.796428953,-10.,-105.886685755));
#7373=B_SPLINE_CURVE_WITH_KNOTS('',2,(#7370,#7371,#7372),.UNSPECIFIED.,.F.,.F.,(3,3),(0.,1.),.UNSPECIFIED.);
#7374=EDGE_CURVE('',#7363,#7330,#7373,.T.);
#7375=ORIENTED_EDGE('',*,*,#7374,.T.);
#7376=ORIENTED_EDGE('',*,*,#7335,.T.);
#7377=EDGE_LOOP('',(#7361,#7369,#7375,#7376));
#7378=FACE_BOUND('',#7377,.T.);
#7379=ADVANCED_FACE('',(#7378),#7353,.T.);
#7380=CARTESIAN_POINT('',(150.968809053,-10.,-100.566571224));
#7381=CARTESIAN_POINT('',(150.968809053,-5.,-100.566571224));
#7382=CARTESIAN_POINT('',(149.882619003,-10.,-101.386755548));
#7383=CARTESIAN_POINT('',(149.882619003,-5.,-101.386755548));
#7384=CARTESIAN_POINT('',(149.35060755,-10.,-102.783285612));
#7385=CARTESIAN_POINT('',(149.35060755,-5.,-102.783285612));
#7386=B_SPLINE_SURFACE_WITH_KNOTS('',2,1,((#7380,#7381),(#7382,#7383),(#7384,#7385)),.UNSPECIFIED.,.F.,.F.,.U.,(3,3),(2,2),(0.,1.),(0.,1.),.UNSPECIFIED.);
#7387=CARTESIAN_POINT('',(150.968809053,-5.,-100.566571224));
#7388=VERTEX_POINT('',#7387);
#7389=CARTESIAN_POINT('',(150.968809053,-5.,-100.566571224));
#7390=CARTESIAN_POINT('',(149.882619003,-5.,-101.386755548));
#7391=CARTESIAN_POINT('',(149.35060755,-5.,-102.783285612));
#7392=B_SPLINE_CURVE_WITH_KNOTS('',2,(#7389,#7390,#7391),.UNSPECIFIED.,.F.,.F.,(3,3),(0.,1.),.UNSPECIFIED.);
#7393=EDGE_CURVE('',#7388,#7355,#7392,.T.);
#7394=ORIENTED_EDGE('',*,*,#7393,.F.);
#7395=CARTESIAN_POINT('',(150.968809053,-10.,-100.566571224));
#7396=VERTEX_POINT('',#7395);
#7397=CARTESIAN_POINT('',(150.968809053,-10.,-100.566571224));
#7398=DIRECTION('',(0.,1.,0.));
#7399=VECTOR('',#7398,5.);
#7400=LINE('',#7397,#7399);
#7401=EDGE_CURVE('',#7396,#7388,#7400,.T.);
#7402=ORIENTED_EDGE('',*,*,#7401,.F.);
#7403=CARTESIAN_POINT('',(150.968809053,-10.,-100.566571224));
#7404=CARTESIAN_POINT('',(149.882619003,-10.,-101.386755548));
#7405=CARTESIAN_POINT('',(149.35060755,-10.,-102.783285612));
#7406=B_SPLINE_CURVE_WITH_KNOTS('',2,(#7403,#7404,#7405),.UNSPECIFIED.,.F.,.F.,(3,3),(0.,1.),.UNSPECIFIED.);
#7407=EDGE_CURVE('',#7396,#7363,#7406,.T.);
#7408=ORIENTED_EDGE('',*,*,#7407,.T.);
#7409=ORIENTED_EDGE('',*,*,#7368,.T.);
#7410=EDGE_LOOP('',(#7394,#7402,#7408,#7409));
#7411=FACE_BOUND('',#7410,.T.);
#7412=ADVANCED_FACE('',(#7411),#7386,.T.);
#7413=CARTESIAN_POINT('',(153.69536775,-10.,-99.724219757));
#7414=CARTESIAN_POINT('',(153.69536775,-5.,-99.724219757));
#7415=CARTESIAN_POINT('',(152.054999103,-10.,-99.724219757));
#7416=CARTESIAN_POINT('',(152.054999103,-5.,-99.724219757));
#7417=CARTESIAN_POINT('',(150.968809053,-10.,-100.566571224));
#7418=CARTESIAN_POINT('',(150.968809053,-5.,-100.566571224));
#7419=B_SPLINE_SURFACE_WITH_KNOTS('',2,1,((#7413,#7414),(#7415,#7416),(#7417,#7418)),.UNSPECIFIED.,.F.,.F.,.U.,(3,3),(2,2),(0.,1.),(0.,1.),.UNSPECIFIED.);
#7420=CARTESIAN_POINT('',(153.69536775,-5.,-99.724219757));
#7421=VERTEX_POINT('',#7420);
#7422=CARTESIAN_POINT('',(153.69536775,-5.,-99.724219757));
#7423=CARTESIAN_POINT('',(152.054999103,-5.,-99.724219757));
#7424=CARTESIAN_POINT('',(150.968809053,-5.,-100.566571224));
#7425=B_SPLINE_CURVE_WITH_KNOTS('',2,(#7422,#7423,#7424),.UNSPECIFIED.,.F.,.F.,(3,3),(0.,1.),.UNSPECIFIED.);
#7426=EDGE_CURVE('',#7421,#7388,#7425,.T.);
#7427=ORIENTED_EDGE('',*,*,#7426,.F.);
#7428=CARTESIAN_POINT('',(153.69536775,-10.,-99.724219757));
#7429=VERTEX_POINT('',#7428);
#7430=CARTESIAN_POINT('',(153.69536775,-10.,-99.724219757));
#7431=DIRECTION('',(0.,1.,0.));
#7432=VECTOR('',#7431,5.);
#7433=LINE('',#7430,#7432);
#7434=EDGE_CURVE('',#7429,#7421,#7433,.T.);
#7435=ORIENTED_EDGE('',*,*,#7434,.F.);
#7436=CARTESIAN_POINT('',(153.69536775,-10.,-99.724219757));
#7437=CARTESIAN_POINT('',(152.054999103,-10.,-99.724219757));
#7438=CARTESIAN_POINT('',(150.968809053,-10.,-100.566571224));
#7439=B_SPLINE_CURVE_WITH_KNOTS('',2,(#7436,#7437,#7438),.UNSPECIFIED.,.F.,.F.,(3,3),(0.,1.),.UNSPECIFIED.);
#7440=EDGE_CURVE('',#7429,#7396,#7439,.T.);
#7441=ORIENTED_EDGE('',*,*,#7440,.T.);
#7442=ORIENTED_EDGE('',*,*,#7401,.T.);
#7443=EDGE_LOOP('',(#7427,#7435,#7441,#7442));
#7444=FACE_BOUND('',#7443,.T.);
#7445=ADVANCED_FACE('',(#7444),#7419,.T.);
#7446=CARTESIAN_POINT('',(156.355425016,-10.,-100.522236937));
#7447=CARTESIAN_POINT('',(156.355425016,-5.,-100.522236937));
#7448=CARTESIAN_POINT('',(155.269234966,-10.,-99.724219757));
#7449=CARTESIAN_POINT('',(155.269234966,-5.,-99.724219757));
#7450=CARTESIAN_POINT('',(153.69536775,-10.,-99.724219757));
#7451=CARTESIAN_POINT('',(153.69536775,-5.,-99.724219757));
#7452=B_SPLINE_SURFACE_WITH_KNOTS('',2,1,((#7446,#7447),(#7448,#7449),(#7450,#7451)),.UNSPECIFIED.,.F.,.F.,.U.,(3,3),(2,2),(0.,1.),(0.,1.),.UNSPECIFIED.);
#7453=CARTESIAN_POINT('',(156.355425016,-5.,-100.522236937));
#7454=VERTEX_POINT('',#7453);
#7455=CARTESIAN_POINT('',(156.355425016,-5.,-100.522236937));
#7456=CARTESIAN_POINT('',(155.269234966,-5.,-99.724219757));
#7457=CARTESIAN_POINT('',(153.69536775,-5.,-99.724219757));
#7458=B_SPLINE_CURVE_WITH_KNOTS('',2,(#7455,#7456,#7457),.UNSPECIFIED.,.F.,.F.,(3,3),(0.,1.),.UNSPECIFIED.);
#7459=EDGE_CURVE('',#7454,#7421,#7458,.T.);
#7460=ORIENTED_EDGE('',*,*,#7459,.F.);
#7461=CARTESIAN_POINT('',(156.355425016,-10.,-100.522236937));
#7462=VERTEX_POINT('',#7461);
#7463=CARTESIAN_POINT('',(156.355425016,-10.,-100.522236937));
#7464=DIRECTION('',(0.,1.,0.));
#7465=VECTOR('',#7464,5.);
#7466=LINE('',#7463,#7465);
#7467=EDGE_CURVE('',#7462,#7454,#7466,.T.);
#7468=ORIENTED_EDGE('',*,*,#7467,.F.);
#7469=CARTESIAN_POINT('',(156.355425016,-10.,-100.522236937));
#7470=CARTESIAN_POINT('',(155.269234966,-10.,-99.724219757));
#7471=CARTESIAN_POINT('',(153.69536775,-10.,-99.724219757));
#7472=B_SPLINE_CURVE_WITH_KNOTS('',2,(#7469,#7470,#7471),.UNSPECIFIED.,.F.,.F.,(3,3),(0.,1.),.UNSPECIFIED.);
#7473=EDGE_CURVE('',#7462,#7429,#7472,.T.);
#7474=ORIENTED_EDGE('',*,*,#7473,.T.);
#7475=ORIENTED_EDGE('',*,*,#7434,.T.);
#7476=EDGE_LOOP('',(#7460,#7468,#7474,#7475));
#7477=FACE_BOUND('',#7476,.T.);
#7478=ADVANCED_FACE('',(#7477),#7452,.T.);
#7479=CARTESIAN_POINT('',(157.973626519,-10.,-102.694617037));
#7480=CARTESIAN_POINT('',(157.973626519,-5.,-102.694617037));
#7481=CARTESIAN_POINT('',(157.419447922,-10.,-101.298086972));
#7482=CARTESIAN_POINT('',(157.419447922,-5.,-101.298086972));
#7483=CARTESIAN_POINT('',(156.355425016,-10.,-100.522236937));
#7484=CARTESIAN_POINT('',(156.355425016,-5.,-100.522236937));
#7485=B_SPLINE_SURFACE_WITH_KNOTS('',2,1,((#7479,#7480),(#7481,#7482),(#7483,#7484)),.UNSPECIFIED.,.F.,.F.,.U.,(3,3),(2,2),(0.,1.),(0.,1.),.UNSPECIFIED.);
#7486=CARTESIAN_POINT('',(157.973626519,-5.,-102.694617037));
#7487=VERTEX_POINT('',#7486);
#7488=CARTESIAN_POINT('',(157.973626519,-5.,-102.694617037));
#7489=CARTESIAN_POINT('',(157.419447922,-5.,-101.298086972));
#7490=CARTESIAN_POINT('',(156.355425016,-5.,-100.522236937));
#7491=B_SPLINE_CURVE_WITH_KNOTS('',2,(#7488,#7489,#7490),.UNSPECIFIED.,.F.,.F.,(3,3),(0.,1.),.UNSPECIFIED.);
#7492=EDGE_CURVE('',#7487,#7454,#7491,.T.);
#7493=ORIENTED_EDGE('',*,*,#7492,.F.);
#7494=CARTESIAN_POINT('',(157.973626519,-10.,-102.694617037));
#7495=VERTEX_POINT('',#7494);
#7496=CARTESIAN_POINT('',(157.973626519,-10.,-102.694617037));
#7497=DIRECTION('',(0.,1.,0.));
#7498=VECTOR('',#7497,5.);
#7499=LINE('',#7496,#7498);
#7500=EDGE_CURVE('',#7495,#7487,#7499,.T.);
#7501=ORIENTED_EDGE('',*,*,#7500,.F.);
#7502=CARTESIAN_POINT('',(157.973626519,-10.,-102.694617037));
#7503=CARTESIAN_POINT('',(157.419447922,-10.,-101.298086972));
#7504=CARTESIAN_POINT('',(156.355425016,-10.,-100.522236937));
#7505=B_SPLINE_CURVE_WITH_KNOTS('',2,(#7502,#7503,#7504),.UNSPECIFIED.,.F.,.F.,(3,3),(0.,1.),.UNSPECIFIED.);
#7506=EDGE_CURVE('',#7495,#7462,#7505,.T.);
#7507=ORIENTED_EDGE('',*,*,#7506,.T.);
#7508=ORIENTED_EDGE('',*,*,#7467,.T.);
#7509=EDGE_LOOP('',(#7493,#7501,#7507,#7508));
#7510=FACE_BOUND('',#7509,.T.);
#7511=ADVANCED_FACE('',(#7510),#7485,.T.);
#7512=CARTESIAN_POINT('',(158.505637972,-10.,-105.886685755));
#7513=CARTESIAN_POINT('',(158.505637972,-5.,-105.886685755));
#7514=CARTESIAN_POINT('',(158.505637972,-10.,-104.068979957));
#7515=CARTESIAN_POINT('',(158.505637972,-5.,-104.068979957));
#7516=CARTESIAN_POINT('',(157.973626519,-10.,-102.694617037));
#7517=CARTESIAN_POINT('',(157.973626519,-5.,-102.694617037));
#7518=B_SPLINE_SURFACE_WITH_KNOTS('',2,1,((#7512,#7513),(#7514,#7515),(#7516,#7517)),.UNSPECIFIED.,.F.,.F.,.U.,(3,3),(2,2),(0.,1.),(0.,1.),.UNSPECIFIED.);
#7519=CARTESIAN_POINT('',(158.505637972,-5.,-105.886685755));
#7520=VERTEX_POINT('',#7519);
#7521=CARTESIAN_POINT('',(158.505637972,-5.,-105.886685755));
#7522=CARTESIAN_POINT('',(158.505637972,-5.,-104.068979957));
#7523=CARTESIAN_POINT('',(157.973626519,-5.,-102.694617037));
#7524=B_SPLINE_CURVE_WITH_KNOTS('',2,(#7521,#7522,#7523),.UNSPECIFIED.,.F.,.F.,(3,3),(0.,1.),.UNSPECIFIED.);
#7525=EDGE_CURVE('',#7520,#7487,#7524,.T.);
#7526=ORIENTED_EDGE('',*,*,#7525,.F.);
#7527=CARTESIAN_POINT('',(158.505637972,-10.,-105.886685755));
#7528=VERTEX_POINT('',#7527);
#7529=CARTESIAN_POINT('',(158.505637972,-10.,-105.886685755));
#7530=DIRECTION('',(0.,1.,0.));
#7531=VECTOR('',#7530,5.);
#7532=LINE('',#7529,#7531);
#7533=EDGE_CURVE('',#7528,#7520,#7532,.T.);
#7534=ORIENTED_EDGE('',*,*,#7533,.F.);
#7535=CARTESIAN_POINT('',(158.505637972,-10.,-105.886685755));
#7536=CARTESIAN_POINT('',(158.505637972,-10.,-104.068979957));
#7537=CARTESIAN_POINT('',(157.973626519,-10.,-102.694617037));
#7538=B_SPLINE_CURVE_WITH_KNOTS('',2,(#7535,#7536,#7537),.UNSPECIFIED.,.F.,.F.,(3,3),(0.,1.),.UNSPECIFIED.);
#7539=EDGE_CURVE('',#7528,#7495,#7538,.T.);
#7540=ORIENTED_EDGE('',*,*,#7539,.T.);
#7541=ORIENTED_EDGE('',*,*,#7500,.T.);
#7542=EDGE_LOOP('',(#7526,#7534,#7540,#7541));
#7543=FACE_BOUND('',#7542,.T.);
#7544=ADVANCED_FACE('',(#7543),#7518,.T.);
#7545=CARTESIAN_POINT('',(157.951459375,-10.,-109.078754474));
#7546=CARTESIAN_POINT('',(157.951459375,-5.,-109.078754474));
#7547=CARTESIAN_POINT('',(158.505637972,-10.,-107.748725841));
#7548=CARTESIAN_POINT('',(158.505637972,-5.,-107.748725841));
#7549=CARTESIAN_POINT('',(158.505637972,-10.,-105.886685755));
#7550=CARTESIAN_POINT('',(158.505637972,-5.,-105.886685755));
#7551=B_SPLINE_SURFACE_WITH_KNOTS('',2,1,((#7545,#7546),(#7547,#7548),(#7549,#7550)),.UNSPECIFIED.,.F.,.F.,.U.,(3,3),(2,2),(0.,1.),(0.,1.),.UNSPECIFIED.);
#7552=CARTESIAN_POINT('',(157.951459375,-5.,-109.078754474));
#7553=VERTEX_POINT('',#7552);
#7554=CARTESIAN_POINT('',(157.951459375,-5.,-109.078754474));
#7555=CARTESIAN_POINT('',(158.505637972,-5.,-107.748725841));
#7556=CARTESIAN_POINT('',(158.505637972,-5.,-105.886685755));
#7557=B_SPLINE_CURVE_WITH_KNOTS('',2,(#7554,#7555,#7556),.UNSPECIFIED.,.F.,.F.,(3,3),(0.,1.),.UNSPECIFIED.);
#7558=EDGE_CURVE('',#7553,#7520,#7557,.T.);
#7559=ORIENTED_EDGE('',*,*,#7558,.F.);
#7560=CARTESIAN_POINT('',(157.951459375,-10.,-109.078754474));
#7561=VERTEX_POINT('',#7560);
#7562=CARTESIAN_POINT('',(157.951459375,-10.,-109.078754474));
#7563=DIRECTION('',(0.,1.,0.));
#7564=VECTOR('',#7563,5.);
#7565=LINE('',#7562,#7564);
#7566=EDGE_CURVE('',#7561,#7553,#7565,.T.);
#7567=ORIENTED_EDGE('',*,*,#7566,.F.);
#7568=CARTESIAN_POINT('',(157.951459375,-10.,-109.078754474));
#7569=CARTESIAN_POINT('',(158.505637972,-10.,-107.748725841));
#7570=CARTESIAN_POINT('',(158.505637972,-10.,-105.886685755));
#7571=B_SPLINE_CURVE_WITH_KNOTS('',2,(#7568,#7569,#7570),.UNSPECIFIED.,.F.,.F.,(3,3),(0.,1.),.UNSPECIFIED.);
#7572=EDGE_CURVE('',#7561,#7528,#7571,.T.);
#7573=ORIENTED_EDGE('',*,*,#7572,.T.);
#7574=ORIENTED_EDGE('',*,*,#7533,.T.);
#7575=EDGE_LOOP('',(#7559,#7567,#7573,#7574));
#7576=FACE_BOUND('',#7575,.T.);
#7577=ADVANCED_FACE('',(#7576),#7551,.T.);
#7578=CARTESIAN_POINT('',(156.333257872,-10.,-111.140298854));
#7579=CARTESIAN_POINT('',(156.333257872,-5.,-111.140298854));
#7580=CARTESIAN_POINT('',(157.397280778,-10.,-110.408783106));
#7581=CARTESIAN_POINT('',(157.397280778,-5.,-110.408783106));
#7582=CARTESIAN_POINT('',(157.951459375,-10.,-109.078754474));
#7583=CARTESIAN_POINT('',(157.951459375,-5.,-109.078754474));
#7584=B_SPLINE_SURFACE_WITH_KNOTS('',2,1,((#7578,#7579),(#7580,#7581),(#7582,#7583)),.UNSPECIFIED.,.F.,.F.,.U.,(3,3),(2,2),(0.,1.),(0.,1.),.UNSPECIFIED.);
#7585=CARTESIAN_POINT('',(156.333257872,-5.,-111.140298854));
#7586=VERTEX_POINT('',#7585);
#7587=CARTESIAN_POINT('',(156.333257872,-5.,-111.140298854));
#7588=CARTESIAN_POINT('',(157.397280778,-5.,-110.408783106));
#7589=CARTESIAN_POINT('',(157.951459375,-5.,-109.078754474));
#7590=B_SPLINE_CURVE_WITH_KNOTS('',2,(#7587,#7588,#7589),.UNSPECIFIED.,.F.,.F.,(3,3),(0.,1.),.UNSPECIFIED.);
#7591=EDGE_CURVE('',#7586,#7553,#7590,.T.);
#7592=ORIENTED_EDGE('',*,*,#7591,.F.);
#7593=CARTESIAN_POINT('',(156.333257872,-10.,-111.140298854));
#7594=VERTEX_POINT('',#7593);
#7595=CARTESIAN_POINT('',(156.333257872,-10.,-111.140298854));
#7596=DIRECTION('',(0.,1.,0.));
#7597=VECTOR('',#7596,5.);
#7598=LINE('',#7595,#7597);
#7599=EDGE_CURVE('',#7594,#7586,#7598,.T.);
#7600=ORIENTED_EDGE('',*,*,#7599,.F.);
#7601=CARTESIAN_POINT('',(156.333257872,-10.,-111.140298854));
#7602=CARTESIAN_POINT('',(157.397280778,-10.,-110.408783106));
#7603=CARTESIAN_POINT('',(157.951459375,-10.,-109.078754474));
#7604=B_SPLINE_CURVE_WITH_KNOTS('',2,(#7601,#7602,#7603),.UNSPECIFIED.,.F.,.F.,(3,3),(0.,1.),.UNSPECIFIED.);
#7605=EDGE_CURVE('',#7594,#7561,#7604,.T.);
#7606=ORIENTED_EDGE('',*,*,#7605,.T.);
#7607=ORIENTED_EDGE('',*,*,#7566,.T.);
#7608=EDGE_LOOP('',(#7592,#7600,#7606,#7607));
#7609=FACE_BOUND('',#7608,.T.);
#7610=ADVANCED_FACE('',(#7609),#7584,.T.);
#7611=CARTESIAN_POINT('',(157.441615066,-10.,-120.428332139));
#7612=CARTESIAN_POINT('',(157.441615066,-5.,-120.428332139));
#7613=CARTESIAN_POINT('',(155.801246419,-10.,-121.071179312));
#7614=CARTESIAN_POINT('',(155.801246419,-5.,-121.071179312));
#7615=CARTESIAN_POINT('',(153.784036326,-10.,-121.071179312));
#7616=CARTESIAN_POINT('',(153.784036326,-5.,-121.071179312));
#7617=B_SPLINE_SURFACE_WITH_KNOTS('',2,1,((#7611,#7612),(#7613,#7614),(#7615,#7616)),.UNSPECIFIED.,.F.,.F.,.U.,(3,3),(2,2),(0.,1.),(0.,1.),.UNSPECIFIED.);
#7618=CARTESIAN_POINT('',(157.441615066,-5.,-120.428332139));
#7619=VERTEX_POINT('',#7618);
#7620=CARTESIAN_POINT('',(153.784036326,-5.,-121.071179312));
#7621=VERTEX_POINT('',#7620);
#7622=CARTESIAN_POINT('',(157.441615066,-5.,-120.428332139));
#7623=CARTESIAN_POINT('',(155.801246419,-5.,-121.071179312));
#7624=CARTESIAN_POINT('',(153.784036326,-5.,-121.071179312));
#7625=B_SPLINE_CURVE_WITH_KNOTS('',2,(#7622,#7623,#7624),.UNSPECIFIED.,.F.,.F.,(3,3),(0.,1.),.UNSPECIFIED.);
#7626=EDGE_CURVE('',#7619,#7621,#7625,.T.);
#7627=ORIENTED_EDGE('',*,*,#7626,.F.);
#7628=CARTESIAN_POINT('',(157.441615066,-10.,-120.428332139));
#7629=VERTEX_POINT('',#7628);
#7630=CARTESIAN_POINT('',(157.441615066,-10.,-120.428332139));
#7631=DIRECTION('',(0.,1.,0.));
#7632=VECTOR('',#7631,5.);
#7633=LINE('',#7630,#7632);
#7634=EDGE_CURVE('',#7629,#7619,#7633,.T.);
#7635=ORIENTED_EDGE('',*,*,#7634,.F.);
#7636=CARTESIAN_POINT('',(153.784036326,-10.,-121.071179312));
#7637=VERTEX_POINT('',#7636);
#7638=CARTESIAN_POINT('',(157.441615066,-10.,-120.428332139));
#7639=CARTESIAN_POINT('',(155.801246419,-10.,-121.071179312));
#7640=CARTESIAN_POINT('',(153.784036326,-10.,-121.071179312));
#7641=B_SPLINE_CURVE_WITH_KNOTS('',2,(#7638,#7639,#7640),.UNSPECIFIED.,.F.,.F.,(3,3),(0.,1.),.UNSPECIFIED.);
#7642=EDGE_CURVE('',#7629,#7637,#7641,.T.);
#7643=ORIENTED_EDGE('',*,*,#7642,.T.);
#7644=CARTESIAN_POINT('',(153.784036326,-10.,-121.071179312));
#7645=DIRECTION('',(0.,1.,0.));
#7646=VECTOR('',#7645,5.);
#7647=LINE('',#7644,#7646);
#7648=EDGE_CURVE('',#7637,#7621,#7647,.T.);
#7649=ORIENTED_EDGE('',*,*,#7648,.T.);
#7650=EDGE_LOOP('',(#7627,#7635,#7643,#7649));
#7651=FACE_BOUND('',#7650,.T.);
#7652=ADVANCED_FACE('',(#7651),#7617,.T.);
#7653=CARTESIAN_POINT('',(160.079505187,-10.,-118.43328919));
#7654=CARTESIAN_POINT('',(160.079505187,-5.,-118.43328919));
#7655=CARTESIAN_POINT('',(159.104150856,-10.,-119.785484967));
#7656=CARTESIAN_POINT('',(159.104150856,-5.,-119.785484967));
#7657=CARTESIAN_POINT('',(157.441615066,-10.,-120.428332139));
#7658=CARTESIAN_POINT('',(157.441615066,-5.,-120.428332139));
#7659=B_SPLINE_SURFACE_WITH_KNOTS('',2,1,((#7653,#7654),(#7655,#7656),(#7657,#7658)),.UNSPECIFIED.,.F.,.F.,.U.,(3,3),(2,2),(0.,1.),(0.,1.),.UNSPECIFIED.);
#7660=CARTESIAN_POINT('',(160.079505187,-5.,-118.43328919));
#7661=VERTEX_POINT('',#7660);
#7662=CARTESIAN_POINT('',(160.079505187,-5.,-118.43328919));
#7663=CARTESIAN_POINT('',(159.104150856,-5.,-119.785484967));
#7664=CARTESIAN_POINT('',(157.441615066,-5.,-120.428332139));
#7665=B_SPLINE_CURVE_WITH_KNOTS('',2,(#7662,#7663,#7664),.UNSPECIFIED.,.F.,.F.,(3,3),(0.,1.),.UNSPECIFIED.);
#7666=EDGE_CURVE('',#7661,#7619,#7665,.T.);
#7667=ORIENTED_EDGE('',*,*,#7666,.F.);
#7668=CARTESIAN_POINT('',(160.079505187,-10.,-118.43328919));
#7669=VERTEX_POINT('',#7668);
#7670=CARTESIAN_POINT('',(160.079505187,-10.,-118.43328919));
#7671=DIRECTION('',(0.,1.,0.));
#7672=VECTOR('',#7671,5.);
#7673=LINE('',#7670,#7672);
#7674=EDGE_CURVE('',#7669,#7661,#7673,.T.);
#7675=ORIENTED_EDGE('',*,*,#7674,.F.);
#7676=CARTESIAN_POINT('',(160.079505187,-10.,-118.43328919));
#7677=CARTESIAN_POINT('',(159.104150856,-10.,-119.785484967));
#7678=CARTESIAN_POINT('',(157.441615066,-10.,-120.428332139));
#7679=B_SPLINE_CURVE_WITH_KNOTS('',2,(#7676,#7677,#7678),.UNSPECIFIED.,.F.,.F.,(3,3),(0.,1.),.UNSPECIFIED.);
#7680=EDGE_CURVE('',#7669,#7629,#7679,.T.);
#7681=ORIENTED_EDGE('',*,*,#7680,.T.);
#7682=ORIENTED_EDGE('',*,*,#7634,.T.);
#7683=EDGE_LOOP('',(#7667,#7675,#7681,#7682));
#7684=FACE_BOUND('',#7683,.T.);
#7685=ADVANCED_FACE('',(#7684),#7659,.T.);
#7686=CARTESIAN_POINT('',(161.054859518,-10.,-114.908713314));
#7687=CARTESIAN_POINT('',(161.054859518,-5.,-114.908713314));
#7688=CARTESIAN_POINT('',(161.054859518,-10.,-117.05892627));
#7689=CARTESIAN_POINT('',(161.054859518,-5.,-117.05892627));
#7690=CARTESIAN_POINT('',(160.079505187,-10.,-118.43328919));
#7691=CARTESIAN_POINT('',(160.079505187,-5.,-118.43328919));
#7692=B_SPLINE_SURFACE_WITH_KNOTS('',2,1,((#7686,#7687),(#7688,#7689),(#7690,#7691)),.UNSPECIFIED.,.F.,.F.,.U.,(3,3),(2,2),(0.,1.),(0.,1.),.UNSPECIFIED.);
#7693=CARTESIAN_POINT('',(161.054859518,-5.,-114.908713314));
#7694=VERTEX_POINT('',#7693);
#7695=CARTESIAN_POINT('',(161.054859518,-5.,-114.908713314));
#7696=CARTESIAN_POINT('',(161.054859518,-5.,-117.05892627));
#7697=CARTESIAN_POINT('',(160.079505187,-5.,-118.43328919));
#7698=B_SPLINE_CURVE_WITH_KNOTS('',2,(#7695,#7696,#7697),.UNSPECIFIED.,.F.,.F.,(3,3),(0.,1.),.UNSPECIFIED.);
#7699=EDGE_CURVE('',#7694,#7661,#7698,.T.);
#7700=ORIENTED_EDGE('',*,*,#7699,.F.);
#7701=CARTESIAN_POINT('',(161.054859518,-10.,-114.908713314));
#7702=VERTEX_POINT('',#7701);
#7703=CARTESIAN_POINT('',(161.054859518,-10.,-114.908713314));
#7704=DIRECTION('',(0.,1.,0.));
#7705=VECTOR('',#7704,5.);
#7706=LINE('',#7703,#7705);
#7707=EDGE_CURVE('',#7702,#7694,#7706,.T.);
#7708=ORIENTED_EDGE('',*,*,#7707,.F.);
#7709=CARTESIAN_POINT('',(161.054859518,-10.,-114.908713314));
#7710=CARTESIAN_POINT('',(161.054859518,-10.,-117.05892627));
#7711=CARTESIAN_POINT('',(160.079505187,-10.,-118.43328919));
#7712=B_SPLINE_CURVE_WITH_KNOTS('',2,(#7709,#7710,#7711),.UNSPECIFIED.,.F.,.F.,(3,3),(0.,1.),.UNSPECIFIED.);
#7713=EDGE_CURVE('',#7702,#7669,#7712,.T.);
#7714=ORIENTED_EDGE('',*,*,#7713,.T.);
#7715=ORIENTED_EDGE('',*,*,#7674,.T.);
#7716=EDGE_LOOP('',(#7700,#7708,#7714,#7715));
#7717=FACE_BOUND('',#7716,.T.);
#7718=ADVANCED_FACE('',(#7717),#7692,.T.);
#7719=CARTESIAN_POINT('',(161.054859518,-10.,-106.263527201));
#7720=DIRECTION('',(1.,0.,0.));
#7721=DIRECTION('',(0.,0.,-1.));
#7722=AXIS2_PLACEMENT_3D('',#7719,#7720,#7721);
#7723=PLANE('',#7722);
#7724=CARTESIAN_POINT('',(161.054859518,-5.,-97.618341089));
#7725=VERTEX_POINT('',#7724);
#7726=CARTESIAN_POINT('',(161.054859518,-5.,-97.618341089));
#7727=DIRECTION('',(0.,0.,-1.));
#7728=VECTOR('',#7727,17.290372225);
#7729=LINE('',#7726,#7728);
#7730=EDGE_CURVE('',#7725,#7694,#7729,.T.);
#7731=ORIENTED_EDGE('',*,*,#7730,.F.);
#7732=CARTESIAN_POINT('',(161.054859518,-10.,-97.618341089));
#7733=VERTEX_POINT('',#7732);
#7734=CARTESIAN_POINT('',(161.054859518,-10.,-97.618341089));
#7735=DIRECTION('',(0.,1.,0.));
#7736=VECTOR('',#7735,5.);
#7737=LINE('',#7734,#7736);
#7738=EDGE_CURVE('',#7733,#7725,#7737,.T.);
#7739=ORIENTED_EDGE('',*,*,#7738,.F.);
#7740=CARTESIAN_POINT('',(161.054859518,-10.,-97.618341089));
#7741=DIRECTION('',(0.,0.,-1.));
#7742=VECTOR('',#7741,17.290372225);
#7743=LINE('',#7740,#7742);
#7744=EDGE_CURVE('',#7733,#7702,#7743,.T.);
#7745=ORIENTED_EDGE('',*,*,#7744,.T.);
#7746=ORIENTED_EDGE('',*,*,#7707,.T.);
#7747=EDGE_LOOP('',(#7731,#7739,#7745,#7746));
#7748=FACE_BOUND('',#7747,.T.);
#7749=ADVANCED_FACE('',(#7748),#7723,.T.);
#7750=CARTESIAN_POINT('',(159.802415889,-10.,-97.618341089));
#7751=DIRECTION('',(0.,0.,1.));
#7752=DIRECTION('',(1.,0.,0.));
#7753=AXIS2_PLACEMENT_3D('',#7750,#7751,#7752);
#7754=PLANE('',#7753);
#7755=CARTESIAN_POINT('',(158.549972259,-5.,-97.618341089));
#7756=VERTEX_POINT('',#7755);
#7757=CARTESIAN_POINT('',(158.549972259,-5.,-97.618341089));
#7758=DIRECTION('',(1.,0.,-0.));
#7759=VECTOR('',#7758,2.504887258);
#7760=LINE('',#7757,#7759);
#7761=EDGE_CURVE('',#7756,#7725,#7760,.T.);
#7762=ORIENTED_EDGE('',*,*,#7761,.F.);
#7763=CARTESIAN_POINT('',(158.549972259,-10.,-97.618341089));
#7764=VERTEX_POINT('',#7763);
#7765=CARTESIAN_POINT('',(158.549972259,-10.,-97.618341089));
#7766=DIRECTION('',(0.,1.,0.));
#7767=VECTOR('',#7766,5.);
#7768=LINE('',#7765,#7767);
#7769=EDGE_CURVE('',#7764,#7756,#7768,.T.);
#7770=ORIENTED_EDGE('',*,*,#7769,.F.);
#7771=CARTESIAN_POINT('',(158.549972259,-10.,-97.618341089));
#7772=DIRECTION('',(1.,0.,-0.));
#7773=VECTOR('',#7772,2.504887258);
#7774=LINE('',#7771,#7773);
#7775=EDGE_CURVE('',#7764,#7733,#7774,.T.);
#7776=ORIENTED_EDGE('',*,*,#7775,.T.);
#7777=ORIENTED_EDGE('',*,*,#7738,.T.);
#7778=EDGE_LOOP('',(#7762,#7770,#7776,#7777));
#7779=FACE_BOUND('',#7778,.T.);
#7780=ADVANCED_FACE('',(#7779),#7754,.T.);
#7781=CARTESIAN_POINT('',(158.549972259,-10.,-98.959453293));
#7782=DIRECTION('',(-1.,0.,0.));
#7783=DIRECTION('',(0.,0.,1.));
#7784=AXIS2_PLACEMENT_3D('',#7781,#7782,#7783);
#7785=PLANE('',#7784);
#7786=CARTESIAN_POINT('',(158.549972259,-5.,-100.300565498));
#7787=VERTEX_POINT('',#7786);
#7788=CARTESIAN_POINT('',(158.549972259,-5.,-100.300565498));
#7789=DIRECTION('',(0.,0.,1.));
#7790=VECTOR('',#7789,2.682224409);
#7791=LINE('',#7788,#7790);
#7792=EDGE_CURVE('',#7787,#7756,#7791,.T.);
#7793=ORIENTED_EDGE('',*,*,#7792,.F.);
#7794=CARTESIAN_POINT('',(158.549972259,-10.,-100.300565498));
#7795=VERTEX_POINT('',#7794);
#7796=CARTESIAN_POINT('',(158.549972259,-10.,-100.300565498));
#7797=DIRECTION('',(0.,1.,0.));
#7798=VECTOR('',#7797,5.);
#7799=LINE('',#7796,#7798);
#7800=EDGE_CURVE('',#7795,#7787,#7799,.T.);
#7801=ORIENTED_EDGE('',*,*,#7800,.F.);
#7802=CARTESIAN_POINT('',(158.549972259,-10.,-100.300565498));
#7803=DIRECTION('',(0.,0.,1.));
#7804=VECTOR('',#7803,2.682224409);
#7805=LINE('',#7802,#7804);
#7806=EDGE_CURVE('',#7795,#7764,#7805,.T.);
#7807=ORIENTED_EDGE('',*,*,#7806,.T.);
#7808=ORIENTED_EDGE('',*,*,#7769,.T.);
#7809=EDGE_LOOP('',(#7793,#7801,#7807,#7808));
#7810=FACE_BOUND('',#7809,.T.);
#7811=ADVANCED_FACE('',(#7810),#7785,.T.);
#7812=CARTESIAN_POINT('',(158.428052968,-10.,-100.300565498));
#7813=DIRECTION('',(0.,0.,1.));
#7814=DIRECTION('',(1.,0.,0.));
#7815=AXIS2_PLACEMENT_3D('',#7812,#7813,#7814);
#7816=PLANE('',#7815);
#7817=CARTESIAN_POINT('',(158.306133677,-5.,-100.300565498));
#7818=VERTEX_POINT('',#7817);
#7819=CARTESIAN_POINT('',(158.306133677,-5.,-100.300565498));
#7820=DIRECTION('',(1.,0.,-0.));
#7821=VECTOR('',#7820,0.243838583);
#7822=LINE('',#7819,#7821);
#7823=EDGE_CURVE('',#7818,#7787,#7822,.T.);
#7824=ORIENTED_EDGE('',*,*,#7823,.F.);
#7825=CARTESIAN_POINT('',(158.306133677,-10.,-100.300565498));
#7826=VERTEX_POINT('',#7825);
#7827=CARTESIAN_POINT('',(158.306133677,-10.,-100.300565498));
#7828=DIRECTION('',(0.,1.,0.));
#7829=VECTOR('',#7828,5.);
#7830=LINE('',#7827,#7829);
#7831=EDGE_CURVE('',#7826,#7818,#7830,.T.);
#7832=ORIENTED_EDGE('',*,*,#7831,.F.);
#7833=CARTESIAN_POINT('',(158.306133677,-10.,-100.300565498));
#7834=DIRECTION('',(1.,0.,-0.));
#7835=VECTOR('',#7834,0.243838583);
#7836=LINE('',#7833,#7835);
#7837=EDGE_CURVE('',#7826,#7795,#7836,.T.);
#7838=ORIENTED_EDGE('',*,*,#7837,.T.);
#7839=ORIENTED_EDGE('',*,*,#7800,.T.);
#7840=EDGE_LOOP('',(#7824,#7832,#7838,#7839));
#7841=FACE_BOUND('',#7840,.T.);
#7842=ADVANCED_FACE('',(#7841),#7816,.T.);
#7843=CARTESIAN_POINT('',(157.485949353,-10.,-99.17004116));
#7844=CARTESIAN_POINT('',(157.485949353,-5.,-99.17004116));
#7845=CARTESIAN_POINT('',(158.017960806,-10.,-99.85722262));
#7846=CARTESIAN_POINT('',(158.017960806,-5.,-99.85722262));
#7847=CARTESIAN_POINT('',(158.306133676,-10.,-100.300565497));
#7848=CARTESIAN_POINT('',(158.306133676,-5.,-100.300565497));
#7849=B_SPLINE_SURFACE_WITH_KNOTS('',2,1,((#7843,#7844),(#7845,#7846),(#7847,#7848)),.UNSPECIFIED.,.F.,.F.,.U.,(3,3),(2,2),(0.,0.999999999),(0.,1.),.UNSPECIFIED.);
#7850=CARTESIAN_POINT('',(157.485949353,-5.,-99.17004116));
#7851=VERTEX_POINT('',#7850);
#7852=CARTESIAN_POINT('',(157.485949353,-5.,-99.17004116));
#7853=CARTESIAN_POINT('',(158.017960806,-5.,-99.85722262));
#7854=CARTESIAN_POINT('',(158.306133677,-5.,-100.300565498));
#7855=B_SPLINE_CURVE_WITH_KNOTS('',2,(#7852,#7853,#7854),.UNSPECIFIED.,.F.,.F.,(3,3),(0.,1.),.UNSPECIFIED.);
#7856=EDGE_CURVE('',#7851,#7818,#7855,.T.);
#7857=ORIENTED_EDGE('',*,*,#7856,.F.);
#7858=CARTESIAN_POINT('',(157.485949353,-10.,-99.17004116));
#7859=VERTEX_POINT('',#7858);
#7860=CARTESIAN_POINT('',(157.485949353,-10.,-99.17004116));
#7861=DIRECTION('',(0.,1.,0.));
#7862=VECTOR('',#7861,5.);
#7863=LINE('',#7860,#7862);
#7864=EDGE_CURVE('',#7859,#7851,#7863,.T.);
#7865=ORIENTED_EDGE('',*,*,#7864,.F.);
#7866=CARTESIAN_POINT('',(157.485949353,-10.,-99.17004116));
#7867=CARTESIAN_POINT('',(158.017960806,-10.,-99.85722262));
#7868=CARTESIAN_POINT('',(158.306133677,-10.,-100.300565498));
#7869=B_SPLINE_CURVE_WITH_KNOTS('',2,(#7866,#7867,#7868),.UNSPECIFIED.,.F.,.F.,(3,3),(0.,1.),.UNSPECIFIED.);
#7870=EDGE_CURVE('',#7859,#7826,#7869,.T.);
#7871=ORIENTED_EDGE('',*,*,#7870,.T.);
#7872=ORIENTED_EDGE('',*,*,#7831,.T.);
#7873=EDGE_LOOP('',(#7857,#7865,#7871,#7872));
#7874=FACE_BOUND('',#7873,.T.);
#7875=ADVANCED_FACE('',(#7874),#7849,.T.);
#7876=CARTESIAN_POINT('',(156.000750713,-10.,-97.950848247));
#7877=CARTESIAN_POINT('',(156.000750713,-5.,-97.950848247));
#7878=CARTESIAN_POINT('',(156.976105044,-10.,-98.4828597));
#7879=CARTESIAN_POINT('',(156.976105044,-5.,-98.4828597));
#7880=CARTESIAN_POINT('',(157.485949353,-10.,-99.17004116));
#7881=CARTESIAN_POINT('',(157.485949353,-5.,-99.17004116));
#7882=B_SPLINE_SURFACE_WITH_KNOTS('',2,1,((#7876,#7877),(#7878,#7879),(#7880,#7881)),.UNSPECIFIED.,.F.,.F.,.U.,(3,3),(2,2),(0.,1.),(0.,1.),.UNSPECIFIED.);
#7883=CARTESIAN_POINT('',(156.000750713,-5.,-97.950848247));
#7884=VERTEX_POINT('',#7883);
#7885=CARTESIAN_POINT('',(156.000750713,-5.,-97.950848247));
#7886=CARTESIAN_POINT('',(156.976105044,-5.,-98.4828597));
#7887=CARTESIAN_POINT('',(157.485949353,-5.,-99.17004116));
#7888=B_SPLINE_CURVE_WITH_KNOTS('',2,(#7885,#7886,#7887),.UNSPECIFIED.,.F.,.F.,(3,3),(0.,1.),.UNSPECIFIED.);
#7889=EDGE_CURVE('',#7884,#7851,#7888,.T.);
#7890=ORIENTED_EDGE('',*,*,#7889,.F.);
#7891=CARTESIAN_POINT('',(156.000750713,-10.,-97.950848247));
#7892=VERTEX_POINT('',#7891);
#7893=CARTESIAN_POINT('',(156.000750713,-10.,-97.950848247));
#7894=DIRECTION('',(0.,1.,0.));
#7895=VECTOR('',#7894,5.);
#7896=LINE('',#7893,#7895);
#7897=EDGE_CURVE('',#7892,#7884,#7896,.T.);
#7898=ORIENTED_EDGE('',*,*,#7897,.F.);
#7899=CARTESIAN_POINT('',(156.000750713,-10.,-97.950848247));
#7900=CARTESIAN_POINT('',(156.976105044,-10.,-98.4828597));
#7901=CARTESIAN_POINT('',(157.485949353,-10.,-99.17004116));
#7902=B_SPLINE_CURVE_WITH_KNOTS('',2,(#7899,#7900,#7901),.UNSPECIFIED.,.F.,.F.,(3,3),(0.,1.),.UNSPECIFIED.);
#7903=EDGE_CURVE('',#7892,#7859,#7902,.T.);
#7904=ORIENTED_EDGE('',*,*,#7903,.T.);
#7905=ORIENTED_EDGE('',*,*,#7864,.T.);
#7906=EDGE_LOOP('',(#7890,#7898,#7904,#7905));
#7907=FACE_BOUND('',#7906,.T.);
#7908=ADVANCED_FACE('',(#7907),#7882,.T.);
#7909=CARTESIAN_POINT('',(153.40719488,-10.,-97.418836794));
#7910=CARTESIAN_POINT('',(153.40719488,-5.,-97.418836794));
#7911=CARTESIAN_POINT('',(155.047563527,-10.,-97.418836794));
#7912=CARTESIAN_POINT('',(155.047563527,-5.,-97.418836794));
#7913=CARTESIAN_POINT('',(156.000750713,-10.,-97.950848247));
#7914=CARTESIAN_POINT('',(156.000750713,-5.,-97.950848247));
#7915=B_SPLINE_SURFACE_WITH_KNOTS('',2,1,((#7909,#7910),(#7911,#7912),(#7913,#7914)),.UNSPECIFIED.,.F.,.F.,.U.,(3,3),(2,2),(0.,1.),(0.,1.),.UNSPECIFIED.);
#7916=CARTESIAN_POINT('',(153.40719488,-5.,-97.418836794));
#7917=VERTEX_POINT('',#7916);
#7918=CARTESIAN_POINT('',(153.40719488,-5.,-97.418836794));
#7919=CARTESIAN_POINT('',(155.047563527,-5.,-97.418836794));
#7920=CARTESIAN_POINT('',(156.000750713,-5.,-97.950848247));
#7921=B_SPLINE_CURVE_WITH_KNOTS('',2,(#7918,#7919,#7920),.UNSPECIFIED.,.F.,.F.,(3,3),(0.,1.),.UNSPECIFIED.);
#7922=EDGE_CURVE('',#7917,#7884,#7921,.T.);
#7923=ORIENTED_EDGE('',*,*,#7922,.F.);
#7924=CARTESIAN_POINT('',(153.40719488,-10.,-97.418836794));
#7925=VERTEX_POINT('',#7924);
#7926=CARTESIAN_POINT('',(153.40719488,-10.,-97.418836794));
#7927=DIRECTION('',(0.,1.,0.));
#7928=VECTOR('',#7927,5.);
#7929=LINE('',#7926,#7928);
#7930=EDGE_CURVE('',#7925,#7917,#7929,.T.);
#7931=ORIENTED_EDGE('',*,*,#7930,.F.);
#7932=CARTESIAN_POINT('',(153.40719488,-10.,-97.418836794));
#7933=CARTESIAN_POINT('',(155.047563527,-10.,-97.418836794));
#7934=CARTESIAN_POINT('',(156.000750713,-10.,-97.950848247));
#7935=B_SPLINE_CURVE_WITH_KNOTS('',2,(#7932,#7933,#7934),.UNSPECIFIED.,.F.,.F.,(3,3),(0.,1.),.UNSPECIFIED.);
#7936=EDGE_CURVE('',#7925,#7892,#7935,.T.);
#7937=ORIENTED_EDGE('',*,*,#7936,.T.);
#7938=ORIENTED_EDGE('',*,*,#7897,.T.);
#7939=EDGE_LOOP('',(#7923,#7931,#7937,#7938));
#7940=FACE_BOUND('',#7939,.T.);
#7941=ADVANCED_FACE('',(#7940),#7915,.T.);
#7942=CARTESIAN_POINT('',(149.660947564,-10.,-98.460692556));
#7943=CARTESIAN_POINT('',(149.660947564,-5.,-98.460692556));
#7944=CARTESIAN_POINT('',(151.279149067,-10.,-97.418836794));
#7945=CARTESIAN_POINT('',(151.279149067,-5.,-97.418836794));
#7946=CARTESIAN_POINT('',(153.40719488,-10.,-97.418836794));
#7947=CARTESIAN_POINT('',(153.40719488,-5.,-97.418836794));
#7948=B_SPLINE_SURFACE_WITH_KNOTS('',2,1,((#7942,#7943),(#7944,#7945),(#7946,#7947)),.UNSPECIFIED.,.F.,.F.,.U.,(3,3),(2,2),(0.,1.),(0.,1.),.UNSPECIFIED.);
#7949=CARTESIAN_POINT('',(149.660947564,-5.,-98.460692556));
#7950=VERTEX_POINT('',#7949);
#7951=CARTESIAN_POINT('',(149.660947564,-5.,-98.460692556));
#7952=CARTESIAN_POINT('',(151.279149067,-5.,-97.418836794));
#7953=CARTESIAN_POINT('',(153.40719488,-5.,-97.418836794));
#7954=B_SPLINE_CURVE_WITH_KNOTS('',2,(#7951,#7952,#7953),.UNSPECIFIED.,.F.,.F.,(3,3),(0.,1.),.UNSPECIFIED.);
#7955=EDGE_CURVE('',#7950,#7917,#7954,.T.);
#7956=ORIENTED_EDGE('',*,*,#7955,.F.);
#7957=CARTESIAN_POINT('',(149.660947564,-10.,-98.460692556));
#7958=VERTEX_POINT('',#7957);
#7959=CARTESIAN_POINT('',(149.660947564,-10.,-98.460692556));
#7960=DIRECTION('',(0.,1.,0.));
#7961=VECTOR('',#7960,5.);
#7962=LINE('',#7959,#7961);
#7963=EDGE_CURVE('',#7958,#7950,#7962,.T.);
#7964=ORIENTED_EDGE('',*,*,#7963,.F.);
#7965=CARTESIAN_POINT('',(149.660947564,-10.,-98.460692556));
#7966=CARTESIAN_POINT('',(151.279149067,-10.,-97.418836794));
#7967=CARTESIAN_POINT('',(153.40719488,-10.,-97.418836794));
#7968=B_SPLINE_CURVE_WITH_KNOTS('',2,(#7965,#7966,#7967),.UNSPECIFIED.,.F.,.F.,(3,3),(0.,1.),.UNSPECIFIED.);
#7969=EDGE_CURVE('',#7958,#7925,#7968,.T.);
#7970=ORIENTED_EDGE('',*,*,#7969,.T.);
#7971=ORIENTED_EDGE('',*,*,#7930,.T.);
#7972=EDGE_LOOP('',(#7956,#7964,#7970,#7971));
#7973=FACE_BOUND('',#7972,.T.);
#7974=ADVANCED_FACE('',(#7973),#7948,.T.);
#7975=CARTESIAN_POINT('',(147.133893162,-10.,-101.431089836));
#7976=CARTESIAN_POINT('',(147.133893162,-5.,-101.431089836));
#7977=CARTESIAN_POINT('',(148.042746061,-10.,-99.524715462));
#7978=CARTESIAN_POINT('',(148.042746061,-5.,-99.524715462));
#7979=CARTESIAN_POINT('',(149.660947564,-10.,-98.460692556));
#7980=CARTESIAN_POINT('',(149.660947564,-5.,-98.460692556));
#7981=B_SPLINE_SURFACE_WITH_KNOTS('',2,1,((#7975,#7976),(#7977,#7978),(#7979,#7980)),.UNSPECIFIED.,.F.,.F.,.U.,(3,3),(2,2),(0.,1.),(0.,1.),.UNSPECIFIED.);
#7982=CARTESIAN_POINT('',(147.133893162,-5.,-101.431089836));
#7983=VERTEX_POINT('',#7982);
#7984=CARTESIAN_POINT('',(147.133893162,-5.,-101.431089836));
#7985=CARTESIAN_POINT('',(148.042746061,-5.,-99.524715462));
#7986=CARTESIAN_POINT('',(149.660947564,-5.,-98.460692556));
#7987=B_SPLINE_CURVE_WITH_KNOTS('',2,(#7984,#7985,#7986),.UNSPECIFIED.,.F.,.F.,(3,3),(0.,1.),.UNSPECIFIED.);
#7988=EDGE_CURVE('',#7983,#7950,#7987,.T.);
#7989=ORIENTED_EDGE('',*,*,#7988,.F.);
#7990=CARTESIAN_POINT('',(147.133893162,-10.,-101.431089836));
#7991=VERTEX_POINT('',#7990);
#7992=CARTESIAN_POINT('',(147.133893162,-10.,-101.431089836));
#7993=DIRECTION('',(0.,1.,0.));
#7994=VECTOR('',#7993,5.);
#7995=LINE('',#7992,#7994);
#7996=EDGE_CURVE('',#7991,#7983,#7995,.T.);
#7997=ORIENTED_EDGE('',*,*,#7996,.F.);
#7998=CARTESIAN_POINT('',(147.133893162,-10.,-101.431089836));
#7999=CARTESIAN_POINT('',(148.042746061,-10.,-99.524715462));
#8000=CARTESIAN_POINT('',(149.660947564,-10.,-98.460692556));
#8001=B_SPLINE_CURVE_WITH_KNOTS('',2,(#7998,#7999,#8000),.UNSPECIFIED.,.F.,.F.,(3,3),(0.,1.),.UNSPECIFIED.);
#8002=EDGE_CURVE('',#7991,#7958,#8001,.T.);
#8003=ORIENTED_EDGE('',*,*,#8002,.T.);
#8004=ORIENTED_EDGE('',*,*,#7963,.T.);
#8005=EDGE_LOOP('',(#7989,#7997,#8003,#8004));
#8006=FACE_BOUND('',#8005,.T.);
#8007=ADVANCED_FACE('',(#8006),#7981,.T.);
#8008=CARTESIAN_POINT('',(146.225040263,-10.,-105.931020043));
#8009=CARTESIAN_POINT('',(146.225040263,-5.,-105.931020043));
#8010=CARTESIAN_POINT('',(146.225040263,-10.,-103.359631353));
#8011=CARTESIAN_POINT('',(146.225040263,-5.,-103.359631353));
#8012=CARTESIAN_POINT('',(147.133893162,-10.,-101.431089836));
#8013=CARTESIAN_POINT('',(147.133893162,-5.,-101.431089836));
#8014=B_SPLINE_SURFACE_WITH_KNOTS('',2,1,((#8008,#8009),(#8010,#8011),(#8012,#8013)),.UNSPECIFIED.,.F.,.F.,.U.,(3,3),(2,2),(0.,1.),(0.,1.),.UNSPECIFIED.);
#8015=CARTESIAN_POINT('',(146.225040263,-5.,-105.931020043));
#8016=VERTEX_POINT('',#8015);
#8017=CARTESIAN_POINT('',(146.225040263,-5.,-105.931020043));
#8018=CARTESIAN_POINT('',(146.225040263,-5.,-103.359631353));
#8019=CARTESIAN_POINT('',(147.133893162,-5.,-101.431089836));
#8020=B_SPLINE_CURVE_WITH_KNOTS('',2,(#8017,#8018,#8019),.UNSPECIFIED.,.F.,.F.,(3,3),(0.,1.),.UNSPECIFIED.);
#8021=EDGE_CURVE('',#8016,#7983,#8020,.T.);
#8022=ORIENTED_EDGE('',*,*,#8021,.F.);
#8023=CARTESIAN_POINT('',(146.225040263,-10.,-105.931020043));
#8024=VERTEX_POINT('',#8023);
#8025=CARTESIAN_POINT('',(146.225040263,-10.,-105.931020043));
#8026=DIRECTION('',(0.,1.,0.));
#8027=VECTOR('',#8026,5.);
#8028=LINE('',#8025,#8027);
#8029=EDGE_CURVE('',#8024,#8016,#8028,.T.);
#8030=ORIENTED_EDGE('',*,*,#8029,.F.);
#8031=CARTESIAN_POINT('',(146.225040263,-10.,-105.931020043));
#8032=CARTESIAN_POINT('',(146.225040263,-10.,-103.359631353));
#8033=CARTESIAN_POINT('',(147.133893162,-10.,-101.431089836));
#8034=B_SPLINE_CURVE_WITH_KNOTS('',2,(#8031,#8032,#8033),.UNSPECIFIED.,.F.,.F.,(3,3),(0.,1.),.UNSPECIFIED.);
#8035=EDGE_CURVE('',#8024,#7991,#8034,.T.);
#8036=ORIENTED_EDGE('',*,*,#8035,.T.);
#8037=ORIENTED_EDGE('',*,*,#7996,.T.);
#8038=EDGE_LOOP('',(#8022,#8030,#8036,#8037));
#8039=FACE_BOUND('',#8038,.T.);
#8040=ADVANCED_FACE('',(#8039),#8014,.T.);
#8041=CARTESIAN_POINT('',(147.156060306,-10.,-110.386615962));
#8042=CARTESIAN_POINT('',(147.156060306,-5.,-110.386615962));
#8043=CARTESIAN_POINT('',(146.225040263,-10.,-108.568910164));
#8044=CARTESIAN_POINT('',(146.225040263,-5.,-108.568910164));
#8045=CARTESIAN_POINT('',(146.225040263,-10.,-105.931020043));
#8046=CARTESIAN_POINT('',(146.225040263,-5.,-105.931020043));
#8047=B_SPLINE_SURFACE_WITH_KNOTS('',2,1,((#8041,#8042),(#8043,#8044),(#8045,#8046)),.UNSPECIFIED.,.F.,.F.,.U.,(3,3),(2,2),(0.,1.),(0.,1.),.UNSPECIFIED.);
#8048=CARTESIAN_POINT('',(147.156060306,-5.,-110.386615962));
#8049=VERTEX_POINT('',#8048);
#8050=CARTESIAN_POINT('',(147.156060306,-5.,-110.386615962));
#8051=CARTESIAN_POINT('',(146.225040263,-5.,-108.568910164));
#8052=CARTESIAN_POINT('',(146.225040263,-5.,-105.931020043));
#8053=B_SPLINE_CURVE_WITH_KNOTS('',2,(#8050,#8051,#8052),.UNSPECIFIED.,.F.,.F.,(3,3),(0.,1.),.UNSPECIFIED.);
#8054=EDGE_CURVE('',#8049,#8016,#8053,.T.);
#8055=ORIENTED_EDGE('',*,*,#8054,.F.);
#8056=CARTESIAN_POINT('',(147.156060306,-10.,-110.386615962));
#8057=VERTEX_POINT('',#8056);
#8058=CARTESIAN_POINT('',(147.156060306,-10.,-110.386615962));
#8059=DIRECTION('',(0.,1.,0.));
#8060=VECTOR('',#8059,5.);
#8061=LINE('',#8058,#8060);
#8062=EDGE_CURVE('',#8057,#8049,#8061,.T.);
#8063=ORIENTED_EDGE('',*,*,#8062,.F.);
#8064=CARTESIAN_POINT('',(147.156060306,-10.,-110.386615962));
#8065=CARTESIAN_POINT('',(146.225040263,-10.,-108.568910164));
#8066=CARTESIAN_POINT('',(146.225040263,-10.,-105.931020043));
#8067=B_SPLINE_CURVE_WITH_KNOTS('',2,(#8064,#8065,#8066),.UNSPECIFIED.,.F.,.F.,(3,3),(0.,1.),.UNSPECIFIED.);
#8068=EDGE_CURVE('',#8057,#8024,#8067,.T.);
#8069=ORIENTED_EDGE('',*,*,#8068,.T.);
#8070=ORIENTED_EDGE('',*,*,#8029,.T.);
#8071=EDGE_LOOP('',(#8055,#8063,#8069,#8070));
#8072=FACE_BOUND('',#8071,.T.);
#8073=ADVANCED_FACE('',(#8072),#8047,.T.);
#8074=CARTESIAN_POINT('',(149.705281852,-10.,-113.201843235));
#8075=CARTESIAN_POINT('',(149.705281852,-5.,-113.201843235));
#8076=CARTESIAN_POINT('',(148.087080349,-10.,-112.226488904));
#8077=CARTESIAN_POINT('',(148.087080349,-5.,-112.226488904));
#8078=CARTESIAN_POINT('',(147.156060306,-10.,-110.386615962));
#8079=CARTESIAN_POINT('',(147.156060306,-5.,-110.386615962));
#8080=B_SPLINE_SURFACE_WITH_KNOTS('',2,1,((#8074,#8075),(#8076,#8077),(#8078,#8079)),.UNSPECIFIED.,.F.,.F.,.U.,(3,3),(2,2),(0.,1.),(0.,1.),.UNSPECIFIED.);
#8081=CARTESIAN_POINT('',(149.705281852,-5.,-113.201843235));
#8082=VERTEX_POINT('',#8081);
#8083=CARTESIAN_POINT('',(149.705281852,-5.,-113.201843235));
#8084=CARTESIAN_POINT('',(148.087080349,-5.,-112.226488904));
#8085=CARTESIAN_POINT('',(147.156060306,-5.,-110.386615962));
#8086=B_SPLINE_CURVE_WITH_KNOTS('',2,(#8083,#8084,#8085),.UNSPECIFIED.,.F.,.F.,(3,3),(0.,1.),.UNSPECIFIED.);
#8087=EDGE_CURVE('',#8082,#8049,#8086,.T.);
#8088=ORIENTED_EDGE('',*,*,#8087,.F.);
#8089=CARTESIAN_POINT('',(149.705281852,-10.,-113.201843235));
#8090=VERTEX_POINT('',#8089);
#8091=CARTESIAN_POINT('',(149.705281852,-10.,-113.201843235));
#8092=DIRECTION('',(0.,1.,0.));
#8093=VECTOR('',#8092,5.);
#8094=LINE('',#8091,#8093);
#8095=EDGE_CURVE('',#8090,#8082,#8094,.T.);
#8096=ORIENTED_EDGE('',*,*,#8095,.F.);
#8097=CARTESIAN_POINT('',(149.705281852,-10.,-113.201843235));
#8098=CARTESIAN_POINT('',(148.087080349,-10.,-112.226488904));
#8099=CARTESIAN_POINT('',(147.156060306,-10.,-110.386615962));
#8100=B_SPLINE_CURVE_WITH_KNOTS('',2,(#8097,#8098,#8099),.UNSPECIFIED.,.F.,.F.,(3,3),(0.,1.),.UNSPECIFIED.);
#8101=EDGE_CURVE('',#8090,#8057,#8100,.T.);
#8102=ORIENTED_EDGE('',*,*,#8101,.T.);
#8103=ORIENTED_EDGE('',*,*,#8062,.T.);
#8104=EDGE_LOOP('',(#8088,#8096,#8102,#8103));
#8105=FACE_BOUND('',#8104,.T.);
#8106=ADVANCED_FACE('',(#8105),#8080,.T.);
#8107=CARTESIAN_POINT('',(153.362860592,-10.,-114.155030422));
#8108=CARTESIAN_POINT('',(153.362860592,-5.,-114.155030422));
#8109=CARTESIAN_POINT('',(151.323483355,-10.,-114.155030422));
#8110=CARTESIAN_POINT('',(151.323483355,-5.,-114.155030422));
#8111=CARTESIAN_POINT('',(149.705281852,-10.,-113.201843235));
#8112=CARTESIAN_POINT('',(149.705281852,-5.,-113.201843235));
#8113=B_SPLINE_SURFACE_WITH_KNOTS('',2,1,((#8107,#8108),(#8109,#8110),(#8111,#8112)),.UNSPECIFIED.,.F.,.F.,.U.,(3,3),(2,2),(0.,1.),(0.,1.),.UNSPECIFIED.);
#8114=CARTESIAN_POINT('',(153.362860592,-5.,-114.155030422));
#8115=VERTEX_POINT('',#8114);
#8116=CARTESIAN_POINT('',(153.362860592,-5.,-114.155030422));
#8117=CARTESIAN_POINT('',(151.323483355,-5.,-114.155030422));
#8118=CARTESIAN_POINT('',(149.705281852,-5.,-113.201843235));
#8119=B_SPLINE_CURVE_WITH_KNOTS('',2,(#8116,#8117,#8118),.UNSPECIFIED.,.F.,.F.,(3,3),(0.,1.),.UNSPECIFIED.);
#8120=EDGE_CURVE('',#8115,#8082,#8119,.T.);
#8121=ORIENTED_EDGE('',*,*,#8120,.F.);
#8122=CARTESIAN_POINT('',(153.362860592,-10.,-114.155030422));
#8123=VERTEX_POINT('',#8122);
#8124=CARTESIAN_POINT('',(153.362860592,-10.,-114.155030422));
#8125=DIRECTION('',(0.,1.,0.));
#8126=VECTOR('',#8125,5.);
#8127=LINE('',#8124,#8126);
#8128=EDGE_CURVE('',#8123,#8115,#8127,.T.);
#8129=ORIENTED_EDGE('',*,*,#8128,.F.);
#8130=CARTESIAN_POINT('',(153.362860592,-10.,-114.155030422));
#8131=CARTESIAN_POINT('',(151.323483355,-10.,-114.155030422));
#8132=CARTESIAN_POINT('',(149.705281852,-10.,-113.201843235));
#8133=B_SPLINE_CURVE_WITH_KNOTS('',2,(#8130,#8131,#8132),.UNSPECIFIED.,.F.,.F.,(3,3),(0.,1.),.UNSPECIFIED.);
#8134=EDGE_CURVE('',#8123,#8090,#8133,.T.);
#8135=ORIENTED_EDGE('',*,*,#8134,.T.);
#8136=ORIENTED_EDGE('',*,*,#8095,.T.);
#8137=EDGE_LOOP('',(#8121,#8129,#8135,#8136));
#8138=FACE_BOUND('',#8137,.T.);
#8139=ADVANCED_FACE('',(#8138),#8113,.T.);
#8140=CARTESIAN_POINT('',(155.956416426,-10.,-113.645186112));
#8141=CARTESIAN_POINT('',(155.956416426,-5.,-113.645186112));
#8142=CARTESIAN_POINT('',(155.003229239,-10.,-114.155030422));
#8143=CARTESIAN_POINT('',(155.003229239,-5.,-114.155030422));
#8144=CARTESIAN_POINT('',(153.362860592,-10.,-114.155030422));
#8145=CARTESIAN_POINT('',(153.362860592,-5.,-114.155030422));
#8146=B_SPLINE_SURFACE_WITH_KNOTS('',2,1,((#8140,#8141),(#8142,#8143),(#8144,#8145)),.UNSPECIFIED.,.F.,.F.,.U.,(3,3),(2,2),(0.,1.),(0.,1.),.UNSPECIFIED.);
#8147=CARTESIAN_POINT('',(155.956416426,-5.,-113.645186112));
#8148=VERTEX_POINT('',#8147);
#8149=CARTESIAN_POINT('',(155.956416426,-5.,-113.645186112));
#8150=CARTESIAN_POINT('',(155.003229239,-5.,-114.155030422));
#8151=CARTESIAN_POINT('',(153.362860592,-5.,-114.155030422));
#8152=B_SPLINE_CURVE_WITH_KNOTS('',2,(#8149,#8150,#8151),.UNSPECIFIED.,.F.,.F.,(3,3),(0.,1.),.UNSPECIFIED.);
#8153=EDGE_CURVE('',#8148,#8115,#8152,.T.);
#8154=ORIENTED_EDGE('',*,*,#8153,.F.);
#8155=CARTESIAN_POINT('',(155.956416426,-10.,-113.645186112));
#8156=VERTEX_POINT('',#8155);
#8157=CARTESIAN_POINT('',(155.956416426,-10.,-113.645186112));
#8158=DIRECTION('',(0.,1.,0.));
#8159=VECTOR('',#8158,5.);
#8160=LINE('',#8157,#8159);
#8161=EDGE_CURVE('',#8156,#8148,#8160,.T.);
#8162=ORIENTED_EDGE('',*,*,#8161,.F.);
#8163=CARTESIAN_POINT('',(155.956416426,-10.,-113.645186112));
#8164=CARTESIAN_POINT('',(155.003229239,-10.,-114.155030422));
#8165=CARTESIAN_POINT('',(153.362860592,-10.,-114.155030422));
#8166=B_SPLINE_CURVE_WITH_KNOTS('',2,(#8163,#8164,#8165),.UNSPECIFIED.,.F.,.F.,(3,3),(0.,1.),.UNSPECIFIED.);
#8167=EDGE_CURVE('',#8156,#8123,#8166,.T.);
#8168=ORIENTED_EDGE('',*,*,#8167,.T.);
#8169=ORIENTED_EDGE('',*,*,#8128,.T.);
#8170=EDGE_LOOP('',(#8154,#8162,#8168,#8169));
#8171=FACE_BOUND('',#8170,.T.);
#8172=ADVANCED_FACE('',(#8171),#8146,.T.);
#8173=CARTESIAN_POINT('',(157.441615066,-10.,-112.448160343));
#8174=CARTESIAN_POINT('',(157.441615066,-5.,-112.448160343));
#8175=CARTESIAN_POINT('',(156.931770756,-10.,-113.113174659));
#8176=CARTESIAN_POINT('',(156.931770756,-5.,-113.113174659));
#8177=CARTESIAN_POINT('',(155.956416426,-10.,-113.645186112));
#8178=CARTESIAN_POINT('',(155.956416426,-5.,-113.645186112));
#8179=B_SPLINE_SURFACE_WITH_KNOTS('',2,1,((#8173,#8174),(#8175,#8176),(#8177,#8178)),.UNSPECIFIED.,.F.,.F.,.U.,(3,3),(2,2),(0.,1.),(0.,1.),.UNSPECIFIED.);
#8180=CARTESIAN_POINT('',(157.441615066,-5.,-112.448160343));
#8181=VERTEX_POINT('',#8180);
#8182=CARTESIAN_POINT('',(157.441615066,-5.,-112.448160343));
#8183=CARTESIAN_POINT('',(156.931770756,-5.,-113.113174659));
#8184=CARTESIAN_POINT('',(155.956416426,-5.,-113.645186112));
#8185=B_SPLINE_CURVE_WITH_KNOTS('',2,(#8182,#8183,#8184),.UNSPECIFIED.,.F.,.F.,(3,3),(0.,1.),.UNSPECIFIED.);
#8186=EDGE_CURVE('',#8181,#8148,#8185,.T.);
#8187=ORIENTED_EDGE('',*,*,#8186,.F.);
#8188=CARTESIAN_POINT('',(157.441615066,-10.,-112.448160343));
#8189=VERTEX_POINT('',#8188);
#8190=CARTESIAN_POINT('',(157.441615066,-10.,-112.448160343));
#8191=DIRECTION('',(0.,1.,0.));
#8192=VECTOR('',#8191,5.);
#8193=LINE('',#8190,#8192);
#8194=EDGE_CURVE('',#8189,#8181,#8193,.T.);
#8195=ORIENTED_EDGE('',*,*,#8194,.F.);
#8196=CARTESIAN_POINT('',(157.441615066,-10.,-112.448160343));
#8197=CARTESIAN_POINT('',(156.931770756,-10.,-113.113174659));
#8198=CARTESIAN_POINT('',(155.956416426,-10.,-113.645186112));
#8199=B_SPLINE_CURVE_WITH_KNOTS('',2,(#8196,#8197,#8198),.UNSPECIFIED.,.F.,.F.,(3,3),(0.,1.),.UNSPECIFIED.);
#8200=EDGE_CURVE('',#8189,#8156,#8199,.T.);
#8201=ORIENTED_EDGE('',*,*,#8200,.T.);
#8202=ORIENTED_EDGE('',*,*,#8161,.T.);
#8203=EDGE_LOOP('',(#8187,#8195,#8201,#8202));
#8204=FACE_BOUND('',#8203,.T.);
#8205=ADVANCED_FACE('',(#8204),#8179,.T.);
#8206=CARTESIAN_POINT('',(158.261799389,-10.,-111.317636006));
#8207=CARTESIAN_POINT('',(158.261799389,-5.,-111.317636006));
#8208=CARTESIAN_POINT('',(157.973626518,-10.,-111.783146027));
#8209=CARTESIAN_POINT('',(157.973626518,-5.,-111.783146027));
#8210=CARTESIAN_POINT('',(157.441615066,-10.,-112.448160343));
#8211=CARTESIAN_POINT('',(157.441615066,-5.,-112.448160343));
#8212=B_SPLINE_SURFACE_WITH_KNOTS('',2,1,((#8206,#8207),(#8208,#8209),(#8210,#8211)),.UNSPECIFIED.,.F.,.F.,.U.,(3,3),(2,2),(0.000000001,1.),(0.,1.),.UNSPECIFIED.);
#8213=CARTESIAN_POINT('',(158.261799389,-5.,-111.317636005));
#8214=VERTEX_POINT('',#8213);
#8215=CARTESIAN_POINT('',(158.261799389,-5.,-111.317636005));
#8216=CARTESIAN_POINT('',(157.973626519,-5.,-111.783146027));
#8217=CARTESIAN_POINT('',(157.441615066,-5.,-112.448160343));
#8218=B_SPLINE_CURVE_WITH_KNOTS('',2,(#8215,#8216,#8217),.UNSPECIFIED.,.F.,.F.,(3,3),(0.,1.),.UNSPECIFIED.);
#8219=EDGE_CURVE('',#8214,#8181,#8218,.T.);
#8220=ORIENTED_EDGE('',*,*,#8219,.F.);
#8221=CARTESIAN_POINT('',(158.261799389,-10.,-111.317636005));
#8222=VERTEX_POINT('',#8221);
#8223=CARTESIAN_POINT('',(158.261799389,-10.,-111.317636005));
#8224=DIRECTION('',(0.,1.,0.));
#8225=VECTOR('',#8224,5.);
#8226=LINE('',#8223,#8225);
#8227=EDGE_CURVE('',#8222,#8214,#8226,.T.);
#8228=ORIENTED_EDGE('',*,*,#8227,.F.);
#8229=CARTESIAN_POINT('',(158.261799389,-10.,-111.317636005));
#8230=CARTESIAN_POINT('',(157.973626519,-10.,-111.783146027));
#8231=CARTESIAN_POINT('',(157.441615066,-10.,-112.448160343));
#8232=B_SPLINE_CURVE_WITH_KNOTS('',2,(#8229,#8230,#8231),.UNSPECIFIED.,.F.,.F.,(3,3),(0.,1.),.UNSPECIFIED.);
#8233=EDGE_CURVE('',#8222,#8189,#8232,.T.);
#8234=ORIENTED_EDGE('',*,*,#8233,.T.);
#8235=ORIENTED_EDGE('',*,*,#8194,.T.);
#8236=EDGE_LOOP('',(#8220,#8228,#8234,#8235));
#8237=FACE_BOUND('',#8236,.T.);
#8238=ADVANCED_FACE('',(#8237),#8212,.T.);
#8239=CARTESIAN_POINT('',(158.361551537,-10.,-111.317636005));
#8240=DIRECTION('',(0.,0.,-1.));
#8241=DIRECTION('',(-1.,0.,0.));
#8242=AXIS2_PLACEMENT_3D('',#8239,#8240,#8241);
#8243=PLANE('',#8242);
#8244=CARTESIAN_POINT('',(158.461303684,-5.,-111.317636005));
#8245=VERTEX_POINT('',#8244);
#8246=CARTESIAN_POINT('',(158.461303684,-5.,-111.317636005));
#8247=DIRECTION('',(-1.,0.,0.));
#8248=VECTOR('',#8247,0.199504295);
#8249=LINE('',#8246,#8248);
#8250=EDGE_CURVE('',#8245,#8214,#8249,.T.);
#8251=ORIENTED_EDGE('',*,*,#8250,.F.);
#8252=CARTESIAN_POINT('',(158.461303684,-10.,-111.317636005));
#8253=VERTEX_POINT('',#8252);
#8254=CARTESIAN_POINT('',(158.461303684,-10.,-111.317636005));
#8255=DIRECTION('',(0.,1.,0.));
#8256=VECTOR('',#8255,5.);
#8257=LINE('',#8254,#8256);
#8258=EDGE_CURVE('',#8253,#8245,#8257,.T.);
#8259=ORIENTED_EDGE('',*,*,#8258,.F.);
#8260=CARTESIAN_POINT('',(158.461303684,-10.,-111.317636005));
#8261=DIRECTION('',(-1.,0.,0.));
#8262=VECTOR('',#8261,0.199504295);
#8263=LINE('',#8260,#8262);
#8264=EDGE_CURVE('',#8253,#8222,#8263,.T.);
#8265=ORIENTED_EDGE('',*,*,#8264,.T.);
#8266=ORIENTED_EDGE('',*,*,#8227,.T.);
#8267=EDGE_LOOP('',(#8251,#8259,#8265,#8266));
#8268=FACE_BOUND('',#8267,.T.);
#8269=ADVANCED_FACE('',(#8268),#8243,.T.);
#8270=CARTESIAN_POINT('',(158.461303684,-10.,-113.024506084));
#8271=DIRECTION('',(-1.,0.,0.));
#8272=DIRECTION('',(0.,0.,1.));
#8273=AXIS2_PLACEMENT_3D('',#8270,#8271,#8272);
#8274=PLANE('',#8273);
#8275=CARTESIAN_POINT('',(158.461303684,-5.,-114.731376162));
#8276=VERTEX_POINT('',#8275);
#8277=CARTESIAN_POINT('',(158.461303684,-5.,-114.731376162));
#8278=DIRECTION('',(0.,0.,1.));
#8279=VECTOR('',#8278,3.413740157);
#8280=LINE('',#8277,#8279);
#8281=EDGE_CURVE('',#8276,#8245,#8280,.T.);
#8282=ORIENTED_EDGE('',*,*,#8281,.F.);
#8283=CARTESIAN_POINT('',(158.461303684,-10.,-114.731376162));
#8284=VERTEX_POINT('',#8283);
#8285=CARTESIAN_POINT('',(158.461303684,-10.,-114.731376162));
#8286=DIRECTION('',(0.,1.,0.));
#8287=VECTOR('',#8286,5.);
#8288=LINE('',#8285,#8287);
#8289=EDGE_CURVE('',#8284,#8276,#8288,.T.);
#8290=ORIENTED_EDGE('',*,*,#8289,.F.);
#8291=CARTESIAN_POINT('',(158.461303684,-10.,-114.731376162));
#8292=DIRECTION('',(0.,0.,1.));
#8293=VECTOR('',#8292,3.413740157);
#8294=LINE('',#8291,#8293);
#8295=EDGE_CURVE('',#8284,#8253,#8294,.T.);
#8296=ORIENTED_EDGE('',*,*,#8295,.T.);
#8297=ORIENTED_EDGE('',*,*,#8258,.T.);
#8298=EDGE_LOOP('',(#8282,#8290,#8296,#8297));
#8299=FACE_BOUND('',#8298,.T.);
#8300=ADVANCED_FACE('',(#8299),#8274,.T.);
#8301=CARTESIAN_POINT('',(157.153442195,-10.,-117.812609162));
#8302=CARTESIAN_POINT('',(157.153442195,-5.,-117.812609162));
#8303=CARTESIAN_POINT('',(158.461303684,-10.,-116.837254831));
#8304=CARTESIAN_POINT('',(158.461303684,-5.,-116.837254831));
#8305=CARTESIAN_POINT('',(158.461303684,-10.,-114.731376162));
#8306=CARTESIAN_POINT('',(158.461303684,-5.,-114.731376162));
#8307=B_SPLINE_SURFACE_WITH_KNOTS('',2,1,((#8301,#8302),(#8303,#8304),(#8305,#8306)),.UNSPECIFIED.,.F.,.F.,.U.,(3,3),(2,2),(0.,1.),(0.,1.),.UNSPECIFIED.);
#8308=CARTESIAN_POINT('',(157.153442195,-5.,-117.812609162));
#8309=VERTEX_POINT('',#8308);
#8310=CARTESIAN_POINT('',(157.153442195,-5.,-117.812609162));
#8311=CARTESIAN_POINT('',(158.461303684,-5.,-116.837254831));
#8312=CARTESIAN_POINT('',(158.461303684,-5.,-114.731376162));
#8313=B_SPLINE_CURVE_WITH_KNOTS('',2,(#8310,#8311,#8312),.UNSPECIFIED.,.F.,.F.,(3,3),(0.,1.),.UNSPECIFIED.);
#8314=EDGE_CURVE('',#8309,#8276,#8313,.T.);
#8315=ORIENTED_EDGE('',*,*,#8314,.F.);
#8316=CARTESIAN_POINT('',(157.153442195,-10.,-117.812609162));
#8317=VERTEX_POINT('',#8316);
#8318=CARTESIAN_POINT('',(157.153442195,-10.,-117.812609162));
#8319=DIRECTION('',(0.,1.,0.));
#8320=VECTOR('',#8319,5.);
#8321=LINE('',#8318,#8320);
#8322=EDGE_CURVE('',#8317,#8309,#8321,.T.);
#8323=ORIENTED_EDGE('',*,*,#8322,.F.);
#8324=CARTESIAN_POINT('',(157.153442195,-10.,-117.812609162));
#8325=CARTESIAN_POINT('',(158.461303684,-10.,-116.837254831));
#8326=CARTESIAN_POINT('',(158.461303684,-10.,-114.731376162));
#8327=B_SPLINE_CURVE_WITH_KNOTS('',2,(#8324,#8325,#8326),.UNSPECIFIED.,.F.,.F.,(3,3),(0.,1.),.UNSPECIFIED.);
#8328=EDGE_CURVE('',#8317,#8284,#8327,.T.);
#8329=ORIENTED_EDGE('',*,*,#8328,.T.);
#8330=ORIENTED_EDGE('',*,*,#8289,.T.);
#8331=EDGE_LOOP('',(#8315,#8323,#8329,#8330));
#8332=FACE_BOUND('',#8331,.T.);
#8333=ADVANCED_FACE('',(#8332),#8307,.T.);
#8334=CARTESIAN_POINT('',(153.784036326,-10.,-118.787963492));
#8335=CARTESIAN_POINT('',(153.784036326,-5.,-118.787963492));
#8336=CARTESIAN_POINT('',(155.823413562,-10.,-118.787963492));
#8337=CARTESIAN_POINT('',(155.823413562,-5.,-118.787963492));
#8338=CARTESIAN_POINT('',(157.153442195,-10.,-117.812609162));
#8339=CARTESIAN_POINT('',(157.153442195,-5.,-117.812609162));
#8340=B_SPLINE_SURFACE_WITH_KNOTS('',2,1,((#8334,#8335),(#8336,#8337),(#8338,#8339)),.UNSPECIFIED.,.F.,.F.,.U.,(3,3),(2,2),(0.,1.),(0.,1.),.UNSPECIFIED.);
#8341=CARTESIAN_POINT('',(153.784036326,-5.,-118.787963492));
#8342=VERTEX_POINT('',#8341);
#8343=CARTESIAN_POINT('',(153.784036326,-5.,-118.787963492));
#8344=CARTESIAN_POINT('',(155.823413562,-5.,-118.787963492));
#8345=CARTESIAN_POINT('',(157.153442195,-5.,-117.812609162));
#8346=B_SPLINE_CURVE_WITH_KNOTS('',2,(#8343,#8344,#8345),.UNSPECIFIED.,.F.,.F.,(3,3),(0.,1.),.UNSPECIFIED.);
#8347=EDGE_CURVE('',#8342,#8309,#8346,.T.);
#8348=ORIENTED_EDGE('',*,*,#8347,.F.);
#8349=CARTESIAN_POINT('',(153.784036326,-10.,-118.787963492));
#8350=VERTEX_POINT('',#8349);
#8351=CARTESIAN_POINT('',(153.784036326,-10.,-118.787963492));
#8352=DIRECTION('',(0.,1.,0.));
#8353=VECTOR('',#8352,5.);
#8354=LINE('',#8351,#8353);
#8355=EDGE_CURVE('',#8350,#8342,#8354,.T.);
#8356=ORIENTED_EDGE('',*,*,#8355,.F.);
#8357=CARTESIAN_POINT('',(153.784036326,-10.,-118.787963492));
#8358=CARTESIAN_POINT('',(155.823413562,-10.,-118.787963492));
#8359=CARTESIAN_POINT('',(157.153442195,-10.,-117.812609162));
#8360=B_SPLINE_CURVE_WITH_KNOTS('',2,(#8357,#8358,#8359),.UNSPECIFIED.,.F.,.F.,(3,3),(0.,1.),.UNSPECIFIED.);
#8361=EDGE_CURVE('',#8350,#8317,#8360,.T.);
#8362=ORIENTED_EDGE('',*,*,#8361,.T.);
#8363=ORIENTED_EDGE('',*,*,#8322,.T.);
#8364=EDGE_LOOP('',(#8348,#8356,#8362,#8363));
#8365=FACE_BOUND('',#8364,.T.);
#8366=ADVANCED_FACE('',(#8365),#8340,.T.);
#8367=CARTESIAN_POINT('',(151.345650499,-10.,-118.344620615));
#8368=CARTESIAN_POINT('',(151.345650499,-5.,-118.344620615));
#8369=CARTESIAN_POINT('',(152.276670542,-10.,-118.787963492));
#8370=CARTESIAN_POINT('',(152.276670542,-5.,-118.787963492));
#8371=CARTESIAN_POINT('',(153.784036326,-10.,-118.787963492));
#8372=CARTESIAN_POINT('',(153.784036326,-5.,-118.787963492));
#8373=B_SPLINE_SURFACE_WITH_KNOTS('',2,1,((#8367,#8368),(#8369,#8370),(#8371,#8372)),.UNSPECIFIED.,.F.,.F.,.U.,(3,3),(2,2),(0.,1.),(0.,1.),.UNSPECIFIED.);
#8374=CARTESIAN_POINT('',(151.345650499,-5.,-118.344620615));
#8375=VERTEX_POINT('',#8374);
#8376=CARTESIAN_POINT('',(151.345650499,-5.,-118.344620615));
#8377=CARTESIAN_POINT('',(152.276670542,-5.,-118.787963492));
#8378=CARTESIAN_POINT('',(153.784036326,-5.,-118.787963492));
#8379=B_SPLINE_CURVE_WITH_KNOTS('',2,(#8376,#8377,#8378),.UNSPECIFIED.,.F.,.F.,(3,3),(0.,1.),.UNSPECIFIED.);
#8380=EDGE_CURVE('',#8375,#8342,#8379,.T.);
#8381=ORIENTED_EDGE('',*,*,#8380,.F.);
#8382=CARTESIAN_POINT('',(151.345650499,-10.,-118.344620615));
#8383=VERTEX_POINT('',#8382);
#8384=CARTESIAN_POINT('',(151.345650499,-10.,-118.344620615));
#8385=DIRECTION('',(0.,1.,0.));
#8386=VECTOR('',#8385,5.);
#8387=LINE('',#8384,#8386);
#8388=EDGE_CURVE('',#8383,#8375,#8387,.T.);
#8389=ORIENTED_EDGE('',*,*,#8388,.F.);
#8390=CARTESIAN_POINT('',(151.345650499,-10.,-118.344620615));
#8391=CARTESIAN_POINT('',(152.276670542,-10.,-118.787963492));
#8392=CARTESIAN_POINT('',(153.784036326,-10.,-118.787963492));
#8393=B_SPLINE_CURVE_WITH_KNOTS('',2,(#8390,#8391,#8392),.UNSPECIFIED.,.F.,.F.,(3,3),(0.,1.),.UNSPECIFIED.);
#8394=EDGE_CURVE('',#8383,#8350,#8393,.T.);
#8395=ORIENTED_EDGE('',*,*,#8394,.T.);
#8396=ORIENTED_EDGE('',*,*,#8355,.T.);
#8397=EDGE_LOOP('',(#8381,#8389,#8395,#8396));
#8398=FACE_BOUND('',#8397,.T.);
#8399=ADVANCED_FACE('',(#8398),#8373,.T.);
#8400=CARTESIAN_POINT('',(149.860451859,-10.,-117.302764852));
#8401=CARTESIAN_POINT('',(149.860451859,-5.,-117.302764852));
#8402=CARTESIAN_POINT('',(150.392463312,-10.,-117.901277737));
#8403=CARTESIAN_POINT('',(150.392463312,-5.,-117.901277737));
#8404=CARTESIAN_POINT('',(151.345650499,-10.,-118.344620615));
#8405=CARTESIAN_POINT('',(151.345650499,-5.,-118.344620615));
#8406=B_SPLINE_SURFACE_WITH_KNOTS('',2,1,((#8400,#8401),(#8402,#8403),(#8404,#8405)),.UNSPECIFIED.,.F.,.F.,.U.,(3,3),(2,2),(0.,1.),(0.,1.),.UNSPECIFIED.);
#8407=CARTESIAN_POINT('',(149.860451859,-5.,-117.302764852));
#8408=VERTEX_POINT('',#8407);
#8409=CARTESIAN_POINT('',(149.860451859,-5.,-117.302764852));
#8410=CARTESIAN_POINT('',(150.392463312,-5.,-117.901277737));
#8411=CARTESIAN_POINT('',(151.345650499,-5.,-118.344620615));
#8412=B_SPLINE_CURVE_WITH_KNOTS('',2,(#8409,#8410,#8411),.UNSPECIFIED.,.F.,.F.,(3,3),(0.,1.),.UNSPECIFIED.);
#8413=EDGE_CURVE('',#8408,#8375,#8412,.T.);
#8414=ORIENTED_EDGE('',*,*,#8413,.F.);
#8415=CARTESIAN_POINT('',(149.860451859,-10.,-117.302764852));
#8416=VERTEX_POINT('',#8415);
#8417=CARTESIAN_POINT('',(149.860451859,-10.,-117.302764852));
#8418=DIRECTION('',(0.,1.,0.));
#8419=VECTOR('',#8418,5.);
#8420=LINE('',#8417,#8419);
#8421=EDGE_CURVE('',#8416,#8408,#8420,.T.);
#8422=ORIENTED_EDGE('',*,*,#8421,.F.);
#8423=CARTESIAN_POINT('',(149.860451859,-10.,-117.302764852));
#8424=CARTESIAN_POINT('',(150.392463312,-10.,-117.901277737));
#8425=CARTESIAN_POINT('',(151.345650499,-10.,-118.344620615));
#8426=B_SPLINE_CURVE_WITH_KNOTS('',2,(#8423,#8424,#8425),.UNSPECIFIED.,.F.,.F.,(3,3),(0.,1.),.UNSPECIFIED.);
#8427=EDGE_CURVE('',#8416,#8383,#8426,.T.);
#8428=ORIENTED_EDGE('',*,*,#8427,.T.);
#8429=ORIENTED_EDGE('',*,*,#8388,.T.);
#8430=EDGE_LOOP('',(#8414,#8422,#8428,#8429));
#8431=FACE_BOUND('',#8430,.T.);
#8432=ADVANCED_FACE('',(#8431),#8406,.T.);
#8433=CARTESIAN_POINT('',(148.973766104,-10.,-116.26090909));
#8434=CARTESIAN_POINT('',(148.973766104,-5.,-116.26090909));
#8435=CARTESIAN_POINT('',(149.328440406,-10.,-116.726419112));
#8436=CARTESIAN_POINT('',(149.328440406,-5.,-116.726419112));
#8437=CARTESIAN_POINT('',(149.860451859,-10.,-117.302764852));
#8438=CARTESIAN_POINT('',(149.860451859,-5.,-117.302764852));
#8439=B_SPLINE_SURFACE_WITH_KNOTS('',2,1,((#8433,#8434),(#8435,#8436),(#8437,#8438)),.UNSPECIFIED.,.F.,.F.,.U.,(3,3),(2,2),(0.,1.),(0.,1.),.UNSPECIFIED.);
#8440=CARTESIAN_POINT('',(148.973766104,-5.,-116.26090909));
#8441=VERTEX_POINT('',#8440);
#8442=CARTESIAN_POINT('',(148.973766104,-5.,-116.26090909));
#8443=CARTESIAN_POINT('',(149.328440406,-5.,-116.726419112));
#8444=CARTESIAN_POINT('',(149.860451859,-5.,-117.302764852));
#8445=B_SPLINE_CURVE_WITH_KNOTS('',2,(#8442,#8443,#8444),.UNSPECIFIED.,.F.,.F.,(3,3),(0.,1.),.UNSPECIFIED.);
#8446=EDGE_CURVE('',#8441,#8408,#8445,.T.);
#8447=ORIENTED_EDGE('',*,*,#8446,.F.);
#8448=CARTESIAN_POINT('',(148.973766104,-10.,-116.26090909));
#8449=VERTEX_POINT('',#8448);
#8450=CARTESIAN_POINT('',(148.973766104,-10.,-116.26090909));
#8451=DIRECTION('',(0.,1.,0.));
#8452=VECTOR('',#8451,5.);
#8453=LINE('',#8450,#8452);
#8454=EDGE_CURVE('',#8449,#8441,#8453,.T.);
#8455=ORIENTED_EDGE('',*,*,#8454,.F.);
#8456=CARTESIAN_POINT('',(148.973766104,-10.,-116.26090909));
#8457=CARTESIAN_POINT('',(149.328440406,-10.,-116.726419112));
#8458=CARTESIAN_POINT('',(149.860451859,-10.,-117.302764852));
#8459=B_SPLINE_CURVE_WITH_KNOTS('',2,(#8456,#8457,#8458),.UNSPECIFIED.,.F.,.F.,(3,3),(0.,1.),.UNSPECIFIED.);
#8460=EDGE_CURVE('',#8449,#8416,#8459,.T.);
#8461=ORIENTED_EDGE('',*,*,#8460,.T.);
#8462=ORIENTED_EDGE('',*,*,#8421,.T.);
#8463=EDGE_LOOP('',(#8447,#8455,#8461,#8462));
#8464=FACE_BOUND('',#8463,.T.);
#8465=ADVANCED_FACE('',(#8464),#8439,.T.);
#8466=CARTESIAN_POINT('',(147.954077486,-10.,-116.981341266));
#8467=DIRECTION('',(-0.577031681,0.,0.816721764));
#8468=DIRECTION('',(0.816721764,0.,0.577031681));
#8469=AXIS2_PLACEMENT_3D('',#8466,#8467,#8468);
#8470=PLANE('',#8469);
#8471=CARTESIAN_POINT('',(146.934388867,-5.,-117.701773442));
#8472=VERTEX_POINT('',#8471);
#8473=CARTESIAN_POINT('',(146.934388867,-5.,-117.701773442));
#8474=DIRECTION('',(0.816721764,0.,0.577031681));
#8475=VECTOR('',#8474,2.497028153);
#8476=LINE('',#8473,#8475);
#8477=EDGE_CURVE('',#8472,#8441,#8476,.T.);
#8478=ORIENTED_EDGE('',*,*,#8477,.F.);
#8479=CARTESIAN_POINT('',(146.934388867,-10.,-117.701773442));
#8480=VERTEX_POINT('',#8479);
#8481=CARTESIAN_POINT('',(146.934388867,-10.,-117.701773442));
#8482=DIRECTION('',(0.,1.,0.));
#8483=VECTOR('',#8482,5.);
#8484=LINE('',#8481,#8483);
#8485=EDGE_CURVE('',#8480,#8472,#8484,.T.);
#8486=ORIENTED_EDGE('',*,*,#8485,.F.);
#8487=CARTESIAN_POINT('',(146.934388867,-10.,-117.701773442));
#8488=DIRECTION('',(0.816721764,0.,0.577031681));
#8489=VECTOR('',#8488,2.497028153);
#8490=LINE('',#8487,#8489);
#8491=EDGE_CURVE('',#8480,#8449,#8490,.T.);
#8492=ORIENTED_EDGE('',*,*,#8491,.T.);
#8493=ORIENTED_EDGE('',*,*,#8454,.T.);
#8494=EDGE_LOOP('',(#8478,#8486,#8492,#8493));
#8495=FACE_BOUND('',#8494,.T.);
#8496=ADVANCED_FACE('',(#8495),#8470,.T.);
#8497=CARTESIAN_POINT('',(148.330918932,-10.,-119.342142089));
#8498=CARTESIAN_POINT('',(148.330918932,-5.,-119.342142089));
#8499=CARTESIAN_POINT('',(147.444233177,-10.,-118.566292053));
#8500=CARTESIAN_POINT('',(147.444233177,-5.,-118.566292053));
#8501=CARTESIAN_POINT('',(146.934388867,-10.,-117.701773442));
#8502=CARTESIAN_POINT('',(146.934388867,-5.,-117.701773442));
#8503=B_SPLINE_SURFACE_WITH_KNOTS('',2,1,((#8497,#8498),(#8499,#8500),(#8501,#8502)),.UNSPECIFIED.,.F.,.F.,.U.,(3,3),(2,2),(0.,1.),(0.,1.),.UNSPECIFIED.);
#8504=CARTESIAN_POINT('',(148.330918932,-5.,-119.342142089));
#8505=VERTEX_POINT('',#8504);
#8506=CARTESIAN_POINT('',(148.330918932,-5.,-119.342142089));
#8507=CARTESIAN_POINT('',(147.444233177,-5.,-118.566292053));
#8508=CARTESIAN_POINT('',(146.934388867,-5.,-117.701773442));
#8509=B_SPLINE_CURVE_WITH_KNOTS('',2,(#8506,#8507,#8508),.UNSPECIFIED.,.F.,.F.,(3,3),(0.,1.),.UNSPECIFIED.);
#8510=EDGE_CURVE('',#8505,#8472,#8509,.T.);
#8511=ORIENTED_EDGE('',*,*,#8510,.F.);
#8512=CARTESIAN_POINT('',(148.330918932,-10.,-119.342142089));
#8513=VERTEX_POINT('',#8512);
#8514=CARTESIAN_POINT('',(148.330918932,-10.,-119.342142089));
#8515=DIRECTION('',(0.,1.,0.));
#8516=VECTOR('',#8515,5.);
#8517=LINE('',#8514,#8516);
#8518=EDGE_CURVE('',#8513,#8505,#8517,.T.);
#8519=ORIENTED_EDGE('',*,*,#8518,.F.);
#8520=CARTESIAN_POINT('',(148.330918932,-10.,-119.342142089));
#8521=CARTESIAN_POINT('',(147.444233177,-10.,-118.566292053));
#8522=CARTESIAN_POINT('',(146.934388867,-10.,-117.701773442));
#8523=B_SPLINE_CURVE_WITH_KNOTS('',2,(#8520,#8521,#8522),.UNSPECIFIED.,.F.,.F.,(3,3),(0.,1.),.UNSPECIFIED.);
#8524=EDGE_CURVE('',#8513,#8480,#8523,.T.);
#8525=ORIENTED_EDGE('',*,*,#8524,.T.);
#8526=ORIENTED_EDGE('',*,*,#8485,.T.);
#8527=EDGE_LOOP('',(#8511,#8519,#8525,#8526));
#8528=FACE_BOUND('',#8527,.T.);
#8529=ADVANCED_FACE('',(#8528),#8503,.T.);
#8530=CARTESIAN_POINT('',(150.569800463,-10.,-120.583502146));
#8531=CARTESIAN_POINT('',(150.569800463,-5.,-120.583502146));
#8532=CARTESIAN_POINT('',(149.239771831,-10.,-120.117992125));
#8533=CARTESIAN_POINT('',(149.239771831,-5.,-120.117992125));
#8534=CARTESIAN_POINT('',(148.330918932,-10.,-119.342142089));
#8535=CARTESIAN_POINT('',(148.330918932,-5.,-119.342142089));
#8536=B_SPLINE_SURFACE_WITH_KNOTS('',2,1,((#8530,#8531),(#8532,#8533),(#8534,#8535)),.UNSPECIFIED.,.F.,.F.,.U.,(3,3),(2,2),(0.,1.),(0.,1.),.UNSPECIFIED.);
#8537=CARTESIAN_POINT('',(150.569800463,-5.,-120.583502146));
#8538=VERTEX_POINT('',#8537);
#8539=CARTESIAN_POINT('',(150.569800463,-5.,-120.583502146));
#8540=CARTESIAN_POINT('',(149.239771831,-5.,-120.117992125));
#8541=CARTESIAN_POINT('',(148.330918932,-5.,-119.342142089));
#8542=B_SPLINE_CURVE_WITH_KNOTS('',2,(#8539,#8540,#8541),.UNSPECIFIED.,.F.,.F.,(3,3),(0.,1.),.UNSPECIFIED.);
#8543=EDGE_CURVE('',#8538,#8505,#8542,.T.);
#8544=ORIENTED_EDGE('',*,*,#8543,.F.);
#8545=CARTESIAN_POINT('',(150.569800463,-10.,-120.583502146));
#8546=VERTEX_POINT('',#8545);
#8547=CARTESIAN_POINT('',(150.569800463,-10.,-120.583502146));
#8548=DIRECTION('',(0.,1.,0.));
#8549=VECTOR('',#8548,5.);
#8550=LINE('',#8547,#8549);
#8551=EDGE_CURVE('',#8546,#8538,#8550,.T.);
#8552=ORIENTED_EDGE('',*,*,#8551,.F.);
#8553=CARTESIAN_POINT('',(150.569800463,-10.,-120.583502146));
#8554=CARTESIAN_POINT('',(149.239771831,-10.,-120.117992125));
#8555=CARTESIAN_POINT('',(148.330918932,-10.,-119.342142089));
#8556=B_SPLINE_CURVE_WITH_KNOTS('',2,(#8553,#8554,#8555),.UNSPECIFIED.,.F.,.F.,(3,3),(0.,1.),.UNSPECIFIED.);
#8557=EDGE_CURVE('',#8546,#8513,#8556,.T.);
#8558=ORIENTED_EDGE('',*,*,#8557,.T.);
#8559=ORIENTED_EDGE('',*,*,#8518,.T.);
#8560=EDGE_LOOP('',(#8544,#8552,#8558,#8559));
#8561=FACE_BOUND('',#8560,.T.);
#8562=ADVANCED_FACE('',(#8561),#8536,.T.);
#8563=CARTESIAN_POINT('',(153.784036326,-10.,-121.071179312));
#8564=CARTESIAN_POINT('',(153.784036326,-5.,-121.071179312));
#8565=CARTESIAN_POINT('',(151.92199624,-10.,-121.071179312));
#8566=CARTESIAN_POINT('',(151.92199624,-5.,-121.071179312));
#8567=CARTESIAN_POINT('',(150.569800463,-10.,-120.583502146));
#8568=CARTESIAN_POINT('',(150.569800463,-5.,-120.583502146));
#8569=B_SPLINE_SURFACE_WITH_KNOTS('',2,1,((#8563,#8564),(#8565,#8566),(#8567,#8568)),.UNSPECIFIED.,.F.,.F.,.U.,(3,3),(2,2),(0.,1.),(0.,1.),.UNSPECIFIED.);
#8570=CARTESIAN_POINT('',(153.784036326,-5.,-121.071179312));
#8571=CARTESIAN_POINT('',(151.92199624,-5.,-121.071179312));
#8572=CARTESIAN_POINT('',(150.569800463,-5.,-120.583502146));
#8573=B_SPLINE_CURVE_WITH_KNOTS('',2,(#8570,#8571,#8572),.UNSPECIFIED.,.F.,.F.,(3,3),(0.,1.),.UNSPECIFIED.);
#8574=EDGE_CURVE('',#7621,#8538,#8573,.T.);
#8575=ORIENTED_EDGE('',*,*,#8574,.F.);
#8576=ORIENTED_EDGE('',*,*,#7648,.F.);
#8577=CARTESIAN_POINT('',(153.784036326,-10.,-121.071179312));
#8578=CARTESIAN_POINT('',(151.92199624,-10.,-121.071179312));
#8579=CARTESIAN_POINT('',(150.569800463,-10.,-120.583502146));
#8580=B_SPLINE_CURVE_WITH_KNOTS('',2,(#8577,#8578,#8579),.UNSPECIFIED.,.F.,.F.,(3,3),(0.,1.),.UNSPECIFIED.);
#8581=EDGE_CURVE('',#7637,#8546,#8580,.T.);
#8582=ORIENTED_EDGE('',*,*,#8581,.T.);
#8583=ORIENTED_EDGE('',*,*,#8551,.T.);
#8584=EDGE_LOOP('',(#8575,#8576,#8582,#8583));
#8585=FACE_BOUND('',#8584,.T.);
#8586=ADVANCED_FACE('',(#8585),#8569,.T.);
#8587=CARTESIAN_POINT('',(153.69536775,-10.,-111.849647458));
#8588=CARTESIAN_POINT('',(153.69536775,-5.,-111.849647458));
#8589=CARTESIAN_POINT('',(155.247067822,-10.,-111.849647458));
#8590=CARTESIAN_POINT('',(155.247067822,-5.,-111.849647458));
#8591=CARTESIAN_POINT('',(156.333257872,-10.,-111.140298854));
#8592=CARTESIAN_POINT('',(156.333257872,-5.,-111.140298854));
#8593=B_SPLINE_SURFACE_WITH_KNOTS('',2,1,((#8587,#8588),(#8589,#8590),(#8591,#8592)),.UNSPECIFIED.,.F.,.F.,.U.,(3,3),(2,2),(0.,1.),(0.,1.),.UNSPECIFIED.);
#8594=CARTESIAN_POINT('',(153.69536775,-5.,-111.849647458));
#8595=CARTESIAN_POINT('',(155.247067822,-5.,-111.849647458));
#8596=CARTESIAN_POINT('',(156.333257872,-5.,-111.140298854));
#8597=B_SPLINE_CURVE_WITH_KNOTS('',2,(#8594,#8595,#8596),.UNSPECIFIED.,.F.,.F.,(3,3),(0.,1.),.UNSPECIFIED.);
#8598=EDGE_CURVE('',#7249,#7586,#8597,.T.);
#8599=ORIENTED_EDGE('',*,*,#8598,.F.);
#8600=ORIENTED_EDGE('',*,*,#7276,.F.);
#8601=CARTESIAN_POINT('',(153.69536775,-10.,-111.849647458));
#8602=CARTESIAN_POINT('',(155.247067822,-10.,-111.849647458));
#8603=CARTESIAN_POINT('',(156.333257872,-10.,-111.140298854));
#8604=B_SPLINE_CURVE_WITH_KNOTS('',2,(#8601,#8602,#8603),.UNSPECIFIED.,.F.,.F.,(3,3),(0.,1.),.UNSPECIFIED.);
#8605=EDGE_CURVE('',#7265,#7594,#8604,.T.);
#8606=ORIENTED_EDGE('',*,*,#8605,.T.);
#8607=ORIENTED_EDGE('',*,*,#7599,.T.);
#8608=EDGE_LOOP('',(#8599,#8600,#8606,#8607));
#8609=FACE_BOUND('',#8608,.T.);
#8610=ADVANCED_FACE('',(#8609),#8593,.T.);
#8611=CARTESIAN_POINT('',(125.,-10.,-75.));
#8612=DIRECTION('',(0.,-1.,0.));
#8613=DIRECTION('',(0.,0.,-1.));
#8614=AXIS2_PLACEMENT_3D('',#8611,#8612,#8613);
#8615=PLANE('',#8614);
#8616=ORIENTED_EDGE('',*,*,#7642,.F.);
#8617=ORIENTED_EDGE('',*,*,#7680,.F.);
#8618=ORIENTED_EDGE('',*,*,#7713,.F.);
#8619=ORIENTED_EDGE('',*,*,#7744,.F.);
#8620=ORIENTED_EDGE('',*,*,#7775,.F.);
#8621=ORIENTED_EDGE('',*,*,#7806,.F.);
#8622=ORIENTED_EDGE('',*,*,#7837,.F.);
#8623=ORIENTED_EDGE('',*,*,#7870,.F.);
#8624=ORIENTED_EDGE('',*,*,#7903,.F.);
#8625=ORIENTED_EDGE('',*,*,#7936,.F.);
#8626=ORIENTED_EDGE('',*,*,#7969,.F.);
#8627=ORIENTED_EDGE('',*,*,#8002,.F.);
#8628=ORIENTED_EDGE('',*,*,#8035,.F.);
#8629=ORIENTED_EDGE('',*,*,#8068,.F.);
#8630=ORIENTED_EDGE('',*,*,#8101,.F.);
#8631=ORIENTED_EDGE('',*,*,#8134,.F.);
#8632=ORIENTED_EDGE('',*,*,#8167,.F.);
#8633=ORIENTED_EDGE('',*,*,#8200,.F.);
#8634=ORIENTED_EDGE('',*,*,#8233,.F.);
#8635=ORIENTED_EDGE('',*,*,#8264,.F.);
#8636=ORIENTED_EDGE('',*,*,#8295,.F.);
#8637=ORIENTED_EDGE('',*,*,#8328,.F.);
#8638=ORIENTED_EDGE('',*,*,#8361,.F.);
#8639=ORIENTED_EDGE('',*,*,#8394,.F.);
#8640=ORIENTED_EDGE('',*,*,#8427,.F.);
#8641=ORIENTED_EDGE('',*,*,#8460,.F.);
#8642=ORIENTED_EDGE('',*,*,#8491,.F.);
#8643=ORIENTED_EDGE('',*,*,#8524,.F.);
#8644=ORIENTED_EDGE('',*,*,#8557,.F.);
#8645=ORIENTED_EDGE('',*,*,#8581,.F.);
#8646=EDGE_LOOP('',(#8616,#8617,#8618,#8619,#8620,#8621,#8622,#8623,#8624,#8625,#8626,#8627,#8628,#8629,#8630,#8631,#8632,#8633,#8634,#8635,#8636,#8637,#8638,#8639,#8640,#8641,
#8642,#8643,#8644,#8645));
#8647=FACE_BOUND('',#8646,.T.);
#8648=ORIENTED_EDGE('',*,*,#7270,.F.);
#8649=ORIENTED_EDGE('',*,*,#7308,.F.);
#8650=ORIENTED_EDGE('',*,*,#7341,.F.);
#8651=ORIENTED_EDGE('',*,*,#7374,.F.);
#8652=ORIENTED_EDGE('',*,*,#7407,.F.);
#8653=ORIENTED_EDGE('',*,*,#7440,.F.);
#8654=ORIENTED_EDGE('',*,*,#7473,.F.);
#8655=ORIENTED_EDGE('',*,*,#7506,.F.);
#8656=ORIENTED_EDGE('',*,*,#7539,.F.);
#8657=ORIENTED_EDGE('',*,*,#7572,.F.);
#8658=ORIENTED_EDGE('',*,*,#7605,.F.);
#8659=ORIENTED_EDGE('',*,*,#8605,.F.);
#8660=EDGE_LOOP('',(#8648,#8649,#8650,#8651,#8652,#8653,#8654,#8655,#8656,#8657,#8658,#8659));
#8661=FACE_BOUND('',#8660,.T.);
#8662=ADVANCED_FACE('',(#8647,#8661),#8615,.T.);
#8663=CARTESIAN_POINT('',(125.,-5.,-75.));
#8664=DIRECTION('',(0.,-1.,0.));
#8665=DIRECTION('',(0.,0.,-1.));
#8666=AXIS2_PLACEMENT_3D('',#8663,#8664,#8665);
#8667=PLANE('',#8666);
#8668=ORIENTED_EDGE('',*,*,#7626,.T.);
#8669=ORIENTED_EDGE('',*,*,#8574,.T.);
#8670=ORIENTED_EDGE('',*,*,#8543,.T.);
#8671=ORIENTED_EDGE('',*,*,#8510,.T.);
#8672=ORIENTED_EDGE('',*,*,#8477,.T.);
#8673=ORIENTED_EDGE('',*,*,#8446,.T.);
#8674=ORIENTED_EDGE('',*,*,#8413,.T.);
#8675=ORIENTED_EDGE('',*,*,#8380,.T.);
#8676=ORIENTED_EDGE('',*,*,#8347,.T.);
#8677=ORIENTED_EDGE('',*,*,#8314,.T.);
#8678=ORIENTED_EDGE('',*,*,#8281,.T.);
#8679=ORIENTED_EDGE('',*,*,#8250,.T.);
#8680=ORIENTED_EDGE('',*,*,#8219,.T.);
#8681=ORIENTED_EDGE('',*,*,#8186,.T.);
#8682=ORIENTED_EDGE('',*,*,#8153,.T.);
#8683=ORIENTED_EDGE('',*,*,#8120,.T.);
#8684=ORIENTED_EDGE('',*,*,#8087,.T.);
#8685=ORIENTED_EDGE('',*,*,#8054,.T.);
#8686=ORIENTED_EDGE('',*,*,#8021,.T.);
#8687=ORIENTED_EDGE('',*,*,#7988,.T.);
#8688=ORIENTED_EDGE('',*,*,#7955,.T.);
#8689=ORIENTED_EDGE('',*,*,#7922,.T.);
#8690=ORIENTED_EDGE('',*,*,#7889,.T.);
#8691=ORIENTED_EDGE('',*,*,#7856,.T.);
#8692=ORIENTED_EDGE('',*,*,#7823,.T.);
#8693=ORIENTED_EDGE('',*,*,#7792,.T.);
#8694=ORIENTED_EDGE('',*,*,#7761,.T.);
#8695=ORIENTED_EDGE('',*,*,#7730,.T.);
#8696=ORIENTED_EDGE('',*,*,#7699,.T.);
#8697=ORIENTED_EDGE('',*,*,#7666,.T.);
#8698=EDGE_LOOP('',(#8668,#8669,#8670,#8671,#8672,#8673,#8674,#8675,#8676,#8677,#8678,#8679,#8680,#8681,#8682,#8683,#8684,#8685,#8686,#8687,#8688,#8689,#8690,#8691,#8692,#8693,
#8694,#8695,#8696,#8697));
#8699=FACE_BOUND('',#8698,.T.);
#8700=ORIENTED_EDGE('',*,*,#7254,.T.);
#8701=ORIENTED_EDGE('',*,*,#8598,.T.);
#8702=ORIENTED_EDGE('',*,*,#7591,.T.);
#8703=ORIENTED_EDGE('',*,*,#7558,.T.);
#8704=ORIENTED_EDGE('',*,*,#7525,.T.);
#8705=ORIENTED_EDGE('',*,*,#7492,.T.);
#8706=ORIENTED_EDGE('',*,*,#7459,.T.);
#8707=ORIENTED_EDGE('',*,*,#7426,.T.);
#8708=ORIENTED_EDGE('',*,*,#7393,.T.);
#8709=ORIENTED_EDGE('',*,*,#7360,.T.);
#8710=ORIENTED_EDGE('',*,*,#7327,.T.);
#8711=ORIENTED_EDGE('',*,*,#7294,.T.);
#8712=EDGE_LOOP('',(#8700,#8701,#8702,#8703,#8704,#8705,#8706,#8707,#8708,#8709,#8710,#8711));
#8713=FACE_BOUND('',#8712,.T.);
#8714=ADVANCED_FACE('',(#8699,#8713),#8667,.F.);
#8715=CLOSED_SHELL('',(#7280,#7313,#7346,#7379,#7412,#7445,#7478,#7511,#7544,#7577,#7610,#7652,#7685,#7718,#7749,#7780,#7811,#7842,#7875,#7908,#7941,#7974,#8007,#8040,#8073,#8106,
#8139,#8172,#8205,#8238,#8269,#8300,#8333,#8366,#8399,#8432,#8465,#8496,#8529,#8562,#8586,#8610,#8662,#8714));
#8716=MANIFOLD_SOLID_BREP('Extruded.013',#8715);
#7238=STYLED_ITEM('',(),#8716);
#8718=CARTESIAN_POINT('',(118.737781854,-10.,-119.452977809));
#8719=CARTESIAN_POINT('',(118.737781854,-5.,-119.452977809));
#8720=CARTESIAN_POINT('',(118.183603257,-10.,-119.984989262));
#8721=CARTESIAN_POINT('',(118.183603257,-5.,-119.984989262));
#8722=CARTESIAN_POINT('',(117.429920366,-10.,-119.984989262));
#8723=CARTESIAN_POINT('',(117.429920366,-5.,-119.984989262));
#8724=B_SPLINE_SURFACE_WITH_KNOTS('',2,1,((#8718,#8719),(#8720,#8721),(#8722,#8723)),.UNSPECIFIED.,.F.,.F.,.U.,(3,3),(2,2),(0.,1.),(0.,1.),.UNSPECIFIED.);
#8725=CARTESIAN_POINT('',(118.737781854,-5.,-119.452977809));
#8726=VERTEX_POINT('',#8725);
#8727=CARTESIAN_POINT('',(117.429920366,-5.,-119.984989262));
#8728=VERTEX_POINT('',#8727);
#8729=CARTESIAN_POINT('',(118.737781854,-5.,-119.452977809));
#8730=CARTESIAN_POINT('',(118.183603257,-5.,-119.984989262));
#8731=CARTESIAN_POINT('',(117.429920366,-5.,-119.984989262));
#8732=B_SPLINE_CURVE_WITH_KNOTS('',2,(#8729,#8730,#8731),.UNSPECIFIED.,.F.,.F.,(3,3),(0.,1.),.UNSPECIFIED.);
#8733=EDGE_CURVE('',#8726,#8728,#8732,.T.);
#8734=ORIENTED_EDGE('',*,*,#8733,.F.);
#8735=CARTESIAN_POINT('',(118.737781854,-10.,-119.452977809));
#8736=VERTEX_POINT('',#8735);
#8737=CARTESIAN_POINT('',(118.737781854,-10.,-119.452977809));
#8738=DIRECTION('',(0.,1.,0.));
#8739=VECTOR('',#8738,5.);
#8740=LINE('',#8737,#8739);
#8741=EDGE_CURVE('',#8736,#8726,#8740,.T.);
#8742=ORIENTED_EDGE('',*,*,#8741,.F.);
#8743=CARTESIAN_POINT('',(117.429920366,-10.,-119.984989262));
#8744=VERTEX_POINT('',#8743);
#8745=CARTESIAN_POINT('',(118.737781854,-10.,-119.452977809));
#8746=CARTESIAN_POINT('',(118.183603257,-10.,-119.984989262));
#8747=CARTESIAN_POINT('',(117.429920366,-10.,-119.984989262));
#8748=B_SPLINE_CURVE_WITH_KNOTS('',2,(#8745,#8746,#8747),.UNSPECIFIED.,.F.,.F.,(3,3),(0.,1.),.UNSPECIFIED.);
#8749=EDGE_CURVE('',#8736,#8744,#8748,.T.);
#8750=ORIENTED_EDGE('',*,*,#8749,.T.);
#8751=CARTESIAN_POINT('',(117.429920366,-10.,-119.984989262));
#8752=DIRECTION('',(0.,1.,0.));
#8753=VECTOR('',#8752,5.);
#8754=LINE('',#8751,#8753);
#8755=EDGE_CURVE('',#8744,#8728,#8754,.T.);
#8756=ORIENTED_EDGE('',*,*,#8755,.T.);
#8757=EDGE_LOOP('',(#8734,#8742,#8750,#8756));
#8758=FACE_BOUND('',#8757,.T.);
#8759=ADVANCED_FACE('',(#8758),#8724,.T.);
#8760=CARTESIAN_POINT('',(119.269793308,-10.,-118.233784895));
#8761=CARTESIAN_POINT('',(119.269793308,-5.,-118.233784895));
#8762=CARTESIAN_POINT('',(119.269793308,-10.,-118.943133499));
#8763=CARTESIAN_POINT('',(119.269793308,-5.,-118.943133499));
#8764=CARTESIAN_POINT('',(118.737781854,-10.,-119.452977809));
#8765=CARTESIAN_POINT('',(118.737781854,-5.,-119.452977809));
#8766=B_SPLINE_SURFACE_WITH_KNOTS('',2,1,((#8760,#8761),(#8762,#8763),(#8764,#8765)),.UNSPECIFIED.,.F.,.F.,.U.,(3,3),(2,2),(0.,1.),(0.,1.),.UNSPECIFIED.);
#8767=CARTESIAN_POINT('',(119.269793308,-5.,-118.233784895));
#8768=VERTEX_POINT('',#8767);
#8769=CARTESIAN_POINT('',(119.269793308,-5.,-118.233784895));
#8770=CARTESIAN_POINT('',(119.269793308,-5.,-118.943133499));
#8771=CARTESIAN_POINT('',(118.737781854,-5.,-119.452977809));
#8772=B_SPLINE_CURVE_WITH_KNOTS('',2,(#8769,#8770,#8771),.UNSPECIFIED.,.F.,.F.,(3,3),(0.,1.),.UNSPECIFIED.);
#8773=EDGE_CURVE('',#8768,#8726,#8772,.T.);
#8774=ORIENTED_EDGE('',*,*,#8773,.F.);
#8775=CARTESIAN_POINT('',(119.269793308,-10.,-118.233784895));
#8776=VERTEX_POINT('',#8775);
#8777=CARTESIAN_POINT('',(119.269793308,-10.,-118.233784895));
#8778=DIRECTION('',(0.,1.,0.));
#8779=VECTOR('',#8778,5.);
#8780=LINE('',#8777,#8779);
#8781=EDGE_CURVE('',#8776,#8768,#8780,.T.);
#8782=ORIENTED_EDGE('',*,*,#8781,.F.);
#8783=CARTESIAN_POINT('',(119.269793308,-10.,-118.233784895));
#8784=CARTESIAN_POINT('',(119.269793308,-10.,-118.943133499));
#8785=CARTESIAN_POINT('',(118.737781854,-10.,-119.452977809));
#8786=B_SPLINE_CURVE_WITH_KNOTS('',2,(#8783,#8784,#8785),.UNSPECIFIED.,.F.,.F.,(3,3),(0.,1.),.UNSPECIFIED.);
#8787=EDGE_CURVE('',#8776,#8736,#8786,.T.);
#8788=ORIENTED_EDGE('',*,*,#8787,.T.);
#8789=ORIENTED_EDGE('',*,*,#8741,.T.);
#8790=EDGE_LOOP('',(#8774,#8782,#8788,#8789));
#8791=FACE_BOUND('',#8790,.T.);
#8792=ADVANCED_FACE('',(#8791),#8766,.T.);
#8793=CARTESIAN_POINT('',(118.737781854,-10.,-116.992424838));
#8794=CARTESIAN_POINT('',(118.737781854,-5.,-116.992424838));
#8795=CARTESIAN_POINT('',(119.269793308,-10.,-117.502269147));
#8796=CARTESIAN_POINT('',(119.269793308,-5.,-117.502269147));
#8797=CARTESIAN_POINT('',(119.269793308,-10.,-118.233784895));
#8798=CARTESIAN_POINT('',(119.269793308,-5.,-118.233784895));
#8799=B_SPLINE_SURFACE_WITH_KNOTS('',2,1,((#8793,#8794),(#8795,#8796),(#8797,#8798)),.UNSPECIFIED.,.F.,.F.,.U.,(3,3),(2,2),(0.,1.),(0.,1.),.UNSPECIFIED.);
#8800=CARTESIAN_POINT('',(118.737781854,-5.,-116.992424838));
#8801=VERTEX_POINT('',#8800);
#8802=CARTESIAN_POINT('',(118.737781854,-5.,-116.992424838));
#8803=CARTESIAN_POINT('',(119.269793308,-5.,-117.502269147));
#8804=CARTESIAN_POINT('',(119.269793308,-5.,-118.233784895));
#8805=B_SPLINE_CURVE_WITH_KNOTS('',2,(#8802,#8803,#8804),.UNSPECIFIED.,.F.,.F.,(3,3),(0.,1.),.UNSPECIFIED.);
#8806=EDGE_CURVE('',#8801,#8768,#8805,.T.);
#8807=ORIENTED_EDGE('',*,*,#8806,.F.);
#8808=CARTESIAN_POINT('',(118.737781854,-10.,-116.992424838));
#8809=VERTEX_POINT('',#8808);
#8810=CARTESIAN_POINT('',(118.737781854,-10.,-116.992424838));
#8811=DIRECTION('',(0.,1.,0.));
#8812=VECTOR('',#8811,5.);
#8813=LINE('',#8810,#8812);
#8814=EDGE_CURVE('',#8809,#8801,#8813,.T.);
#8815=ORIENTED_EDGE('',*,*,#8814,.F.);
#8816=CARTESIAN_POINT('',(118.737781854,-10.,-116.992424838));
#8817=CARTESIAN_POINT('',(119.269793308,-10.,-117.502269147));
#8818=CARTESIAN_POINT('',(119.269793308,-10.,-118.233784895));
#8819=B_SPLINE_CURVE_WITH_KNOTS('',2,(#8816,#8817,#8818),.UNSPECIFIED.,.F.,.F.,(3,3),(0.,1.),.UNSPECIFIED.);
#8820=EDGE_CURVE('',#8809,#8776,#8819,.T.);
#8821=ORIENTED_EDGE('',*,*,#8820,.T.);
#8822=ORIENTED_EDGE('',*,*,#8781,.T.);
#8823=EDGE_LOOP('',(#8807,#8815,#8821,#8822));
#8824=FACE_BOUND('',#8823,.T.);
#8825=ADVANCED_FACE('',(#8824),#8799,.T.);
#8826=CARTESIAN_POINT('',(117.429920366,-10.,-116.482580529));
#8827=CARTESIAN_POINT('',(117.429920366,-5.,-116.482580529));
#8828=CARTESIAN_POINT('',(118.183603257,-10.,-116.482580529));
#8829=CARTESIAN_POINT('',(118.183603257,-5.,-116.482580529));
#8830=CARTESIAN_POINT('',(118.737781854,-10.,-116.992424838));
#8831=CARTESIAN_POINT('',(118.737781854,-5.,-116.992424838));
#8832=B_SPLINE_SURFACE_WITH_KNOTS('',2,1,((#8826,#8827),(#8828,#8829),(#8830,#8831)),.UNSPECIFIED.,.F.,.F.,.U.,(3,3),(2,2),(0.,1.),(0.,1.),.UNSPECIFIED.);
#8833=CARTESIAN_POINT('',(117.429920366,-5.,-116.482580529));
#8834=VERTEX_POINT('',#8833);
#8835=CARTESIAN_POINT('',(117.429920366,-5.,-116.482580529));
#8836=CARTESIAN_POINT('',(118.183603257,-5.,-116.482580529));
#8837=CARTESIAN_POINT('',(118.737781854,-5.,-116.992424838));
#8838=B_SPLINE_CURVE_WITH_KNOTS('',2,(#8835,#8836,#8837),.UNSPECIFIED.,.F.,.F.,(3,3),(0.,1.),.UNSPECIFIED.);
#8839=EDGE_CURVE('',#8834,#8801,#8838,.T.);
#8840=ORIENTED_EDGE('',*,*,#8839,.F.);
#8841=CARTESIAN_POINT('',(117.429920366,-10.,-116.482580529));
#8842=VERTEX_POINT('',#8841);
#8843=CARTESIAN_POINT('',(117.429920366,-10.,-116.482580529));
#8844=DIRECTION('',(0.,1.,0.));
#8845=VECTOR('',#8844,5.);
#8846=LINE('',#8843,#8845);
#8847=EDGE_CURVE('',#8842,#8834,#8846,.T.);
#8848=ORIENTED_EDGE('',*,*,#8847,.F.);
#8849=CARTESIAN_POINT('',(117.429920366,-10.,-116.482580529));
#8850=CARTESIAN_POINT('',(118.183603257,-10.,-116.482580529));
#8851=CARTESIAN_POINT('',(118.737781854,-10.,-116.992424838));
#8852=B_SPLINE_CURVE_WITH_KNOTS('',2,(#8849,#8850,#8851),.UNSPECIFIED.,.F.,.F.,(3,3),(0.,1.),.UNSPECIFIED.);
#8853=EDGE_CURVE('',#8842,#8809,#8852,.T.);
#8854=ORIENTED_EDGE('',*,*,#8853,.T.);
#8855=ORIENTED_EDGE('',*,*,#8814,.T.);
#8856=EDGE_LOOP('',(#8840,#8848,#8854,#8855));
#8857=FACE_BOUND('',#8856,.T.);
#8858=ADVANCED_FACE('',(#8857),#8832,.T.);
#8859=CARTESIAN_POINT('',(116.144226021,-10.,-116.992424838));
#8860=CARTESIAN_POINT('',(116.144226021,-5.,-116.992424838));
#8861=CARTESIAN_POINT('',(116.676237474,-10.,-116.482580529));
#8862=CARTESIAN_POINT('',(116.676237474,-5.,-116.482580529));
#8863=CARTESIAN_POINT('',(117.429920366,-10.,-116.482580529));
#8864=CARTESIAN_POINT('',(117.429920366,-5.,-116.482580529));
#8865=B_SPLINE_SURFACE_WITH_KNOTS('',2,1,((#8859,#8860),(#8861,#8862),(#8863,#8864)),.UNSPECIFIED.,.F.,.F.,.U.,(3,3),(2,2),(0.,1.),(0.,1.),.UNSPECIFIED.);
#8866=CARTESIAN_POINT('',(116.144226021,-5.,-116.992424838));
#8867=VERTEX_POINT('',#8866);
#8868=CARTESIAN_POINT('',(116.144226021,-5.,-116.992424838));
#8869=CARTESIAN_POINT('',(116.676237474,-5.,-116.482580529));
#8870=CARTESIAN_POINT('',(117.429920366,-5.,-116.482580529));
#8871=B_SPLINE_CURVE_WITH_KNOTS('',2,(#8868,#8869,#8870),.UNSPECIFIED.,.F.,.F.,(3,3),(0.,1.),.UNSPECIFIED.);
#8872=EDGE_CURVE('',#8867,#8834,#8871,.T.);
#8873=ORIENTED_EDGE('',*,*,#8872,.F.);
#8874=CARTESIAN_POINT('',(116.144226021,-10.,-116.992424838));
#8875=VERTEX_POINT('',#8874);
#8876=CARTESIAN_POINT('',(116.144226021,-10.,-116.992424838));
#8877=DIRECTION('',(0.,1.,0.));
#8878=VECTOR('',#8877,5.);
#8879=LINE('',#8876,#8878);
#8880=EDGE_CURVE('',#8875,#8867,#8879,.T.);
#8881=ORIENTED_EDGE('',*,*,#8880,.F.);
#8882=CARTESIAN_POINT('',(116.144226021,-10.,-116.992424838));
#8883=CARTESIAN_POINT('',(116.676237474,-10.,-116.482580529));
#8884=CARTESIAN_POINT('',(117.429920366,-10.,-116.482580529));
#8885=B_SPLINE_CURVE_WITH_KNOTS('',2,(#8882,#8883,#8884),.UNSPECIFIED.,.F.,.F.,(3,3),(0.,1.),.UNSPECIFIED.);
#8886=EDGE_CURVE('',#8875,#8842,#8885,.T.);
#8887=ORIENTED_EDGE('',*,*,#8886,.T.);
#8888=ORIENTED_EDGE('',*,*,#8847,.T.);
#8889=EDGE_LOOP('',(#8873,#8881,#8887,#8888));
#8890=FACE_BOUND('',#8889,.T.);
#8891=ADVANCED_FACE('',(#8890),#8865,.T.);
#8892=CARTESIAN_POINT('',(115.590047424,-10.,-118.233784895));
#8893=CARTESIAN_POINT('',(115.590047424,-5.,-118.233784895));
#8894=CARTESIAN_POINT('',(115.590047424,-10.,-117.502269147));
#8895=CARTESIAN_POINT('',(115.590047424,-5.,-117.502269147));
#8896=CARTESIAN_POINT('',(116.144226021,-10.,-116.992424838));
#8897=CARTESIAN_POINT('',(116.144226021,-5.,-116.992424838));
#8898=B_SPLINE_SURFACE_WITH_KNOTS('',2,1,((#8892,#8893),(#8894,#8895),(#8896,#8897)),.UNSPECIFIED.,.F.,.F.,.U.,(3,3),(2,2),(0.,1.),(0.,1.),.UNSPECIFIED.);
#8899=CARTESIAN_POINT('',(115.590047424,-5.,-118.233784895));
#8900=VERTEX_POINT('',#8899);
#8901=CARTESIAN_POINT('',(115.590047424,-5.,-118.233784895));
#8902=CARTESIAN_POINT('',(115.590047424,-5.,-117.502269147));
#8903=CARTESIAN_POINT('',(116.144226021,-5.,-116.992424838));
#8904=B_SPLINE_CURVE_WITH_KNOTS('',2,(#8901,#8902,#8903),.UNSPECIFIED.,.F.,.F.,(3,3),(0.,1.),.UNSPECIFIED.);
#8905=EDGE_CURVE('',#8900,#8867,#8904,.T.);
#8906=ORIENTED_EDGE('',*,*,#8905,.F.);
#8907=CARTESIAN_POINT('',(115.590047424,-10.,-118.233784895));
#8908=VERTEX_POINT('',#8907);
#8909=CARTESIAN_POINT('',(115.590047424,-10.,-118.233784895));
#8910=DIRECTION('',(0.,1.,0.));
#8911=VECTOR('',#8910,5.);
#8912=LINE('',#8909,#8911);
#8913=EDGE_CURVE('',#8908,#8900,#8912,.T.);
#8914=ORIENTED_EDGE('',*,*,#8913,.F.);
#8915=CARTESIAN_POINT('',(115.590047424,-10.,-118.233784895));
#8916=CARTESIAN_POINT('',(115.590047424,-10.,-117.502269147));
#8917=CARTESIAN_POINT('',(116.144226021,-10.,-116.992424838));
#8918=B_SPLINE_CURVE_WITH_KNOTS('',2,(#8915,#8916,#8917),.UNSPECIFIED.,.F.,.F.,(3,3),(0.,1.),.UNSPECIFIED.);
#8919=EDGE_CURVE('',#8908,#8875,#8918,.T.);
#8920=ORIENTED_EDGE('',*,*,#8919,.T.);
#8921=ORIENTED_EDGE('',*,*,#8880,.T.);
#8922=EDGE_LOOP('',(#8906,#8914,#8920,#8921));
#8923=FACE_BOUND('',#8922,.T.);
#8924=ADVANCED_FACE('',(#8923),#8898,.T.);
#8925=CARTESIAN_POINT('',(116.144226021,-10.,-119.452977809));
#8926=CARTESIAN_POINT('',(116.144226021,-5.,-119.452977809));
#8927=CARTESIAN_POINT('',(115.590047424,-10.,-118.943133499));
#8928=CARTESIAN_POINT('',(115.590047424,-5.,-118.943133499));
#8929=CARTESIAN_POINT('',(115.590047424,-10.,-118.233784895));
#8930=CARTESIAN_POINT('',(115.590047424,-5.,-118.233784895));
#8931=B_SPLINE_SURFACE_WITH_KNOTS('',2,1,((#8925,#8926),(#8927,#8928),(#8929,#8930)),.UNSPECIFIED.,.F.,.F.,.U.,(3,3),(2,2),(0.,1.),(0.,1.),.UNSPECIFIED.);
#8932=CARTESIAN_POINT('',(116.144226021,-5.,-119.452977809));
#8933=VERTEX_POINT('',#8932);
#8934=CARTESIAN_POINT('',(116.144226021,-5.,-119.452977809));
#8935=CARTESIAN_POINT('',(115.590047424,-5.,-118.943133499));
#8936=CARTESIAN_POINT('',(115.590047424,-5.,-118.233784895));
#8937=B_SPLINE_CURVE_WITH_KNOTS('',2,(#8934,#8935,#8936),.UNSPECIFIED.,.F.,.F.,(3,3),(0.,1.),.UNSPECIFIED.);
#8938=EDGE_CURVE('',#8933,#8900,#8937,.T.);
#8939=ORIENTED_EDGE('',*,*,#8938,.F.);
#8940=CARTESIAN_POINT('',(116.144226021,-10.,-119.452977809));
#8941=VERTEX_POINT('',#8940);
#8942=CARTESIAN_POINT('',(116.144226021,-10.,-119.452977809));
#8943=DIRECTION('',(0.,1.,0.));
#8944=VECTOR('',#8943,5.);
#8945=LINE('',#8942,#8944);
#8946=EDGE_CURVE('',#8941,#8933,#8945,.T.);
#8947=ORIENTED_EDGE('',*,*,#8946,.F.);
#8948=CARTESIAN_POINT('',(116.144226021,-10.,-119.452977809));
#8949=CARTESIAN_POINT('',(115.590047424,-10.,-118.943133499));
#8950=CARTESIAN_POINT('',(115.590047424,-10.,-118.233784895));
#8951=B_SPLINE_CURVE_WITH_KNOTS('',2,(#8948,#8949,#8950),.UNSPECIFIED.,.F.,.F.,(3,3),(0.,1.),.UNSPECIFIED.);
#8952=EDGE_CURVE('',#8941,#8908,#8951,.T.);
#8953=ORIENTED_EDGE('',*,*,#8952,.T.);
#8954=ORIENTED_EDGE('',*,*,#8913,.T.);
#8955=EDGE_LOOP('',(#8939,#8947,#8953,#8954));
#8956=FACE_BOUND('',#8955,.T.);
#8957=ADVANCED_FACE('',(#8956),#8931,.T.);
#8958=CARTESIAN_POINT('',(117.429920366,-10.,-119.984989262));
#8959=CARTESIAN_POINT('',(117.429920366,-5.,-119.984989262));
#8960=CARTESIAN_POINT('',(116.676237474,-10.,-119.984989262));
#8961=CARTESIAN_POINT('',(116.676237474,-5.,-119.984989262));
#8962=CARTESIAN_POINT('',(116.144226021,-10.,-119.452977809));
#8963=CARTESIAN_POINT('',(116.144226021,-5.,-119.452977809));
#8964=B_SPLINE_SURFACE_WITH_KNOTS('',2,1,((#8958,#8959),(#8960,#8961),(#8962,#8963)),.UNSPECIFIED.,.F.,.F.,.U.,(3,3),(2,2),(0.,1.),(0.,1.),.UNSPECIFIED.);
#8965=CARTESIAN_POINT('',(117.429920366,-5.,-119.984989262));
#8966=CARTESIAN_POINT('',(116.676237474,-5.,-119.984989262));
#8967=CARTESIAN_POINT('',(116.144226021,-5.,-119.452977809));
#8968=B_SPLINE_CURVE_WITH_KNOTS('',2,(#8965,#8966,#8967),.UNSPECIFIED.,.F.,.F.,(3,3),(0.,1.),.UNSPECIFIED.);
#8969=EDGE_CURVE('',#8728,#8933,#8968,.T.);
#8970=ORIENTED_EDGE('',*,*,#8969,.F.);
#8971=ORIENTED_EDGE('',*,*,#8755,.F.);
#8972=CARTESIAN_POINT('',(117.429920366,-10.,-119.984989262));
#8973=CARTESIAN_POINT('',(116.676237474,-10.,-119.984989262));
#8974=CARTESIAN_POINT('',(116.144226021,-10.,-119.452977809));
#8975=B_SPLINE_CURVE_WITH_KNOTS('',2,(#8972,#8973,#8974),.UNSPECIFIED.,.F.,.F.,(3,3),(0.,1.),.UNSPECIFIED.);
#8976=EDGE_CURVE('',#8744,#8941,#8975,.T.);
#8977=ORIENTED_EDGE('',*,*,#8976,.T.);
#8978=ORIENTED_EDGE('',*,*,#8946,.T.);
#8979=EDGE_LOOP('',(#8970,#8971,#8977,#8978));
#8980=FACE_BOUND('',#8979,.T.);
#8981=ADVANCED_FACE('',(#8980),#8964,.T.);
#8982=CARTESIAN_POINT('',(125.,-10.,-75.));
#8983=DIRECTION('',(0.,-1.,0.));
#8984=DIRECTION('',(0.,0.,-1.));
#8985=AXIS2_PLACEMENT_3D('',#8982,#8983,#8984);
#8986=PLANE('',#8985);
#8987=ORIENTED_EDGE('',*,*,#8749,.F.);
#8988=ORIENTED_EDGE('',*,*,#8787,.F.);
#8989=ORIENTED_EDGE('',*,*,#8820,.F.);
#8990=ORIENTED_EDGE('',*,*,#8853,.F.);
#8991=ORIENTED_EDGE('',*,*,#8886,.F.);
#8992=ORIENTED_EDGE('',*,*,#8919,.F.);
#8993=ORIENTED_EDGE('',*,*,#8952,.F.);
#8994=ORIENTED_EDGE('',*,*,#8976,.F.);
#8995=EDGE_LOOP('',(#8987,#8988,#8989,#8990,#8991,#8992,#8993,#8994));
#8996=FACE_BOUND('',#8995,.T.);
#8997=ADVANCED_FACE('',(#8996),#8986,.T.);
#8998=CARTESIAN_POINT('',(125.,-5.,-75.));
#8999=DIRECTION('',(0.,-1.,0.));
#9000=DIRECTION('',(0.,0.,-1.));
#9001=AXIS2_PLACEMENT_3D('',#8998,#8999,#9000);
#9002=PLANE('',#9001);
#9003=ORIENTED_EDGE('',*,*,#8733,.T.);
#9004=ORIENTED_EDGE('',*,*,#8969,.T.);
#9005=ORIENTED_EDGE('',*,*,#8938,.T.);
#9006=ORIENTED_EDGE('',*,*,#8905,.T.);
#9007=ORIENTED_EDGE('',*,*,#8872,.T.);
#9008=ORIENTED_EDGE('',*,*,#8839,.T.);
#9009=ORIENTED_EDGE('',*,*,#8806,.T.);
#9010=ORIENTED_EDGE('',*,*,#8773,.T.);
#9011=EDGE_LOOP('',(#9003,#9004,#9005,#9006,#9007,#9008,#9009,#9010));
#9012=FACE_BOUND('',#9011,.T.);
#9013=ADVANCED_FACE('',(#9012),#9002,.F.);
#9014=CLOSED_SHELL('',(#8759,#8792,#8825,#8858,#8891,#8924,#8957,#8981,#8997,#9013));
#9015=MANIFOLD_SOLID_BREP('Extruded.014',#9014);
#8717=STYLED_ITEM('',(),#9015);
#9017=CARTESIAN_POINT('',(191.689852357,-10.,-95.955805298));
#9018=CARTESIAN_POINT('',(191.689852357,-5.,-95.955805298));
#9019=CARTESIAN_POINT('',(192.487869537,-10.,-97.308001074));
#9020=CARTESIAN_POINT('',(192.487869537,-5.,-97.308001074));
#9021=CARTESIAN_POINT('',(192.798209551,-10.,-99.037038297));
#9022=CARTESIAN_POINT('',(192.798209551,-5.,-99.037038297));
#9023=B_SPLINE_SURFACE_WITH_KNOTS('',2,1,((#9017,#9018),(#9019,#9020),(#9021,#9022)),.UNSPECIFIED.,.F.,.F.,.U.,(3,3),(2,2),(0.,1.),(0.,1.),.UNSPECIFIED.);
#9024=CARTESIAN_POINT('',(191.689852357,-5.,-95.955805298));
#9025=VERTEX_POINT('',#9024);
#9026=CARTESIAN_POINT('',(192.798209551,-5.,-99.037038297));
#9027=VERTEX_POINT('',#9026);
#9028=CARTESIAN_POINT('',(191.689852357,-5.,-95.955805298));
#9029=CARTESIAN_POINT('',(192.487869537,-5.,-97.308001074));
#9030=CARTESIAN_POINT('',(192.798209551,-5.,-99.037038297));
#9031=B_SPLINE_CURVE_WITH_KNOTS('',2,(#9028,#9029,#9030),.UNSPECIFIED.,.F.,.F.,(3,3),(0.,1.),.UNSPECIFIED.);
#9032=EDGE_CURVE('',#9025,#9027,#9031,.T.);
#9033=ORIENTED_EDGE('',*,*,#9032,.F.);
#9034=CARTESIAN_POINT('',(191.689852357,-10.,-95.955805298));
#9035=VERTEX_POINT('',#9034);
#9036=CARTESIAN_POINT('',(191.689852357,-10.,-95.955805298));
#9037=DIRECTION('',(0.,1.,0.));
#9038=VECTOR('',#9037,5.);
#9039=LINE('',#9036,#9038);
#9040=EDGE_CURVE('',#9035,#9025,#9039,.T.);
#9041=ORIENTED_EDGE('',*,*,#9040,.F.);
#9042=CARTESIAN_POINT('',(192.798209551,-10.,-99.037038297));
#9043=VERTEX_POINT('',#9042);
#9044=CARTESIAN_POINT('',(191.689852357,-10.,-95.955805298));
#9045=CARTESIAN_POINT('',(192.487869537,-10.,-97.308001074));
#9046=CARTESIAN_POINT('',(192.798209551,-10.,-99.037038297));
#9047=B_SPLINE_CURVE_WITH_KNOTS('',2,(#9044,#9045,#9046),.UNSPECIFIED.,.F.,.F.,(3,3),(0.,1.),.UNSPECIFIED.);
#9048=EDGE_CURVE('',#9035,#9043,#9047,.T.);
#9049=ORIENTED_EDGE('',*,*,#9048,.T.);
#9050=CARTESIAN_POINT('',(192.798209551,-10.,-99.037038297));
#9051=DIRECTION('',(0.,1.,0.));
#9052=VECTOR('',#9051,5.);
#9053=LINE('',#9050,#9052);
#9054=EDGE_CURVE('',#9043,#9027,#9053,.T.);
#9055=ORIENTED_EDGE('',*,*,#9054,.T.);
#9056=EDGE_LOOP('',(#9033,#9041,#9049,#9055));
#9057=FACE_BOUND('',#9056,.T.);
#9058=ADVANCED_FACE('',(#9057),#9023,.T.);
#9059=CARTESIAN_POINT('',(189.672642264,-10.,-93.650422334));
#9060=CARTESIAN_POINT('',(189.672642264,-5.,-93.650422334));
#9061=CARTESIAN_POINT('',(190.869668034,-10.,-94.603609521));
#9062=CARTESIAN_POINT('',(190.869668034,-5.,-94.603609521));
#9063=CARTESIAN_POINT('',(191.689852357,-10.,-95.955805298));
#9064=CARTESIAN_POINT('',(191.689852357,-5.,-95.955805298));
#9065=B_SPLINE_SURFACE_WITH_KNOTS('',2,1,((#9059,#9060),(#9061,#9062),(#9063,#9064)),.UNSPECIFIED.,.F.,.F.,.U.,(3,3),(2,2),(0.,1.),(0.,1.),.UNSPECIFIED.);
#9066=CARTESIAN_POINT('',(189.672642264,-5.,-93.650422334));
#9067=VERTEX_POINT('',#9066);
#9068=CARTESIAN_POINT('',(189.672642264,-5.,-93.650422334));
#9069=CARTESIAN_POINT('',(190.869668034,-5.,-94.603609521));
#9070=CARTESIAN_POINT('',(191.689852357,-5.,-95.955805298));
#9071=B_SPLINE_CURVE_WITH_KNOTS('',2,(#9068,#9069,#9070),.UNSPECIFIED.,.F.,.F.,(3,3),(0.,1.),.UNSPECIFIED.);
#9072=EDGE_CURVE('',#9067,#9025,#9071,.T.);
#9073=ORIENTED_EDGE('',*,*,#9072,.F.);
#9074=CARTESIAN_POINT('',(189.672642264,-10.,-93.650422334));
#9075=VERTEX_POINT('',#9074);
#9076=CARTESIAN_POINT('',(189.672642264,-10.,-93.650422334));
#9077=DIRECTION('',(0.,1.,0.));
#9078=VECTOR('',#9077,5.);
#9079=LINE('',#9076,#9078);
#9080=EDGE_CURVE('',#9075,#9067,#9079,.T.);
#9081=ORIENTED_EDGE('',*,*,#9080,.F.);
#9082=CARTESIAN_POINT('',(189.672642264,-10.,-93.650422334));
#9083=CARTESIAN_POINT('',(190.869668034,-10.,-94.603609521));
#9084=CARTESIAN_POINT('',(191.689852357,-10.,-95.955805298));
#9085=B_SPLINE_CURVE_WITH_KNOTS('',2,(#9082,#9083,#9084),.UNSPECIFIED.,.F.,.F.,(3,3),(0.,1.),.UNSPECIFIED.);
#9086=EDGE_CURVE('',#9075,#9035,#9085,.T.);
#9087=ORIENTED_EDGE('',*,*,#9086,.T.);
#9088=ORIENTED_EDGE('',*,*,#9040,.T.);
#9089=EDGE_LOOP('',(#9073,#9081,#9087,#9088));
#9090=FACE_BOUND('',#9089,.T.);
#9091=ADVANCED_FACE('',(#9090),#9065,.T.);
#9092=CARTESIAN_POINT('',(186.968250711,-10.,-92.209557982));
#9093=CARTESIAN_POINT('',(186.968250711,-5.,-92.209557982));
#9094=CARTESIAN_POINT('',(188.475616495,-10.,-92.697235148));
#9095=CARTESIAN_POINT('',(188.475616495,-5.,-92.697235148));
#9096=CARTESIAN_POINT('',(189.672642264,-10.,-93.650422334));
#9097=CARTESIAN_POINT('',(189.672642264,-5.,-93.650422334));
#9098=B_SPLINE_SURFACE_WITH_KNOTS('',2,1,((#9092,#9093),(#9094,#9095),(#9096,#9097)),.UNSPECIFIED.,.F.,.F.,.U.,(3,3),(2,2),(0.,1.),(0.,1.),.UNSPECIFIED.);
#9099=CARTESIAN_POINT('',(186.968250711,-5.,-92.209557982));
#9100=VERTEX_POINT('',#9099);
#9101=CARTESIAN_POINT('',(186.968250711,-5.,-92.209557982));
#9102=CARTESIAN_POINT('',(188.475616495,-5.,-92.697235148));
#9103=CARTESIAN_POINT('',(189.672642264,-5.,-93.650422334));
#9104=B_SPLINE_CURVE_WITH_KNOTS('',2,(#9101,#9102,#9103),.UNSPECIFIED.,.F.,.F.,(3,3),(0.,1.),.UNSPECIFIED.);
#9105=EDGE_CURVE('',#9100,#9067,#9104,.T.);
#9106=ORIENTED_EDGE('',*,*,#9105,.F.);
#9107=CARTESIAN_POINT('',(186.968250711,-10.,-92.209557982));
#9108=VERTEX_POINT('',#9107);
#9109=CARTESIAN_POINT('',(186.968250711,-10.,-92.209557982));
#9110=DIRECTION('',(0.,1.,0.));
#9111=VECTOR('',#9110,5.);
#9112=LINE('',#9109,#9111);
#9113=EDGE_CURVE('',#9108,#9100,#9112,.T.);
#9114=ORIENTED_EDGE('',*,*,#9113,.F.);
#9115=CARTESIAN_POINT('',(186.968250711,-10.,-92.209557982));
#9116=CARTESIAN_POINT('',(188.475616495,-10.,-92.697235148));
#9117=CARTESIAN_POINT('',(189.672642264,-10.,-93.650422334));
#9118=B_SPLINE_CURVE_WITH_KNOTS('',2,(#9115,#9116,#9117),.UNSPECIFIED.,.F.,.F.,(3,3),(0.,1.),.UNSPECIFIED.);
#9119=EDGE_CURVE('',#9108,#9075,#9118,.T.);
#9120=ORIENTED_EDGE('',*,*,#9119,.T.);
#9121=ORIENTED_EDGE('',*,*,#9080,.T.);
#9122=EDGE_LOOP('',(#9106,#9114,#9120,#9121));
#9123=FACE_BOUND('',#9122,.T.);
#9124=ADVANCED_FACE('',(#9123),#9098,.T.);
#9125=CARTESIAN_POINT('',(183.798349137,-10.,-91.721880817));
#9126=CARTESIAN_POINT('',(183.798349137,-5.,-91.721880817));
#9127=CARTESIAN_POINT('',(185.483052071,-10.,-91.721880817));
#9128=CARTESIAN_POINT('',(185.483052071,-5.,-91.721880817));
#9129=CARTESIAN_POINT('',(186.968250711,-10.,-92.209557982));
#9130=CARTESIAN_POINT('',(186.968250711,-5.,-92.209557982));
#9131=B_SPLINE_SURFACE_WITH_KNOTS('',2,1,((#9125,#9126),(#9127,#9128),(#9129,#9130)),.UNSPECIFIED.,.F.,.F.,.U.,(3,3),(2,2),(0.,1.),(0.,1.),.UNSPECIFIED.);
#9132=CARTESIAN_POINT('',(183.798349137,-5.,-91.721880817));
#9133=VERTEX_POINT('',#9132);
#9134=CARTESIAN_POINT('',(183.798349137,-5.,-91.721880817));
#9135=CARTESIAN_POINT('',(185.483052071,-5.,-91.721880817));
#9136=CARTESIAN_POINT('',(186.968250711,-5.,-92.209557982));
#9137=B_SPLINE_CURVE_WITH_KNOTS('',2,(#9134,#9135,#9136),.UNSPECIFIED.,.F.,.F.,(3,3),(0.,1.),.UNSPECIFIED.);
#9138=EDGE_CURVE('',#9133,#9100,#9137,.T.);
#9139=ORIENTED_EDGE('',*,*,#9138,.F.);
#9140=CARTESIAN_POINT('',(183.798349137,-10.,-91.721880817));
#9141=VERTEX_POINT('',#9140);
#9142=CARTESIAN_POINT('',(183.798349137,-10.,-91.721880817));
#9143=DIRECTION('',(0.,1.,0.));
#9144=VECTOR('',#9143,5.);
#9145=LINE('',#9142,#9144);
#9146=EDGE_CURVE('',#9141,#9133,#9145,.T.);
#9147=ORIENTED_EDGE('',*,*,#9146,.F.);
#9148=CARTESIAN_POINT('',(183.798349137,-10.,-91.721880817));
#9149=CARTESIAN_POINT('',(185.483052071,-10.,-91.721880817));
#9150=CARTESIAN_POINT('',(186.968250711,-10.,-92.209557982));
#9151=B_SPLINE_CURVE_WITH_KNOTS('',2,(#9148,#9149,#9150),.UNSPECIFIED.,.F.,.F.,(3,3),(0.,1.),.UNSPECIFIED.);
#9152=EDGE_CURVE('',#9141,#9108,#9151,.T.);
#9153=ORIENTED_EDGE('',*,*,#9152,.T.);
#9154=ORIENTED_EDGE('',*,*,#9113,.T.);
#9155=EDGE_LOOP('',(#9139,#9147,#9153,#9154));
#9156=FACE_BOUND('',#9155,.T.);
#9157=ADVANCED_FACE('',(#9156),#9131,.T.);
#9158=CARTESIAN_POINT('',(178.699906045,-10.,-93.118410881));
#9159=CARTESIAN_POINT('',(178.699906045,-5.,-93.118410881));
#9160=CARTESIAN_POINT('',(180.938787576,-10.,-91.721880817));
#9161=CARTESIAN_POINT('',(180.938787576,-5.,-91.721880817));
#9162=CARTESIAN_POINT('',(183.798349137,-10.,-91.721880817));
#9163=CARTESIAN_POINT('',(183.798349137,-5.,-91.721880817));
#9164=B_SPLINE_SURFACE_WITH_KNOTS('',2,1,((#9158,#9159),(#9160,#9161),(#9162,#9163)),.UNSPECIFIED.,.F.,.F.,.U.,(3,3),(2,2),(0.,1.),(0.,1.),.UNSPECIFIED.);
#9165=CARTESIAN_POINT('',(178.699906045,-5.,-93.118410881));
#9166=VERTEX_POINT('',#9165);
#9167=CARTESIAN_POINT('',(178.699906045,-5.,-93.118410881));
#9168=CARTESIAN_POINT('',(180.938787576,-5.,-91.721880817));
#9169=CARTESIAN_POINT('',(183.798349137,-5.,-91.721880817));
#9170=B_SPLINE_CURVE_WITH_KNOTS('',2,(#9167,#9168,#9169),.UNSPECIFIED.,.F.,.F.,(3,3),(0.,1.),.UNSPECIFIED.);
#9171=EDGE_CURVE('',#9166,#9133,#9170,.T.);
#9172=ORIENTED_EDGE('',*,*,#9171,.F.);
#9173=CARTESIAN_POINT('',(178.699906045,-10.,-93.118410881));
#9174=VERTEX_POINT('',#9173);
#9175=CARTESIAN_POINT('',(178.699906045,-10.,-93.118410881));
#9176=DIRECTION('',(0.,1.,0.));
#9177=VECTOR('',#9176,5.);
#9178=LINE('',#9175,#9177);
#9179=EDGE_CURVE('',#9174,#9166,#9178,.T.);
#9180=ORIENTED_EDGE('',*,*,#9179,.F.);
#9181=CARTESIAN_POINT('',(178.699906045,-10.,-93.118410881));
#9182=CARTESIAN_POINT('',(180.938787576,-10.,-91.721880817));
#9183=CARTESIAN_POINT('',(183.798349137,-10.,-91.721880817));
#9184=B_SPLINE_CURVE_WITH_KNOTS('',2,(#9181,#9182,#9183),.UNSPECIFIED.,.F.,.F.,(3,3),(0.,1.),.UNSPECIFIED.);
#9185=EDGE_CURVE('',#9174,#9141,#9184,.T.);
#9186=ORIENTED_EDGE('',*,*,#9185,.T.);
#9187=ORIENTED_EDGE('',*,*,#9146,.T.);
#9188=EDGE_LOOP('',(#9172,#9180,#9186,#9187));
#9189=FACE_BOUND('',#9188,.T.);
#9190=ADVANCED_FACE('',(#9189),#9164,.T.);
#9191=CARTESIAN_POINT('',(175.197497312,-10.,-97.108496779));
#9192=CARTESIAN_POINT('',(175.197497312,-5.,-97.108496779));
#9193=CARTESIAN_POINT('',(176.461024513,-10.,-94.514940946));
#9194=CARTESIAN_POINT('',(176.461024513,-5.,-94.514940946));
#9195=CARTESIAN_POINT('',(178.699906045,-10.,-93.118410881));
#9196=CARTESIAN_POINT('',(178.699906045,-5.,-93.118410881));
#9197=B_SPLINE_SURFACE_WITH_KNOTS('',2,1,((#9191,#9192),(#9193,#9194),(#9195,#9196)),.UNSPECIFIED.,.F.,.F.,.U.,(3,3),(2,2),(0.,1.),(0.,1.),.UNSPECIFIED.);
#9198=CARTESIAN_POINT('',(175.197497312,-5.,-97.108496779));
#9199=VERTEX_POINT('',#9198);
#9200=CARTESIAN_POINT('',(175.197497312,-5.,-97.108496779));
#9201=CARTESIAN_POINT('',(176.461024513,-5.,-94.514940946));
#9202=CARTESIAN_POINT('',(178.699906045,-5.,-93.118410881));
#9203=B_SPLINE_CURVE_WITH_KNOTS('',2,(#9200,#9201,#9202),.UNSPECIFIED.,.F.,.F.,(3,3),(0.,1.),.UNSPECIFIED.);
#9204=EDGE_CURVE('',#9199,#9166,#9203,.T.);
#9205=ORIENTED_EDGE('',*,*,#9204,.F.);
#9206=CARTESIAN_POINT('',(175.197497312,-10.,-97.108496779));
#9207=VERTEX_POINT('',#9206);
#9208=CARTESIAN_POINT('',(175.197497312,-10.,-97.108496779));
#9209=DIRECTION('',(0.,1.,0.));
#9210=VECTOR('',#9209,5.);
#9211=LINE('',#9208,#9210);
#9212=EDGE_CURVE('',#9207,#9199,#9211,.T.);
#9213=ORIENTED_EDGE('',*,*,#9212,.F.);
#9214=CARTESIAN_POINT('',(175.197497312,-10.,-97.108496779));
#9215=CARTESIAN_POINT('',(176.461024513,-10.,-94.514940946));
#9216=CARTESIAN_POINT('',(178.699906045,-10.,-93.118410881));
#9217=B_SPLINE_CURVE_WITH_KNOTS('',2,(#9214,#9215,#9216),.UNSPECIFIED.,.F.,.F.,(3,3),(0.,1.),.UNSPECIFIED.);
#9218=EDGE_CURVE('',#9207,#9174,#9217,.T.);
#9219=ORIENTED_EDGE('',*,*,#9218,.T.);
#9220=ORIENTED_EDGE('',*,*,#9179,.T.);
#9221=EDGE_LOOP('',(#9205,#9213,#9219,#9220));
#9222=FACE_BOUND('',#9221,.T.);
#9223=ADVANCED_FACE('',(#9222),#9197,.T.);
#9224=CARTESIAN_POINT('',(173.911802967,-10.,-103.22662849));
#9225=CARTESIAN_POINT('',(173.911802967,-5.,-103.22662849));
#9226=CARTESIAN_POINT('',(173.911802967,-10.,-99.679885469));
#9227=CARTESIAN_POINT('',(173.911802967,-5.,-99.679885469));
#9228=CARTESIAN_POINT('',(175.197497312,-10.,-97.108496779));
#9229=CARTESIAN_POINT('',(175.197497312,-5.,-97.108496779));
#9230=B_SPLINE_SURFACE_WITH_KNOTS('',2,1,((#9224,#9225),(#9226,#9227),(#9228,#9229)),.UNSPECIFIED.,.F.,.F.,.U.,(3,3),(2,2),(0.,1.),(0.,1.),.UNSPECIFIED.);
#9231=CARTESIAN_POINT('',(173.911802967,-5.,-103.22662849));
#9232=VERTEX_POINT('',#9231);
#9233=CARTESIAN_POINT('',(173.911802967,-5.,-103.22662849));
#9234=CARTESIAN_POINT('',(173.911802967,-5.,-99.679885469));
#9235=CARTESIAN_POINT('',(175.197497312,-5.,-97.108496779));
#9236=B_SPLINE_CURVE_WITH_KNOTS('',2,(#9233,#9234,#9235),.UNSPECIFIED.,.F.,.F.,(3,3),(0.,1.),.UNSPECIFIED.);
#9237=EDGE_CURVE('',#9232,#9199,#9236,.T.);
#9238=ORIENTED_EDGE('',*,*,#9237,.F.);
#9239=CARTESIAN_POINT('',(173.911802967,-10.,-103.22662849));
#9240=VERTEX_POINT('',#9239);
#9241=CARTESIAN_POINT('',(173.911802967,-10.,-103.22662849));
#9242=DIRECTION('',(0.,1.,0.));
#9243=VECTOR('',#9242,5.);
#9244=LINE('',#9241,#9243);
#9245=EDGE_CURVE('',#9240,#9232,#9244,.T.);
#9246=ORIENTED_EDGE('',*,*,#9245,.F.);
#9247=CARTESIAN_POINT('',(173.911802967,-10.,-103.22662849));
#9248=CARTESIAN_POINT('',(173.911802967,-10.,-99.679885469));
#9249=CARTESIAN_POINT('',(175.197497312,-10.,-97.108496779));
#9250=B_SPLINE_CURVE_WITH_KNOTS('',2,(#9247,#9248,#9249),.UNSPECIFIED.,.F.,.F.,(3,3),(0.,1.),.UNSPECIFIED.);
#9251=EDGE_CURVE('',#9240,#9207,#9250,.T.);
#9252=ORIENTED_EDGE('',*,*,#9251,.T.);
#9253=ORIENTED_EDGE('',*,*,#9212,.T.);
#9254=EDGE_LOOP('',(#9238,#9246,#9252,#9253));
#9255=FACE_BOUND('',#9254,.T.);
#9256=ADVANCED_FACE('',(#9255),#9230,.T.);
#9257=CARTESIAN_POINT('',(175.197497312,-10.,-109.3447602));
#9258=CARTESIAN_POINT('',(175.197497312,-5.,-109.3447602));
#9259=CARTESIAN_POINT('',(173.911802967,-10.,-106.77337151));
#9260=CARTESIAN_POINT('',(173.911802967,-5.,-106.77337151));
#9261=CARTESIAN_POINT('',(173.911802967,-10.,-103.22662849));
#9262=CARTESIAN_POINT('',(173.911802967,-5.,-103.22662849));
#9263=B_SPLINE_SURFACE_WITH_KNOTS('',2,1,((#9257,#9258),(#9259,#9260),(#9261,#9262)),.UNSPECIFIED.,.F.,.F.,.U.,(3,3),(2,2),(0.,1.),(0.,1.),.UNSPECIFIED.);
#9264=CARTESIAN_POINT('',(175.197497312,-5.,-109.3447602));
#9265=VERTEX_POINT('',#9264);
#9266=CARTESIAN_POINT('',(175.197497312,-5.,-109.3447602));
#9267=CARTESIAN_POINT('',(173.911802967,-5.,-106.77337151));
#9268=CARTESIAN_POINT('',(173.911802967,-5.,-103.22662849));
#9269=B_SPLINE_CURVE_WITH_KNOTS('',2,(#9266,#9267,#9268),.UNSPECIFIED.,.F.,.F.,(3,3),(0.,1.),.UNSPECIFIED.);
#9270=EDGE_CURVE('',#9265,#9232,#9269,.T.);
#9271=ORIENTED_EDGE('',*,*,#9270,.F.);
#9272=CARTESIAN_POINT('',(175.197497312,-10.,-109.3447602));
#9273=VERTEX_POINT('',#9272);
#9274=CARTESIAN_POINT('',(175.197497312,-10.,-109.3447602));
#9275=DIRECTION('',(0.,1.,0.));
#9276=VECTOR('',#9275,5.);
#9277=LINE('',#9274,#9276);
#9278=EDGE_CURVE('',#9273,#9265,#9277,.T.);
#9279=ORIENTED_EDGE('',*,*,#9278,.F.);
#9280=CARTESIAN_POINT('',(175.197497312,-10.,-109.3447602));
#9281=CARTESIAN_POINT('',(173.911802967,-10.,-106.77337151));
#9282=CARTESIAN_POINT('',(173.911802967,-10.,-103.22662849));
#9283=B_SPLINE_CURVE_WITH_KNOTS('',2,(#9280,#9281,#9282),.UNSPECIFIED.,.F.,.F.,(3,3),(0.,1.),.UNSPECIFIED.);
#9284=EDGE_CURVE('',#9273,#9240,#9283,.T.);
#9285=ORIENTED_EDGE('',*,*,#9284,.T.);
#9286=ORIENTED_EDGE('',*,*,#9245,.T.);
#9287=EDGE_LOOP('',(#9271,#9279,#9285,#9286));
#9288=FACE_BOUND('',#9287,.T.);
#9289=ADVANCED_FACE('',(#9288),#9263,.T.);
#9290=CARTESIAN_POINT('',(178.699906045,-10.,-113.334846098));
#9291=CARTESIAN_POINT('',(178.699906045,-5.,-113.334846098));
#9292=CARTESIAN_POINT('',(176.461024513,-10.,-111.938316034));
#9293=CARTESIAN_POINT('',(176.461024513,-5.,-111.938316034));
#9294=CARTESIAN_POINT('',(175.197497312,-10.,-109.3447602));
#9295=CARTESIAN_POINT('',(175.197497312,-5.,-109.3447602));
#9296=B_SPLINE_SURFACE_WITH_KNOTS('',2,1,((#9290,#9291),(#9292,#9293),(#9294,#9295)),.UNSPECIFIED.,.F.,.F.,.U.,(3,3),(2,2),(0.,1.),(0.,1.),.UNSPECIFIED.);
#9297=CARTESIAN_POINT('',(178.699906045,-5.,-113.334846098));
#9298=VERTEX_POINT('',#9297);
#9299=CARTESIAN_POINT('',(178.699906045,-5.,-113.334846098));
#9300=CARTESIAN_POINT('',(176.461024513,-5.,-111.938316034));
#9301=CARTESIAN_POINT('',(175.197497312,-5.,-109.3447602));
#9302=B_SPLINE_CURVE_WITH_KNOTS('',2,(#9299,#9300,#9301),.UNSPECIFIED.,.F.,.F.,(3,3),(0.,1.),.UNSPECIFIED.);
#9303=EDGE_CURVE('',#9298,#9265,#9302,.T.);
#9304=ORIENTED_EDGE('',*,*,#9303,.F.);
#9305=CARTESIAN_POINT('',(178.699906045,-10.,-113.334846098));
#9306=VERTEX_POINT('',#9305);
#9307=CARTESIAN_POINT('',(178.699906045,-10.,-113.334846098));
#9308=DIRECTION('',(0.,1.,0.));
#9309=VECTOR('',#9308,5.);
#9310=LINE('',#9307,#9309);
#9311=EDGE_CURVE('',#9306,#9298,#9310,.T.);
#9312=ORIENTED_EDGE('',*,*,#9311,.F.);
#9313=CARTESIAN_POINT('',(178.699906045,-10.,-113.334846098));
#9314=CARTESIAN_POINT('',(176.461024513,-10.,-111.938316034));
#9315=CARTESIAN_POINT('',(175.197497312,-10.,-109.3447602));
#9316=B_SPLINE_CURVE_WITH_KNOTS('',2,(#9313,#9314,#9315),.UNSPECIFIED.,.F.,.F.,(3,3),(0.,1.),.UNSPECIFIED.);
#9317=EDGE_CURVE('',#9306,#9273,#9316,.T.);
#9318=ORIENTED_EDGE('',*,*,#9317,.T.);
#9319=ORIENTED_EDGE('',*,*,#9278,.T.);
#9320=EDGE_LOOP('',(#9304,#9312,#9318,#9319));
#9321=FACE_BOUND('',#9320,.T.);
#9322=ADVANCED_FACE('',(#9321),#9296,.T.);
#9323=CARTESIAN_POINT('',(183.798349137,-10.,-114.731376162));
#9324=CARTESIAN_POINT('',(183.798349137,-5.,-114.731376162));
#9325=CARTESIAN_POINT('',(180.938787576,-10.,-114.731376162));
#9326=CARTESIAN_POINT('',(180.938787576,-5.,-114.731376162));
#9327=CARTESIAN_POINT('',(178.699906045,-10.,-113.334846098));
#9328=CARTESIAN_POINT('',(178.699906045,-5.,-113.334846098));
#9329=B_SPLINE_SURFACE_WITH_KNOTS('',2,1,((#9323,#9324),(#9325,#9326),(#9327,#9328)),.UNSPECIFIED.,.F.,.F.,.U.,(3,3),(2,2),(0.,1.),(0.,1.),.UNSPECIFIED.);
#9330=CARTESIAN_POINT('',(183.798349137,-5.,-114.731376162));
#9331=VERTEX_POINT('',#9330);
#9332=CARTESIAN_POINT('',(183.798349137,-5.,-114.731376162));
#9333=CARTESIAN_POINT('',(180.938787576,-5.,-114.731376162));
#9334=CARTESIAN_POINT('',(178.699906045,-5.,-113.334846098));
#9335=B_SPLINE_CURVE_WITH_KNOTS('',2,(#9332,#9333,#9334),.UNSPECIFIED.,.F.,.F.,(3,3),(0.,1.),.UNSPECIFIED.);
#9336=EDGE_CURVE('',#9331,#9298,#9335,.T.);
#9337=ORIENTED_EDGE('',*,*,#9336,.F.);
#9338=CARTESIAN_POINT('',(183.798349137,-10.,-114.731376162));
#9339=VERTEX_POINT('',#9338);
#9340=CARTESIAN_POINT('',(183.798349137,-10.,-114.731376162));
#9341=DIRECTION('',(0.,1.,0.));
#9342=VECTOR('',#9341,5.);
#9343=LINE('',#9340,#9342);
#9344=EDGE_CURVE('',#9339,#9331,#9343,.T.);
#9345=ORIENTED_EDGE('',*,*,#9344,.F.);
#9346=CARTESIAN_POINT('',(183.798349137,-10.,-114.731376162));
#9347=CARTESIAN_POINT('',(180.938787576,-10.,-114.731376162));
#9348=CARTESIAN_POINT('',(178.699906045,-10.,-113.334846098));
#9349=B_SPLINE_CURVE_WITH_KNOTS('',2,(#9346,#9347,#9348),.UNSPECIFIED.,.F.,.F.,(3,3),(0.,1.),.UNSPECIFIED.);
#9350=EDGE_CURVE('',#9339,#9306,#9349,.T.);
#9351=ORIENTED_EDGE('',*,*,#9350,.T.);
#9352=ORIENTED_EDGE('',*,*,#9311,.T.);
#9353=EDGE_LOOP('',(#9337,#9345,#9351,#9352));
#9354=FACE_BOUND('',#9353,.T.);
#9355=ADVANCED_FACE('',(#9354),#9329,.T.);
#9356=CARTESIAN_POINT('',(186.968250711,-10.,-114.243698997));
#9357=CARTESIAN_POINT('',(186.968250711,-5.,-114.243698997));
#9358=CARTESIAN_POINT('',(185.483052071,-10.,-114.731376162));
#9359=CARTESIAN_POINT('',(185.483052071,-5.,-114.731376162));
#9360=CARTESIAN_POINT('',(183.798349137,-10.,-114.731376162));
#9361=CARTESIAN_POINT('',(183.798349137,-5.,-114.731376162));
#9362=B_SPLINE_SURFACE_WITH_KNOTS('',2,1,((#9356,#9357),(#9358,#9359),(#9360,#9361)),.UNSPECIFIED.,.F.,.F.,.U.,(3,3),(2,2),(0.,1.),(0.,1.),.UNSPECIFIED.);
#9363=CARTESIAN_POINT('',(186.968250711,-5.,-114.243698997));
#9364=VERTEX_POINT('',#9363);
#9365=CARTESIAN_POINT('',(186.968250711,-5.,-114.243698997));
#9366=CARTESIAN_POINT('',(185.483052071,-5.,-114.731376162));
#9367=CARTESIAN_POINT('',(183.798349137,-5.,-114.731376162));
#9368=B_SPLINE_CURVE_WITH_KNOTS('',2,(#9365,#9366,#9367),.UNSPECIFIED.,.F.,.F.,(3,3),(0.,1.),.UNSPECIFIED.);
#9369=EDGE_CURVE('',#9364,#9331,#9368,.T.);
#9370=ORIENTED_EDGE('',*,*,#9369,.F.);
#9371=CARTESIAN_POINT('',(186.968250711,-10.,-114.243698997));
#9372=VERTEX_POINT('',#9371);
#9373=CARTESIAN_POINT('',(186.968250711,-10.,-114.243698997));
#9374=DIRECTION('',(0.,1.,0.));
#9375=VECTOR('',#9374,5.);
#9376=LINE('',#9373,#9375);
#9377=EDGE_CURVE('',#9372,#9364,#9376,.T.);
#9378=ORIENTED_EDGE('',*,*,#9377,.F.);
#9379=CARTESIAN_POINT('',(186.968250711,-10.,-114.243698997));
#9380=CARTESIAN_POINT('',(185.483052071,-10.,-114.731376162));
#9381=CARTESIAN_POINT('',(183.798349137,-10.,-114.731376162));
#9382=B_SPLINE_CURVE_WITH_KNOTS('',2,(#9379,#9380,#9381),.UNSPECIFIED.,.F.,.F.,(3,3),(0.,1.),.UNSPECIFIED.);
#9383=EDGE_CURVE('',#9372,#9339,#9382,.T.);
#9384=ORIENTED_EDGE('',*,*,#9383,.T.);
#9385=ORIENTED_EDGE('',*,*,#9344,.T.);
#9386=EDGE_LOOP('',(#9370,#9378,#9384,#9385));
#9387=FACE_BOUND('',#9386,.T.);
#9388=ADVANCED_FACE('',(#9387),#9362,.T.);
#9389=CARTESIAN_POINT('',(189.672642264,-10.,-112.802834645));
#9390=CARTESIAN_POINT('',(189.672642264,-5.,-112.802834645));
#9391=CARTESIAN_POINT('',(188.475616495,-10.,-113.733854688));
#9392=CARTESIAN_POINT('',(188.475616495,-5.,-113.733854688));
#9393=CARTESIAN_POINT('',(186.968250711,-10.,-114.243698997));
#9394=CARTESIAN_POINT('',(186.968250711,-5.,-114.243698997));
#9395=B_SPLINE_SURFACE_WITH_KNOTS('',2,1,((#9389,#9390),(#9391,#9392),(#9393,#9394)),.UNSPECIFIED.,.F.,.F.,.U.,(3,3),(2,2),(0.,1.),(0.,1.),.UNSPECIFIED.);
#9396=CARTESIAN_POINT('',(189.672642264,-5.,-112.802834645));
#9397=VERTEX_POINT('',#9396);
#9398=CARTESIAN_POINT('',(189.672642264,-5.,-112.802834645));
#9399=CARTESIAN_POINT('',(188.475616495,-5.,-113.733854688));
#9400=CARTESIAN_POINT('',(186.968250711,-5.,-114.243698997));
#9401=B_SPLINE_CURVE_WITH_KNOTS('',2,(#9398,#9399,#9400),.UNSPECIFIED.,.F.,.F.,(3,3),(0.,1.),.UNSPECIFIED.);
#9402=EDGE_CURVE('',#9397,#9364,#9401,.T.);
#9403=ORIENTED_EDGE('',*,*,#9402,.F.);
#9404=CARTESIAN_POINT('',(189.672642264,-10.,-112.802834645));
#9405=VERTEX_POINT('',#9404);
#9406=CARTESIAN_POINT('',(189.672642264,-10.,-112.802834645));
#9407=DIRECTION('',(0.,1.,0.));
#9408=VECTOR('',#9407,5.);
#9409=LINE('',#9406,#9408);
#9410=EDGE_CURVE('',#9405,#9397,#9409,.T.);
#9411=ORIENTED_EDGE('',*,*,#9410,.F.);
#9412=CARTESIAN_POINT('',(189.672642264,-10.,-112.802834645));
#9413=CARTESIAN_POINT('',(188.475616495,-10.,-113.733854688));
#9414=CARTESIAN_POINT('',(186.968250711,-10.,-114.243698997));
#9415=B_SPLINE_CURVE_WITH_KNOTS('',2,(#9412,#9413,#9414),.UNSPECIFIED.,.F.,.F.,(3,3),(0.,1.),.UNSPECIFIED.);
#9416=EDGE_CURVE('',#9405,#9372,#9415,.T.);
#9417=ORIENTED_EDGE('',*,*,#9416,.T.);
#9418=ORIENTED_EDGE('',*,*,#9377,.T.);
#9419=EDGE_LOOP('',(#9403,#9411,#9417,#9418));
#9420=FACE_BOUND('',#9419,.T.);
#9421=ADVANCED_FACE('',(#9420),#9395,.T.);
#9422=CARTESIAN_POINT('',(191.689852357,-10.,-110.497451682));
#9423=CARTESIAN_POINT('',(191.689852357,-5.,-110.497451682));
#9424=CARTESIAN_POINT('',(190.869668034,-10.,-111.849647458));
#9425=CARTESIAN_POINT('',(190.869668034,-5.,-111.849647458));
#9426=CARTESIAN_POINT('',(189.672642264,-10.,-112.802834645));
#9427=CARTESIAN_POINT('',(189.672642264,-5.,-112.802834645));
#9428=B_SPLINE_SURFACE_WITH_KNOTS('',2,1,((#9422,#9423),(#9424,#9425),(#9426,#9427)),.UNSPECIFIED.,.F.,.F.,.U.,(3,3),(2,2),(0.,1.),(0.,1.),.UNSPECIFIED.);
#9429=CARTESIAN_POINT('',(191.689852357,-5.,-110.497451682));
#9430=VERTEX_POINT('',#9429);
#9431=CARTESIAN_POINT('',(191.689852357,-5.,-110.497451682));
#9432=CARTESIAN_POINT('',(190.869668034,-5.,-111.849647458));
#9433=CARTESIAN_POINT('',(189.672642264,-5.,-112.802834645));
#9434=B_SPLINE_CURVE_WITH_KNOTS('',2,(#9431,#9432,#9433),.UNSPECIFIED.,.F.,.F.,(3,3),(0.,1.),.UNSPECIFIED.);
#9435=EDGE_CURVE('',#9430,#9397,#9434,.T.);
#9436=ORIENTED_EDGE('',*,*,#9435,.F.);
#9437=CARTESIAN_POINT('',(191.689852357,-10.,-110.497451682));
#9438=VERTEX_POINT('',#9437);
#9439=CARTESIAN_POINT('',(191.689852357,-10.,-110.497451682));
#9440=DIRECTION('',(0.,1.,0.));
#9441=VECTOR('',#9440,5.);
#9442=LINE('',#9439,#9441);
#9443=EDGE_CURVE('',#9438,#9430,#9442,.T.);
#9444=ORIENTED_EDGE('',*,*,#9443,.F.);
#9445=CARTESIAN_POINT('',(191.689852357,-10.,-110.497451682));
#9446=CARTESIAN_POINT('',(190.869668034,-10.,-111.849647458));
#9447=CARTESIAN_POINT('',(189.672642264,-10.,-112.802834645));
#9448=B_SPLINE_CURVE_WITH_KNOTS('',2,(#9445,#9446,#9447),.UNSPECIFIED.,.F.,.F.,(3,3),(0.,1.),.UNSPECIFIED.);
#9449=EDGE_CURVE('',#9438,#9405,#9448,.T.);
#9450=ORIENTED_EDGE('',*,*,#9449,.T.);
#9451=ORIENTED_EDGE('',*,*,#9410,.T.);
#9452=EDGE_LOOP('',(#9436,#9444,#9450,#9451));
#9453=FACE_BOUND('',#9452,.T.);
#9454=ADVANCED_FACE('',(#9453),#9428,.T.);
#9455=CARTESIAN_POINT('',(192.798209551,-10.,-107.416218683));
#9456=CARTESIAN_POINT('',(192.798209551,-5.,-107.416218683));
#9457=CARTESIAN_POINT('',(192.487869537,-10.,-109.145255905));
#9458=CARTESIAN_POINT('',(192.487869537,-5.,-109.145255905));
#9459=CARTESIAN_POINT('',(191.689852357,-10.,-110.497451682));
#9460=CARTESIAN_POINT('',(191.689852357,-5.,-110.497451682));
#9461=B_SPLINE_SURFACE_WITH_KNOTS('',2,1,((#9455,#9456),(#9457,#9458),(#9459,#9460)),.UNSPECIFIED.,.F.,.F.,.U.,(3,3),(2,2),(0.,1.),(0.,1.),.UNSPECIFIED.);
#9462=CARTESIAN_POINT('',(192.798209551,-5.,-107.416218683));
#9463=VERTEX_POINT('',#9462);
#9464=CARTESIAN_POINT('',(192.798209551,-5.,-107.416218683));
#9465=CARTESIAN_POINT('',(192.487869537,-5.,-109.145255905));
#9466=CARTESIAN_POINT('',(191.689852357,-5.,-110.497451682));
#9467=B_SPLINE_CURVE_WITH_KNOTS('',2,(#9464,#9465,#9466),.UNSPECIFIED.,.F.,.F.,(3,3),(0.,1.),.UNSPECIFIED.);
#9468=EDGE_CURVE('',#9463,#9430,#9467,.T.);
#9469=ORIENTED_EDGE('',*,*,#9468,.F.);
#9470=CARTESIAN_POINT('',(192.798209551,-10.,-107.416218683));
#9471=VERTEX_POINT('',#9470);
#9472=CARTESIAN_POINT('',(192.798209551,-10.,-107.416218683));
#9473=DIRECTION('',(0.,1.,0.));
#9474=VECTOR('',#9473,5.);
#9475=LINE('',#9472,#9474);
#9476=EDGE_CURVE('',#9471,#9463,#9475,.T.);
#9477=ORIENTED_EDGE('',*,*,#9476,.F.);
#9478=CARTESIAN_POINT('',(192.798209551,-10.,-107.416218683));
#9479=CARTESIAN_POINT('',(192.487869537,-10.,-109.145255905));
#9480=CARTESIAN_POINT('',(191.689852357,-10.,-110.497451682));
#9481=B_SPLINE_CURVE_WITH_KNOTS('',2,(#9478,#9479,#9480),.UNSPECIFIED.,.F.,.F.,(3,3),(0.,1.),.UNSPECIFIED.);
#9482=EDGE_CURVE('',#9471,#9438,#9481,.T.);
#9483=ORIENTED_EDGE('',*,*,#9482,.T.);
#9484=ORIENTED_EDGE('',*,*,#9443,.T.);
#9485=EDGE_LOOP('',(#9469,#9477,#9483,#9484));
#9486=FACE_BOUND('',#9485,.T.);
#9487=ADVANCED_FACE('',(#9486),#9461,.T.);
#9488=CARTESIAN_POINT('',(191.446013775,-10.,-107.416218683));
#9489=DIRECTION('',(0.,0.,1.));
#9490=DIRECTION('',(1.,0.,0.));
#9491=AXIS2_PLACEMENT_3D('',#9488,#9489,#9490);
#9492=PLANE('',#9491);
#9493=CARTESIAN_POINT('',(190.093817998,-5.,-107.416218683));
#9494=VERTEX_POINT('',#9493);
#9495=CARTESIAN_POINT('',(190.093817998,-5.,-107.416218683));
#9496=DIRECTION('',(1.,0.,-0.));
#9497=VECTOR('',#9496,2.704391553);
#9498=LINE('',#9495,#9497);
#9499=EDGE_CURVE('',#9494,#9463,#9498,.T.);
#9500=ORIENTED_EDGE('',*,*,#9499,.F.);
#9501=CARTESIAN_POINT('',(190.093817998,-10.,-107.416218683));
#9502=VERTEX_POINT('',#9501);
#9503=CARTESIAN_POINT('',(190.093817998,-10.,-107.416218683));
#9504=DIRECTION('',(0.,1.,0.));
#9505=VECTOR('',#9504,5.);
#9506=LINE('',#9503,#9505);
#9507=EDGE_CURVE('',#9502,#9494,#9506,.T.);
#9508=ORIENTED_EDGE('',*,*,#9507,.F.);
#9509=CARTESIAN_POINT('',(190.093817998,-10.,-107.416218683));
#9510=DIRECTION('',(1.,0.,-0.));
#9511=VECTOR('',#9510,2.704391553);
#9512=LINE('',#9509,#9511);
#9513=EDGE_CURVE('',#9502,#9471,#9512,.T.);
#9514=ORIENTED_EDGE('',*,*,#9513,.T.);
#9515=ORIENTED_EDGE('',*,*,#9476,.T.);
#9516=EDGE_LOOP('',(#9500,#9508,#9514,#9515));
#9517=FACE_BOUND('',#9516,.T.);
#9518=ADVANCED_FACE('',(#9517),#9492,.T.);
#9519=CARTESIAN_POINT('',(189.251466531,-10.,-109.477763063));
#9520=CARTESIAN_POINT('',(189.251466531,-5.,-109.477763063));
#9521=CARTESIAN_POINT('',(189.849979415,-10.,-108.591077308));
#9522=CARTESIAN_POINT('',(189.849979415,-5.,-108.591077308));
#9523=CARTESIAN_POINT('',(190.093817998,-10.,-107.416218683));
#9524=CARTESIAN_POINT('',(190.093817998,-5.,-107.416218683));
#9525=B_SPLINE_SURFACE_WITH_KNOTS('',2,1,((#9519,#9520),(#9521,#9522),(#9523,#9524)),.UNSPECIFIED.,.F.,.F.,.U.,(3,3),(2,2),(0.,1.),(0.,1.),.UNSPECIFIED.);
#9526=CARTESIAN_POINT('',(189.251466531,-5.,-109.477763063));
#9527=VERTEX_POINT('',#9526);
#9528=CARTESIAN_POINT('',(189.251466531,-5.,-109.477763063));
#9529=CARTESIAN_POINT('',(189.849979415,-5.,-108.591077308));
#9530=CARTESIAN_POINT('',(190.093817998,-5.,-107.416218683));
#9531=B_SPLINE_CURVE_WITH_KNOTS('',2,(#9528,#9529,#9530),.UNSPECIFIED.,.F.,.F.,(3,3),(0.,1.),.UNSPECIFIED.);
#9532=EDGE_CURVE('',#9527,#9494,#9531,.T.);
#9533=ORIENTED_EDGE('',*,*,#9532,.F.);
#9534=CARTESIAN_POINT('',(189.251466531,-10.,-109.477763063));
#9535=VERTEX_POINT('',#9534);
#9536=CARTESIAN_POINT('',(189.251466531,-10.,-109.477763063));
#9537=DIRECTION('',(0.,1.,0.));
#9538=VECTOR('',#9537,5.);
#9539=LINE('',#9536,#9538);
#9540=EDGE_CURVE('',#9535,#9527,#9539,.T.);
#9541=ORIENTED_EDGE('',*,*,#9540,.F.);
#9542=CARTESIAN_POINT('',(189.251466531,-10.,-109.477763063));
#9543=CARTESIAN_POINT('',(189.849979415,-10.,-108.591077308));
#9544=CARTESIAN_POINT('',(190.093817998,-10.,-107.416218683));
#9545=B_SPLINE_CURVE_WITH_KNOTS('',2,(#9542,#9543,#9544),.UNSPECIFIED.,.F.,.F.,(3,3),(0.,1.),.UNSPECIFIED.);
#9546=EDGE_CURVE('',#9535,#9502,#9545,.T.);
#9547=ORIENTED_EDGE('',*,*,#9546,.T.);
#9548=ORIENTED_EDGE('',*,*,#9507,.T.);
#9549=EDGE_LOOP('',(#9533,#9541,#9547,#9548));
#9550=FACE_BOUND('',#9549,.T.);
#9551=ADVANCED_FACE('',(#9550),#9525,.T.);
#9552=CARTESIAN_POINT('',(187.810602179,-10.,-110.962961703));
#9553=CARTESIAN_POINT('',(187.810602179,-5.,-110.962961703));
#9554=CARTESIAN_POINT('',(188.652953646,-10.,-110.364448818));
#9555=CARTESIAN_POINT('',(188.652953646,-5.,-110.364448818));
#9556=CARTESIAN_POINT('',(189.251466531,-10.,-109.477763063));
#9557=CARTESIAN_POINT('',(189.251466531,-5.,-109.477763063));
#9558=B_SPLINE_SURFACE_WITH_KNOTS('',2,1,((#9552,#9553),(#9554,#9555),(#9556,#9557)),.UNSPECIFIED.,.F.,.F.,.U.,(3,3),(2,2),(0.,1.),(0.,1.),.UNSPECIFIED.);
#9559=CARTESIAN_POINT('',(187.810602179,-5.,-110.962961703));
#9560=VERTEX_POINT('',#9559);
#9561=CARTESIAN_POINT('',(187.810602179,-5.,-110.962961703));
#9562=CARTESIAN_POINT('',(188.652953646,-5.,-110.364448818));
#9563=CARTESIAN_POINT('',(189.251466531,-5.,-109.477763063));
#9564=B_SPLINE_CURVE_WITH_KNOTS('',2,(#9561,#9562,#9563),.UNSPECIFIED.,.F.,.F.,(3,3),(0.,1.),.UNSPECIFIED.);
#9565=EDGE_CURVE('',#9560,#9527,#9564,.T.);
#9566=ORIENTED_EDGE('',*,*,#9565,.F.);
#9567=CARTESIAN_POINT('',(187.810602179,-10.,-110.962961703));
#9568=VERTEX_POINT('',#9567);
#9569=CARTESIAN_POINT('',(187.810602179,-10.,-110.962961703));
#9570=DIRECTION('',(0.,1.,0.));
#9571=VECTOR('',#9570,5.);
#9572=LINE('',#9569,#9571);
#9573=EDGE_CURVE('',#9568,#9560,#9572,.T.);
#9574=ORIENTED_EDGE('',*,*,#9573,.F.);
#9575=CARTESIAN_POINT('',(187.810602179,-10.,-110.962961703));
#9576=CARTESIAN_POINT('',(188.652953646,-10.,-110.364448818));
#9577=CARTESIAN_POINT('',(189.251466531,-10.,-109.477763063));
#9578=B_SPLINE_CURVE_WITH_KNOTS('',2,(#9575,#9576,#9577),.UNSPECIFIED.,.F.,.F.,(3,3),(0.,1.),.UNSPECIFIED.);
#9579=EDGE_CURVE('',#9568,#9535,#9578,.T.);
#9580=ORIENTED_EDGE('',*,*,#9579,.T.);
#9581=ORIENTED_EDGE('',*,*,#9540,.T.);
#9582=EDGE_LOOP('',(#9566,#9574,#9580,#9581));
#9583=FACE_BOUND('',#9582,.T.);
#9584=ADVANCED_FACE('',(#9583),#9558,.T.);
#9585=CARTESIAN_POINT('',(185.926394949,-10.,-111.893981746));
#9586=CARTESIAN_POINT('',(185.926394949,-5.,-111.893981746));
#9587=CARTESIAN_POINT('',(186.968250711,-10.,-111.583641732));
#9588=CARTESIAN_POINT('',(186.968250711,-5.,-111.583641732));
#9589=CARTESIAN_POINT('',(187.810602179,-10.,-110.962961703));
#9590=CARTESIAN_POINT('',(187.810602179,-5.,-110.962961703));
#9591=B_SPLINE_SURFACE_WITH_KNOTS('',2,1,((#9585,#9586),(#9587,#9588),(#9589,#9590)),.UNSPECIFIED.,.F.,.F.,.U.,(3,3),(2,2),(0.,1.),(0.,1.),.UNSPECIFIED.);
#9592=CARTESIAN_POINT('',(185.926394949,-5.,-111.893981746));
#9593=VERTEX_POINT('',#9592);
#9594=CARTESIAN_POINT('',(185.926394949,-5.,-111.893981746));
#9595=CARTESIAN_POINT('',(186.968250711,-5.,-111.583641732));
#9596=CARTESIAN_POINT('',(187.810602179,-5.,-110.962961703));
#9597=B_SPLINE_CURVE_WITH_KNOTS('',2,(#9594,#9595,#9596),.UNSPECIFIED.,.F.,.F.,(3,3),(0.,1.),.UNSPECIFIED.);
#9598=EDGE_CURVE('',#9593,#9560,#9597,.T.);
#9599=ORIENTED_EDGE('',*,*,#9598,.F.);
#9600=CARTESIAN_POINT('',(185.926394949,-10.,-111.893981746));
#9601=VERTEX_POINT('',#9600);
#9602=CARTESIAN_POINT('',(185.926394949,-10.,-111.893981746));
#9603=DIRECTION('',(0.,1.,0.));
#9604=VECTOR('',#9603,5.);
#9605=LINE('',#9602,#9604);
#9606=EDGE_CURVE('',#9601,#9593,#9605,.T.);
#9607=ORIENTED_EDGE('',*,*,#9606,.F.);
#9608=CARTESIAN_POINT('',(185.926394949,-10.,-111.893981746));
#9609=CARTESIAN_POINT('',(186.968250711,-10.,-111.583641732));
#9610=CARTESIAN_POINT('',(187.810602179,-10.,-110.962961703));
#9611=B_SPLINE_CURVE_WITH_KNOTS('',2,(#9608,#9609,#9610),.UNSPECIFIED.,.F.,.F.,(3,3),(0.,1.),.UNSPECIFIED.);
#9612=EDGE_CURVE('',#9601,#9568,#9611,.T.);
#9613=ORIENTED_EDGE('',*,*,#9612,.T.);
#9614=ORIENTED_EDGE('',*,*,#9573,.T.);
#9615=EDGE_LOOP('',(#9599,#9607,#9613,#9614));
#9616=FACE_BOUND('',#9615,.T.);
#9617=ADVANCED_FACE('',(#9616),#9591,.T.);
#9618=CARTESIAN_POINT('',(183.798349137,-10.,-112.182154616));
#9619=CARTESIAN_POINT('',(183.798349137,-5.,-112.182154616));
#9620=CARTESIAN_POINT('',(184.906706331,-10.,-112.182154616));
#9621=CARTESIAN_POINT('',(184.906706331,-5.,-112.182154616));
#9622=CARTESIAN_POINT('',(185.926394949,-10.,-111.893981746));
#9623=CARTESIAN_POINT('',(185.926394949,-5.,-111.893981746));
#9624=B_SPLINE_SURFACE_WITH_KNOTS('',2,1,((#9618,#9619),(#9620,#9621),(#9622,#9623)),.UNSPECIFIED.,.F.,.F.,.U.,(3,3),(2,2),(0.,1.),(0.,1.),.UNSPECIFIED.);
#9625=CARTESIAN_POINT('',(183.798349137,-5.,-112.182154616));
#9626=VERTEX_POINT('',#9625);
#9627=CARTESIAN_POINT('',(183.798349137,-5.,-112.182154616));
#9628=CARTESIAN_POINT('',(184.906706331,-5.,-112.182154616));
#9629=CARTESIAN_POINT('',(185.926394949,-5.,-111.893981746));
#9630=B_SPLINE_CURVE_WITH_KNOTS('',2,(#9627,#9628,#9629),.UNSPECIFIED.,.F.,.F.,(3,3),(0.,1.),.UNSPECIFIED.);
#9631=EDGE_CURVE('',#9626,#9593,#9630,.T.);
#9632=ORIENTED_EDGE('',*,*,#9631,.F.);
#9633=CARTESIAN_POINT('',(183.798349137,-10.,-112.182154616));
#9634=VERTEX_POINT('',#9633);
#9635=CARTESIAN_POINT('',(183.798349137,-10.,-112.182154616));
#9636=DIRECTION('',(0.,1.,0.));
#9637=VECTOR('',#9636,5.);
#9638=LINE('',#9635,#9637);
#9639=EDGE_CURVE('',#9634,#9626,#9638,.T.);
#9640=ORIENTED_EDGE('',*,*,#9639,.F.);
#9641=CARTESIAN_POINT('',(183.798349137,-10.,-112.182154616));
#9642=CARTESIAN_POINT('',(184.906706331,-10.,-112.182154616));
#9643=CARTESIAN_POINT('',(185.926394949,-10.,-111.893981746));
#9644=B_SPLINE_CURVE_WITH_KNOTS('',2,(#9641,#9642,#9643),.UNSPECIFIED.,.F.,.F.,(3,3),(0.,1.),.UNSPECIFIED.);
#9645=EDGE_CURVE('',#9634,#9601,#9644,.T.);
#9646=ORIENTED_EDGE('',*,*,#9645,.T.);
#9647=ORIENTED_EDGE('',*,*,#9606,.T.);
#9648=EDGE_LOOP('',(#9632,#9640,#9646,#9647));
#9649=FACE_BOUND('',#9648,.T.);
#9650=ADVANCED_FACE('',(#9649),#9624,.T.);
#9651=CARTESIAN_POINT('',(180.118603253,-10.,-111.162465998));
#9652=CARTESIAN_POINT('',(180.118603253,-5.,-111.162465998));
#9653=CARTESIAN_POINT('',(181.7589719,-10.,-112.182154616));
#9654=CARTESIAN_POINT('',(181.7589719,-5.,-112.182154616));
#9655=CARTESIAN_POINT('',(183.798349137,-10.,-112.182154616));
#9656=CARTESIAN_POINT('',(183.798349137,-5.,-112.182154616));
#9657=B_SPLINE_SURFACE_WITH_KNOTS('',2,1,((#9651,#9652),(#9653,#9654),(#9655,#9656)),.UNSPECIFIED.,.F.,.F.,.U.,(3,3),(2,2),(0.,1.),(0.,1.),.UNSPECIFIED.);
#9658=CARTESIAN_POINT('',(180.118603253,-5.,-111.162465998));
#9659=VERTEX_POINT('',#9658);
#9660=CARTESIAN_POINT('',(180.118603253,-5.,-111.162465998));
#9661=CARTESIAN_POINT('',(181.7589719,-5.,-112.182154616));
#9662=CARTESIAN_POINT('',(183.798349137,-5.,-112.182154616));
#9663=B_SPLINE_CURVE_WITH_KNOTS('',2,(#9660,#9661,#9662),.UNSPECIFIED.,.F.,.F.,(3,3),(0.,1.),.UNSPECIFIED.);
#9664=EDGE_CURVE('',#9659,#9626,#9663,.T.);
#9665=ORIENTED_EDGE('',*,*,#9664,.F.);
#9666=CARTESIAN_POINT('',(180.118603253,-10.,-111.162465998));
#9667=VERTEX_POINT('',#9666);
#9668=CARTESIAN_POINT('',(180.118603253,-10.,-111.162465998));
#9669=DIRECTION('',(0.,1.,0.));
#9670=VECTOR('',#9669,5.);
#9671=LINE('',#9668,#9670);
#9672=EDGE_CURVE('',#9667,#9659,#9671,.T.);
#9673=ORIENTED_EDGE('',*,*,#9672,.F.);
#9674=CARTESIAN_POINT('',(180.118603253,-10.,-111.162465998));
#9675=CARTESIAN_POINT('',(181.7589719,-10.,-112.182154616));
#9676=CARTESIAN_POINT('',(183.798349137,-10.,-112.182154616));
#9677=B_SPLINE_CURVE_WITH_KNOTS('',2,(#9674,#9675,#9676),.UNSPECIFIED.,.F.,.F.,(3,3),(0.,1.),.UNSPECIFIED.);
#9678=EDGE_CURVE('',#9667,#9634,#9677,.T.);
#9679=ORIENTED_EDGE('',*,*,#9678,.T.);
#9680=ORIENTED_EDGE('',*,*,#9639,.T.);
#9681=EDGE_LOOP('',(#9665,#9673,#9679,#9680));
#9682=FACE_BOUND('',#9681,.T.);
#9683=ADVANCED_FACE('',(#9682),#9657,.T.);
#9684=CARTESIAN_POINT('',(177.502880275,-10.,-108.125567287));
#9685=CARTESIAN_POINT('',(177.502880275,-5.,-108.125567287));
#9686=CARTESIAN_POINT('',(178.478234606,-10.,-110.14277738));
#9687=CARTESIAN_POINT('',(178.478234606,-5.,-110.14277738));
#9688=CARTESIAN_POINT('',(180.118603253,-10.,-111.162465998));
#9689=CARTESIAN_POINT('',(180.118603253,-5.,-111.162465998));
#9690=B_SPLINE_SURFACE_WITH_KNOTS('',2,1,((#9684,#9685),(#9686,#9687),(#9688,#9689)),.UNSPECIFIED.,.F.,.F.,.U.,(3,3),(2,2),(0.,1.),(0.,1.),.UNSPECIFIED.);
#9691=CARTESIAN_POINT('',(177.502880275,-5.,-108.125567287));
#9692=VERTEX_POINT('',#9691);
#9693=CARTESIAN_POINT('',(177.502880275,-5.,-108.125567287));
#9694=CARTESIAN_POINT('',(178.478234606,-5.,-110.14277738));
#9695=CARTESIAN_POINT('',(180.118603253,-5.,-111.162465998));
#9696=B_SPLINE_CURVE_WITH_KNOTS('',2,(#9693,#9694,#9695),.UNSPECIFIED.,.F.,.F.,(3,3),(0.,1.),.UNSPECIFIED.);
#9697=EDGE_CURVE('',#9692,#9659,#9696,.T.);
#9698=ORIENTED_EDGE('',*,*,#9697,.F.);
#9699=CARTESIAN_POINT('',(177.502880275,-10.,-108.125567287));
#9700=VERTEX_POINT('',#9699);
#9701=CARTESIAN_POINT('',(177.502880275,-10.,-108.125567287));
#9702=DIRECTION('',(0.,1.,0.));
#9703=VECTOR('',#9702,5.);
#9704=LINE('',#9701,#9703);
#9705=EDGE_CURVE('',#9700,#9692,#9704,.T.);
#9706=ORIENTED_EDGE('',*,*,#9705,.F.);
#9707=CARTESIAN_POINT('',(177.502880275,-10.,-108.125567287));
#9708=CARTESIAN_POINT('',(178.478234606,-10.,-110.14277738));
#9709=CARTESIAN_POINT('',(180.118603253,-10.,-111.162465998));
#9710=B_SPLINE_CURVE_WITH_KNOTS('',2,(#9707,#9708,#9709),.UNSPECIFIED.,.F.,.F.,(3,3),(0.,1.),.UNSPECIFIED.);
#9711=EDGE_CURVE('',#9700,#9667,#9710,.T.);
#9712=ORIENTED_EDGE('',*,*,#9711,.T.);
#9713=ORIENTED_EDGE('',*,*,#9672,.T.);
#9714=EDGE_LOOP('',(#9698,#9706,#9712,#9713));
#9715=FACE_BOUND('',#9714,.T.);
#9716=ADVANCED_FACE('',(#9715),#9690,.T.);
#9717=CARTESIAN_POINT('',(176.527525945,-10.,-103.22662849));
#9718=CARTESIAN_POINT('',(176.527525945,-5.,-103.22662849));
#9719=CARTESIAN_POINT('',(176.527525945,-10.,-106.130524338));
#9720=CARTESIAN_POINT('',(176.527525945,-5.,-106.130524338));
#9721=CARTESIAN_POINT('',(177.502880275,-10.,-108.125567287));
#9722=CARTESIAN_POINT('',(177.502880275,-5.,-108.125567287));
#9723=B_SPLINE_SURFACE_WITH_KNOTS('',2,1,((#9717,#9718),(#9719,#9720),(#9721,#9722)),.UNSPECIFIED.,.F.,.F.,.U.,(3,3),(2,2),(0.,1.),(0.,1.),.UNSPECIFIED.);
#9724=CARTESIAN_POINT('',(176.527525945,-5.,-103.22662849));
#9725=VERTEX_POINT('',#9724);
#9726=CARTESIAN_POINT('',(176.527525945,-5.,-103.22662849));
#9727=CARTESIAN_POINT('',(176.527525945,-5.,-106.130524338));
#9728=CARTESIAN_POINT('',(177.502880275,-5.,-108.125567287));
#9729=B_SPLINE_CURVE_WITH_KNOTS('',2,(#9726,#9727,#9728),.UNSPECIFIED.,.F.,.F.,(3,3),(0.,1.),.UNSPECIFIED.);
#9730=EDGE_CURVE('',#9725,#9692,#9729,.T.);
#9731=ORIENTED_EDGE('',*,*,#9730,.F.);
#9732=CARTESIAN_POINT('',(176.527525945,-10.,-103.22662849));
#9733=VERTEX_POINT('',#9732);
#9734=CARTESIAN_POINT('',(176.527525945,-10.,-103.22662849));
#9735=DIRECTION('',(0.,1.,0.));
#9736=VECTOR('',#9735,5.);
#9737=LINE('',#9734,#9736);
#9738=EDGE_CURVE('',#9733,#9725,#9737,.T.);
#9739=ORIENTED_EDGE('',*,*,#9738,.F.);
#9740=CARTESIAN_POINT('',(176.527525945,-10.,-103.22662849));
#9741=CARTESIAN_POINT('',(176.527525945,-10.,-106.130524338));
#9742=CARTESIAN_POINT('',(177.502880275,-10.,-108.125567287));
#9743=B_SPLINE_CURVE_WITH_KNOTS('',2,(#9740,#9741,#9742),.UNSPECIFIED.,.F.,.F.,(3,3),(0.,1.),.UNSPECIFIED.);
#9744=EDGE_CURVE('',#9733,#9700,#9743,.T.);
#9745=ORIENTED_EDGE('',*,*,#9744,.T.);
#9746=ORIENTED_EDGE('',*,*,#9705,.T.);
#9747=EDGE_LOOP('',(#9731,#9739,#9745,#9746));
#9748=FACE_BOUND('',#9747,.T.);
#9749=ADVANCED_FACE('',(#9748),#9723,.T.);
#9750=CARTESIAN_POINT('',(177.502880275,-10.,-98.305522549));
#9751=CARTESIAN_POINT('',(177.502880275,-5.,-98.305522549));
#9752=CARTESIAN_POINT('',(176.527525945,-10.,-100.322732642));
#9753=CARTESIAN_POINT('',(176.527525945,-5.,-100.322732642));
#9754=CARTESIAN_POINT('',(176.527525945,-10.,-103.22662849));
#9755=CARTESIAN_POINT('',(176.527525945,-5.,-103.22662849));
#9756=B_SPLINE_SURFACE_WITH_KNOTS('',2,1,((#9750,#9751),(#9752,#9753),(#9754,#9755)),.UNSPECIFIED.,.F.,.F.,.U.,(3,3),(2,2),(0.,1.),(0.,1.),.UNSPECIFIED.);
#9757=CARTESIAN_POINT('',(177.502880275,-5.,-98.305522549));
#9758=VERTEX_POINT('',#9757);
#9759=CARTESIAN_POINT('',(177.502880275,-5.,-98.305522549));
#9760=CARTESIAN_POINT('',(176.527525945,-5.,-100.322732642));
#9761=CARTESIAN_POINT('',(176.527525945,-5.,-103.22662849));
#9762=B_SPLINE_CURVE_WITH_KNOTS('',2,(#9759,#9760,#9761),.UNSPECIFIED.,.F.,.F.,(3,3),(0.,1.),.UNSPECIFIED.);
#9763=EDGE_CURVE('',#9758,#9725,#9762,.T.);
#9764=ORIENTED_EDGE('',*,*,#9763,.F.);
#9765=CARTESIAN_POINT('',(177.502880275,-10.,-98.305522549));
#9766=VERTEX_POINT('',#9765);
#9767=CARTESIAN_POINT('',(177.502880275,-10.,-98.305522549));
#9768=DIRECTION('',(0.,1.,0.));
#9769=VECTOR('',#9768,5.);
#9770=LINE('',#9767,#9769);
#9771=EDGE_CURVE('',#9766,#9758,#9770,.T.);
#9772=ORIENTED_EDGE('',*,*,#9771,.F.);
#9773=CARTESIAN_POINT('',(177.502880275,-10.,-98.305522549));
#9774=CARTESIAN_POINT('',(176.527525945,-10.,-100.322732642));
#9775=CARTESIAN_POINT('',(176.527525945,-10.,-103.22662849));
#9776=B_SPLINE_CURVE_WITH_KNOTS('',2,(#9773,#9774,#9775),.UNSPECIFIED.,.F.,.F.,(3,3),(0.,1.),.UNSPECIFIED.);
#9777=EDGE_CURVE('',#9766,#9733,#9776,.T.);
#9778=ORIENTED_EDGE('',*,*,#9777,.T.);
#9779=ORIENTED_EDGE('',*,*,#9738,.T.);
#9780=EDGE_LOOP('',(#9764,#9772,#9778,#9779));
#9781=FACE_BOUND('',#9780,.T.);
#9782=ADVANCED_FACE('',(#9781),#9756,.T.);
#9783=CARTESIAN_POINT('',(180.118603253,-10.,-95.290790981));
#9784=CARTESIAN_POINT('',(180.118603253,-5.,-95.290790981));
#9785=CARTESIAN_POINT('',(178.478234606,-10.,-96.3104796));
#9786=CARTESIAN_POINT('',(178.478234606,-5.,-96.3104796));
#9787=CARTESIAN_POINT('',(177.502880275,-10.,-98.305522549));
#9788=CARTESIAN_POINT('',(177.502880275,-5.,-98.305522549));
#9789=B_SPLINE_SURFACE_WITH_KNOTS('',2,1,((#9783,#9784),(#9785,#9786),(#9787,#9788)),.UNSPECIFIED.,.F.,.F.,.U.,(3,3),(2,2),(0.,1.),(0.,1.),.UNSPECIFIED.);
#9790=CARTESIAN_POINT('',(180.118603253,-5.,-95.290790981));
#9791=VERTEX_POINT('',#9790);
#9792=CARTESIAN_POINT('',(180.118603253,-5.,-95.290790981));
#9793=CARTESIAN_POINT('',(178.478234606,-5.,-96.3104796));
#9794=CARTESIAN_POINT('',(177.502880275,-5.,-98.305522549));
#9795=B_SPLINE_CURVE_WITH_KNOTS('',2,(#9792,#9793,#9794),.UNSPECIFIED.,.F.,.F.,(3,3),(0.,1.),.UNSPECIFIED.);
#9796=EDGE_CURVE('',#9791,#9758,#9795,.T.);
#9797=ORIENTED_EDGE('',*,*,#9796,.F.);
#9798=CARTESIAN_POINT('',(180.118603253,-10.,-95.290790981));
#9799=VERTEX_POINT('',#9798);
#9800=CARTESIAN_POINT('',(180.118603253,-10.,-95.290790981));
#9801=DIRECTION('',(0.,1.,0.));
#9802=VECTOR('',#9801,5.);
#9803=LINE('',#9800,#9802);
#9804=EDGE_CURVE('',#9799,#9791,#9803,.T.);
#9805=ORIENTED_EDGE('',*,*,#9804,.F.);
#9806=CARTESIAN_POINT('',(180.118603253,-10.,-95.290790981));
#9807=CARTESIAN_POINT('',(178.478234606,-10.,-96.3104796));
#9808=CARTESIAN_POINT('',(177.502880275,-10.,-98.305522549));
#9809=B_SPLINE_CURVE_WITH_KNOTS('',2,(#9806,#9807,#9808),.UNSPECIFIED.,.F.,.F.,(3,3),(0.,1.),.UNSPECIFIED.);
#9810=EDGE_CURVE('',#9799,#9766,#9809,.T.);
#9811=ORIENTED_EDGE('',*,*,#9810,.T.);
#9812=ORIENTED_EDGE('',*,*,#9771,.T.);
#9813=EDGE_LOOP('',(#9797,#9805,#9811,#9812));
#9814=FACE_BOUND('',#9813,.T.);
#9815=ADVANCED_FACE('',(#9814),#9789,.T.);
#9816=CARTESIAN_POINT('',(183.798349137,-10.,-94.271102363));
#9817=CARTESIAN_POINT('',(183.798349137,-5.,-94.271102363));
#9818=CARTESIAN_POINT('',(181.7589719,-10.,-94.271102363));
#9819=CARTESIAN_POINT('',(181.7589719,-5.,-94.271102363));
#9820=CARTESIAN_POINT('',(180.118603253,-10.,-95.290790981));
#9821=CARTESIAN_POINT('',(180.118603253,-5.,-95.290790981));
#9822=B_SPLINE_SURFACE_WITH_KNOTS('',2,1,((#9816,#9817),(#9818,#9819),(#9820,#9821)),.UNSPECIFIED.,.F.,.F.,.U.,(3,3),(2,2),(0.,1.),(0.,1.),.UNSPECIFIED.);
#9823=CARTESIAN_POINT('',(183.798349137,-5.,-94.271102363));
#9824=VERTEX_POINT('',#9823);
#9825=CARTESIAN_POINT('',(183.798349137,-5.,-94.271102363));
#9826=CARTESIAN_POINT('',(181.7589719,-5.,-94.271102363));
#9827=CARTESIAN_POINT('',(180.118603253,-5.,-95.290790981));
#9828=B_SPLINE_CURVE_WITH_KNOTS('',2,(#9825,#9826,#9827),.UNSPECIFIED.,.F.,.F.,(3,3),(0.,1.),.UNSPECIFIED.);
#9829=EDGE_CURVE('',#9824,#9791,#9828,.T.);
#9830=ORIENTED_EDGE('',*,*,#9829,.F.);
#9831=CARTESIAN_POINT('',(183.798349137,-10.,-94.271102363));
#9832=VERTEX_POINT('',#9831);
#9833=CARTESIAN_POINT('',(183.798349137,-10.,-94.271102363));
#9834=DIRECTION('',(0.,1.,0.));
#9835=VECTOR('',#9834,5.);
#9836=LINE('',#9833,#9835);
#9837=EDGE_CURVE('',#9832,#9824,#9836,.T.);
#9838=ORIENTED_EDGE('',*,*,#9837,.F.);
#9839=CARTESIAN_POINT('',(183.798349137,-10.,-94.271102363));
#9840=CARTESIAN_POINT('',(181.7589719,-10.,-94.271102363));
#9841=CARTESIAN_POINT('',(180.118603253,-10.,-95.290790981));
#9842=B_SPLINE_CURVE_WITH_KNOTS('',2,(#9839,#9840,#9841),.UNSPECIFIED.,.F.,.F.,(3,3),(0.,1.),.UNSPECIFIED.);
#9843=EDGE_CURVE('',#9832,#9799,#9842,.T.);
#9844=ORIENTED_EDGE('',*,*,#9843,.T.);
#9845=ORIENTED_EDGE('',*,*,#9804,.T.);
#9846=EDGE_LOOP('',(#9830,#9838,#9844,#9845));
#9847=FACE_BOUND('',#9846,.T.);
#9848=ADVANCED_FACE('',(#9847),#9822,.T.);
#9849=CARTESIAN_POINT('',(185.926394949,-10.,-94.559275233));
#9850=CARTESIAN_POINT('',(185.926394949,-5.,-94.559275233));
#9851=CARTESIAN_POINT('',(184.906706331,-10.,-94.271102363));
#9852=CARTESIAN_POINT('',(184.906706331,-5.,-94.271102363));
#9853=CARTESIAN_POINT('',(183.798349137,-10.,-94.271102363));
#9854=CARTESIAN_POINT('',(183.798349137,-5.,-94.271102363));
#9855=B_SPLINE_SURFACE_WITH_KNOTS('',2,1,((#9849,#9850),(#9851,#9852),(#9853,#9854)),.UNSPECIFIED.,.F.,.F.,.U.,(3,3),(2,2),(0.,1.),(0.,1.),.UNSPECIFIED.);
#9856=CARTESIAN_POINT('',(185.926394949,-5.,-94.559275233));
#9857=VERTEX_POINT('',#9856);
#9858=CARTESIAN_POINT('',(185.926394949,-5.,-94.559275233));
#9859=CARTESIAN_POINT('',(184.906706331,-5.,-94.271102363));
#9860=CARTESIAN_POINT('',(183.798349137,-5.,-94.271102363));
#9861=B_SPLINE_CURVE_WITH_KNOTS('',2,(#9858,#9859,#9860),.UNSPECIFIED.,.F.,.F.,(3,3),(0.,1.),.UNSPECIFIED.);
#9862=EDGE_CURVE('',#9857,#9824,#9861,.T.);
#9863=ORIENTED_EDGE('',*,*,#9862,.F.);
#9864=CARTESIAN_POINT('',(185.926394949,-10.,-94.559275233));
#9865=VERTEX_POINT('',#9864);
#9866=CARTESIAN_POINT('',(185.926394949,-10.,-94.559275233));
#9867=DIRECTION('',(0.,1.,0.));
#9868=VECTOR('',#9867,5.);
#9869=LINE('',#9866,#9868);
#9870=EDGE_CURVE('',#9865,#9857,#9869,.T.);
#9871=ORIENTED_EDGE('',*,*,#9870,.F.);
#9872=CARTESIAN_POINT('',(185.926394949,-10.,-94.559275233));
#9873=CARTESIAN_POINT('',(184.906706331,-10.,-94.271102363));
#9874=CARTESIAN_POINT('',(183.798349137,-10.,-94.271102363));
#9875=B_SPLINE_CURVE_WITH_KNOTS('',2,(#9872,#9873,#9874),.UNSPECIFIED.,.F.,.F.,(3,3),(0.,1.),.UNSPECIFIED.);
#9876=EDGE_CURVE('',#9865,#9832,#9875,.T.);
#9877=ORIENTED_EDGE('',*,*,#9876,.T.);
#9878=ORIENTED_EDGE('',*,*,#9837,.T.);
#9879=EDGE_LOOP('',(#9863,#9871,#9877,#9878));
#9880=FACE_BOUND('',#9879,.T.);
#9881=ADVANCED_FACE('',(#9880),#9855,.T.);
#9882=CARTESIAN_POINT('',(187.810602179,-10.,-95.490295276));
#9883=CARTESIAN_POINT('',(187.810602179,-5.,-95.490295276));
#9884=CARTESIAN_POINT('',(186.968250711,-10.,-94.869615248));
#9885=CARTESIAN_POINT('',(186.968250711,-5.,-94.869615248));
#9886=CARTESIAN_POINT('',(185.926394949,-10.,-94.559275233));
#9887=CARTESIAN_POINT('',(185.926394949,-5.,-94.559275233));
#9888=B_SPLINE_SURFACE_WITH_KNOTS('',2,1,((#9882,#9883),(#9884,#9885),(#9886,#9887)),.UNSPECIFIED.,.F.,.F.,.U.,(3,3),(2,2),(0.,1.),(0.,1.),.UNSPECIFIED.);
#9889=CARTESIAN_POINT('',(187.810602179,-5.,-95.490295276));
#9890=VERTEX_POINT('',#9889);
#9891=CARTESIAN_POINT('',(187.810602179,-5.,-95.490295276));
#9892=CARTESIAN_POINT('',(186.968250711,-5.,-94.869615248));
#9893=CARTESIAN_POINT('',(185.926394949,-5.,-94.559275233));
#9894=B_SPLINE_CURVE_WITH_KNOTS('',2,(#9891,#9892,#9893),.UNSPECIFIED.,.F.,.F.,(3,3),(0.,1.),.UNSPECIFIED.);
#9895=EDGE_CURVE('',#9890,#9857,#9894,.T.);
#9896=ORIENTED_EDGE('',*,*,#9895,.F.);
#9897=CARTESIAN_POINT('',(187.810602179,-10.,-95.490295276));
#9898=VERTEX_POINT('',#9897);
#9899=CARTESIAN_POINT('',(187.810602179,-10.,-95.490295276));
#9900=DIRECTION('',(0.,1.,0.));
#9901=VECTOR('',#9900,5.);
#9902=LINE('',#9899,#9901);
#9903=EDGE_CURVE('',#9898,#9890,#9902,.T.);
#9904=ORIENTED_EDGE('',*,*,#9903,.F.);
#9905=CARTESIAN_POINT('',(187.810602179,-10.,-95.490295276));
#9906=CARTESIAN_POINT('',(186.968250711,-10.,-94.869615248));
#9907=CARTESIAN_POINT('',(185.926394949,-10.,-94.559275233));
#9908=B_SPLINE_CURVE_WITH_KNOTS('',2,(#9905,#9906,#9907),.UNSPECIFIED.,.F.,.F.,(3,3),(0.,1.),.UNSPECIFIED.);
#9909=EDGE_CURVE('',#9898,#9865,#9908,.T.);
#9910=ORIENTED_EDGE('',*,*,#9909,.T.);
#9911=ORIENTED_EDGE('',*,*,#9870,.T.);
#9912=EDGE_LOOP('',(#9896,#9904,#9910,#9911));
#9913=FACE_BOUND('',#9912,.T.);
#9914=ADVANCED_FACE('',(#9913),#9888,.T.);
#9915=CARTESIAN_POINT('',(189.251466531,-10.,-96.975493916));
#9916=CARTESIAN_POINT('',(189.251466531,-5.,-96.975493916));
#9917=CARTESIAN_POINT('',(188.652953646,-10.,-96.088808161));
#9918=CARTESIAN_POINT('',(188.652953646,-5.,-96.088808161));
#9919=CARTESIAN_POINT('',(187.810602179,-10.,-95.490295276));
#9920=CARTESIAN_POINT('',(187.810602179,-5.,-95.490295276));
#9921=B_SPLINE_SURFACE_WITH_KNOTS('',2,1,((#9915,#9916),(#9917,#9918),(#9919,#9920)),.UNSPECIFIED.,.F.,.F.,.U.,(3,3),(2,2),(0.,1.),(0.,1.),.UNSPECIFIED.);
#9922=CARTESIAN_POINT('',(189.251466531,-5.,-96.975493916));
#9923=VERTEX_POINT('',#9922);
#9924=CARTESIAN_POINT('',(189.251466531,-5.,-96.975493916));
#9925=CARTESIAN_POINT('',(188.652953646,-5.,-96.088808161));
#9926=CARTESIAN_POINT('',(187.810602179,-5.,-95.490295276));
#9927=B_SPLINE_CURVE_WITH_KNOTS('',2,(#9924,#9925,#9926),.UNSPECIFIED.,.F.,.F.,(3,3),(0.,1.),.UNSPECIFIED.);
#9928=EDGE_CURVE('',#9923,#9890,#9927,.T.);
#9929=ORIENTED_EDGE('',*,*,#9928,.F.);
#9930=CARTESIAN_POINT('',(189.251466531,-10.,-96.975493916));
#9931=VERTEX_POINT('',#9930);
#9932=CARTESIAN_POINT('',(189.251466531,-10.,-96.975493916));
#9933=DIRECTION('',(0.,1.,0.));
#9934=VECTOR('',#9933,5.);
#9935=LINE('',#9932,#9934);
#9936=EDGE_CURVE('',#9931,#9923,#9935,.T.);
#9937=ORIENTED_EDGE('',*,*,#9936,.F.);
#9938=CARTESIAN_POINT('',(189.251466531,-10.,-96.975493916));
#9939=CARTESIAN_POINT('',(188.652953646,-10.,-96.088808161));
#9940=CARTESIAN_POINT('',(187.810602179,-10.,-95.490295276));
#9941=B_SPLINE_CURVE_WITH_KNOTS('',2,(#9938,#9939,#9940),.UNSPECIFIED.,.F.,.F.,(3,3),(0.,1.),.UNSPECIFIED.);
#9942=EDGE_CURVE('',#9931,#9898,#9941,.T.);
#9943=ORIENTED_EDGE('',*,*,#9942,.T.);
#9944=ORIENTED_EDGE('',*,*,#9903,.T.);
#9945=EDGE_LOOP('',(#9929,#9937,#9943,#9944));
#9946=FACE_BOUND('',#9945,.T.);
#9947=ADVANCED_FACE('',(#9946),#9921,.T.);
#9948=CARTESIAN_POINT('',(190.093817998,-10.,-99.037038297));
#9949=CARTESIAN_POINT('',(190.093817998,-5.,-99.037038297));
#9950=CARTESIAN_POINT('',(189.849979415,-10.,-97.862179671));
#9951=CARTESIAN_POINT('',(189.849979415,-5.,-97.862179671));
#9952=CARTESIAN_POINT('',(189.251466531,-10.,-96.975493916));
#9953=CARTESIAN_POINT('',(189.251466531,-5.,-96.975493916));
#9954=B_SPLINE_SURFACE_WITH_KNOTS('',2,1,((#9948,#9949),(#9950,#9951),(#9952,#9953)),.UNSPECIFIED.,.F.,.F.,.U.,(3,3),(2,2),(0.,1.),(0.,1.),.UNSPECIFIED.);
#9955=CARTESIAN_POINT('',(190.093817998,-5.,-99.037038297));
#9956=VERTEX_POINT('',#9955);
#9957=CARTESIAN_POINT('',(190.093817998,-5.,-99.037038297));
#9958=CARTESIAN_POINT('',(189.849979415,-5.,-97.862179671));
#9959=CARTESIAN_POINT('',(189.251466531,-5.,-96.975493916));
#9960=B_SPLINE_CURVE_WITH_KNOTS('',2,(#9957,#9958,#9959),.UNSPECIFIED.,.F.,.F.,(3,3),(0.,1.),.UNSPECIFIED.);
#9961=EDGE_CURVE('',#9956,#9923,#9960,.T.);
#9962=ORIENTED_EDGE('',*,*,#9961,.F.);
#9963=CARTESIAN_POINT('',(190.093817998,-10.,-99.037038297));
#9964=VERTEX_POINT('',#9963);
#9965=CARTESIAN_POINT('',(190.093817998,-10.,-99.037038297));
#9966=DIRECTION('',(0.,1.,0.));
#9967=VECTOR('',#9966,5.);
#9968=LINE('',#9965,#9967);
#9969=EDGE_CURVE('',#9964,#9956,#9968,.T.);
#9970=ORIENTED_EDGE('',*,*,#9969,.F.);
#9971=CARTESIAN_POINT('',(190.093817998,-10.,-99.037038297));
#9972=CARTESIAN_POINT('',(189.849979415,-10.,-97.862179671));
#9973=CARTESIAN_POINT('',(189.251466531,-10.,-96.975493916));
#9974=B_SPLINE_CURVE_WITH_KNOTS('',2,(#9971,#9972,#9973),.UNSPECIFIED.,.F.,.F.,(3,3),(0.,1.),.UNSPECIFIED.);
#9975=EDGE_CURVE('',#9964,#9931,#9974,.T.);
#9976=ORIENTED_EDGE('',*,*,#9975,.T.);
#9977=ORIENTED_EDGE('',*,*,#9936,.T.);
#9978=EDGE_LOOP('',(#9962,#9970,#9976,#9977));
#9979=FACE_BOUND('',#9978,.T.);
#9980=ADVANCED_FACE('',(#9979),#9954,.T.);
#9981=CARTESIAN_POINT('',(191.446013775,-10.,-99.037038297));
#9982=DIRECTION('',(0.,0.,-1.));
#9983=DIRECTION('',(-1.,0.,0.));
#9984=AXIS2_PLACEMENT_3D('',#9981,#9982,#9983);
#9985=PLANE('',#9984);
#9986=CARTESIAN_POINT('',(192.798209551,-5.,-99.037038297));
#9987=DIRECTION('',(-1.,0.,0.));
#9988=VECTOR('',#9987,2.704391553);
#9989=LINE('',#9986,#9988);
#9990=EDGE_CURVE('',#9027,#9956,#9989,.T.);
#9991=ORIENTED_EDGE('',*,*,#9990,.F.);
#9992=ORIENTED_EDGE('',*,*,#9054,.F.);
#9993=CARTESIAN_POINT('',(192.798209551,-10.,-99.037038297));
#9994=DIRECTION('',(-1.,0.,0.));
#9995=VECTOR('',#9994,2.704391553);
#9996=LINE('',#9993,#9995);
#9997=EDGE_CURVE('',#9043,#9964,#9996,.T.);
#9998=ORIENTED_EDGE('',*,*,#9997,.T.);
#9999=ORIENTED_EDGE('',*,*,#9969,.T.);
#10000=EDGE_LOOP('',(#9991,#9992,#9998,#9999));
#10001=FACE_BOUND('',#10000,.T.);
#10002=ADVANCED_FACE('',(#10001),#9985,.T.);
#10003=CARTESIAN_POINT('',(125.,-10.,-75.));
#10004=DIRECTION('',(0.,-1.,0.));
#10005=DIRECTION('',(0.,0.,-1.));
#10006=AXIS2_PLACEMENT_3D('',#10003,#10004,#10005);
#10007=PLANE('',#10006);
#10008=ORIENTED_EDGE('',*,*,#9048,.F.);
#10009=ORIENTED_EDGE('',*,*,#9086,.F.);
#10010=ORIENTED_EDGE('',*,*,#9119,.F.);
#10011=ORIENTED_EDGE('',*,*,#9152,.F.);
#10012=ORIENTED_EDGE('',*,*,#9185,.F.);
#10013=ORIENTED_EDGE('',*,*,#9218,.F.);
#10014=ORIENTED_EDGE('',*,*,#9251,.F.);
#10015=ORIENTED_EDGE('',*,*,#9284,.F.);
#10016=ORIENTED_EDGE('',*,*,#9317,.F.);
#10017=ORIENTED_EDGE('',*,*,#9350,.F.);
#10018=ORIENTED_EDGE('',*,*,#9383,.F.);
#10019=ORIENTED_EDGE('',*,*,#9416,.F.);
#10020=ORIENTED_EDGE('',*,*,#9449,.F.);
#10021=ORIENTED_EDGE('',*,*,#9482,.F.);
#10022=ORIENTED_EDGE('',*,*,#9513,.F.);
#10023=ORIENTED_EDGE('',*,*,#9546,.F.);
#10024=ORIENTED_EDGE('',*,*,#9579,.F.);
#10025=ORIENTED_EDGE('',*,*,#9612,.F.);
#10026=ORIENTED_EDGE('',*,*,#9645,.F.);
#10027=ORIENTED_EDGE('',*,*,#9678,.F.);
#10028=ORIENTED_EDGE('',*,*,#9711,.F.);
#10029=ORIENTED_EDGE('',*,*,#9744,.F.);
#10030=ORIENTED_EDGE('',*,*,#9777,.F.);
#10031=ORIENTED_EDGE('',*,*,#9810,.F.);
#10032=ORIENTED_EDGE('',*,*,#9843,.F.);
#10033=ORIENTED_EDGE('',*,*,#9876,.F.);
#10034=ORIENTED_EDGE('',*,*,#9909,.F.);
#10035=ORIENTED_EDGE('',*,*,#9942,.F.);
#10036=ORIENTED_EDGE('',*,*,#9975,.F.);
#10037=ORIENTED_EDGE('',*,*,#9997,.F.);
#10038=EDGE_LOOP('',(#10008,#10009,#10010,#10011,#10012,#10013,#10014,#10015,#10016,#10017,#10018,#10019,#10020,#10021,#10022,#10023,#10024,#10025,#10026,#10027,#10028,#10029,#10030,#10031,#10032,#10033,
#10034,#10035,#10036,#10037));
#10039=FACE_BOUND('',#10038,.T.);
#10040=ADVANCED_FACE('',(#10039),#10007,.T.);
#10041=CARTESIAN_POINT('',(125.,-5.,-75.));
#10042=DIRECTION('',(0.,-1.,0.));
#10043=DIRECTION('',(0.,0.,-1.));
#10044=AXIS2_PLACEMENT_3D('',#10041,#10042,#10043);
#10045=PLANE('',#10044);
#10046=ORIENTED_EDGE('',*,*,#9032,.T.);
#10047=ORIENTED_EDGE('',*,*,#9990,.T.);
#10048=ORIENTED_EDGE('',*,*,#9961,.T.);
#10049=ORIENTED_EDGE('',*,*,#9928,.T.);
#10050=ORIENTED_EDGE('',*,*,#9895,.T.);
#10051=ORIENTED_EDGE('',*,*,#9862,.T.);
#10052=ORIENTED_EDGE('',*,*,#9829,.T.);
#10053=ORIENTED_EDGE('',*,*,#9796,.T.);
#10054=ORIENTED_EDGE('',*,*,#9763,.T.);
#10055=ORIENTED_EDGE('',*,*,#9730,.T.);
#10056=ORIENTED_EDGE('',*,*,#9697,.T.);
#10057=ORIENTED_EDGE('',*,*,#9664,.T.);
#10058=ORIENTED_EDGE('',*,*,#9631,.T.);
#10059=ORIENTED_EDGE('',*,*,#9598,.T.);
#10060=ORIENTED_EDGE('',*,*,#9565,.T.);
#10061=ORIENTED_EDGE('',*,*,#9532,.T.);
#10062=ORIENTED_EDGE('',*,*,#9499,.T.);
#10063=ORIENTED_EDGE('',*,*,#9468,.T.);
#10064=ORIENTED_EDGE('',*,*,#9435,.T.);
#10065=ORIENTED_EDGE('',*,*,#9402,.T.);
#10066=ORIENTED_EDGE('',*,*,#9369,.T.);
#10067=ORIENTED_EDGE('',*,*,#9336,.T.);
#10068=ORIENTED_EDGE('',*,*,#9303,.T.);
#10069=ORIENTED_EDGE('',*,*,#9270,.T.);
#10070=ORIENTED_EDGE('',*,*,#9237,.T.);
#10071=ORIENTED_EDGE('',*,*,#9204,.T.);
#10072=ORIENTED_EDGE('',*,*,#9171,.T.);
#10073=ORIENTED_EDGE('',*,*,#9138,.T.);
#10074=ORIENTED_EDGE('',*,*,#9105,.T.);
#10075=ORIENTED_EDGE('',*,*,#9072,.T.);
#10076=EDGE_LOOP('',(#10046,#10047,#10048,#10049,#10050,#10051,#10052,#10053,#10054,#10055,#10056,#10057,#10058,#10059,#10060,#10061,#10062,#10063,#10064,#10065,#10066,#10067,#10068,#10069,#10070,#10071,
#10072,#10073,#10074,#10075));
#10077=FACE_BOUND('',#10076,.T.);
#10078=ADVANCED_FACE('',(#10077),#10045,.F.);
#10079=CLOSED_SHELL('',(#9058,#9091,#9124,#9157,#9190,#9223,#9256,#9289,#9322,#9355,#9388,#9421,#9454,#9487,#9518,#9551,#9584,#9617,#9650,#9683,#9716,#9749,#9782,#9815,#9848,#9881,
#9914,#9947,#9980,#10002,#10040,#10078));
#10080=MANIFOLD_SOLID_BREP('Extruded.015',#10079);
#9016=STYLED_ITEM('',(),#10080);
#10082=CARTESIAN_POINT('',(206.719175907,-10.,-110.14277738));
#10083=CARTESIAN_POINT('',(206.719175907,-5.,-110.14277738));
#10084=CARTESIAN_POINT('',(207.406357367,-10.,-109.123088761));
#10085=CARTESIAN_POINT('',(207.406357367,-5.,-109.123088761));
#10086=CARTESIAN_POINT('',(207.406357367,-10.,-107.549221546));
#10087=CARTESIAN_POINT('',(207.406357367,-5.,-107.549221546));
#10088=B_SPLINE_SURFACE_WITH_KNOTS('',2,1,((#10082,#10083),(#10084,#10085),(#10086,#10087)),.UNSPECIFIED.,.F.,.F.,.U.,(3,3),(2,2),(0.,1.),(0.,1.),.UNSPECIFIED.);
#10089=CARTESIAN_POINT('',(206.719175907,-5.,-110.14277738));
#10090=VERTEX_POINT('',#10089);
#10091=CARTESIAN_POINT('',(207.406357367,-5.,-107.549221546));
#10092=VERTEX_POINT('',#10091);
#10093=CARTESIAN_POINT('',(206.719175907,-5.,-110.14277738));
#10094=CARTESIAN_POINT('',(207.406357367,-5.,-109.123088761));
#10095=CARTESIAN_POINT('',(207.406357367,-5.,-107.549221546));
#10096=B_SPLINE_CURVE_WITH_KNOTS('',2,(#10093,#10094,#10095),.UNSPECIFIED.,.F.,.F.,(3,3),(0.,1.),.UNSPECIFIED.);
#10097=EDGE_CURVE('',#10090,#10092,#10096,.T.);
#10098=ORIENTED_EDGE('',*,*,#10097,.F.);
#10099=CARTESIAN_POINT('',(206.719175907,-10.,-110.14277738));
#10100=VERTEX_POINT('',#10099);
#10101=CARTESIAN_POINT('',(206.719175907,-10.,-110.14277738));
#10102=DIRECTION('',(0.,1.,0.));
#10103=VECTOR('',#10102,5.);
#10104=LINE('',#10101,#10103);
#10105=EDGE_CURVE('',#10100,#10090,#10104,.T.);
#10106=ORIENTED_EDGE('',*,*,#10105,.F.);
#10107=CARTESIAN_POINT('',(207.406357367,-10.,-107.549221546));
#10108=VERTEX_POINT('',#10107);
#10109=CARTESIAN_POINT('',(206.719175907,-10.,-110.14277738));
#10110=CARTESIAN_POINT('',(207.406357367,-10.,-109.123088761));
#10111=CARTESIAN_POINT('',(207.406357367,-10.,-107.549221546));
#10112=B_SPLINE_CURVE_WITH_KNOTS('',2,(#10109,#10110,#10111),.UNSPECIFIED.,.F.,.F.,(3,3),(0.,1.),.UNSPECIFIED.);
#10113=EDGE_CURVE('',#10100,#10108,#10112,.T.);
#10114=ORIENTED_EDGE('',*,*,#10113,.T.);
#10115=CARTESIAN_POINT('',(207.406357367,-10.,-107.549221546));
#10116=DIRECTION('',(0.,1.,0.));
#10117=VECTOR('',#10116,5.);
#10118=LINE('',#10115,#10117);
#10119=EDGE_CURVE('',#10108,#10092,#10118,.T.);
#10120=ORIENTED_EDGE('',*,*,#10119,.T.);
#10121=EDGE_LOOP('',(#10098,#10106,#10114,#10120));
#10122=FACE_BOUND('',#10121,.T.);
#10123=ADVANCED_FACE('',(#10122),#10088,.T.);
#10124=CARTESIAN_POINT('',(205.034472972,-10.,-111.650143163));
#10125=CARTESIAN_POINT('',(205.034472972,-5.,-111.650143163));
#10126=CARTESIAN_POINT('',(206.031994446,-10.,-111.162465998));
#10127=CARTESIAN_POINT('',(206.031994446,-5.,-111.162465998));
#10128=CARTESIAN_POINT('',(206.719175907,-10.,-110.14277738));
#10129=CARTESIAN_POINT('',(206.719175907,-5.,-110.14277738));
#10130=B_SPLINE_SURFACE_WITH_KNOTS('',2,1,((#10124,#10125),(#10126,#10127),(#10128,#10129)),.UNSPECIFIED.,.F.,.F.,.U.,(3,3),(2,2),(0.,1.),(0.,1.),.UNSPECIFIED.);
#10131=CARTESIAN_POINT('',(205.034472972,-5.,-111.650143163));
#10132=VERTEX_POINT('',#10131);
#10133=CARTESIAN_POINT('',(205.034472972,-5.,-111.650143163));
#10134=CARTESIAN_POINT('',(206.031994446,-5.,-111.162465998));
#10135=CARTESIAN_POINT('',(206.719175907,-5.,-110.14277738));
#10136=B_SPLINE_CURVE_WITH_KNOTS('',2,(#10133,#10134,#10135),.UNSPECIFIED.,.F.,.F.,(3,3),(0.,1.),.UNSPECIFIED.);
#10137=EDGE_CURVE('',#10132,#10090,#10136,.T.);
#10138=ORIENTED_EDGE('',*,*,#10137,.F.);
#10139=CARTESIAN_POINT('',(205.034472972,-10.,-111.650143163));
#10140=VERTEX_POINT('',#10139);
#10141=CARTESIAN_POINT('',(205.034472972,-10.,-111.650143163));
#10142=DIRECTION('',(0.,1.,0.));
#10143=VECTOR('',#10142,5.);
#10144=LINE('',#10141,#10143);
#10145=EDGE_CURVE('',#10140,#10132,#10144,.T.);
#10146=ORIENTED_EDGE('',*,*,#10145,.F.);
#10147=CARTESIAN_POINT('',(205.034472972,-10.,-111.650143163));
#10148=CARTESIAN_POINT('',(206.031994446,-10.,-111.162465998));
#10149=CARTESIAN_POINT('',(206.719175907,-10.,-110.14277738));
#10150=B_SPLINE_CURVE_WITH_KNOTS('',2,(#10147,#10148,#10149),.UNSPECIFIED.,.F.,.F.,(3,3),(0.,1.),.UNSPECIFIED.);
#10151=EDGE_CURVE('',#10140,#10100,#10150,.T.);
#10152=ORIENTED_EDGE('',*,*,#10151,.T.);
#10153=ORIENTED_EDGE('',*,*,#10105,.T.);
#10154=EDGE_LOOP('',(#10138,#10146,#10152,#10153));
#10155=FACE_BOUND('',#10154,.T.);
#10156=ADVANCED_FACE('',(#10155),#10130,.T.);
#10157=CARTESIAN_POINT('',(203.083764311,-10.,-112.137820329));
#10158=CARTESIAN_POINT('',(203.083764311,-5.,-112.137820329));
#10159=CARTESIAN_POINT('',(204.036951497,-10.,-112.137820329));
#10160=CARTESIAN_POINT('',(204.036951497,-5.,-112.137820329));
#10161=CARTESIAN_POINT('',(205.034472972,-10.,-111.650143163));
#10162=CARTESIAN_POINT('',(205.034472972,-5.,-111.650143163));
#10163=B_SPLINE_SURFACE_WITH_KNOTS('',2,1,((#10157,#10158),(#10159,#10160),(#10161,#10162)),.UNSPECIFIED.,.F.,.F.,.U.,(3,3),(2,2),(0.,1.),(0.,1.),.UNSPECIFIED.);
#10164=CARTESIAN_POINT('',(203.083764311,-5.,-112.137820329));
#10165=VERTEX_POINT('',#10164);
#10166=CARTESIAN_POINT('',(203.083764311,-5.,-112.137820329));
#10167=CARTESIAN_POINT('',(204.036951497,-5.,-112.137820329));
#10168=CARTESIAN_POINT('',(205.034472972,-5.,-111.650143163));
#10169=B_SPLINE_CURVE_WITH_KNOTS('',2,(#10166,#10167,#10168),.UNSPECIFIED.,.F.,.F.,(3,3),(0.,1.),.UNSPECIFIED.);
#10170=EDGE_CURVE('',#10165,#10132,#10169,.T.);
#10171=ORIENTED_EDGE('',*,*,#10170,.F.);
#10172=CARTESIAN_POINT('',(203.083764311,-10.,-112.137820329));
#10173=VERTEX_POINT('',#10172);
#10174=CARTESIAN_POINT('',(203.083764311,-10.,-112.137820329));
#10175=DIRECTION('',(0.,1.,0.));
#10176=VECTOR('',#10175,5.);
#10177=LINE('',#10174,#10176);
#10178=EDGE_CURVE('',#10173,#10165,#10177,.T.);
#10179=ORIENTED_EDGE('',*,*,#10178,.F.);
#10180=CARTESIAN_POINT('',(203.083764311,-10.,-112.137820329));
#10181=CARTESIAN_POINT('',(204.036951497,-10.,-112.137820329));
#10182=CARTESIAN_POINT('',(205.034472972,-10.,-111.650143163));
#10183=B_SPLINE_CURVE_WITH_KNOTS('',2,(#10180,#10181,#10182),.UNSPECIFIED.,.F.,.F.,(3,3),(0.,1.),.UNSPECIFIED.);
#10184=EDGE_CURVE('',#10173,#10140,#10183,.T.);
#10185=ORIENTED_EDGE('',*,*,#10184,.T.);
#10186=ORIENTED_EDGE('',*,*,#10145,.T.);
#10187=EDGE_LOOP('',(#10171,#10179,#10185,#10186));
#10188=FACE_BOUND('',#10187,.T.);
#10189=ADVANCED_FACE('',(#10188),#10163,.T.);
#10190=CARTESIAN_POINT('',(200.445874189,-10.,-111.051630279));
#10191=CARTESIAN_POINT('',(200.445874189,-5.,-111.051630279));
#10192=CARTESIAN_POINT('',(201.465562807,-10.,-112.137820329));
#10193=CARTESIAN_POINT('',(201.465562807,-5.,-112.137820329));
#10194=CARTESIAN_POINT('',(203.083764311,-10.,-112.137820329));
#10195=CARTESIAN_POINT('',(203.083764311,-5.,-112.137820329));
#10196=B_SPLINE_SURFACE_WITH_KNOTS('',2,1,((#10190,#10191),(#10192,#10193),(#10194,#10195)),.UNSPECIFIED.,.F.,.F.,.U.,(3,3),(2,2),(0.,1.),(0.,1.),.UNSPECIFIED.);
#10197=CARTESIAN_POINT('',(200.445874189,-5.,-111.051630279));
#10198=VERTEX_POINT('',#10197);
#10199=CARTESIAN_POINT('',(200.445874189,-5.,-111.051630279));
#10200=CARTESIAN_POINT('',(201.465562807,-5.,-112.137820329));
#10201=CARTESIAN_POINT('',(203.083764311,-5.,-112.137820329));
#10202=B_SPLINE_CURVE_WITH_KNOTS('',2,(#10199,#10200,#10201),.UNSPECIFIED.,.F.,.F.,(3,3),(0.,1.),.UNSPECIFIED.);
#10203=EDGE_CURVE('',#10198,#10165,#10202,.T.);
#10204=ORIENTED_EDGE('',*,*,#10203,.F.);
#10205=CARTESIAN_POINT('',(200.445874189,-10.,-111.051630279));
#10206=VERTEX_POINT('',#10205);
#10207=CARTESIAN_POINT('',(200.445874189,-10.,-111.051630279));
#10208=DIRECTION('',(0.,1.,0.));
#10209=VECTOR('',#10208,5.);
#10210=LINE('',#10207,#10209);
#10211=EDGE_CURVE('',#10206,#10198,#10210,.T.);
#10212=ORIENTED_EDGE('',*,*,#10211,.F.);
#10213=CARTESIAN_POINT('',(200.445874189,-10.,-111.051630279));
#10214=CARTESIAN_POINT('',(201.465562807,-10.,-112.137820329));
#10215=CARTESIAN_POINT('',(203.083764311,-10.,-112.137820329));
#10216=B_SPLINE_CURVE_WITH_KNOTS('',2,(#10213,#10214,#10215),.UNSPECIFIED.,.F.,.F.,(3,3),(0.,1.),.UNSPECIFIED.);
#10217=EDGE_CURVE('',#10206,#10173,#10216,.T.);
#10218=ORIENTED_EDGE('',*,*,#10217,.T.);
#10219=ORIENTED_EDGE('',*,*,#10178,.T.);
#10220=EDGE_LOOP('',(#10204,#10212,#10218,#10219));
#10221=FACE_BOUND('',#10220,.T.);
#10222=ADVANCED_FACE('',(#10221),#10196,.T.);
#10223=CARTESIAN_POINT('',(199.404018427,-10.,-108.125567287));
#10224=CARTESIAN_POINT('',(199.404018427,-5.,-108.125567287));
#10225=CARTESIAN_POINT('',(199.404018427,-10.,-109.965440229));
#10226=CARTESIAN_POINT('',(199.404018427,-5.,-109.965440229));
#10227=CARTESIAN_POINT('',(200.445874189,-10.,-111.051630279));
#10228=CARTESIAN_POINT('',(200.445874189,-5.,-111.051630279));
#10229=B_SPLINE_SURFACE_WITH_KNOTS('',2,1,((#10223,#10224),(#10225,#10226),(#10227,#10228)),.UNSPECIFIED.,.F.,.F.,.U.,(3,3),(2,2),(0.,1.),(0.,1.),.UNSPECIFIED.);
#10230=CARTESIAN_POINT('',(199.404018427,-5.,-108.125567287));
#10231=VERTEX_POINT('',#10230);
#10232=CARTESIAN_POINT('',(199.404018427,-5.,-108.125567287));
#10233=CARTESIAN_POINT('',(199.404018427,-5.,-109.965440229));
#10234=CARTESIAN_POINT('',(200.445874189,-5.,-111.051630279));
#10235=B_SPLINE_CURVE_WITH_KNOTS('',2,(#10232,#10233,#10234),.UNSPECIFIED.,.F.,.F.,(3,3),(0.,1.),.UNSPECIFIED.);
#10236=EDGE_CURVE('',#10231,#10198,#10235,.T.);
#10237=ORIENTED_EDGE('',*,*,#10236,.F.);
#10238=CARTESIAN_POINT('',(199.404018427,-10.,-108.125567287));
#10239=VERTEX_POINT('',#10238);
#10240=CARTESIAN_POINT('',(199.404018427,-10.,-108.125567287));
#10241=DIRECTION('',(0.,1.,0.));
#10242=VECTOR('',#10241,5.);
#10243=LINE('',#10240,#10242);
#10244=EDGE_CURVE('',#10239,#10231,#10243,.T.);
#10245=ORIENTED_EDGE('',*,*,#10244,.F.);
#10246=CARTESIAN_POINT('',(199.404018427,-10.,-108.125567287));
#10247=CARTESIAN_POINT('',(199.404018427,-10.,-109.965440229));
#10248=CARTESIAN_POINT('',(200.445874189,-10.,-111.051630279));
#10249=B_SPLINE_CURVE_WITH_KNOTS('',2,(#10246,#10247,#10248),.UNSPECIFIED.,.F.,.F.,(3,3),(0.,1.),.UNSPECIFIED.);
#10250=EDGE_CURVE('',#10239,#10206,#10249,.T.);
#10251=ORIENTED_EDGE('',*,*,#10250,.T.);
#10252=ORIENTED_EDGE('',*,*,#10211,.T.);
#10253=EDGE_LOOP('',(#10237,#10245,#10251,#10252));
#10254=FACE_BOUND('',#10253,.T.);
#10255=ADVANCED_FACE('',(#10254),#10229,.T.);
#10256=CARTESIAN_POINT('',(199.404018427,-10.,-102.871954188));
#10257=DIRECTION('',(1.,0.,0.));
#10258=DIRECTION('',(0.,0.,-1.));
#10259=AXIS2_PLACEMENT_3D('',#10256,#10257,#10258);
#10260=PLANE('',#10259);
#10261=CARTESIAN_POINT('',(199.404018427,-5.,-97.618341089));
#10262=VERTEX_POINT('',#10261);
#10263=CARTESIAN_POINT('',(199.404018427,-5.,-97.618341089));
#10264=DIRECTION('',(0.,0.,-1.));
#10265=VECTOR('',#10264,10.507226198);
#10266=LINE('',#10263,#10265);
#10267=EDGE_CURVE('',#10262,#10231,#10266,.T.);
#10268=ORIENTED_EDGE('',*,*,#10267,.F.);
#10269=CARTESIAN_POINT('',(199.404018427,-10.,-97.618341089));
#10270=VERTEX_POINT('',#10269);
#10271=CARTESIAN_POINT('',(199.404018427,-10.,-97.618341089));
#10272=DIRECTION('',(0.,1.,0.));
#10273=VECTOR('',#10272,5.);
#10274=LINE('',#10271,#10273);
#10275=EDGE_CURVE('',#10270,#10262,#10274,.T.);
#10276=ORIENTED_EDGE('',*,*,#10275,.F.);
#10277=CARTESIAN_POINT('',(199.404018427,-10.,-97.618341089));
#10278=DIRECTION('',(0.,0.,-1.));
#10279=VECTOR('',#10278,10.507226198);
#10280=LINE('',#10277,#10279);
#10281=EDGE_CURVE('',#10270,#10239,#10280,.T.);
#10282=ORIENTED_EDGE('',*,*,#10281,.T.);
#10283=ORIENTED_EDGE('',*,*,#10244,.T.);
#10284=EDGE_LOOP('',(#10268,#10276,#10282,#10283));
#10285=FACE_BOUND('',#10284,.T.);
#10286=ADVANCED_FACE('',(#10285),#10260,.T.);
#10287=CARTESIAN_POINT('',(198.118324082,-10.,-97.618341089));
#10288=DIRECTION('',(0.,0.,1.));
#10289=DIRECTION('',(1.,0.,0.));
#10290=AXIS2_PLACEMENT_3D('',#10287,#10288,#10289);
#10291=PLANE('',#10290);
#10292=CARTESIAN_POINT('',(196.832629737,-5.,-97.618341089));
#10293=VERTEX_POINT('',#10292);
#10294=CARTESIAN_POINT('',(196.832629737,-5.,-97.618341089));
#10295=DIRECTION('',(1.,0.,-0.));
#10296=VECTOR('',#10295,2.57138869);
#10297=LINE('',#10294,#10296);
#10298=EDGE_CURVE('',#10293,#10262,#10297,.T.);
#10299=ORIENTED_EDGE('',*,*,#10298,.F.);
#10300=CARTESIAN_POINT('',(196.832629737,-10.,-97.618341089));
#10301=VERTEX_POINT('',#10300);
#10302=CARTESIAN_POINT('',(196.832629737,-10.,-97.618341089));
#10303=DIRECTION('',(0.,1.,0.));
#10304=VECTOR('',#10303,5.);
#10305=LINE('',#10302,#10304);
#10306=EDGE_CURVE('',#10301,#10293,#10305,.T.);
#10307=ORIENTED_EDGE('',*,*,#10306,.F.);
#10308=CARTESIAN_POINT('',(196.832629737,-10.,-97.618341089));
#10309=DIRECTION('',(1.,0.,-0.));
#10310=VECTOR('',#10309,2.57138869);
#10311=LINE('',#10308,#10310);
#10312=EDGE_CURVE('',#10301,#10270,#10311,.T.);
#10313=ORIENTED_EDGE('',*,*,#10312,.T.);
#10314=ORIENTED_EDGE('',*,*,#10275,.T.);
#10315=EDGE_LOOP('',(#10299,#10307,#10313,#10314));
#10316=FACE_BOUND('',#10315,.T.);
#10317=ADVANCED_FACE('',(#10316),#10291,.T.);
#10318=CARTESIAN_POINT('',(196.832629737,-10.,-102.960622763));
#10319=DIRECTION('',(-1.,0.,0.));
#10320=DIRECTION('',(0.,0.,1.));
#10321=AXIS2_PLACEMENT_3D('',#10318,#10319,#10320);
#10322=PLANE('',#10321);
#10323=CARTESIAN_POINT('',(196.832629737,-5.,-108.302904438));
#10324=VERTEX_POINT('',#10323);
#10325=CARTESIAN_POINT('',(196.832629737,-5.,-108.302904438));
#10326=DIRECTION('',(0.,0.,1.));
#10327=VECTOR('',#10326,10.684563349);
#10328=LINE('',#10325,#10327);
#10329=EDGE_CURVE('',#10324,#10293,#10328,.T.);
#10330=ORIENTED_EDGE('',*,*,#10329,.F.);
#10331=CARTESIAN_POINT('',(196.832629737,-10.,-108.302904438));
#10332=VERTEX_POINT('',#10331);
#10333=CARTESIAN_POINT('',(196.832629737,-10.,-108.302904438));
#10334=DIRECTION('',(0.,1.,0.));
#10335=VECTOR('',#10334,5.);
#10336=LINE('',#10333,#10335);
#10337=EDGE_CURVE('',#10332,#10324,#10336,.T.);
#10338=ORIENTED_EDGE('',*,*,#10337,.F.);
#10339=CARTESIAN_POINT('',(196.832629737,-10.,-108.302904438));
#10340=DIRECTION('',(0.,0.,1.));
#10341=VECTOR('',#10340,10.684563349);
#10342=LINE('',#10339,#10341);
#10343=EDGE_CURVE('',#10332,#10301,#10342,.T.);
#10344=ORIENTED_EDGE('',*,*,#10343,.T.);
#10345=ORIENTED_EDGE('',*,*,#10306,.T.);
#10346=EDGE_LOOP('',(#10330,#10338,#10344,#10345));
#10347=FACE_BOUND('',#10346,.T.);
#10348=ADVANCED_FACE('',(#10347),#10322,.T.);
#10349=CARTESIAN_POINT('',(197.519811197,-10.,-111.849647458));
#10350=CARTESIAN_POINT('',(197.519811197,-5.,-111.849647458));
#10351=CARTESIAN_POINT('',(196.832629737,-10.,-110.43095025));
#10352=CARTESIAN_POINT('',(196.832629737,-5.,-110.43095025));
#10353=CARTESIAN_POINT('',(196.832629737,-10.,-108.302904438));
#10354=CARTESIAN_POINT('',(196.832629737,-5.,-108.302904438));
#10355=B_SPLINE_SURFACE_WITH_KNOTS('',2,1,((#10349,#10350),(#10351,#10352),(#10353,#10354)),.UNSPECIFIED.,.F.,.F.,.U.,(3,3),(2,2),(0.,1.),(0.,1.),.UNSPECIFIED.);
#10356=CARTESIAN_POINT('',(197.519811197,-5.,-111.849647458));
#10357=VERTEX_POINT('',#10356);
#10358=CARTESIAN_POINT('',(197.519811197,-5.,-111.849647458));
#10359=CARTESIAN_POINT('',(196.832629737,-5.,-110.43095025));
#10360=CARTESIAN_POINT('',(196.832629737,-5.,-108.302904438));
#10361=B_SPLINE_CURVE_WITH_KNOTS('',2,(#10358,#10359,#10360),.UNSPECIFIED.,.F.,.F.,(3,3),(0.,1.),.UNSPECIFIED.);
#10362=EDGE_CURVE('',#10357,#10324,#10361,.T.);
#10363=ORIENTED_EDGE('',*,*,#10362,.F.);
#10364=CARTESIAN_POINT('',(197.519811197,-10.,-111.849647458));
#10365=VERTEX_POINT('',#10364);
#10366=CARTESIAN_POINT('',(197.519811197,-10.,-111.849647458));
#10367=DIRECTION('',(0.,1.,0.));
#10368=VECTOR('',#10367,5.);
#10369=LINE('',#10366,#10368);
#10370=EDGE_CURVE('',#10365,#10357,#10369,.T.);
#10371=ORIENTED_EDGE('',*,*,#10370,.F.);
#10372=CARTESIAN_POINT('',(197.519811197,-10.,-111.849647458));
#10373=CARTESIAN_POINT('',(196.832629737,-10.,-110.43095025));
#10374=CARTESIAN_POINT('',(196.832629737,-10.,-108.302904438));
#10375=B_SPLINE_CURVE_WITH_KNOTS('',2,(#10372,#10373,#10374),.UNSPECIFIED.,.F.,.F.,(3,3),(0.,1.),.UNSPECIFIED.);
#10376=EDGE_CURVE('',#10365,#10332,#10375,.T.);
#10377=ORIENTED_EDGE('',*,*,#10376,.T.);
#10378=ORIENTED_EDGE('',*,*,#10337,.T.);
#10379=EDGE_LOOP('',(#10363,#10371,#10377,#10378));
#10380=FACE_BOUND('',#10379,.T.);
#10381=ADVANCED_FACE('',(#10380),#10355,.T.);
#10382=CARTESIAN_POINT('',(199.448352715,-10.,-113.955526127));
#10383=CARTESIAN_POINT('',(199.448352715,-5.,-113.955526127));
#10384=CARTESIAN_POINT('',(198.229159801,-10.,-113.246177523));
#10385=CARTESIAN_POINT('',(198.229159801,-5.,-113.246177523));
#10386=CARTESIAN_POINT('',(197.519811197,-10.,-111.849647458));
#10387=CARTESIAN_POINT('',(197.519811197,-5.,-111.849647458));
#10388=B_SPLINE_SURFACE_WITH_KNOTS('',2,1,((#10382,#10383),(#10384,#10385),(#10386,#10387)),.UNSPECIFIED.,.F.,.F.,.U.,(3,3),(2,2),(0.,1.),(0.,1.),.UNSPECIFIED.);
#10389=CARTESIAN_POINT('',(199.448352715,-5.,-113.955526127));
#10390=VERTEX_POINT('',#10389);
#10391=CARTESIAN_POINT('',(199.448352715,-5.,-113.955526127));
#10392=CARTESIAN_POINT('',(198.229159801,-5.,-113.246177523));
#10393=CARTESIAN_POINT('',(197.519811197,-5.,-111.849647458));
#10394=B_SPLINE_CURVE_WITH_KNOTS('',2,(#10391,#10392,#10393),.UNSPECIFIED.,.F.,.F.,(3,3),(0.,1.),.UNSPECIFIED.);
#10395=EDGE_CURVE('',#10390,#10357,#10394,.T.);
#10396=ORIENTED_EDGE('',*,*,#10395,.F.);
#10397=CARTESIAN_POINT('',(199.448352715,-10.,-113.955526127));
#10398=VERTEX_POINT('',#10397);
#10399=CARTESIAN_POINT('',(199.448352715,-10.,-113.955526127));
#10400=DIRECTION('',(0.,1.,0.));
#10401=VECTOR('',#10400,5.);
#10402=LINE('',#10399,#10401);
#10403=EDGE_CURVE('',#10398,#10390,#10402,.T.);
#10404=ORIENTED_EDGE('',*,*,#10403,.F.);
#10405=CARTESIAN_POINT('',(199.448352715,-10.,-113.955526127));
#10406=CARTESIAN_POINT('',(198.229159801,-10.,-113.246177523));
#10407=CARTESIAN_POINT('',(197.519811197,-10.,-111.849647458));
#10408=B_SPLINE_CURVE_WITH_KNOTS('',2,(#10405,#10406,#10407),.UNSPECIFIED.,.F.,.F.,(3,3),(0.,1.),.UNSPECIFIED.);
#10409=EDGE_CURVE('',#10398,#10365,#10408,.T.);
#10410=ORIENTED_EDGE('',*,*,#10409,.T.);
#10411=ORIENTED_EDGE('',*,*,#10370,.T.);
#10412=EDGE_LOOP('',(#10396,#10404,#10410,#10411));
#10413=FACE_BOUND('',#10412,.T.);
#10414=ADVANCED_FACE('',(#10413),#10388,.T.);
#10415=CARTESIAN_POINT('',(202.241412843,-10.,-114.642707587));
#10416=CARTESIAN_POINT('',(202.241412843,-5.,-114.642707587));
#10417=CARTESIAN_POINT('',(200.667545628,-10.,-114.642707587));
#10418=CARTESIAN_POINT('',(200.667545628,-5.,-114.642707587));
#10419=CARTESIAN_POINT('',(199.448352715,-10.,-113.955526127));
#10420=CARTESIAN_POINT('',(199.448352715,-5.,-113.955526127));
#10421=B_SPLINE_SURFACE_WITH_KNOTS('',2,1,((#10415,#10416),(#10417,#10418),(#10419,#10420)),.UNSPECIFIED.,.F.,.F.,.U.,(3,3),(2,2),(0.,1.),(0.,1.),.UNSPECIFIED.);
#10422=CARTESIAN_POINT('',(202.241412843,-5.,-114.642707587));
#10423=VERTEX_POINT('',#10422);
#10424=CARTESIAN_POINT('',(202.241412843,-5.,-114.642707587));
#10425=CARTESIAN_POINT('',(200.667545628,-5.,-114.642707587));
#10426=CARTESIAN_POINT('',(199.448352715,-5.,-113.955526127));
#10427=B_SPLINE_CURVE_WITH_KNOTS('',2,(#10424,#10425,#10426),.UNSPECIFIED.,.F.,.F.,(3,3),(0.,1.),.UNSPECIFIED.);
#10428=EDGE_CURVE('',#10423,#10390,#10427,.T.);
#10429=ORIENTED_EDGE('',*,*,#10428,.F.);
#10430=CARTESIAN_POINT('',(202.241412843,-10.,-114.642707587));
#10431=VERTEX_POINT('',#10430);
#10432=CARTESIAN_POINT('',(202.241412843,-10.,-114.642707587));
#10433=DIRECTION('',(0.,1.,0.));
#10434=VECTOR('',#10433,5.);
#10435=LINE('',#10432,#10434);
#10436=EDGE_CURVE('',#10431,#10423,#10435,.T.);
#10437=ORIENTED_EDGE('',*,*,#10436,.F.);
#10438=CARTESIAN_POINT('',(202.241412843,-10.,-114.642707587));
#10439=CARTESIAN_POINT('',(200.667545628,-10.,-114.642707587));
#10440=CARTESIAN_POINT('',(199.448352715,-10.,-113.955526127));
#10441=B_SPLINE_CURVE_WITH_KNOTS('',2,(#10438,#10439,#10440),.UNSPECIFIED.,.F.,.F.,(3,3),(0.,1.),.UNSPECIFIED.);
#10442=EDGE_CURVE('',#10431,#10398,#10441,.T.);
#10443=ORIENTED_EDGE('',*,*,#10442,.T.);
#10444=ORIENTED_EDGE('',*,*,#10403,.T.);
#10445=EDGE_LOOP('',(#10429,#10437,#10443,#10444));
#10446=FACE_BOUND('',#10445,.T.);
#10447=ADVANCED_FACE('',(#10446),#10421,.T.);
#10448=CARTESIAN_POINT('',(205.389147274,-10.,-113.756021832));
#10449=CARTESIAN_POINT('',(205.389147274,-5.,-113.756021832));
#10450=CARTESIAN_POINT('',(204.147787217,-10.,-114.642707587));
#10451=CARTESIAN_POINT('',(204.147787217,-5.,-114.642707587));
#10452=CARTESIAN_POINT('',(202.241412843,-10.,-114.642707587));
#10453=CARTESIAN_POINT('',(202.241412843,-5.,-114.642707587));
#10454=B_SPLINE_SURFACE_WITH_KNOTS('',2,1,((#10448,#10449),(#10450,#10451),(#10452,#10453)),.UNSPECIFIED.,.F.,.F.,.U.,(3,3),(2,2),(0.,1.),(0.,1.),.UNSPECIFIED.);
#10455=CARTESIAN_POINT('',(205.389147274,-5.,-113.756021832));
#10456=VERTEX_POINT('',#10455);
#10457=CARTESIAN_POINT('',(205.389147274,-5.,-113.756021832));
#10458=CARTESIAN_POINT('',(204.147787217,-5.,-114.642707587));
#10459=CARTESIAN_POINT('',(202.241412843,-5.,-114.642707587));
#10460=B_SPLINE_CURVE_WITH_KNOTS('',2,(#10457,#10458,#10459),.UNSPECIFIED.,.F.,.F.,(3,3),(0.,1.),.UNSPECIFIED.);
#10461=EDGE_CURVE('',#10456,#10423,#10460,.T.);
#10462=ORIENTED_EDGE('',*,*,#10461,.F.);
#10463=CARTESIAN_POINT('',(205.389147274,-10.,-113.756021832));
#10464=VERTEX_POINT('',#10463);
#10465=CARTESIAN_POINT('',(205.389147274,-10.,-113.756021832));
#10466=DIRECTION('',(0.,1.,0.));
#10467=VECTOR('',#10466,5.);
#10468=LINE('',#10465,#10467);
#10469=EDGE_CURVE('',#10464,#10456,#10468,.T.);
#10470=ORIENTED_EDGE('',*,*,#10469,.F.);
#10471=CARTESIAN_POINT('',(205.389147274,-10.,-113.756021832));
#10472=CARTESIAN_POINT('',(204.147787217,-10.,-114.642707587));
#10473=CARTESIAN_POINT('',(202.241412843,-10.,-114.642707587));
#10474=B_SPLINE_CURVE_WITH_KNOTS('',2,(#10471,#10472,#10473),.UNSPECIFIED.,.F.,.F.,(3,3),(0.,1.),.UNSPECIFIED.);
#10475=EDGE_CURVE('',#10464,#10431,#10474,.T.);
#10476=ORIENTED_EDGE('',*,*,#10475,.T.);
#10477=ORIENTED_EDGE('',*,*,#10436,.T.);
#10478=EDGE_LOOP('',(#10462,#10470,#10476,#10477));
#10479=FACE_BOUND('',#10478,.T.);
#10480=ADVANCED_FACE('',(#10479),#10454,.T.);
#10481=CARTESIAN_POINT('',(207.229020216,-10.,-111.583641732));
#10482=CARTESIAN_POINT('',(207.229020216,-5.,-111.583641732));
#10483=CARTESIAN_POINT('',(206.630507331,-10.,-112.847168933));
#10484=CARTESIAN_POINT('',(206.630507331,-5.,-112.847168933));
#10485=CARTESIAN_POINT('',(205.389147274,-10.,-113.756021832));
#10486=CARTESIAN_POINT('',(205.389147274,-5.,-113.756021832));
#10487=B_SPLINE_SURFACE_WITH_KNOTS('',2,1,((#10481,#10482),(#10483,#10484),(#10485,#10486)),.UNSPECIFIED.,.F.,.F.,.U.,(3,3),(2,2),(0.,1.),(0.,1.),.UNSPECIFIED.);
#10488=CARTESIAN_POINT('',(207.229020216,-5.,-111.583641732));
#10489=VERTEX_POINT('',#10488);
#10490=CARTESIAN_POINT('',(207.229020216,-5.,-111.583641732));
#10491=CARTESIAN_POINT('',(206.630507331,-5.,-112.847168933));
#10492=CARTESIAN_POINT('',(205.389147274,-5.,-113.756021832));
#10493=B_SPLINE_CURVE_WITH_KNOTS('',2,(#10490,#10491,#10492),.UNSPECIFIED.,.F.,.F.,(3,3),(0.,1.),.UNSPECIFIED.);
#10494=EDGE_CURVE('',#10489,#10456,#10493,.T.);
#10495=ORIENTED_EDGE('',*,*,#10494,.F.);
#10496=CARTESIAN_POINT('',(207.229020216,-10.,-111.583641732));
#10497=VERTEX_POINT('',#10496);
#10498=CARTESIAN_POINT('',(207.229020216,-10.,-111.583641732));
#10499=DIRECTION('',(0.,1.,0.));
#10500=VECTOR('',#10499,5.);
#10501=LINE('',#10498,#10500);
#10502=EDGE_CURVE('',#10497,#10489,#10501,.T.);
#10503=ORIENTED_EDGE('',*,*,#10502,.F.);
#10504=CARTESIAN_POINT('',(207.229020216,-10.,-111.583641732));
#10505=CARTESIAN_POINT('',(206.630507331,-10.,-112.847168933));
#10506=CARTESIAN_POINT('',(205.389147274,-10.,-113.756021832));
#10507=B_SPLINE_CURVE_WITH_KNOTS('',2,(#10504,#10505,#10506),.UNSPECIFIED.,.F.,.F.,(3,3),(0.,1.),.UNSPECIFIED.);
#10508=EDGE_CURVE('',#10497,#10464,#10507,.T.);
#10509=ORIENTED_EDGE('',*,*,#10508,.T.);
#10510=ORIENTED_EDGE('',*,*,#10469,.T.);
#10511=EDGE_LOOP('',(#10495,#10503,#10509,#10510));
#10512=FACE_BOUND('',#10511,.T.);
#10513=ADVANCED_FACE('',(#10512),#10487,.T.);
#10514=CARTESIAN_POINT('',(207.317688791,-10.,-111.583641732));
#10515=DIRECTION('',(0.,0.,-1.));
#10516=DIRECTION('',(-1.,0.,0.));
#10517=AXIS2_PLACEMENT_3D('',#10514,#10515,#10516);
#10518=PLANE('',#10517);
#10519=CARTESIAN_POINT('',(207.406357367,-5.,-111.583641732));
#10520=VERTEX_POINT('',#10519);
#10521=CARTESIAN_POINT('',(207.406357367,-5.,-111.583641732));
#10522=DIRECTION('',(-1.,0.,0.));
#10523=VECTOR('',#10522,0.177337151);
#10524=LINE('',#10521,#10523);
#10525=EDGE_CURVE('',#10520,#10489,#10524,.T.);
#10526=ORIENTED_EDGE('',*,*,#10525,.F.);
#10527=CARTESIAN_POINT('',(207.406357367,-10.,-111.583641732));
#10528=VERTEX_POINT('',#10527);
#10529=CARTESIAN_POINT('',(207.406357367,-10.,-111.583641732));
#10530=DIRECTION('',(0.,1.,0.));
#10531=VECTOR('',#10530,5.);
#10532=LINE('',#10529,#10531);
#10533=EDGE_CURVE('',#10528,#10520,#10532,.T.);
#10534=ORIENTED_EDGE('',*,*,#10533,.F.);
#10535=CARTESIAN_POINT('',(207.406357367,-10.,-111.583641732));
#10536=DIRECTION('',(-1.,0.,0.));
#10537=VECTOR('',#10536,0.177337151);
#10538=LINE('',#10535,#10537);
#10539=EDGE_CURVE('',#10528,#10497,#10538,.T.);
#10540=ORIENTED_EDGE('',*,*,#10539,.T.);
#10541=ORIENTED_EDGE('',*,*,#10502,.T.);
#10542=EDGE_LOOP('',(#10526,#10534,#10540,#10541));
#10543=FACE_BOUND('',#10542,.T.);
#10544=ADVANCED_FACE('',(#10543),#10518,.T.);
#10545=CARTESIAN_POINT('',(207.406357367,-10.,-113.00233894));
#10546=DIRECTION('',(-1.,0.,0.));
#10547=DIRECTION('',(0.,0.,1.));
#10548=AXIS2_PLACEMENT_3D('',#10545,#10546,#10547);
#10549=PLANE('',#10548);
#10550=CARTESIAN_POINT('',(207.406357367,-5.,-114.421036148));
#10551=VERTEX_POINT('',#10550);
#10552=CARTESIAN_POINT('',(207.406357367,-5.,-114.421036148));
#10553=DIRECTION('',(0.,0.,1.));
#10554=VECTOR('',#10553,2.837394416);
#10555=LINE('',#10552,#10554);
#10556=EDGE_CURVE('',#10551,#10520,#10555,.T.);
#10557=ORIENTED_EDGE('',*,*,#10556,.F.);
#10558=CARTESIAN_POINT('',(207.406357367,-10.,-114.421036148));
#10559=VERTEX_POINT('',#10558);
#10560=CARTESIAN_POINT('',(207.406357367,-10.,-114.421036148));
#10561=DIRECTION('',(0.,1.,0.));
#10562=VECTOR('',#10561,5.);
#10563=LINE('',#10560,#10562);
#10564=EDGE_CURVE('',#10559,#10551,#10563,.T.);
#10565=ORIENTED_EDGE('',*,*,#10564,.F.);
#10566=CARTESIAN_POINT('',(207.406357367,-10.,-114.421036148));
#10567=DIRECTION('',(0.,0.,1.));
#10568=VECTOR('',#10567,2.837394416);
#10569=LINE('',#10566,#10568);
#10570=EDGE_CURVE('',#10559,#10528,#10569,.T.);
#10571=ORIENTED_EDGE('',*,*,#10570,.T.);
#10572=ORIENTED_EDGE('',*,*,#10533,.T.);
#10573=EDGE_LOOP('',(#10557,#10565,#10571,#10572));
#10574=FACE_BOUND('',#10573,.T.);
#10575=ADVANCED_FACE('',(#10574),#10549,.T.);
#10576=CARTESIAN_POINT('',(208.692051712,-10.,-114.421036148));
#10577=DIRECTION('',(0.,0.,-1.));
#10578=DIRECTION('',(-1.,0.,0.));
#10579=AXIS2_PLACEMENT_3D('',#10576,#10577,#10578);
#10580=PLANE('',#10579);
#10581=CARTESIAN_POINT('',(209.977746057,-5.,-114.421036148));
#10582=VERTEX_POINT('',#10581);
#10583=CARTESIAN_POINT('',(209.977746057,-5.,-114.421036148));
#10584=DIRECTION('',(-1.,0.,0.));
#10585=VECTOR('',#10584,2.57138869);
#10586=LINE('',#10583,#10585);
#10587=EDGE_CURVE('',#10582,#10551,#10586,.T.);
#10588=ORIENTED_EDGE('',*,*,#10587,.F.);
#10589=CARTESIAN_POINT('',(209.977746057,-10.,-114.421036148));
#10590=VERTEX_POINT('',#10589);
#10591=CARTESIAN_POINT('',(209.977746057,-10.,-114.421036148));
#10592=DIRECTION('',(0.,1.,0.));
#10593=VECTOR('',#10592,5.);
#10594=LINE('',#10591,#10593);
#10595=EDGE_CURVE('',#10590,#10582,#10594,.T.);
#10596=ORIENTED_EDGE('',*,*,#10595,.F.);
#10597=CARTESIAN_POINT('',(209.977746057,-10.,-114.421036148));
#10598=DIRECTION('',(-1.,0.,0.));
#10599=VECTOR('',#10598,2.57138869);
#10600=LINE('',#10597,#10599);
#10601=EDGE_CURVE('',#10590,#10559,#10600,.T.);
#10602=ORIENTED_EDGE('',*,*,#10601,.T.);
#10603=ORIENTED_EDGE('',*,*,#10564,.T.);
#10604=EDGE_LOOP('',(#10588,#10596,#10602,#10603));
#10605=FACE_BOUND('',#10604,.T.);
#10606=ADVANCED_FACE('',(#10605),#10580,.T.);
#10607=CARTESIAN_POINT('',(209.977746057,-10.,-106.019688618));
#10608=DIRECTION('',(1.,0.,0.));
#10609=DIRECTION('',(0.,0.,-1.));
#10610=AXIS2_PLACEMENT_3D('',#10607,#10608,#10609);
#10611=PLANE('',#10610);
#10612=CARTESIAN_POINT('',(209.977746057,-5.,-97.618341089));
#10613=VERTEX_POINT('',#10612);
#10614=CARTESIAN_POINT('',(209.977746057,-5.,-97.618341089));
#10615=DIRECTION('',(0.,0.,-1.));
#10616=VECTOR('',#10615,16.80269506);
#10617=LINE('',#10614,#10616);
#10618=EDGE_CURVE('',#10613,#10582,#10617,.T.);
#10619=ORIENTED_EDGE('',*,*,#10618,.F.);
#10620=CARTESIAN_POINT('',(209.977746057,-10.,-97.618341089));
#10621=VERTEX_POINT('',#10620);
#10622=CARTESIAN_POINT('',(209.977746057,-10.,-97.618341089));
#10623=DIRECTION('',(0.,1.,0.));
#10624=VECTOR('',#10623,5.);
#10625=LINE('',#10622,#10624);
#10626=EDGE_CURVE('',#10621,#10613,#10625,.T.);
#10627=ORIENTED_EDGE('',*,*,#10626,.F.);
#10628=CARTESIAN_POINT('',(209.977746057,-10.,-97.618341089));
#10629=DIRECTION('',(0.,0.,-1.));
#10630=VECTOR('',#10629,16.80269506);
#10631=LINE('',#10628,#10630);
#10632=EDGE_CURVE('',#10621,#10590,#10631,.T.);
#10633=ORIENTED_EDGE('',*,*,#10632,.T.);
#10634=ORIENTED_EDGE('',*,*,#10595,.T.);
#10635=EDGE_LOOP('',(#10619,#10627,#10633,#10634));
#10636=FACE_BOUND('',#10635,.T.);
#10637=ADVANCED_FACE('',(#10636),#10611,.T.);
#10638=CARTESIAN_POINT('',(208.692051712,-10.,-97.618341089));
#10639=DIRECTION('',(0.,0.,1.));
#10640=DIRECTION('',(1.,0.,0.));
#10641=AXIS2_PLACEMENT_3D('',#10638,#10639,#10640);
#10642=PLANE('',#10641);
#10643=CARTESIAN_POINT('',(207.406357367,-5.,-97.618341089));
#10644=VERTEX_POINT('',#10643);
#10645=CARTESIAN_POINT('',(207.406357367,-5.,-97.618341089));
#10646=DIRECTION('',(1.,0.,-0.));
#10647=VECTOR('',#10646,2.57138869);
#10648=LINE('',#10645,#10647);
#10649=EDGE_CURVE('',#10644,#10613,#10648,.T.);
#10650=ORIENTED_EDGE('',*,*,#10649,.F.);
#10651=CARTESIAN_POINT('',(207.406357367,-10.,-97.618341089));
#10652=VERTEX_POINT('',#10651);
#10653=CARTESIAN_POINT('',(207.406357367,-10.,-97.618341089));
#10654=DIRECTION('',(0.,1.,0.));
#10655=VECTOR('',#10654,5.);
#10656=LINE('',#10653,#10655);
#10657=EDGE_CURVE('',#10652,#10644,#10656,.T.);
#10658=ORIENTED_EDGE('',*,*,#10657,.F.);
#10659=CARTESIAN_POINT('',(207.406357367,-10.,-97.618341089));
#10660=DIRECTION('',(1.,0.,-0.));
#10661=VECTOR('',#10660,2.57138869);
#10662=LINE('',#10659,#10661);
#10663=EDGE_CURVE('',#10652,#10621,#10662,.T.);
#10664=ORIENTED_EDGE('',*,*,#10663,.T.);
#10665=ORIENTED_EDGE('',*,*,#10626,.T.);
#10666=EDGE_LOOP('',(#10650,#10658,#10664,#10665));
#10667=FACE_BOUND('',#10666,.T.);
#10668=ADVANCED_FACE('',(#10667),#10642,.T.);
#10669=CARTESIAN_POINT('',(207.406357367,-10.,-102.583781317));
#10670=DIRECTION('',(-1.,0.,0.));
#10671=DIRECTION('',(0.,0.,1.));
#10672=AXIS2_PLACEMENT_3D('',#10669,#10670,#10671);
#10673=PLANE('',#10672);
#10674=CARTESIAN_POINT('',(207.406357367,-5.,-107.549221546));
#10675=DIRECTION('',(0.,0.,1.));
#10676=VECTOR('',#10675,9.930880457);
#10677=LINE('',#10674,#10676);
#10678=EDGE_CURVE('',#10092,#10644,#10677,.T.);
#10679=ORIENTED_EDGE('',*,*,#10678,.F.);
#10680=ORIENTED_EDGE('',*,*,#10119,.F.);
#10681=CARTESIAN_POINT('',(207.406357367,-10.,-107.549221546));
#10682=DIRECTION('',(0.,0.,1.));
#10683=VECTOR('',#10682,9.930880457);
#10684=LINE('',#10681,#10683);
#10685=EDGE_CURVE('',#10108,#10652,#10684,.T.);
#10686=ORIENTED_EDGE('',*,*,#10685,.T.);
#10687=ORIENTED_EDGE('',*,*,#10657,.T.);
#10688=EDGE_LOOP('',(#10679,#10680,#10686,#10687));
#10689=FACE_BOUND('',#10688,.T.);
#10690=ADVANCED_FACE('',(#10689),#10673,.T.);
#10691=CARTESIAN_POINT('',(125.,-10.,-75.));
#10692=DIRECTION('',(0.,-1.,0.));
#10693=DIRECTION('',(0.,0.,-1.));
#10694=AXIS2_PLACEMENT_3D('',#10691,#10692,#10693);
#10695=PLANE('',#10694);
#10696=ORIENTED_EDGE('',*,*,#10113,.F.);
#10697=ORIENTED_EDGE('',*,*,#10151,.F.);
#10698=ORIENTED_EDGE('',*,*,#10184,.F.);
#10699=ORIENTED_EDGE('',*,*,#10217,.F.);
#10700=ORIENTED_EDGE('',*,*,#10250,.F.);
#10701=ORIENTED_EDGE('',*,*,#10281,.F.);
#10702=ORIENTED_EDGE('',*,*,#10312,.F.);
#10703=ORIENTED_EDGE('',*,*,#10343,.F.);
#10704=ORIENTED_EDGE('',*,*,#10376,.F.);
#10705=ORIENTED_EDGE('',*,*,#10409,.F.);
#10706=ORIENTED_EDGE('',*,*,#10442,.F.);
#10707=ORIENTED_EDGE('',*,*,#10475,.F.);
#10708=ORIENTED_EDGE('',*,*,#10508,.F.);
#10709=ORIENTED_EDGE('',*,*,#10539,.F.);
#10710=ORIENTED_EDGE('',*,*,#10570,.F.);
#10711=ORIENTED_EDGE('',*,*,#10601,.F.);
#10712=ORIENTED_EDGE('',*,*,#10632,.F.);
#10713=ORIENTED_EDGE('',*,*,#10663,.F.);
#10714=ORIENTED_EDGE('',*,*,#10685,.F.);
#10715=EDGE_LOOP('',(#10696,#10697,#10698,#10699,#10700,#10701,#10702,#10703,#10704,#10705,#10706,#10707,#10708,#10709,#10710,#10711,#10712,#10713,#10714));
#10716=FACE_BOUND('',#10715,.T.);
#10717=ADVANCED_FACE('',(#10716),#10695,.T.);
#10718=CARTESIAN_POINT('',(125.,-5.,-75.));
#10719=DIRECTION('',(0.,-1.,0.));
#10720=DIRECTION('',(0.,0.,-1.));
#10721=AXIS2_PLACEMENT_3D('',#10718,#10719,#10720);
#10722=PLANE('',#10721);
#10723=ORIENTED_EDGE('',*,*,#10097,.T.);
#10724=ORIENTED_EDGE('',*,*,#10678,.T.);
#10725=ORIENTED_EDGE('',*,*,#10649,.T.);
#10726=ORIENTED_EDGE('',*,*,#10618,.T.);
#10727=ORIENTED_EDGE('',*,*,#10587,.T.);
#10728=ORIENTED_EDGE('',*,*,#10556,.T.);
#10729=ORIENTED_EDGE('',*,*,#10525,.T.);
#10730=ORIENTED_EDGE('',*,*,#10494,.T.);
#10731=ORIENTED_EDGE('',*,*,#10461,.T.);
#10732=ORIENTED_EDGE('',*,*,#10428,.T.);
#10733=ORIENTED_EDGE('',*,*,#10395,.T.);
#10734=ORIENTED_EDGE('',*,*,#10362,.T.);
#10735=ORIENTED_EDGE('',*,*,#10329,.T.);
#10736=ORIENTED_EDGE('',*,*,#10298,.T.);
#10737=ORIENTED_EDGE('',*,*,#10267,.T.);
#10738=ORIENTED_EDGE('',*,*,#10236,.T.);
#10739=ORIENTED_EDGE('',*,*,#10203,.T.);
#10740=ORIENTED_EDGE('',*,*,#10170,.T.);
#10741=ORIENTED_EDGE('',*,*,#10137,.T.);
#10742=EDGE_LOOP('',(#10723,#10724,#10725,#10726,#10727,#10728,#10729,#10730,#10731,#10732,#10733,#10734,#10735,#10736,#10737,#10738,#10739,#10740,#10741));
#10743=FACE_BOUND('',#10742,.T.);
#10744=ADVANCED_FACE('',(#10743),#10722,.F.);
#10745=CLOSED_SHELL('',(#10123,#10156,#10189,#10222,#10255,#10286,#10317,#10348,#10381,#10414,#10447,#10480,#10513,#10544,#10575,#10606,#10637,#10668,#10690,#10717,#10744));
#10746=MANIFOLD_SOLID_BREP('Extruded.016',#10745);
#10081=STYLED_ITEM('',(),#10746);
#10748=CARTESIAN_POINT('',(217.847082133,-10.,-101.830098425));
#10749=CARTESIAN_POINT('',(217.847082133,-5.,-101.830098425));
#10750=CARTESIAN_POINT('',(217.292903536,-10.,-102.849787044));
#10751=CARTESIAN_POINT('',(217.292903536,-5.,-102.849787044));
#10752=CARTESIAN_POINT('',(217.292903536,-10.,-104.31281854));
#10753=CARTESIAN_POINT('',(217.292903536,-5.,-104.31281854));
#10754=B_SPLINE_SURFACE_WITH_KNOTS('',2,1,((#10748,#10749),(#10750,#10751),(#10752,#10753)),.UNSPECIFIED.,.F.,.F.,.U.,(3,3),(2,2),(0.,1.),(0.,1.),.UNSPECIFIED.);
#10755=CARTESIAN_POINT('',(217.847082133,-5.,-101.830098425));
#10756=VERTEX_POINT('',#10755);
#10757=CARTESIAN_POINT('',(217.292903536,-5.,-104.31281854));
#10758=VERTEX_POINT('',#10757);
#10759=CARTESIAN_POINT('',(217.847082133,-5.,-101.830098425));
#10760=CARTESIAN_POINT('',(217.292903536,-5.,-102.849787044));
#10761=CARTESIAN_POINT('',(217.292903536,-5.,-104.31281854));
#10762=B_SPLINE_CURVE_WITH_KNOTS('',2,(#10759,#10760,#10761),.UNSPECIFIED.,.F.,.F.,(3,3),(0.,1.),.UNSPECIFIED.);
#10763=EDGE_CURVE('',#10756,#10758,#10762,.T.);
#10764=ORIENTED_EDGE('',*,*,#10763,.F.);
#10765=CARTESIAN_POINT('',(217.847082133,-10.,-101.830098425));
#10766=VERTEX_POINT('',#10765);
#10767=CARTESIAN_POINT('',(217.847082133,-10.,-101.830098425));
#10768=DIRECTION('',(0.,1.,0.));
#10769=VECTOR('',#10768,5.);
#10770=LINE('',#10767,#10769);
#10771=EDGE_CURVE('',#10766,#10756,#10770,.T.);
#10772=ORIENTED_EDGE('',*,*,#10771,.F.);
#10773=CARTESIAN_POINT('',(217.292903536,-10.,-104.31281854));
#10774=VERTEX_POINT('',#10773);
#10775=CARTESIAN_POINT('',(217.847082133,-10.,-101.830098425));
#10776=CARTESIAN_POINT('',(217.292903536,-10.,-102.849787044));
#10777=CARTESIAN_POINT('',(217.292903536,-10.,-104.31281854));
#10778=B_SPLINE_CURVE_WITH_KNOTS('',2,(#10775,#10776,#10777),.UNSPECIFIED.,.F.,.F.,(3,3),(0.,1.),.UNSPECIFIED.);
#10779=EDGE_CURVE('',#10766,#10774,#10778,.T.);
#10780=ORIENTED_EDGE('',*,*,#10779,.T.);
#10781=CARTESIAN_POINT('',(217.292903536,-10.,-104.31281854));
#10782=DIRECTION('',(0.,1.,0.));
#10783=VECTOR('',#10782,5.);
#10784=LINE('',#10781,#10783);
#10785=EDGE_CURVE('',#10774,#10758,#10784,.T.);
#10786=ORIENTED_EDGE('',*,*,#10785,.T.);
#10787=EDGE_LOOP('',(#10764,#10772,#10780,#10786));
#10788=FACE_BOUND('',#10787,.T.);
#10789=ADVANCED_FACE('',(#10788),#10754,.T.);
#10790=CARTESIAN_POINT('',(219.376615061,-10.,-100.25623121));
#10791=CARTESIAN_POINT('',(219.376615061,-5.,-100.25623121));
#10792=CARTESIAN_POINT('',(218.40126073,-10.,-100.788242663));
#10793=CARTESIAN_POINT('',(218.40126073,-5.,-100.788242663));
#10794=CARTESIAN_POINT('',(217.847082133,-10.,-101.830098425));
#10795=CARTESIAN_POINT('',(217.847082133,-5.,-101.830098425));
#10796=B_SPLINE_SURFACE_WITH_KNOTS('',2,1,((#10790,#10791),(#10792,#10793),(#10794,#10795)),.UNSPECIFIED.,.F.,.F.,.U.,(3,3),(2,2),(0.,1.),(0.,1.),.UNSPECIFIED.);
#10797=CARTESIAN_POINT('',(219.376615061,-5.,-100.25623121));
#10798=VERTEX_POINT('',#10797);
#10799=CARTESIAN_POINT('',(219.376615061,-5.,-100.25623121));
#10800=CARTESIAN_POINT('',(218.40126073,-5.,-100.788242663));
#10801=CARTESIAN_POINT('',(217.847082133,-5.,-101.830098425));
#10802=B_SPLINE_CURVE_WITH_KNOTS('',2,(#10799,#10800,#10801),.UNSPECIFIED.,.F.,.F.,(3,3),(0.,1.),.UNSPECIFIED.);
#10803=EDGE_CURVE('',#10798,#10756,#10802,.T.);
#10804=ORIENTED_EDGE('',*,*,#10803,.F.);
#10805=CARTESIAN_POINT('',(219.376615061,-10.,-100.25623121));
#10806=VERTEX_POINT('',#10805);
#10807=CARTESIAN_POINT('',(219.376615061,-10.,-100.25623121));
#10808=DIRECTION('',(0.,1.,0.));
#10809=VECTOR('',#10808,5.);
#10810=LINE('',#10807,#10809);
#10811=EDGE_CURVE('',#10806,#10798,#10810,.T.);
#10812=ORIENTED_EDGE('',*,*,#10811,.F.);
#10813=CARTESIAN_POINT('',(219.376615061,-10.,-100.25623121));
#10814=CARTESIAN_POINT('',(218.40126073,-10.,-100.788242663));
#10815=CARTESIAN_POINT('',(217.847082133,-10.,-101.830098425));
#10816=B_SPLINE_CURVE_WITH_KNOTS('',2,(#10813,#10814,#10815),.UNSPECIFIED.,.F.,.F.,(3,3),(0.,1.),.UNSPECIFIED.);
#10817=EDGE_CURVE('',#10806,#10766,#10816,.T.);
#10818=ORIENTED_EDGE('',*,*,#10817,.T.);
#10819=ORIENTED_EDGE('',*,*,#10771,.T.);
#10820=EDGE_LOOP('',(#10804,#10812,#10818,#10819));
#10821=FACE_BOUND('',#10820,.T.);
#10822=ADVANCED_FACE('',(#10821),#10796,.T.);
#10823=CARTESIAN_POINT('',(221.571162305,-10.,-99.724219757));
#10824=CARTESIAN_POINT('',(221.571162305,-5.,-99.724219757));
#10825=CARTESIAN_POINT('',(220.351969392,-10.,-99.724219757));
#10826=CARTESIAN_POINT('',(220.351969392,-5.,-99.724219757));
#10827=CARTESIAN_POINT('',(219.376615061,-10.,-100.25623121));
#10828=CARTESIAN_POINT('',(219.376615061,-5.,-100.25623121));
#10829=B_SPLINE_SURFACE_WITH_KNOTS('',2,1,((#10823,#10824),(#10825,#10826),(#10827,#10828)),.UNSPECIFIED.,.F.,.F.,.U.,(3,3),(2,2),(0.,1.),(0.,1.),.UNSPECIFIED.);
#10830=CARTESIAN_POINT('',(221.571162305,-5.,-99.724219757));
#10831=VERTEX_POINT('',#10830);
#10832=CARTESIAN_POINT('',(221.571162305,-5.,-99.724219757));
#10833=CARTESIAN_POINT('',(220.351969392,-5.,-99.724219757));
#10834=CARTESIAN_POINT('',(219.376615061,-5.,-100.25623121));
#10835=B_SPLINE_CURVE_WITH_KNOTS('',2,(#10832,#10833,#10834),.UNSPECIFIED.,.F.,.F.,(3,3),(0.,1.),.UNSPECIFIED.);
#10836=EDGE_CURVE('',#10831,#10798,#10835,.T.);
#10837=ORIENTED_EDGE('',*,*,#10836,.F.);
#10838=CARTESIAN_POINT('',(221.571162305,-10.,-99.724219757));
#10839=VERTEX_POINT('',#10838);
#10840=CARTESIAN_POINT('',(221.571162305,-10.,-99.724219757));
#10841=DIRECTION('',(0.,1.,0.));
#10842=VECTOR('',#10841,5.);
#10843=LINE('',#10840,#10842);
#10844=EDGE_CURVE('',#10839,#10831,#10843,.T.);
#10845=ORIENTED_EDGE('',*,*,#10844,.F.);
#10846=CARTESIAN_POINT('',(221.571162305,-10.,-99.724219757));
#10847=CARTESIAN_POINT('',(220.351969392,-10.,-99.724219757));
#10848=CARTESIAN_POINT('',(219.376615061,-10.,-100.25623121));
#10849=B_SPLINE_CURVE_WITH_KNOTS('',2,(#10846,#10847,#10848),.UNSPECIFIED.,.F.,.F.,(3,3),(0.,1.),.UNSPECIFIED.);
#10850=EDGE_CURVE('',#10839,#10806,#10849,.T.);
#10851=ORIENTED_EDGE('',*,*,#10850,.T.);
#10852=ORIENTED_EDGE('',*,*,#10811,.T.);
#10853=EDGE_LOOP('',(#10837,#10845,#10851,#10852));
#10854=FACE_BOUND('',#10853,.T.);
#10855=ADVANCED_FACE('',(#10854),#10829,.T.);
#10856=CARTESIAN_POINT('',(224.408556721,-10.,-100.832576951));
#10857=CARTESIAN_POINT('',(224.408556721,-5.,-100.832576951));
#10858=CARTESIAN_POINT('',(223.366700959,-10.,-99.724219757));
#10859=CARTESIAN_POINT('',(223.366700959,-5.,-99.724219757));
#10860=CARTESIAN_POINT('',(221.571162305,-10.,-99.724219757));
#10861=CARTESIAN_POINT('',(221.571162305,-5.,-99.724219757));
#10862=B_SPLINE_SURFACE_WITH_KNOTS('',2,1,((#10856,#10857),(#10858,#10859),(#10860,#10861)),.UNSPECIFIED.,.F.,.F.,.U.,(3,3),(2,2),(0.,1.),(0.,1.),.UNSPECIFIED.);
#10863=CARTESIAN_POINT('',(224.408556721,-5.,-100.832576951));
#10864=VERTEX_POINT('',#10863);
#10865=CARTESIAN_POINT('',(224.408556721,-5.,-100.832576951));
#10866=CARTESIAN_POINT('',(223.366700959,-5.,-99.724219757));
#10867=CARTESIAN_POINT('',(221.571162305,-5.,-99.724219757));
#10868=B_SPLINE_CURVE_WITH_KNOTS('',2,(#10865,#10866,#10867),.UNSPECIFIED.,.F.,.F.,(3,3),(0.,1.),.UNSPECIFIED.);
#10869=EDGE_CURVE('',#10864,#10831,#10868,.T.);
#10870=ORIENTED_EDGE('',*,*,#10869,.F.);
#10871=CARTESIAN_POINT('',(224.408556721,-10.,-100.832576951));
#10872=VERTEX_POINT('',#10871);
#10873=CARTESIAN_POINT('',(224.408556721,-10.,-100.832576951));
#10874=DIRECTION('',(0.,1.,0.));
#10875=VECTOR('',#10874,5.);
#10876=LINE('',#10873,#10875);
#10877=EDGE_CURVE('',#10872,#10864,#10876,.T.);
#10878=ORIENTED_EDGE('',*,*,#10877,.F.);
#10879=CARTESIAN_POINT('',(224.408556721,-10.,-100.832576951));
#10880=CARTESIAN_POINT('',(223.366700959,-10.,-99.724219757));
#10881=CARTESIAN_POINT('',(221.571162305,-10.,-99.724219757));
#10882=B_SPLINE_CURVE_WITH_KNOTS('',2,(#10879,#10880,#10881),.UNSPECIFIED.,.F.,.F.,(3,3),(0.,1.),.UNSPECIFIED.);
#10883=EDGE_CURVE('',#10872,#10839,#10882,.T.);
#10884=ORIENTED_EDGE('',*,*,#10883,.T.);
#10885=ORIENTED_EDGE('',*,*,#10844,.T.);
#10886=EDGE_LOOP('',(#10870,#10878,#10884,#10885));
#10887=FACE_BOUND('',#10886,.T.);
#10888=ADVANCED_FACE('',(#10887),#10862,.T.);
#10889=CARTESIAN_POINT('',(225.42824534,-10.,-103.935977094));
#10890=CARTESIAN_POINT('',(225.42824534,-5.,-103.935977094));
#10891=CARTESIAN_POINT('',(225.42824534,-10.,-101.940934145));
#10892=CARTESIAN_POINT('',(225.42824534,-5.,-101.940934145));
#10893=CARTESIAN_POINT('',(224.408556721,-10.,-100.832576951));
#10894=CARTESIAN_POINT('',(224.408556721,-5.,-100.832576951));
#10895=B_SPLINE_SURFACE_WITH_KNOTS('',2,1,((#10889,#10890),(#10891,#10892),(#10893,#10894)),.UNSPECIFIED.,.F.,.F.,.U.,(3,3),(2,2),(0.,1.),(0.,1.),.UNSPECIFIED.);
#10896=CARTESIAN_POINT('',(225.42824534,-5.,-103.935977094));
#10897=VERTEX_POINT('',#10896);
#10898=CARTESIAN_POINT('',(225.42824534,-5.,-103.935977094));
#10899=CARTESIAN_POINT('',(225.42824534,-5.,-101.940934145));
#10900=CARTESIAN_POINT('',(224.408556721,-5.,-100.832576951));
#10901=B_SPLINE_CURVE_WITH_KNOTS('',2,(#10898,#10899,#10900),.UNSPECIFIED.,.F.,.F.,(3,3),(0.,1.),.UNSPECIFIED.);
#10902=EDGE_CURVE('',#10897,#10864,#10901,.T.);
#10903=ORIENTED_EDGE('',*,*,#10902,.F.);
#10904=CARTESIAN_POINT('',(225.42824534,-10.,-103.935977094));
#10905=VERTEX_POINT('',#10904);
#10906=CARTESIAN_POINT('',(225.42824534,-10.,-103.935977094));
#10907=DIRECTION('',(0.,1.,0.));
#10908=VECTOR('',#10907,5.);
#10909=LINE('',#10906,#10908);
#10910=EDGE_CURVE('',#10905,#10897,#10909,.T.);
#10911=ORIENTED_EDGE('',*,*,#10910,.F.);
#10912=CARTESIAN_POINT('',(225.42824534,-10.,-103.935977094));
#10913=CARTESIAN_POINT('',(225.42824534,-10.,-101.940934145));
#10914=CARTESIAN_POINT('',(224.408556721,-10.,-100.832576951));
#10915=B_SPLINE_CURVE_WITH_KNOTS('',2,(#10912,#10913,#10914),.UNSPECIFIED.,.F.,.F.,(3,3),(0.,1.),.UNSPECIFIED.);
#10916=EDGE_CURVE('',#10905,#10872,#10915,.T.);
#10917=ORIENTED_EDGE('',*,*,#10916,.T.);
#10918=ORIENTED_EDGE('',*,*,#10877,.T.);
#10919=EDGE_LOOP('',(#10903,#10911,#10917,#10918));
#10920=FACE_BOUND('',#10919,.T.);
#10921=ADVANCED_FACE('',(#10920),#10895,.T.);
#10922=CARTESIAN_POINT('',(225.42824534,-10.,-109.178506621));
#10923=DIRECTION('',(-1.,0.,0.));
#10924=DIRECTION('',(0.,0.,1.));
#10925=AXIS2_PLACEMENT_3D('',#10922,#10923,#10924);
#10926=PLANE('',#10925);
#10927=CARTESIAN_POINT('',(225.42824534,-5.,-114.421036148));
#10928=VERTEX_POINT('',#10927);
#10929=CARTESIAN_POINT('',(225.42824534,-5.,-114.421036148));
#10930=DIRECTION('',(0.,0.,1.));
#10931=VECTOR('',#10930,10.485059054);
#10932=LINE('',#10929,#10931);
#10933=EDGE_CURVE('',#10928,#10897,#10932,.T.);
#10934=ORIENTED_EDGE('',*,*,#10933,.F.);
#10935=CARTESIAN_POINT('',(225.42824534,-10.,-114.421036148));
#10936=VERTEX_POINT('',#10935);
#10937=CARTESIAN_POINT('',(225.42824534,-10.,-114.421036148));
#10938=DIRECTION('',(0.,1.,0.));
#10939=VECTOR('',#10938,5.);
#10940=LINE('',#10937,#10939);
#10941=EDGE_CURVE('',#10936,#10928,#10940,.T.);
#10942=ORIENTED_EDGE('',*,*,#10941,.F.);
#10943=CARTESIAN_POINT('',(225.42824534,-10.,-114.421036148));
#10944=DIRECTION('',(0.,0.,1.));
#10945=VECTOR('',#10944,10.485059054);
#10946=LINE('',#10943,#10945);
#10947=EDGE_CURVE('',#10936,#10905,#10946,.T.);
#10948=ORIENTED_EDGE('',*,*,#10947,.T.);
#10949=ORIENTED_EDGE('',*,*,#10910,.T.);
#10950=EDGE_LOOP('',(#10934,#10942,#10948,#10949));
#10951=FACE_BOUND('',#10950,.T.);
#10952=ADVANCED_FACE('',(#10951),#10926,.T.);
#10953=CARTESIAN_POINT('',(226.713939685,-10.,-114.421036148));
#10954=DIRECTION('',(0.,0.,-1.));
#10955=DIRECTION('',(-1.,0.,0.));
#10956=AXIS2_PLACEMENT_3D('',#10953,#10954,#10955);
#10957=PLANE('',#10956);
#10958=CARTESIAN_POINT('',(227.99963403,-5.,-114.421036148));
#10959=VERTEX_POINT('',#10958);
#10960=CARTESIAN_POINT('',(227.99963403,-5.,-114.421036148));
#10961=DIRECTION('',(-1.,0.,0.));
#10962=VECTOR('',#10961,2.57138869);
#10963=LINE('',#10960,#10962);
#10964=EDGE_CURVE('',#10959,#10928,#10963,.T.);
#10965=ORIENTED_EDGE('',*,*,#10964,.F.);
#10966=CARTESIAN_POINT('',(227.99963403,-10.,-114.421036148));
#10967=VERTEX_POINT('',#10966);
#10968=CARTESIAN_POINT('',(227.99963403,-10.,-114.421036148));
#10969=DIRECTION('',(0.,1.,0.));
#10970=VECTOR('',#10969,5.);
#10971=LINE('',#10968,#10970);
#10972=EDGE_CURVE('',#10967,#10959,#10971,.T.);
#10973=ORIENTED_EDGE('',*,*,#10972,.F.);
#10974=CARTESIAN_POINT('',(227.99963403,-10.,-114.421036148));
#10975=DIRECTION('',(-1.,0.,0.));
#10976=VECTOR('',#10975,2.57138869);
#10977=LINE('',#10974,#10976);
#10978=EDGE_CURVE('',#10967,#10936,#10977,.T.);
#10979=ORIENTED_EDGE('',*,*,#10978,.T.);
#10980=ORIENTED_EDGE('',*,*,#10941,.T.);
#10981=EDGE_LOOP('',(#10965,#10973,#10979,#10980));
#10982=FACE_BOUND('',#10981,.T.);
#10983=ADVANCED_FACE('',(#10982),#10957,.T.);
#10984=CARTESIAN_POINT('',(227.99963403,-10.,-109.089838046));
#10985=DIRECTION('',(1.,0.,0.));
#10986=DIRECTION('',(0.,0.,-1.));
#10987=AXIS2_PLACEMENT_3D('',#10984,#10985,#10986);
#10988=PLANE('',#10987);
#10989=CARTESIAN_POINT('',(227.99963403,-5.,-103.758639943));
#10990=VERTEX_POINT('',#10989);
#10991=CARTESIAN_POINT('',(227.99963403,-5.,-103.758639943));
#10992=DIRECTION('',(0.,0.,-1.));
#10993=VECTOR('',#10992,10.662396205);
#10994=LINE('',#10991,#10993);
#10995=EDGE_CURVE('',#10990,#10959,#10994,.T.);
#10996=ORIENTED_EDGE('',*,*,#10995,.F.);
#10997=CARTESIAN_POINT('',(227.99963403,-10.,-103.758639943));
#10998=VERTEX_POINT('',#10997);
#10999=CARTESIAN_POINT('',(227.99963403,-10.,-103.758639943));
#11000=DIRECTION('',(0.,1.,0.));
#11001=VECTOR('',#11000,5.);
#11002=LINE('',#10999,#11001);
#11003=EDGE_CURVE('',#10998,#10990,#11002,.T.);
#11004=ORIENTED_EDGE('',*,*,#11003,.F.);
#11005=CARTESIAN_POINT('',(227.99963403,-10.,-103.758639943));
#11006=DIRECTION('',(0.,0.,-1.));
#11007=VECTOR('',#11006,10.662396205);
#11008=LINE('',#11005,#11007);
#11009=EDGE_CURVE('',#10998,#10967,#11008,.T.);
#11010=ORIENTED_EDGE('',*,*,#11009,.T.);
#11011=ORIENTED_EDGE('',*,*,#10972,.T.);
#11012=EDGE_LOOP('',(#10996,#11004,#11010,#11011));
#11013=FACE_BOUND('',#11012,.T.);
#11014=ADVANCED_FACE('',(#11013),#10988,.T.);
#11015=CARTESIAN_POINT('',(227.290285425,-10.,-100.211896922));
#11016=CARTESIAN_POINT('',(227.290285425,-5.,-100.211896922));
#11017=CARTESIAN_POINT('',(227.99963403,-10.,-101.608426987));
#11018=CARTESIAN_POINT('',(227.99963403,-5.,-101.608426987));
#11019=CARTESIAN_POINT('',(227.99963403,-10.,-103.758639943));
#11020=CARTESIAN_POINT('',(227.99963403,-5.,-103.758639943));
#11021=B_SPLINE_SURFACE_WITH_KNOTS('',2,1,((#11015,#11016),(#11017,#11018),(#11019,#11020)),.UNSPECIFIED.,.F.,.F.,.U.,(3,3),(2,2),(0.,1.),(0.,1.),.UNSPECIFIED.);
#11022=CARTESIAN_POINT('',(227.290285425,-5.,-100.211896922));
#11023=VERTEX_POINT('',#11022);
#11024=CARTESIAN_POINT('',(227.290285425,-5.,-100.211896922));
#11025=CARTESIAN_POINT('',(227.99963403,-5.,-101.608426987));
#11026=CARTESIAN_POINT('',(227.99963403,-5.,-103.758639943));
#11027=B_SPLINE_CURVE_WITH_KNOTS('',2,(#11024,#11025,#11026),.UNSPECIFIED.,.F.,.F.,(3,3),(0.,1.),.UNSPECIFIED.);
#11028=EDGE_CURVE('',#11023,#10990,#11027,.T.);
#11029=ORIENTED_EDGE('',*,*,#11028,.F.);
#11030=CARTESIAN_POINT('',(227.290285425,-10.,-100.211896922));
#11031=VERTEX_POINT('',#11030);
#11032=CARTESIAN_POINT('',(227.290285425,-10.,-100.211896922));
#11033=DIRECTION('',(0.,1.,0.));
#11034=VECTOR('',#11033,5.);
#11035=LINE('',#11032,#11034);
#11036=EDGE_CURVE('',#11031,#11023,#11035,.T.);
#11037=ORIENTED_EDGE('',*,*,#11036,.F.);
#11038=CARTESIAN_POINT('',(227.290285425,-10.,-100.211896922));
#11039=CARTESIAN_POINT('',(227.99963403,-10.,-101.608426987));
#11040=CARTESIAN_POINT('',(227.99963403,-10.,-103.758639943));
#11041=B_SPLINE_CURVE_WITH_KNOTS('',2,(#11038,#11039,#11040),.UNSPECIFIED.,.F.,.F.,(3,3),(0.,1.),.UNSPECIFIED.);
#11042=EDGE_CURVE('',#11031,#10998,#11041,.T.);
#11043=ORIENTED_EDGE('',*,*,#11042,.T.);
#11044=ORIENTED_EDGE('',*,*,#11003,.T.);
#11045=EDGE_LOOP('',(#11029,#11037,#11043,#11044));
#11046=FACE_BOUND('',#11045,.T.);
#11047=ADVANCED_FACE('',(#11046),#11021,.T.);
#11048=CARTESIAN_POINT('',(225.295242476,-10.,-98.106018254));
#11049=CARTESIAN_POINT('',(225.295242476,-5.,-98.106018254));
#11050=CARTESIAN_POINT('',(226.580936821,-10.,-98.793199714));
#11051=CARTESIAN_POINT('',(226.580936821,-5.,-98.793199714));
#11052=CARTESIAN_POINT('',(227.290285425,-10.,-100.211896922));
#11053=CARTESIAN_POINT('',(227.290285425,-5.,-100.211896922));
#11054=B_SPLINE_SURFACE_WITH_KNOTS('',2,1,((#11048,#11049),(#11050,#11051),(#11052,#11053)),.UNSPECIFIED.,.F.,.F.,.U.,(3,3),(2,2),(0.,1.),(0.,1.),.UNSPECIFIED.);
#11055=CARTESIAN_POINT('',(225.295242476,-5.,-98.106018254));
#11056=VERTEX_POINT('',#11055);
#11057=CARTESIAN_POINT('',(225.295242476,-5.,-98.106018254));
#11058=CARTESIAN_POINT('',(226.580936821,-5.,-98.793199714));
#11059=CARTESIAN_POINT('',(227.290285425,-5.,-100.211896922));
#11060=B_SPLINE_CURVE_WITH_KNOTS('',2,(#11057,#11058,#11059),.UNSPECIFIED.,.F.,.F.,(3,3),(0.,1.),.UNSPECIFIED.);
#11061=EDGE_CURVE('',#11056,#11023,#11060,.T.);
#11062=ORIENTED_EDGE('',*,*,#11061,.F.);
#11063=CARTESIAN_POINT('',(225.295242476,-10.,-98.106018254));
#11064=VERTEX_POINT('',#11063);
#11065=CARTESIAN_POINT('',(225.295242476,-10.,-98.106018254));
#11066=DIRECTION('',(0.,1.,0.));
#11067=VECTOR('',#11066,5.);
#11068=LINE('',#11065,#11067);
#11069=EDGE_CURVE('',#11064,#11056,#11068,.T.);
#11070=ORIENTED_EDGE('',*,*,#11069,.F.);
#11071=CARTESIAN_POINT('',(225.295242476,-10.,-98.106018254));
#11072=CARTESIAN_POINT('',(226.580936821,-10.,-98.793199714));
#11073=CARTESIAN_POINT('',(227.290285425,-10.,-100.211896922));
#11074=B_SPLINE_CURVE_WITH_KNOTS('',2,(#11071,#11072,#11073),.UNSPECIFIED.,.F.,.F.,(3,3),(0.,1.),.UNSPECIFIED.);
#11075=EDGE_CURVE('',#11064,#11031,#11074,.T.);
#11076=ORIENTED_EDGE('',*,*,#11075,.T.);
#11077=ORIENTED_EDGE('',*,*,#11036,.T.);
#11078=EDGE_LOOP('',(#11062,#11070,#11076,#11077));
#11079=FACE_BOUND('',#11078,.T.);
#11080=ADVANCED_FACE('',(#11079),#11054,.T.);
#11081=CARTESIAN_POINT('',(222.324845197,-10.,-97.418836794));
#11082=CARTESIAN_POINT('',(222.324845197,-5.,-97.418836794));
#11083=CARTESIAN_POINT('',(224.031715275,-10.,-97.418836794));
#11084=CARTESIAN_POINT('',(224.031715275,-5.,-97.418836794));
#11085=CARTESIAN_POINT('',(225.295242476,-10.,-98.106018254));
#11086=CARTESIAN_POINT('',(225.295242476,-5.,-98.106018254));
#11087=B_SPLINE_SURFACE_WITH_KNOTS('',2,1,((#11081,#11082),(#11083,#11084),(#11085,#11086)),.UNSPECIFIED.,.F.,.F.,.U.,(3,3),(2,2),(0.,1.),(0.,1.),.UNSPECIFIED.);
#11088=CARTESIAN_POINT('',(222.324845197,-5.,-97.418836794));
#11089=VERTEX_POINT('',#11088);
#11090=CARTESIAN_POINT('',(222.324845197,-5.,-97.418836794));
#11091=CARTESIAN_POINT('',(224.031715275,-5.,-97.418836794));
#11092=CARTESIAN_POINT('',(225.295242476,-5.,-98.106018254));
#11093=B_SPLINE_CURVE_WITH_KNOTS('',2,(#11090,#11091,#11092),.UNSPECIFIED.,.F.,.F.,(3,3),(0.,1.),.UNSPECIFIED.);
#11094=EDGE_CURVE('',#11089,#11056,#11093,.T.);
#11095=ORIENTED_EDGE('',*,*,#11094,.F.);
#11096=CARTESIAN_POINT('',(222.324845197,-10.,-97.418836794));
#11097=VERTEX_POINT('',#11096);
#11098=CARTESIAN_POINT('',(222.324845197,-10.,-97.418836794));
#11099=DIRECTION('',(0.,1.,0.));
#11100=VECTOR('',#11099,5.);
#11101=LINE('',#11098,#11100);
#11102=EDGE_CURVE('',#11097,#11089,#11101,.T.);
#11103=ORIENTED_EDGE('',*,*,#11102,.F.);
#11104=CARTESIAN_POINT('',(222.324845197,-10.,-97.418836794));
#11105=CARTESIAN_POINT('',(224.031715275,-10.,-97.418836794));
#11106=CARTESIAN_POINT('',(225.295242476,-10.,-98.106018254));
#11107=B_SPLINE_CURVE_WITH_KNOTS('',2,(#11104,#11105,#11106),.UNSPECIFIED.,.F.,.F.,(3,3),(0.,1.),.UNSPECIFIED.);
#11108=EDGE_CURVE('',#11097,#11064,#11107,.T.);
#11109=ORIENTED_EDGE('',*,*,#11108,.T.);
#11110=ORIENTED_EDGE('',*,*,#11069,.T.);
#11111=EDGE_LOOP('',(#11095,#11103,#11109,#11110));
#11112=FACE_BOUND('',#11111,.T.);
#11113=ADVANCED_FACE('',(#11112),#11087,.T.);
#11114=CARTESIAN_POINT('',(219.221445054,-10.,-98.194686829));
#11115=CARTESIAN_POINT('',(219.221445054,-5.,-98.194686829));
#11116=CARTESIAN_POINT('',(220.418470823,-10.,-97.418836794));
#11117=CARTESIAN_POINT('',(220.418470823,-5.,-97.418836794));
#11118=CARTESIAN_POINT('',(222.324845197,-10.,-97.418836794));
#11119=CARTESIAN_POINT('',(222.324845197,-5.,-97.418836794));
#11120=B_SPLINE_SURFACE_WITH_KNOTS('',2,1,((#11114,#11115),(#11116,#11117),(#11118,#11119)),.UNSPECIFIED.,.F.,.F.,.U.,(3,3),(2,2),(0.,1.),(0.,1.),.UNSPECIFIED.);
#11121=CARTESIAN_POINT('',(219.221445054,-5.,-98.194686829));
#11122=VERTEX_POINT('',#11121);
#11123=CARTESIAN_POINT('',(219.221445054,-5.,-98.194686829));
#11124=CARTESIAN_POINT('',(220.418470823,-5.,-97.418836794));
#11125=CARTESIAN_POINT('',(222.324845197,-5.,-97.418836794));
#11126=B_SPLINE_CURVE_WITH_KNOTS('',2,(#11123,#11124,#11125),.UNSPECIFIED.,.F.,.F.,(3,3),(0.,1.),.UNSPECIFIED.);
#11127=EDGE_CURVE('',#11122,#11089,#11126,.T.);
#11128=ORIENTED_EDGE('',*,*,#11127,.F.);
#11129=CARTESIAN_POINT('',(219.221445054,-10.,-98.194686829));
#11130=VERTEX_POINT('',#11129);
#11131=CARTESIAN_POINT('',(219.221445054,-10.,-98.194686829));
#11132=DIRECTION('',(0.,1.,0.));
#11133=VECTOR('',#11132,5.);
#11134=LINE('',#11131,#11133);
#11135=EDGE_CURVE('',#11130,#11122,#11134,.T.);
#11136=ORIENTED_EDGE('',*,*,#11135,.F.);
#11137=CARTESIAN_POINT('',(219.221445054,-10.,-98.194686829));
#11138=CARTESIAN_POINT('',(220.418470823,-10.,-97.418836794));
#11139=CARTESIAN_POINT('',(222.324845197,-10.,-97.418836794));
#11140=B_SPLINE_CURVE_WITH_KNOTS('',2,(#11137,#11138,#11139),.UNSPECIFIED.,.F.,.F.,(3,3),(0.,1.),.UNSPECIFIED.);
#11141=EDGE_CURVE('',#11130,#11097,#11140,.T.);
#11142=ORIENTED_EDGE('',*,*,#11141,.T.);
#11143=ORIENTED_EDGE('',*,*,#11102,.T.);
#11144=EDGE_LOOP('',(#11128,#11136,#11142,#11143));
#11145=FACE_BOUND('',#11144,.T.);
#11146=ADVANCED_FACE('',(#11145),#11120,.T.);
#11147=CARTESIAN_POINT('',(217.4259064,-10.,-100.25623121));
#11148=CARTESIAN_POINT('',(217.4259064,-5.,-100.25623121));
#11149=CARTESIAN_POINT('',(218.00225214,-10.,-98.970536865));
#11150=CARTESIAN_POINT('',(218.00225214,-5.,-98.970536865));
#11151=CARTESIAN_POINT('',(219.221445054,-10.,-98.194686829));
#11152=CARTESIAN_POINT('',(219.221445054,-5.,-98.194686829));
#11153=B_SPLINE_SURFACE_WITH_KNOTS('',2,1,((#11147,#11148),(#11149,#11150),(#11151,#11152)),.UNSPECIFIED.,.F.,.F.,.U.,(3,3),(2,2),(0.,1.),(0.,1.),.UNSPECIFIED.);
#11154=CARTESIAN_POINT('',(217.4259064,-5.,-100.25623121));
#11155=VERTEX_POINT('',#11154);
#11156=CARTESIAN_POINT('',(217.4259064,-5.,-100.25623121));
#11157=CARTESIAN_POINT('',(218.00225214,-5.,-98.970536865));
#11158=CARTESIAN_POINT('',(219.221445054,-5.,-98.194686829));
#11159=B_SPLINE_CURVE_WITH_KNOTS('',2,(#11156,#11157,#11158),.UNSPECIFIED.,.F.,.F.,(3,3),(0.,1.),.UNSPECIFIED.);
#11160=EDGE_CURVE('',#11155,#11122,#11159,.T.);
#11161=ORIENTED_EDGE('',*,*,#11160,.F.);
#11162=CARTESIAN_POINT('',(217.4259064,-10.,-100.25623121));
#11163=VERTEX_POINT('',#11162);
#11164=CARTESIAN_POINT('',(217.4259064,-10.,-100.25623121));
#11165=DIRECTION('',(0.,1.,0.));
#11166=VECTOR('',#11165,5.);
#11167=LINE('',#11164,#11166);
#11168=EDGE_CURVE('',#11163,#11155,#11167,.T.);
#11169=ORIENTED_EDGE('',*,*,#11168,.F.);
#11170=CARTESIAN_POINT('',(217.4259064,-10.,-100.25623121));
#11171=CARTESIAN_POINT('',(218.00225214,-10.,-98.970536865));
#11172=CARTESIAN_POINT('',(219.221445054,-10.,-98.194686829));
#11173=B_SPLINE_CURVE_WITH_KNOTS('',2,(#11170,#11171,#11172),.UNSPECIFIED.,.F.,.F.,(3,3),(0.,1.),.UNSPECIFIED.);
#11174=EDGE_CURVE('',#11163,#11130,#11173,.T.);
#11175=ORIENTED_EDGE('',*,*,#11174,.T.);
#11176=ORIENTED_EDGE('',*,*,#11135,.T.);
#11177=EDGE_LOOP('',(#11161,#11169,#11175,#11176));
#11178=FACE_BOUND('',#11177,.T.);
#11179=ADVANCED_FACE('',(#11178),#11153,.T.);
#11180=CARTESIAN_POINT('',(217.31507068,-10.,-100.25623121));
#11181=DIRECTION('',(0.,0.,1.));
#11182=DIRECTION('',(1.,0.,0.));
#11183=AXIS2_PLACEMENT_3D('',#11180,#11181,#11182);
#11184=PLANE('',#11183);
#11185=CARTESIAN_POINT('',(217.204234961,-5.,-100.25623121));
#11186=VERTEX_POINT('',#11185);
#11187=CARTESIAN_POINT('',(217.204234961,-5.,-100.25623121));
#11188=DIRECTION('',(1.,0.,-0.));
#11189=VECTOR('',#11188,0.221671439);
#11190=LINE('',#11187,#11189);
#11191=EDGE_CURVE('',#11186,#11155,#11190,.T.);
#11192=ORIENTED_EDGE('',*,*,#11191,.F.);
#11193=CARTESIAN_POINT('',(217.204234961,-10.,-100.25623121));
#11194=VERTEX_POINT('',#11193);
#11195=CARTESIAN_POINT('',(217.204234961,-10.,-100.25623121));
#11196=DIRECTION('',(0.,1.,0.));
#11197=VECTOR('',#11196,5.);
#11198=LINE('',#11195,#11197);
#11199=EDGE_CURVE('',#11194,#11186,#11198,.T.);
#11200=ORIENTED_EDGE('',*,*,#11199,.F.);
#11201=CARTESIAN_POINT('',(217.204234961,-10.,-100.25623121));
#11202=DIRECTION('',(1.,0.,-0.));
#11203=VECTOR('',#11202,0.221671439);
#11204=LINE('',#11201,#11203);
#11205=EDGE_CURVE('',#11194,#11163,#11204,.T.);
#11206=ORIENTED_EDGE('',*,*,#11205,.T.);
#11207=ORIENTED_EDGE('',*,*,#11168,.T.);
#11208=EDGE_LOOP('',(#11192,#11200,#11206,#11207));
#11209=FACE_BOUND('',#11208,.T.);
#11210=ADVANCED_FACE('',(#11209),#11184,.T.);
#11211=CARTESIAN_POINT('',(217.204234961,-10.,-98.937286149));
#11212=DIRECTION('',(1.,0.,0.));
#11213=DIRECTION('',(0.,0.,-1.));
#11214=AXIS2_PLACEMENT_3D('',#11211,#11212,#11213);
#11215=PLANE('',#11214);
#11216=CARTESIAN_POINT('',(217.204234961,-5.,-97.618341089));
#11217=VERTEX_POINT('',#11216);
#11218=CARTESIAN_POINT('',(217.204234961,-5.,-97.618341089));
#11219=DIRECTION('',(0.,0.,-1.));
#11220=VECTOR('',#11219,2.637890121);
#11221=LINE('',#11218,#11220);
#11222=EDGE_CURVE('',#11217,#11186,#11221,.T.);
#11223=ORIENTED_EDGE('',*,*,#11222,.F.);
#11224=CARTESIAN_POINT('',(217.204234961,-10.,-97.618341089));
#11225=VERTEX_POINT('',#11224);
#11226=CARTESIAN_POINT('',(217.204234961,-10.,-97.618341089));
#11227=DIRECTION('',(0.,1.,0.));
#11228=VECTOR('',#11227,5.);
#11229=LINE('',#11226,#11228);
#11230=EDGE_CURVE('',#11225,#11217,#11229,.T.);
#11231=ORIENTED_EDGE('',*,*,#11230,.F.);
#11232=CARTESIAN_POINT('',(217.204234961,-10.,-97.618341089));
#11233=DIRECTION('',(0.,0.,-1.));
#11234=VECTOR('',#11233,2.637890121);
#11235=LINE('',#11232,#11234);
#11236=EDGE_CURVE('',#11225,#11194,#11235,.T.);
#11237=ORIENTED_EDGE('',*,*,#11236,.T.);
#11238=ORIENTED_EDGE('',*,*,#11199,.T.);
#11239=EDGE_LOOP('',(#11223,#11231,#11237,#11238));
#11240=FACE_BOUND('',#11239,.T.);
#11241=ADVANCED_FACE('',(#11240),#11215,.T.);
#11242=CARTESIAN_POINT('',(215.962874904,-10.,-97.618341089));
#11243=DIRECTION('',(0.,0.,1.));
#11244=DIRECTION('',(1.,0.,0.));
#11245=AXIS2_PLACEMENT_3D('',#11242,#11243,#11244);
#11246=PLANE('',#11245);
#11247=CARTESIAN_POINT('',(214.721514847,-5.,-97.618341089));
#11248=VERTEX_POINT('',#11247);
#11249=CARTESIAN_POINT('',(214.721514847,-5.,-97.618341089));
#11250=DIRECTION('',(1.,0.,-0.));
#11251=VECTOR('',#11250,2.482720114);
#11252=LINE('',#11249,#11251);
#11253=EDGE_CURVE('',#11248,#11217,#11252,.T.);
#11254=ORIENTED_EDGE('',*,*,#11253,.F.);
#11255=CARTESIAN_POINT('',(214.721514847,-10.,-97.618341089));
#11256=VERTEX_POINT('',#11255);
#11257=CARTESIAN_POINT('',(214.721514847,-10.,-97.618341089));
#11258=DIRECTION('',(0.,1.,0.));
#11259=VECTOR('',#11258,5.);
#11260=LINE('',#11257,#11259);
#11261=EDGE_CURVE('',#11256,#11248,#11260,.T.);
#11262=ORIENTED_EDGE('',*,*,#11261,.F.);
#11263=CARTESIAN_POINT('',(214.721514847,-10.,-97.618341089));
#11264=DIRECTION('',(1.,0.,-0.));
#11265=VECTOR('',#11264,2.482720114);
#11266=LINE('',#11263,#11265);
#11267=EDGE_CURVE('',#11256,#11225,#11266,.T.);
#11268=ORIENTED_EDGE('',*,*,#11267,.T.);
#11269=ORIENTED_EDGE('',*,*,#11230,.T.);
#11270=EDGE_LOOP('',(#11254,#11262,#11268,#11269));
#11271=FACE_BOUND('',#11270,.T.);
#11272=ADVANCED_FACE('',(#11271),#11246,.T.);
#11273=CARTESIAN_POINT('',(214.721514847,-10.,-106.019688618));
#11274=DIRECTION('',(-1.,0.,0.));
#11275=DIRECTION('',(0.,0.,1.));
#11276=AXIS2_PLACEMENT_3D('',#11273,#11274,#11275);
#11277=PLANE('',#11276);
#11278=CARTESIAN_POINT('',(214.721514847,-5.,-114.421036148));
#11279=VERTEX_POINT('',#11278);
#11280=CARTESIAN_POINT('',(214.721514847,-5.,-114.421036148));
#11281=DIRECTION('',(0.,0.,1.));
#11282=VECTOR('',#11281,16.80269506);
#11283=LINE('',#11280,#11282);
#11284=EDGE_CURVE('',#11279,#11248,#11283,.T.);
#11285=ORIENTED_EDGE('',*,*,#11284,.F.);
#11286=CARTESIAN_POINT('',(214.721514847,-10.,-114.421036148));
#11287=VERTEX_POINT('',#11286);
#11288=CARTESIAN_POINT('',(214.721514847,-10.,-114.421036148));
#11289=DIRECTION('',(0.,1.,0.));
#11290=VECTOR('',#11289,5.);
#11291=LINE('',#11288,#11290);
#11292=EDGE_CURVE('',#11287,#11279,#11291,.T.);
#11293=ORIENTED_EDGE('',*,*,#11292,.F.);
#11294=CARTESIAN_POINT('',(214.721514847,-10.,-114.421036148));
#11295=DIRECTION('',(0.,0.,1.));
#11296=VECTOR('',#11295,16.80269506);
#11297=LINE('',#11294,#11296);
#11298=EDGE_CURVE('',#11287,#11256,#11297,.T.);
#11299=ORIENTED_EDGE('',*,*,#11298,.T.);
#11300=ORIENTED_EDGE('',*,*,#11261,.T.);
#11301=EDGE_LOOP('',(#11285,#11293,#11299,#11300));
#11302=FACE_BOUND('',#11301,.T.);
#11303=ADVANCED_FACE('',(#11302),#11277,.T.);
#11304=CARTESIAN_POINT('',(216.007209191,-10.,-114.421036148));
#11305=DIRECTION('',(0.,0.,-1.));
#11306=DIRECTION('',(-1.,0.,0.));
#11307=AXIS2_PLACEMENT_3D('',#11304,#11305,#11306);
#11308=PLANE('',#11307);
#11309=CARTESIAN_POINT('',(217.292903536,-5.,-114.421036148));
#11310=VERTEX_POINT('',#11309);
#11311=CARTESIAN_POINT('',(217.292903536,-5.,-114.421036148));
#11312=DIRECTION('',(-1.,0.,0.));
#11313=VECTOR('',#11312,2.57138869);
#11314=LINE('',#11311,#11313);
#11315=EDGE_CURVE('',#11310,#11279,#11314,.T.);
#11316=ORIENTED_EDGE('',*,*,#11315,.F.);
#11317=CARTESIAN_POINT('',(217.292903536,-10.,-114.421036148));
#11318=VERTEX_POINT('',#11317);
#11319=CARTESIAN_POINT('',(217.292903536,-10.,-114.421036148));
#11320=DIRECTION('',(0.,1.,0.));
#11321=VECTOR('',#11320,5.);
#11322=LINE('',#11319,#11321);
#11323=EDGE_CURVE('',#11318,#11310,#11322,.T.);
#11324=ORIENTED_EDGE('',*,*,#11323,.F.);
#11325=CARTESIAN_POINT('',(217.292903536,-10.,-114.421036148));
#11326=DIRECTION('',(-1.,0.,0.));
#11327=VECTOR('',#11326,2.57138869);
#11328=LINE('',#11325,#11327);
#11329=EDGE_CURVE('',#11318,#11287,#11328,.T.);
#11330=ORIENTED_EDGE('',*,*,#11329,.T.);
#11331=ORIENTED_EDGE('',*,*,#11292,.T.);
#11332=EDGE_LOOP('',(#11316,#11324,#11330,#11331));
#11333=FACE_BOUND('',#11332,.T.);
#11334=ADVANCED_FACE('',(#11333),#11308,.T.);
#11335=CARTESIAN_POINT('',(217.292903536,-10.,-109.366927344));
#11336=DIRECTION('',(1.,0.,0.));
#11337=DIRECTION('',(0.,0.,-1.));
#11338=AXIS2_PLACEMENT_3D('',#11335,#11336,#11337);
#11339=PLANE('',#11338);
#11340=CARTESIAN_POINT('',(217.292903536,-5.,-104.31281854));
#11341=DIRECTION('',(0.,0.,-1.));
#11342=VECTOR('',#11341,10.108217608);
#11343=LINE('',#11340,#11342);
#11344=EDGE_CURVE('',#10758,#11310,#11343,.T.);
#11345=ORIENTED_EDGE('',*,*,#11344,.F.);
#11346=ORIENTED_EDGE('',*,*,#10785,.F.);
#11347=CARTESIAN_POINT('',(217.292903536,-10.,-104.31281854));
#11348=DIRECTION('',(0.,0.,-1.));
#11349=VECTOR('',#11348,10.108217608);
#11350=LINE('',#11347,#11349);
#11351=EDGE_CURVE('',#10774,#11318,#11350,.T.);
#11352=ORIENTED_EDGE('',*,*,#11351,.T.);
#11353=ORIENTED_EDGE('',*,*,#11323,.T.);
#11354=EDGE_LOOP('',(#11345,#11346,#11352,#11353));
#11355=FACE_BOUND('',#11354,.T.);
#11356=ADVANCED_FACE('',(#11355),#11339,.T.);
#11357=CARTESIAN_POINT('',(125.,-10.,-75.));
#11358=DIRECTION('',(0.,-1.,0.));
#11359=DIRECTION('',(0.,0.,-1.));
#11360=AXIS2_PLACEMENT_3D('',#11357,#11358,#11359);
#11361=PLANE('',#11360);
#11362=ORIENTED_EDGE('',*,*,#10779,.F.);
#11363=ORIENTED_EDGE('',*,*,#10817,.F.);
#11364=ORIENTED_EDGE('',*,*,#10850,.F.);
#11365=ORIENTED_EDGE('',*,*,#10883,.F.);
#11366=ORIENTED_EDGE('',*,*,#10916,.F.);
#11367=ORIENTED_EDGE('',*,*,#10947,.F.);
#11368=ORIENTED_EDGE('',*,*,#10978,.F.);
#11369=ORIENTED_EDGE('',*,*,#11009,.F.);
#11370=ORIENTED_EDGE('',*,*,#11042,.F.);
#11371=ORIENTED_EDGE('',*,*,#11075,.F.);
#11372=ORIENTED_EDGE('',*,*,#11108,.F.);
#11373=ORIENTED_EDGE('',*,*,#11141,.F.);
#11374=ORIENTED_EDGE('',*,*,#11174,.F.);
#11375=ORIENTED_EDGE('',*,*,#11205,.F.);
#11376=ORIENTED_EDGE('',*,*,#11236,.F.);
#11377=ORIENTED_EDGE('',*,*,#11267,.F.);
#11378=ORIENTED_EDGE('',*,*,#11298,.F.);
#11379=ORIENTED_EDGE('',*,*,#11329,.F.);
#11380=ORIENTED_EDGE('',*,*,#11351,.F.);
#11381=EDGE_LOOP('',(#11362,#11363,#11364,#11365,#11366,#11367,#11368,#11369,#11370,#11371,#11372,#11373,#11374,#11375,#11376,#11377,#11378,#11379,#11380));
#11382=FACE_BOUND('',#11381,.T.);
#11383=ADVANCED_FACE('',(#11382),#11361,.T.);
#11384=CARTESIAN_POINT('',(125.,-5.,-75.));
#11385=DIRECTION('',(0.,-1.,0.));
#11386=DIRECTION('',(0.,0.,-1.));
#11387=AXIS2_PLACEMENT_3D('',#11384,#11385,#11386);
#11388=PLANE('',#11387);
#11389=ORIENTED_EDGE('',*,*,#10763,.T.);
#11390=ORIENTED_EDGE('',*,*,#11344,.T.);
#11391=ORIENTED_EDGE('',*,*,#11315,.T.);
#11392=ORIENTED_EDGE('',*,*,#11284,.T.);
#11393=ORIENTED_EDGE('',*,*,#11253,.T.);
#11394=ORIENTED_EDGE('',*,*,#11222,.T.);
#11395=ORIENTED_EDGE('',*,*,#11191,.T.);
#11396=ORIENTED_EDGE('',*,*,#11160,.T.);
#11397=ORIENTED_EDGE('',*,*,#11127,.T.);
#11398=ORIENTED_EDGE('',*,*,#11094,.T.);
#11399=ORIENTED_EDGE('',*,*,#11061,.T.);
#11400=ORIENTED_EDGE('',*,*,#11028,.T.);
#11401=ORIENTED_EDGE('',*,*,#10995,.T.);
#11402=ORIENTED_EDGE('',*,*,#10964,.T.);
#11403=ORIENTED_EDGE('',*,*,#10933,.T.);
#11404=ORIENTED_EDGE('',*,*,#10902,.T.);
#11405=ORIENTED_EDGE('',*,*,#10869,.T.);
#11406=ORIENTED_EDGE('',*,*,#10836,.T.);
#11407=ORIENTED_EDGE('',*,*,#10803,.T.);
#11408=EDGE_LOOP('',(#11389,#11390,#11391,#11392,#11393,#11394,#11395,#11396,#11397,#11398,#11399,#11400,#11401,#11402,#11403,#11404,#11405,#11406,#11407));
#11409=FACE_BOUND('',#11408,.T.);
#11410=ADVANCED_FACE('',(#11409),#11388,.F.);
#11411=CLOSED_SHELL('',(#10789,#10822,#10855,#10888,#10921,#10952,#10983,#11014,#11047,#11080,#11113,#11146,#11179,#11210,#11241,#11272,#11303,#11334,#11356,#11383,#11410));
#11412=MANIFOLD_SOLID_BREP('Extruded.017',#11411);
#10747=STYLED_ITEM('',(),#11412);
#11414=CARTESIAN_POINT('',(236.711321574,-10.,-111.073797423));
#11415=CARTESIAN_POINT('',(236.711321574,-5.,-111.073797423));
#11416=CARTESIAN_POINT('',(237.797511624,-10.,-111.849647458));
#11417=CARTESIAN_POINT('',(237.797511624,-5.,-111.849647458));
#11418=CARTESIAN_POINT('',(239.415713127,-10.,-111.849647458));
#11419=CARTESIAN_POINT('',(239.415713127,-5.,-111.849647458));
#11420=B_SPLINE_SURFACE_WITH_KNOTS('',2,1,((#11414,#11415),(#11416,#11417),(#11418,#11419)),.UNSPECIFIED.,.F.,.F.,.U.,(3,3),(2,2),(0.,1.),(0.,1.),.UNSPECIFIED.);
#11421=CARTESIAN_POINT('',(236.711321574,-5.,-111.073797423));
#11422=VERTEX_POINT('',#11421);
#11423=CARTESIAN_POINT('',(239.415713127,-5.,-111.849647458));
#11424=VERTEX_POINT('',#11423);
#11425=CARTESIAN_POINT('',(236.711321574,-5.,-111.073797423));
#11426=CARTESIAN_POINT('',(237.797511624,-5.,-111.849647458));
#11427=CARTESIAN_POINT('',(239.415713127,-5.,-111.849647458));
#11428=B_SPLINE_CURVE_WITH_KNOTS('',2,(#11425,#11426,#11427),.UNSPECIFIED.,.F.,.F.,(3,3),(0.,1.),.UNSPECIFIED.);
#11429=EDGE_CURVE('',#11422,#11424,#11428,.T.);
#11430=ORIENTED_EDGE('',*,*,#11429,.F.);
#11431=CARTESIAN_POINT('',(236.711321574,-10.,-111.073797423));
#11432=VERTEX_POINT('',#11431);
#11433=CARTESIAN_POINT('',(236.711321574,-10.,-111.073797423));
#11434=DIRECTION('',(0.,1.,0.));
#11435=VECTOR('',#11434,5.);
#11436=LINE('',#11433,#11435);
#11437=EDGE_CURVE('',#11432,#11422,#11436,.T.);
#11438=ORIENTED_EDGE('',*,*,#11437,.F.);
#11439=CARTESIAN_POINT('',(239.415713127,-10.,-111.849647458));
#11440=VERTEX_POINT('',#11439);
#11441=CARTESIAN_POINT('',(236.711321574,-10.,-111.073797423));
#11442=CARTESIAN_POINT('',(237.797511624,-10.,-111.849647458));
#11443=CARTESIAN_POINT('',(239.415713127,-10.,-111.849647458));
#11444=B_SPLINE_CURVE_WITH_KNOTS('',2,(#11441,#11442,#11443),.UNSPECIFIED.,.F.,.F.,(3,3),(0.,1.),.UNSPECIFIED.);
#11445=EDGE_CURVE('',#11432,#11440,#11444,.T.);
#11446=ORIENTED_EDGE('',*,*,#11445,.T.);
#11447=CARTESIAN_POINT('',(239.415713127,-10.,-111.849647458));
#11448=DIRECTION('',(0.,1.,0.));
#11449=VECTOR('',#11448,5.);
#11450=LINE('',#11447,#11449);
#11451=EDGE_CURVE('',#11440,#11424,#11450,.T.);
#11452=ORIENTED_EDGE('',*,*,#11451,.T.);
#11453=EDGE_LOOP('',(#11430,#11438,#11446,#11452));
#11454=FACE_BOUND('',#11453,.T.);
#11455=ADVANCED_FACE('',(#11454),#11420,.T.);
#11456=CARTESIAN_POINT('',(235.070952927,-10.,-108.990085898));
#11457=CARTESIAN_POINT('',(235.070952927,-5.,-108.990085898));
#11458=CARTESIAN_POINT('',(235.625131524,-10.,-110.320114531));
#11459=CARTESIAN_POINT('',(235.625131524,-5.,-110.320114531));
#11460=CARTESIAN_POINT('',(236.711321574,-10.,-111.073797423));
#11461=CARTESIAN_POINT('',(236.711321574,-5.,-111.073797423));
#11462=B_SPLINE_SURFACE_WITH_KNOTS('',2,1,((#11456,#11457),(#11458,#11459),(#11460,#11461)),.UNSPECIFIED.,.F.,.F.,.U.,(3,3),(2,2),(0.,1.),(0.,1.),.UNSPECIFIED.);
#11463=CARTESIAN_POINT('',(235.070952927,-5.,-108.990085898));
#11464=VERTEX_POINT('',#11463);
#11465=CARTESIAN_POINT('',(235.070952927,-5.,-108.990085898));
#11466=CARTESIAN_POINT('',(235.625131524,-5.,-110.320114531));
#11467=CARTESIAN_POINT('',(236.711321574,-5.,-111.073797423));
#11468=B_SPLINE_CURVE_WITH_KNOTS('',2,(#11465,#11466,#11467),.UNSPECIFIED.,.F.,.F.,(3,3),(0.,1.),.UNSPECIFIED.);
#11469=EDGE_CURVE('',#11464,#11422,#11468,.T.);
#11470=ORIENTED_EDGE('',*,*,#11469,.F.);
#11471=CARTESIAN_POINT('',(235.070952927,-10.,-108.990085898));
#11472=VERTEX_POINT('',#11471);
#11473=CARTESIAN_POINT('',(235.070952927,-10.,-108.990085898));
#11474=DIRECTION('',(0.,1.,0.));
#11475=VECTOR('',#11474,5.);
#11476=LINE('',#11473,#11475);
#11477=EDGE_CURVE('',#11472,#11464,#11476,.T.);
#11478=ORIENTED_EDGE('',*,*,#11477,.F.);
#11479=CARTESIAN_POINT('',(235.070952927,-10.,-108.990085898));
#11480=CARTESIAN_POINT('',(235.625131524,-10.,-110.320114531));
#11481=CARTESIAN_POINT('',(236.711321574,-10.,-111.073797423));
#11482=B_SPLINE_CURVE_WITH_KNOTS('',2,(#11479,#11480,#11481),.UNSPECIFIED.,.F.,.F.,(3,3),(0.,1.),.UNSPECIFIED.);
#11483=EDGE_CURVE('',#11472,#11432,#11482,.T.);
#11484=ORIENTED_EDGE('',*,*,#11483,.T.);
#11485=ORIENTED_EDGE('',*,*,#11437,.T.);
#11486=EDGE_LOOP('',(#11470,#11478,#11484,#11485));
#11487=FACE_BOUND('',#11486,.T.);
#11488=ADVANCED_FACE('',(#11487),#11462,.T.);
#11489=CARTESIAN_POINT('',(234.51677433,-10.,-105.886685755));
#11490=CARTESIAN_POINT('',(234.51677433,-5.,-105.886685755));
#11491=CARTESIAN_POINT('',(234.51677433,-10.,-107.637890121));
#11492=CARTESIAN_POINT('',(234.51677433,-5.,-107.637890121));
#11493=CARTESIAN_POINT('',(235.070952927,-10.,-108.990085898));
#11494=CARTESIAN_POINT('',(235.070952927,-5.,-108.990085898));
#11495=B_SPLINE_SURFACE_WITH_KNOTS('',2,1,((#11489,#11490),(#11491,#11492),(#11493,#11494)),.UNSPECIFIED.,.F.,.F.,.U.,(3,3),(2,2),(0.,1.),(0.,1.),.UNSPECIFIED.);
#11496=CARTESIAN_POINT('',(234.51677433,-5.,-105.886685755));
#11497=VERTEX_POINT('',#11496);
#11498=CARTESIAN_POINT('',(234.51677433,-5.,-105.886685755));
#11499=CARTESIAN_POINT('',(234.51677433,-5.,-107.637890121));
#11500=CARTESIAN_POINT('',(235.070952927,-5.,-108.990085898));
#11501=B_SPLINE_CURVE_WITH_KNOTS('',2,(#11498,#11499,#11500),.UNSPECIFIED.,.F.,.F.,(3,3),(0.,1.),.UNSPECIFIED.);
#11502=EDGE_CURVE('',#11497,#11464,#11501,.T.);
#11503=ORIENTED_EDGE('',*,*,#11502,.F.);
#11504=CARTESIAN_POINT('',(234.51677433,-10.,-105.886685755));
#11505=VERTEX_POINT('',#11504);
#11506=CARTESIAN_POINT('',(234.51677433,-10.,-105.886685755));
#11507=DIRECTION('',(0.,1.,0.));
#11508=VECTOR('',#11507,5.);
#11509=LINE('',#11506,#11508);
#11510=EDGE_CURVE('',#11505,#11497,#11509,.T.);
#11511=ORIENTED_EDGE('',*,*,#11510,.F.);
#11512=CARTESIAN_POINT('',(234.51677433,-10.,-105.886685755));
#11513=CARTESIAN_POINT('',(234.51677433,-10.,-107.637890121));
#11514=CARTESIAN_POINT('',(235.070952927,-10.,-108.990085898));
#11515=B_SPLINE_CURVE_WITH_KNOTS('',2,(#11512,#11513,#11514),.UNSPECIFIED.,.F.,.F.,(3,3),(0.,1.),.UNSPECIFIED.);
#11516=EDGE_CURVE('',#11505,#11472,#11515,.T.);
#11517=ORIENTED_EDGE('',*,*,#11516,.T.);
#11518=ORIENTED_EDGE('',*,*,#11477,.T.);
#11519=EDGE_LOOP('',(#11503,#11511,#11517,#11518));
#11520=FACE_BOUND('',#11519,.T.);
#11521=ADVANCED_FACE('',(#11520),#11495,.T.);
#11522=CARTESIAN_POINT('',(235.070952927,-10.,-102.783285612));
#11523=CARTESIAN_POINT('',(235.070952927,-5.,-102.783285612));
#11524=CARTESIAN_POINT('',(234.51677433,-10.,-104.179815677));
#11525=CARTESIAN_POINT('',(234.51677433,-5.,-104.179815677));
#11526=CARTESIAN_POINT('',(234.51677433,-10.,-105.886685755));
#11527=CARTESIAN_POINT('',(234.51677433,-5.,-105.886685755));
#11528=B_SPLINE_SURFACE_WITH_KNOTS('',2,1,((#11522,#11523),(#11524,#11525),(#11526,#11527)),.UNSPECIFIED.,.F.,.F.,.U.,(3,3),(2,2),(0.,1.),(0.,1.),.UNSPECIFIED.);
#11529=CARTESIAN_POINT('',(235.070952927,-5.,-102.783285612));
#11530=VERTEX_POINT('',#11529);
#11531=CARTESIAN_POINT('',(235.070952927,-5.,-102.783285612));
#11532=CARTESIAN_POINT('',(234.51677433,-5.,-104.179815677));
#11533=CARTESIAN_POINT('',(234.51677433,-5.,-105.886685755));
#11534=B_SPLINE_CURVE_WITH_KNOTS('',2,(#11531,#11532,#11533),.UNSPECIFIED.,.F.,.F.,(3,3),(0.,1.),.UNSPECIFIED.);
#11535=EDGE_CURVE('',#11530,#11497,#11534,.T.);
#11536=ORIENTED_EDGE('',*,*,#11535,.F.);
#11537=CARTESIAN_POINT('',(235.070952927,-10.,-102.783285612));
#11538=VERTEX_POINT('',#11537);
#11539=CARTESIAN_POINT('',(235.070952927,-10.,-102.783285612));
#11540=DIRECTION('',(0.,1.,0.));
#11541=VECTOR('',#11540,5.);
#11542=LINE('',#11539,#11541);
#11543=EDGE_CURVE('',#11538,#11530,#11542,.T.);
#11544=ORIENTED_EDGE('',*,*,#11543,.F.);
#11545=CARTESIAN_POINT('',(235.070952927,-10.,-102.783285612));
#11546=CARTESIAN_POINT('',(234.51677433,-10.,-104.179815677));
#11547=CARTESIAN_POINT('',(234.51677433,-10.,-105.886685755));
#11548=B_SPLINE_CURVE_WITH_KNOTS('',2,(#11545,#11546,#11547),.UNSPECIFIED.,.F.,.F.,(3,3),(0.,1.),.UNSPECIFIED.);
#11549=EDGE_CURVE('',#11538,#11505,#11548,.T.);
#11550=ORIENTED_EDGE('',*,*,#11549,.T.);
#11551=ORIENTED_EDGE('',*,*,#11510,.T.);
#11552=EDGE_LOOP('',(#11536,#11544,#11550,#11551));
#11553=FACE_BOUND('',#11552,.T.);
#11554=ADVANCED_FACE('',(#11553),#11528,.T.);
#11555=CARTESIAN_POINT('',(236.68915443,-10.,-100.566571224));
#11556=CARTESIAN_POINT('',(236.68915443,-5.,-100.566571224));
#11557=CARTESIAN_POINT('',(235.60296438,-10.,-101.386755548));
#11558=CARTESIAN_POINT('',(235.60296438,-5.,-101.386755548));
#11559=CARTESIAN_POINT('',(235.070952927,-10.,-102.783285612));
#11560=CARTESIAN_POINT('',(235.070952927,-5.,-102.783285612));
#11561=B_SPLINE_SURFACE_WITH_KNOTS('',2,1,((#11555,#11556),(#11557,#11558),(#11559,#11560)),.UNSPECIFIED.,.F.,.F.,.U.,(3,3),(2,2),(0.,1.),(0.,1.),.UNSPECIFIED.);
#11562=CARTESIAN_POINT('',(236.68915443,-5.,-100.566571224));
#11563=VERTEX_POINT('',#11562);
#11564=CARTESIAN_POINT('',(236.68915443,-5.,-100.566571224));
#11565=CARTESIAN_POINT('',(235.60296438,-5.,-101.386755548));
#11566=CARTESIAN_POINT('',(235.070952927,-5.,-102.783285612));
#11567=B_SPLINE_CURVE_WITH_KNOTS('',2,(#11564,#11565,#11566),.UNSPECIFIED.,.F.,.F.,(3,3),(0.,1.),.UNSPECIFIED.);
#11568=EDGE_CURVE('',#11563,#11530,#11567,.T.);
#11569=ORIENTED_EDGE('',*,*,#11568,.F.);
#11570=CARTESIAN_POINT('',(236.68915443,-10.,-100.566571224));
#11571=VERTEX_POINT('',#11570);
#11572=CARTESIAN_POINT('',(236.68915443,-10.,-100.566571224));
#11573=DIRECTION('',(0.,1.,0.));
#11574=VECTOR('',#11573,5.);
#11575=LINE('',#11572,#11574);
#11576=EDGE_CURVE('',#11571,#11563,#11575,.T.);
#11577=ORIENTED_EDGE('',*,*,#11576,.F.);
#11578=CARTESIAN_POINT('',(236.68915443,-10.,-100.566571224));
#11579=CARTESIAN_POINT('',(235.60296438,-10.,-101.386755548));
#11580=CARTESIAN_POINT('',(235.070952927,-10.,-102.783285612));
#11581=B_SPLINE_CURVE_WITH_KNOTS('',2,(#11578,#11579,#11580),.UNSPECIFIED.,.F.,.F.,(3,3),(0.,1.),.UNSPECIFIED.);
#11582=EDGE_CURVE('',#11571,#11538,#11581,.T.);
#11583=ORIENTED_EDGE('',*,*,#11582,.T.);
#11584=ORIENTED_EDGE('',*,*,#11543,.T.);
#11585=EDGE_LOOP('',(#11569,#11577,#11583,#11584));
#11586=FACE_BOUND('',#11585,.T.);
#11587=ADVANCED_FACE('',(#11586),#11561,.T.);
#11588=CARTESIAN_POINT('',(239.415713127,-10.,-99.724219757));
#11589=CARTESIAN_POINT('',(239.415713127,-5.,-99.724219757));
#11590=CARTESIAN_POINT('',(237.77534448,-10.,-99.724219757));
#11591=CARTESIAN_POINT('',(237.77534448,-5.,-99.724219757));
#11592=CARTESIAN_POINT('',(236.68915443,-10.,-100.566571224));
#11593=CARTESIAN_POINT('',(236.68915443,-5.,-100.566571224));
#11594=B_SPLINE_SURFACE_WITH_KNOTS('',2,1,((#11588,#11589),(#11590,#11591),(#11592,#11593)),.UNSPECIFIED.,.F.,.F.,.U.,(3,3),(2,2),(0.,1.),(0.,1.),.UNSPECIFIED.);
#11595=CARTESIAN_POINT('',(239.415713127,-5.,-99.724219757));
#11596=VERTEX_POINT('',#11595);
#11597=CARTESIAN_POINT('',(239.415713127,-5.,-99.724219757));
#11598=CARTESIAN_POINT('',(237.77534448,-5.,-99.724219757));
#11599=CARTESIAN_POINT('',(236.68915443,-5.,-100.566571224));
#11600=B_SPLINE_CURVE_WITH_KNOTS('',2,(#11597,#11598,#11599),.UNSPECIFIED.,.F.,.F.,(3,3),(0.,1.),.UNSPECIFIED.);
#11601=EDGE_CURVE('',#11596,#11563,#11600,.T.);
#11602=ORIENTED_EDGE('',*,*,#11601,.F.);
#11603=CARTESIAN_POINT('',(239.415713127,-10.,-99.724219757));
#11604=VERTEX_POINT('',#11603);
#11605=CARTESIAN_POINT('',(239.415713127,-10.,-99.724219757));
#11606=DIRECTION('',(0.,1.,0.));
#11607=VECTOR('',#11606,5.);
#11608=LINE('',#11605,#11607);
#11609=EDGE_CURVE('',#11604,#11596,#11608,.T.);
#11610=ORIENTED_EDGE('',*,*,#11609,.F.);
#11611=CARTESIAN_POINT('',(239.415713127,-10.,-99.724219757));
#11612=CARTESIAN_POINT('',(237.77534448,-10.,-99.724219757));
#11613=CARTESIAN_POINT('',(236.68915443,-10.,-100.566571224));
#11614=B_SPLINE_CURVE_WITH_KNOTS('',2,(#11611,#11612,#11613),.UNSPECIFIED.,.F.,.F.,(3,3),(0.,1.),.UNSPECIFIED.);
#11615=EDGE_CURVE('',#11604,#11571,#11614,.T.);
#11616=ORIENTED_EDGE('',*,*,#11615,.T.);
#11617=ORIENTED_EDGE('',*,*,#11576,.T.);
#11618=EDGE_LOOP('',(#11602,#11610,#11616,#11617));
#11619=FACE_BOUND('',#11618,.T.);
#11620=ADVANCED_FACE('',(#11619),#11594,.T.);
#11621=CARTESIAN_POINT('',(242.075770392,-10.,-100.522236937));
#11622=CARTESIAN_POINT('',(242.075770392,-5.,-100.522236937));
#11623=CARTESIAN_POINT('',(240.989580342,-10.,-99.724219757));
#11624=CARTESIAN_POINT('',(240.989580342,-5.,-99.724219757));
#11625=CARTESIAN_POINT('',(239.415713127,-10.,-99.724219757));
#11626=CARTESIAN_POINT('',(239.415713127,-5.,-99.724219757));
#11627=B_SPLINE_SURFACE_WITH_KNOTS('',2,1,((#11621,#11622),(#11623,#11624),(#11625,#11626)),.UNSPECIFIED.,.F.,.F.,.U.,(3,3),(2,2),(0.,1.),(0.,1.),.UNSPECIFIED.);
#11628=CARTESIAN_POINT('',(242.075770392,-5.,-100.522236937));
#11629=VERTEX_POINT('',#11628);
#11630=CARTESIAN_POINT('',(242.075770392,-5.,-100.522236937));
#11631=CARTESIAN_POINT('',(240.989580342,-5.,-99.724219757));
#11632=CARTESIAN_POINT('',(239.415713127,-5.,-99.724219757));
#11633=B_SPLINE_CURVE_WITH_KNOTS('',2,(#11630,#11631,#11632),.UNSPECIFIED.,.F.,.F.,(3,3),(0.,1.),.UNSPECIFIED.);
#11634=EDGE_CURVE('',#11629,#11596,#11633,.T.);
#11635=ORIENTED_EDGE('',*,*,#11634,.F.);
#11636=CARTESIAN_POINT('',(242.075770392,-10.,-100.522236937));
#11637=VERTEX_POINT('',#11636);
#11638=CARTESIAN_POINT('',(242.075770392,-10.,-100.522236937));
#11639=DIRECTION('',(0.,1.,0.));
#11640=VECTOR('',#11639,5.);
#11641=LINE('',#11638,#11640);
#11642=EDGE_CURVE('',#11637,#11629,#11641,.T.);
#11643=ORIENTED_EDGE('',*,*,#11642,.F.);
#11644=CARTESIAN_POINT('',(242.075770392,-10.,-100.522236937));
#11645=CARTESIAN_POINT('',(240.989580342,-10.,-99.724219757));
#11646=CARTESIAN_POINT('',(239.415713127,-10.,-99.724219757));
#11647=B_SPLINE_CURVE_WITH_KNOTS('',2,(#11644,#11645,#11646),.UNSPECIFIED.,.F.,.F.,(3,3),(0.,1.),.UNSPECIFIED.);
#11648=EDGE_CURVE('',#11637,#11604,#11647,.T.);
#11649=ORIENTED_EDGE('',*,*,#11648,.T.);
#11650=ORIENTED_EDGE('',*,*,#11609,.T.);
#11651=EDGE_LOOP('',(#11635,#11643,#11649,#11650));
#11652=FACE_BOUND('',#11651,.T.);
#11653=ADVANCED_FACE('',(#11652),#11627,.T.);
#11654=CARTESIAN_POINT('',(243.693971895,-10.,-102.694617037));
#11655=CARTESIAN_POINT('',(243.693971895,-5.,-102.694617037));
#11656=CARTESIAN_POINT('',(243.139793298,-10.,-101.298086972));
#11657=CARTESIAN_POINT('',(243.139793298,-5.,-101.298086972));
#11658=CARTESIAN_POINT('',(242.075770392,-10.,-100.522236937));
#11659=CARTESIAN_POINT('',(242.075770392,-5.,-100.522236937));
#11660=B_SPLINE_SURFACE_WITH_KNOTS('',2,1,((#11654,#11655),(#11656,#11657),(#11658,#11659)),.UNSPECIFIED.,.F.,.F.,.U.,(3,3),(2,2),(0.,1.),(0.,1.),.UNSPECIFIED.);
#11661=CARTESIAN_POINT('',(243.693971895,-5.,-102.694617037));
#11662=VERTEX_POINT('',#11661);
#11663=CARTESIAN_POINT('',(243.693971895,-5.,-102.694617037));
#11664=CARTESIAN_POINT('',(243.139793298,-5.,-101.298086972));
#11665=CARTESIAN_POINT('',(242.075770392,-5.,-100.522236937));
#11666=B_SPLINE_CURVE_WITH_KNOTS('',2,(#11663,#11664,#11665),.UNSPECIFIED.,.F.,.F.,(3,3),(0.,1.),.UNSPECIFIED.);
#11667=EDGE_CURVE('',#11662,#11629,#11666,.T.);
#11668=ORIENTED_EDGE('',*,*,#11667,.F.);
#11669=CARTESIAN_POINT('',(243.693971895,-10.,-102.694617037));
#11670=VERTEX_POINT('',#11669);
#11671=CARTESIAN_POINT('',(243.693971895,-10.,-102.694617037));
#11672=DIRECTION('',(0.,1.,0.));
#11673=VECTOR('',#11672,5.);
#11674=LINE('',#11671,#11673);
#11675=EDGE_CURVE('',#11670,#11662,#11674,.T.);
#11676=ORIENTED_EDGE('',*,*,#11675,.F.);
#11677=CARTESIAN_POINT('',(243.693971895,-10.,-102.694617037));
#11678=CARTESIAN_POINT('',(243.139793298,-10.,-101.298086972));
#11679=CARTESIAN_POINT('',(242.075770392,-10.,-100.522236937));
#11680=B_SPLINE_CURVE_WITH_KNOTS('',2,(#11677,#11678,#11679),.UNSPECIFIED.,.F.,.F.,(3,3),(0.,1.),.UNSPECIFIED.);
#11681=EDGE_CURVE('',#11670,#11637,#11680,.T.);
#11682=ORIENTED_EDGE('',*,*,#11681,.T.);
#11683=ORIENTED_EDGE('',*,*,#11642,.T.);
#11684=EDGE_LOOP('',(#11668,#11676,#11682,#11683));
#11685=FACE_BOUND('',#11684,.T.);
#11686=ADVANCED_FACE('',(#11685),#11660,.T.);
#11687=CARTESIAN_POINT('',(244.225983348,-10.,-105.886685755));
#11688=CARTESIAN_POINT('',(244.225983348,-5.,-105.886685755));
#11689=CARTESIAN_POINT('',(244.225983348,-10.,-104.068979957));
#11690=CARTESIAN_POINT('',(244.225983348,-5.,-104.068979957));
#11691=CARTESIAN_POINT('',(243.693971895,-10.,-102.694617037));
#11692=CARTESIAN_POINT('',(243.693971895,-5.,-102.694617037));
#11693=B_SPLINE_SURFACE_WITH_KNOTS('',2,1,((#11687,#11688),(#11689,#11690),(#11691,#11692)),.UNSPECIFIED.,.F.,.F.,.U.,(3,3),(2,2),(0.,1.),(0.,1.),.UNSPECIFIED.);
#11694=CARTESIAN_POINT('',(244.225983348,-5.,-105.886685755));
#11695=VERTEX_POINT('',#11694);
#11696=CARTESIAN_POINT('',(244.225983348,-5.,-105.886685755));
#11697=CARTESIAN_POINT('',(244.225983348,-5.,-104.068979957));
#11698=CARTESIAN_POINT('',(243.693971895,-5.,-102.694617037));
#11699=B_SPLINE_CURVE_WITH_KNOTS('',2,(#11696,#11697,#11698),.UNSPECIFIED.,.F.,.F.,(3,3),(0.,1.),.UNSPECIFIED.);
#11700=EDGE_CURVE('',#11695,#11662,#11699,.T.);
#11701=ORIENTED_EDGE('',*,*,#11700,.F.);
#11702=CARTESIAN_POINT('',(244.225983348,-10.,-105.886685755));
#11703=VERTEX_POINT('',#11702);
#11704=CARTESIAN_POINT('',(244.225983348,-10.,-105.886685755));
#11705=DIRECTION('',(0.,1.,0.));
#11706=VECTOR('',#11705,5.);
#11707=LINE('',#11704,#11706);
#11708=EDGE_CURVE('',#11703,#11695,#11707,.T.);
#11709=ORIENTED_EDGE('',*,*,#11708,.F.);
#11710=CARTESIAN_POINT('',(244.225983348,-10.,-105.886685755));
#11711=CARTESIAN_POINT('',(244.225983348,-10.,-104.068979957));
#11712=CARTESIAN_POINT('',(243.693971895,-10.,-102.694617037));
#11713=B_SPLINE_CURVE_WITH_KNOTS('',2,(#11710,#11711,#11712),.UNSPECIFIED.,.F.,.F.,(3,3),(0.,1.),.UNSPECIFIED.);
#11714=EDGE_CURVE('',#11703,#11670,#11713,.T.);
#11715=ORIENTED_EDGE('',*,*,#11714,.T.);
#11716=ORIENTED_EDGE('',*,*,#11675,.T.);
#11717=EDGE_LOOP('',(#11701,#11709,#11715,#11716));
#11718=FACE_BOUND('',#11717,.T.);
#11719=ADVANCED_FACE('',(#11718),#11693,.T.);
#11720=CARTESIAN_POINT('',(243.671804751,-10.,-109.078754474));
#11721=CARTESIAN_POINT('',(243.671804751,-5.,-109.078754474));
#11722=CARTESIAN_POINT('',(244.225983348,-10.,-107.748725841));
#11723=CARTESIAN_POINT('',(244.225983348,-5.,-107.748725841));
#11724=CARTESIAN_POINT('',(244.225983348,-10.,-105.886685755));
#11725=CARTESIAN_POINT('',(244.225983348,-5.,-105.886685755));
#11726=B_SPLINE_SURFACE_WITH_KNOTS('',2,1,((#11720,#11721),(#11722,#11723),(#11724,#11725)),.UNSPECIFIED.,.F.,.F.,.U.,(3,3),(2,2),(0.,1.),(0.,1.),.UNSPECIFIED.);
#11727=CARTESIAN_POINT('',(243.671804751,-5.,-109.078754474));
#11728=VERTEX_POINT('',#11727);
#11729=CARTESIAN_POINT('',(243.671804751,-5.,-109.078754474));
#11730=CARTESIAN_POINT('',(244.225983348,-5.,-107.748725841));
#11731=CARTESIAN_POINT('',(244.225983348,-5.,-105.886685755));
#11732=B_SPLINE_CURVE_WITH_KNOTS('',2,(#11729,#11730,#11731),.UNSPECIFIED.,.F.,.F.,(3,3),(0.,1.),.UNSPECIFIED.);
#11733=EDGE_CURVE('',#11728,#11695,#11732,.T.);
#11734=ORIENTED_EDGE('',*,*,#11733,.F.);
#11735=CARTESIAN_POINT('',(243.671804751,-10.,-109.078754474));
#11736=VERTEX_POINT('',#11735);
#11737=CARTESIAN_POINT('',(243.671804751,-10.,-109.078754474));
#11738=DIRECTION('',(0.,1.,0.));
#11739=VECTOR('',#11738,5.);
#11740=LINE('',#11737,#11739);
#11741=EDGE_CURVE('',#11736,#11728,#11740,.T.);
#11742=ORIENTED_EDGE('',*,*,#11741,.F.);
#11743=CARTESIAN_POINT('',(243.671804751,-10.,-109.078754474));
#11744=CARTESIAN_POINT('',(244.225983348,-10.,-107.748725841));
#11745=CARTESIAN_POINT('',(244.225983348,-10.,-105.886685755));
#11746=B_SPLINE_CURVE_WITH_KNOTS('',2,(#11743,#11744,#11745),.UNSPECIFIED.,.F.,.F.,(3,3),(0.,1.),.UNSPECIFIED.);
#11747=EDGE_CURVE('',#11736,#11703,#11746,.T.);
#11748=ORIENTED_EDGE('',*,*,#11747,.T.);
#11749=ORIENTED_EDGE('',*,*,#11708,.T.);
#11750=EDGE_LOOP('',(#11734,#11742,#11748,#11749));
#11751=FACE_BOUND('',#11750,.T.);
#11752=ADVANCED_FACE('',(#11751),#11726,.T.);
#11753=CARTESIAN_POINT('',(242.053603248,-10.,-111.140298854));
#11754=CARTESIAN_POINT('',(242.053603248,-5.,-111.140298854));
#11755=CARTESIAN_POINT('',(243.117626154,-10.,-110.408783106));
#11756=CARTESIAN_POINT('',(243.117626154,-5.,-110.408783106));
#11757=CARTESIAN_POINT('',(243.671804751,-10.,-109.078754474));
#11758=CARTESIAN_POINT('',(243.671804751,-5.,-109.078754474));
#11759=B_SPLINE_SURFACE_WITH_KNOTS('',2,1,((#11753,#11754),(#11755,#11756),(#11757,#11758)),.UNSPECIFIED.,.F.,.F.,.U.,(3,3),(2,2),(0.,1.),(0.,1.),.UNSPECIFIED.);
#11760=CARTESIAN_POINT('',(242.053603248,-5.,-111.140298854));
#11761=VERTEX_POINT('',#11760);
#11762=CARTESIAN_POINT('',(242.053603248,-5.,-111.140298854));
#11763=CARTESIAN_POINT('',(243.117626154,-5.,-110.408783106));
#11764=CARTESIAN_POINT('',(243.671804751,-5.,-109.078754474));
#11765=B_SPLINE_CURVE_WITH_KNOTS('',2,(#11762,#11763,#11764),.UNSPECIFIED.,.F.,.F.,(3,3),(0.,1.),.UNSPECIFIED.);
#11766=EDGE_CURVE('',#11761,#11728,#11765,.T.);
#11767=ORIENTED_EDGE('',*,*,#11766,.F.);
#11768=CARTESIAN_POINT('',(242.053603248,-10.,-111.140298854));
#11769=VERTEX_POINT('',#11768);
#11770=CARTESIAN_POINT('',(242.053603248,-10.,-111.140298854));
#11771=DIRECTION('',(0.,1.,0.));
#11772=VECTOR('',#11771,5.);
#11773=LINE('',#11770,#11772);
#11774=EDGE_CURVE('',#11769,#11761,#11773,.T.);
#11775=ORIENTED_EDGE('',*,*,#11774,.F.);
#11776=CARTESIAN_POINT('',(242.053603248,-10.,-111.140298854));
#11777=CARTESIAN_POINT('',(243.117626154,-10.,-110.408783106));
#11778=CARTESIAN_POINT('',(243.671804751,-10.,-109.078754474));
#11779=B_SPLINE_CURVE_WITH_KNOTS('',2,(#11776,#11777,#11778),.UNSPECIFIED.,.F.,.F.,(3,3),(0.,1.),.UNSPECIFIED.);
#11780=EDGE_CURVE('',#11769,#11736,#11779,.T.);
#11781=ORIENTED_EDGE('',*,*,#11780,.T.);
#11782=ORIENTED_EDGE('',*,*,#11741,.T.);
#11783=EDGE_LOOP('',(#11767,#11775,#11781,#11782));
#11784=FACE_BOUND('',#11783,.T.);
#11785=ADVANCED_FACE('',(#11784),#11759,.T.);
#11786=CARTESIAN_POINT('',(243.161960442,-10.,-120.428332139));
#11787=CARTESIAN_POINT('',(243.161960442,-5.,-120.428332139));
#11788=CARTESIAN_POINT('',(241.521591795,-10.,-121.071179312));
#11789=CARTESIAN_POINT('',(241.521591795,-5.,-121.071179312));
#11790=CARTESIAN_POINT('',(239.504381702,-10.,-121.071179312));
#11791=CARTESIAN_POINT('',(239.504381702,-5.,-121.071179312));
#11792=B_SPLINE_SURFACE_WITH_KNOTS('',2,1,((#11786,#11787),(#11788,#11789),(#11790,#11791)),.UNSPECIFIED.,.F.,.F.,.U.,(3,3),(2,2),(0.,1.),(0.,1.),.UNSPECIFIED.);
#11793=CARTESIAN_POINT('',(243.161960442,-5.,-120.428332139));
#11794=VERTEX_POINT('',#11793);
#11795=CARTESIAN_POINT('',(239.504381702,-5.,-121.071179312));
#11796=VERTEX_POINT('',#11795);
#11797=CARTESIAN_POINT('',(243.161960442,-5.,-120.428332139));
#11798=CARTESIAN_POINT('',(241.521591795,-5.,-121.071179312));
#11799=CARTESIAN_POINT('',(239.504381702,-5.,-121.071179312));
#11800=B_SPLINE_CURVE_WITH_KNOTS('',2,(#11797,#11798,#11799),.UNSPECIFIED.,.F.,.F.,(3,3),(0.,1.),.UNSPECIFIED.);
#11801=EDGE_CURVE('',#11794,#11796,#11800,.T.);
#11802=ORIENTED_EDGE('',*,*,#11801,.F.);
#11803=CARTESIAN_POINT('',(243.161960442,-10.,-120.428332139));
#11804=VERTEX_POINT('',#11803);
#11805=CARTESIAN_POINT('',(243.161960442,-10.,-120.428332139));
#11806=DIRECTION('',(0.,1.,0.));
#11807=VECTOR('',#11806,5.);
#11808=LINE('',#11805,#11807);
#11809=EDGE_CURVE('',#11804,#11794,#11808,.T.);
#11810=ORIENTED_EDGE('',*,*,#11809,.F.);
#11811=CARTESIAN_POINT('',(239.504381702,-10.,-121.071179312));
#11812=VERTEX_POINT('',#11811);
#11813=CARTESIAN_POINT('',(243.161960442,-10.,-120.428332139));
#11814=CARTESIAN_POINT('',(241.521591795,-10.,-121.071179312));
#11815=CARTESIAN_POINT('',(239.504381702,-10.,-121.071179312));
#11816=B_SPLINE_CURVE_WITH_KNOTS('',2,(#11813,#11814,#11815),.UNSPECIFIED.,.F.,.F.,(3,3),(0.,1.),.UNSPECIFIED.);
#11817=EDGE_CURVE('',#11804,#11812,#11816,.T.);
#11818=ORIENTED_EDGE('',*,*,#11817,.T.);
#11819=CARTESIAN_POINT('',(239.504381702,-10.,-121.071179312));
#11820=DIRECTION('',(0.,1.,0.));
#11821=VECTOR('',#11820,5.);
#11822=LINE('',#11819,#11821);
#11823=EDGE_CURVE('',#11812,#11796,#11822,.T.);
#11824=ORIENTED_EDGE('',*,*,#11823,.T.);
#11825=EDGE_LOOP('',(#11802,#11810,#11818,#11824));
#11826=FACE_BOUND('',#11825,.T.);
#11827=ADVANCED_FACE('',(#11826),#11792,.T.);
#11828=CARTESIAN_POINT('',(245.799850564,-10.,-118.43328919));
#11829=CARTESIAN_POINT('',(245.799850564,-5.,-118.43328919));
#11830=CARTESIAN_POINT('',(244.824496233,-10.,-119.785484967));
#11831=CARTESIAN_POINT('',(244.824496233,-5.,-119.785484967));
#11832=CARTESIAN_POINT('',(243.161960442,-10.,-120.428332139));
#11833=CARTESIAN_POINT('',(243.161960442,-5.,-120.428332139));
#11834=B_SPLINE_SURFACE_WITH_KNOTS('',2,1,((#11828,#11829),(#11830,#11831),(#11832,#11833)),.UNSPECIFIED.,.F.,.F.,.U.,(3,3),(2,2),(0.,1.),(0.,1.),.UNSPECIFIED.);
#11835=CARTESIAN_POINT('',(245.799850564,-5.,-118.43328919));
#11836=VERTEX_POINT('',#11835);
#11837=CARTESIAN_POINT('',(245.799850564,-5.,-118.43328919));
#11838=CARTESIAN_POINT('',(244.824496233,-5.,-119.785484967));
#11839=CARTESIAN_POINT('',(243.161960442,-5.,-120.428332139));
#11840=B_SPLINE_CURVE_WITH_KNOTS('',2,(#11837,#11838,#11839),.UNSPECIFIED.,.F.,.F.,(3,3),(0.,1.),.UNSPECIFIED.);
#11841=EDGE_CURVE('',#11836,#11794,#11840,.T.);
#11842=ORIENTED_EDGE('',*,*,#11841,.F.);
#11843=CARTESIAN_POINT('',(245.799850564,-10.,-118.43328919));
#11844=VERTEX_POINT('',#11843);
#11845=CARTESIAN_POINT('',(245.799850564,-10.,-118.43328919));
#11846=DIRECTION('',(0.,1.,0.));
#11847=VECTOR('',#11846,5.);
#11848=LINE('',#11845,#11847);
#11849=EDGE_CURVE('',#11844,#11836,#11848,.T.);
#11850=ORIENTED_EDGE('',*,*,#11849,.F.);
#11851=CARTESIAN_POINT('',(245.799850564,-10.,-118.43328919));
#11852=CARTESIAN_POINT('',(244.824496233,-10.,-119.785484967));
#11853=CARTESIAN_POINT('',(243.161960442,-10.,-120.428332139));
#11854=B_SPLINE_CURVE_WITH_KNOTS('',2,(#11851,#11852,#11853),.UNSPECIFIED.,.F.,.F.,(3,3),(0.,1.),.UNSPECIFIED.);
#11855=EDGE_CURVE('',#11844,#11804,#11854,.T.);
#11856=ORIENTED_EDGE('',*,*,#11855,.T.);
#11857=ORIENTED_EDGE('',*,*,#11809,.T.);
#11858=EDGE_LOOP('',(#11842,#11850,#11856,#11857));
#11859=FACE_BOUND('',#11858,.T.);
#11860=ADVANCED_FACE('',(#11859),#11834,.T.);
#11861=CARTESIAN_POINT('',(246.775204894,-10.,-114.908713314));
#11862=CARTESIAN_POINT('',(246.775204894,-5.,-114.908713314));
#11863=CARTESIAN_POINT('',(246.775204894,-10.,-117.05892627));
#11864=CARTESIAN_POINT('',(246.775204894,-5.,-117.05892627));
#11865=CARTESIAN_POINT('',(245.799850564,-10.,-118.43328919));
#11866=CARTESIAN_POINT('',(245.799850564,-5.,-118.43328919));
#11867=B_SPLINE_SURFACE_WITH_KNOTS('',2,1,((#11861,#11862),(#11863,#11864),(#11865,#11866)),.UNSPECIFIED.,.F.,.F.,.U.,(3,3),(2,2),(0.,1.),(0.,1.),.UNSPECIFIED.);
#11868=CARTESIAN_POINT('',(246.775204894,-5.,-114.908713314));
#11869=VERTEX_POINT('',#11868);
#11870=CARTESIAN_POINT('',(246.775204894,-5.,-114.908713314));
#11871=CARTESIAN_POINT('',(246.775204894,-5.,-117.05892627));
#11872=CARTESIAN_POINT('',(245.799850564,-5.,-118.43328919));
#11873=B_SPLINE_CURVE_WITH_KNOTS('',2,(#11870,#11871,#11872),.UNSPECIFIED.,.F.,.F.,(3,3),(0.,1.),.UNSPECIFIED.);
#11874=EDGE_CURVE('',#11869,#11836,#11873,.T.);
#11875=ORIENTED_EDGE('',*,*,#11874,.F.);
#11876=CARTESIAN_POINT('',(246.775204894,-10.,-114.908713314));
#11877=VERTEX_POINT('',#11876);
#11878=CARTESIAN_POINT('',(246.775204894,-10.,-114.908713314));
#11879=DIRECTION('',(0.,1.,0.));
#11880=VECTOR('',#11879,5.);
#11881=LINE('',#11878,#11880);
#11882=EDGE_CURVE('',#11877,#11869,#11881,.T.);
#11883=ORIENTED_EDGE('',*,*,#11882,.F.);
#11884=CARTESIAN_POINT('',(246.775204894,-10.,-114.908713314));
#11885=CARTESIAN_POINT('',(246.775204894,-10.,-117.05892627));
#11886=CARTESIAN_POINT('',(245.799850564,-10.,-118.43328919));
#11887=B_SPLINE_CURVE_WITH_KNOTS('',2,(#11884,#11885,#11886),.UNSPECIFIED.,.F.,.F.,(3,3),(0.,1.),.UNSPECIFIED.);
#11888=EDGE_CURVE('',#11877,#11844,#11887,.T.);
#11889=ORIENTED_EDGE('',*,*,#11888,.T.);
#11890=ORIENTED_EDGE('',*,*,#11849,.T.);
#11891=EDGE_LOOP('',(#11875,#11883,#11889,#11890));
#11892=FACE_BOUND('',#11891,.T.);
#11893=ADVANCED_FACE('',(#11892),#11867,.T.);
#11894=CARTESIAN_POINT('',(246.775204894,-10.,-106.263527201));
#11895=DIRECTION('',(1.,0.,0.));
#11896=DIRECTION('',(0.,0.,-1.));
#11897=AXIS2_PLACEMENT_3D('',#11894,#11895,#11896);
#11898=PLANE('',#11897);
#11899=CARTESIAN_POINT('',(246.775204894,-5.,-97.618341089));
#11900=VERTEX_POINT('',#11899);
#11901=CARTESIAN_POINT('',(246.775204894,-5.,-97.618341089));
#11902=DIRECTION('',(0.,0.,-1.));
#11903=VECTOR('',#11902,17.290372225);
#11904=LINE('',#11901,#11903);
#11905=EDGE_CURVE('',#11900,#11869,#11904,.T.);
#11906=ORIENTED_EDGE('',*,*,#11905,.F.);
#11907=CARTESIAN_POINT('',(246.775204894,-10.,-97.618341089));
#11908=VERTEX_POINT('',#11907);
#11909=CARTESIAN_POINT('',(246.775204894,-10.,-97.618341089));
#11910=DIRECTION('',(0.,1.,0.));
#11911=VECTOR('',#11910,5.);
#11912=LINE('',#11909,#11911);
#11913=EDGE_CURVE('',#11908,#11900,#11912,.T.);
#11914=ORIENTED_EDGE('',*,*,#11913,.F.);
#11915=CARTESIAN_POINT('',(246.775204894,-10.,-97.618341089));
#11916=DIRECTION('',(0.,0.,-1.));
#11917=VECTOR('',#11916,17.290372225);
#11918=LINE('',#11915,#11917);
#11919=EDGE_CURVE('',#11908,#11877,#11918,.T.);
#11920=ORIENTED_EDGE('',*,*,#11919,.T.);
#11921=ORIENTED_EDGE('',*,*,#11882,.T.);
#11922=EDGE_LOOP('',(#11906,#11914,#11920,#11921));
#11923=FACE_BOUND('',#11922,.T.);
#11924=ADVANCED_FACE('',(#11923),#11898,.T.);
#11925=CARTESIAN_POINT('',(245.522761265,-10.,-97.618341089));
#11926=DIRECTION('',(0.,0.,1.));
#11927=DIRECTION('',(1.,0.,0.));
#11928=AXIS2_PLACEMENT_3D('',#11925,#11926,#11927);
#11929=PLANE('',#11928);
#11930=CARTESIAN_POINT('',(244.270317636,-5.,-97.618341089));
#11931=VERTEX_POINT('',#11930);
#11932=CARTESIAN_POINT('',(244.270317636,-5.,-97.618341089));
#11933=DIRECTION('',(1.,0.,-0.));
#11934=VECTOR('',#11933,2.504887258);
#11935=LINE('',#11932,#11934);
#11936=EDGE_CURVE('',#11931,#11900,#11935,.T.);
#11937=ORIENTED_EDGE('',*,*,#11936,.F.);
#11938=CARTESIAN_POINT('',(244.270317636,-10.,-97.618341089));
#11939=VERTEX_POINT('',#11938);
#11940=CARTESIAN_POINT('',(244.270317636,-10.,-97.618341089));
#11941=DIRECTION('',(0.,1.,0.));
#11942=VECTOR('',#11941,5.);
#11943=LINE('',#11940,#11942);
#11944=EDGE_CURVE('',#11939,#11931,#11943,.T.);
#11945=ORIENTED_EDGE('',*,*,#11944,.F.);
#11946=CARTESIAN_POINT('',(244.270317636,-10.,-97.618341089));
#11947=DIRECTION('',(1.,0.,-0.));
#11948=VECTOR('',#11947,2.504887258);
#11949=LINE('',#11946,#11948);
#11950=EDGE_CURVE('',#11939,#11908,#11949,.T.);
#11951=ORIENTED_EDGE('',*,*,#11950,.T.);
#11952=ORIENTED_EDGE('',*,*,#11913,.T.);
#11953=EDGE_LOOP('',(#11937,#11945,#11951,#11952));
#11954=FACE_BOUND('',#11953,.T.);
#11955=ADVANCED_FACE('',(#11954),#11929,.T.);
#11956=CARTESIAN_POINT('',(244.270317636,-10.,-98.959453293));
#11957=DIRECTION('',(-1.,0.,0.));
#11958=DIRECTION('',(0.,0.,1.));
#11959=AXIS2_PLACEMENT_3D('',#11956,#11957,#11958);
#11960=PLANE('',#11959);
#11961=CARTESIAN_POINT('',(244.270317636,-5.,-100.300565498));
#11962=VERTEX_POINT('',#11961);
#11963=CARTESIAN_POINT('',(244.270317636,-5.,-100.300565498));
#11964=DIRECTION('',(0.,0.,1.));
#11965=VECTOR('',#11964,2.682224409);
#11966=LINE('',#11963,#11965);
#11967=EDGE_CURVE('',#11962,#11931,#11966,.T.);
#11968=ORIENTED_EDGE('',*,*,#11967,.F.);
#11969=CARTESIAN_POINT('',(244.270317636,-10.,-100.300565498));
#11970=VERTEX_POINT('',#11969);
#11971=CARTESIAN_POINT('',(244.270317636,-10.,-100.300565498));
#11972=DIRECTION('',(0.,1.,0.));
#11973=VECTOR('',#11972,5.);
#11974=LINE('',#11971,#11973);
#11975=EDGE_CURVE('',#11970,#11962,#11974,.T.);
#11976=ORIENTED_EDGE('',*,*,#11975,.F.);
#11977=CARTESIAN_POINT('',(244.270317636,-10.,-100.300565498));
#11978=DIRECTION('',(0.,0.,1.));
#11979=VECTOR('',#11978,2.682224409);
#11980=LINE('',#11977,#11979);
#11981=EDGE_CURVE('',#11970,#11939,#11980,.T.);
#11982=ORIENTED_EDGE('',*,*,#11981,.T.);
#11983=ORIENTED_EDGE('',*,*,#11944,.T.);
#11984=EDGE_LOOP('',(#11968,#11976,#11982,#11983));
#11985=FACE_BOUND('',#11984,.T.);
#11986=ADVANCED_FACE('',(#11985),#11960,.T.);
#11987=CARTESIAN_POINT('',(244.148398345,-10.,-100.300565498));
#11988=DIRECTION('',(0.,0.,1.));
#11989=DIRECTION('',(1.,0.,0.));
#11990=AXIS2_PLACEMENT_3D('',#11987,#11988,#11989);
#11991=PLANE('',#11990);
#11992=CARTESIAN_POINT('',(244.026479053,-5.,-100.300565498));
#11993=VERTEX_POINT('',#11992);
#11994=CARTESIAN_POINT('',(244.026479053,-5.,-100.300565498));
#11995=DIRECTION('',(1.,0.,-0.));
#11996=VECTOR('',#11995,0.243838583);
#11997=LINE('',#11994,#11996);
#11998=EDGE_CURVE('',#11993,#11962,#11997,.T.);
#11999=ORIENTED_EDGE('',*,*,#11998,.F.);
#12000=CARTESIAN_POINT('',(244.026479053,-10.,-100.300565498));
#12001=VERTEX_POINT('',#12000);
#12002=CARTESIAN_POINT('',(244.026479053,-10.,-100.300565498));
#12003=DIRECTION('',(0.,1.,0.));
#12004=VECTOR('',#12003,5.);
#12005=LINE('',#12002,#12004);
#12006=EDGE_CURVE('',#12001,#11993,#12005,.T.);
#12007=ORIENTED_EDGE('',*,*,#12006,.F.);
#12008=CARTESIAN_POINT('',(244.026479053,-10.,-100.300565498));
#12009=DIRECTION('',(1.,0.,-0.));
#12010=VECTOR('',#12009,0.243838583);
#12011=LINE('',#12008,#12010);
#12012=EDGE_CURVE('',#12001,#11970,#12011,.T.);
#12013=ORIENTED_EDGE('',*,*,#12012,.T.);
#12014=ORIENTED_EDGE('',*,*,#11975,.T.);
#12015=EDGE_LOOP('',(#11999,#12007,#12013,#12014));
#12016=FACE_BOUND('',#12015,.T.);
#12017=ADVANCED_FACE('',(#12016),#11991,.T.);
#12018=CARTESIAN_POINT('',(243.20629473,-10.,-99.17004116));
#12019=CARTESIAN_POINT('',(243.20629473,-5.,-99.17004116));
#12020=CARTESIAN_POINT('',(243.738306182,-10.,-99.85722262));
#12021=CARTESIAN_POINT('',(243.738306182,-5.,-99.85722262));
#12022=CARTESIAN_POINT('',(244.026479053,-10.,-100.300565497));
#12023=CARTESIAN_POINT('',(244.026479053,-5.,-100.300565497));
#12024=B_SPLINE_SURFACE_WITH_KNOTS('',2,1,((#12018,#12019),(#12020,#12021),(#12022,#12023)),.UNSPECIFIED.,.F.,.F.,.U.,(3,3),(2,2),(0.,0.999999999),(0.,1.),.UNSPECIFIED.);
#12025=CARTESIAN_POINT('',(243.20629473,-5.,-99.17004116));
#12026=VERTEX_POINT('',#12025);
#12027=CARTESIAN_POINT('',(243.20629473,-5.,-99.17004116));
#12028=CARTESIAN_POINT('',(243.738306183,-5.,-99.85722262));
#12029=CARTESIAN_POINT('',(244.026479053,-5.,-100.300565498));
#12030=B_SPLINE_CURVE_WITH_KNOTS('',2,(#12027,#12028,#12029),.UNSPECIFIED.,.F.,.F.,(3,3),(0.,1.),.UNSPECIFIED.);
#12031=EDGE_CURVE('',#12026,#11993,#12030,.T.);
#12032=ORIENTED_EDGE('',*,*,#12031,.F.);
#12033=CARTESIAN_POINT('',(243.20629473,-10.,-99.17004116));
#12034=VERTEX_POINT('',#12033);
#12035=CARTESIAN_POINT('',(243.20629473,-10.,-99.17004116));
#12036=DIRECTION('',(0.,1.,0.));
#12037=VECTOR('',#12036,5.);
#12038=LINE('',#12035,#12037);
#12039=EDGE_CURVE('',#12034,#12026,#12038,.T.);
#12040=ORIENTED_EDGE('',*,*,#12039,.F.);
#12041=CARTESIAN_POINT('',(243.20629473,-10.,-99.17004116));
#12042=CARTESIAN_POINT('',(243.738306183,-10.,-99.85722262));
#12043=CARTESIAN_POINT('',(244.026479053,-10.,-100.300565498));
#12044=B_SPLINE_CURVE_WITH_KNOTS('',2,(#12041,#12042,#12043),.UNSPECIFIED.,.F.,.F.,(3,3),(0.,1.),.UNSPECIFIED.);
#12045=EDGE_CURVE('',#12034,#12001,#12044,.T.);
#12046=ORIENTED_EDGE('',*,*,#12045,.T.);
#12047=ORIENTED_EDGE('',*,*,#12006,.T.);
#12048=EDGE_LOOP('',(#12032,#12040,#12046,#12047));
#12049=FACE_BOUND('',#12048,.T.);
#12050=ADVANCED_FACE('',(#12049),#12024,.T.);
#12051=CARTESIAN_POINT('',(241.72109609,-10.,-97.950848247));
#12052=CARTESIAN_POINT('',(241.72109609,-5.,-97.950848247));
#12053=CARTESIAN_POINT('',(242.696450421,-10.,-98.4828597));
#12054=CARTESIAN_POINT('',(242.696450421,-5.,-98.4828597));
#12055=CARTESIAN_POINT('',(243.20629473,-10.,-99.17004116));
#12056=CARTESIAN_POINT('',(243.20629473,-5.,-99.17004116));
#12057=B_SPLINE_SURFACE_WITH_KNOTS('',2,1,((#12051,#12052),(#12053,#12054),(#12055,#12056)),.UNSPECIFIED.,.F.,.F.,.U.,(3,3),(2,2),(0.,1.),(0.,1.),.UNSPECIFIED.);
#12058=CARTESIAN_POINT('',(241.72109609,-5.,-97.950848247));
#12059=VERTEX_POINT('',#12058);
#12060=CARTESIAN_POINT('',(241.72109609,-5.,-97.950848247));
#12061=CARTESIAN_POINT('',(242.696450421,-5.,-98.4828597));
#12062=CARTESIAN_POINT('',(243.20629473,-5.,-99.17004116));
#12063=B_SPLINE_CURVE_WITH_KNOTS('',2,(#12060,#12061,#12062),.UNSPECIFIED.,.F.,.F.,(3,3),(0.,1.),.UNSPECIFIED.);
#12064=EDGE_CURVE('',#12059,#12026,#12063,.T.);
#12065=ORIENTED_EDGE('',*,*,#12064,.F.);
#12066=CARTESIAN_POINT('',(241.72109609,-10.,-97.950848247));
#12067=VERTEX_POINT('',#12066);
#12068=CARTESIAN_POINT('',(241.72109609,-10.,-97.950848247));
#12069=DIRECTION('',(0.,1.,0.));
#12070=VECTOR('',#12069,5.);
#12071=LINE('',#12068,#12070);
#12072=EDGE_CURVE('',#12067,#12059,#12071,.T.);
#12073=ORIENTED_EDGE('',*,*,#12072,.F.);
#12074=CARTESIAN_POINT('',(241.72109609,-10.,-97.950848247));
#12075=CARTESIAN_POINT('',(242.696450421,-10.,-98.4828597));
#12076=CARTESIAN_POINT('',(243.20629473,-10.,-99.17004116));
#12077=B_SPLINE_CURVE_WITH_KNOTS('',2,(#12074,#12075,#12076),.UNSPECIFIED.,.F.,.F.,(3,3),(0.,1.),.UNSPECIFIED.);
#12078=EDGE_CURVE('',#12067,#12034,#12077,.T.);
#12079=ORIENTED_EDGE('',*,*,#12078,.T.);
#12080=ORIENTED_EDGE('',*,*,#12039,.T.);
#12081=EDGE_LOOP('',(#12065,#12073,#12079,#12080));
#12082=FACE_BOUND('',#12081,.T.);
#12083=ADVANCED_FACE('',(#12082),#12057,.T.);
#12084=CARTESIAN_POINT('',(239.127540256,-10.,-97.418836794));
#12085=CARTESIAN_POINT('',(239.127540256,-5.,-97.418836794));
#12086=CARTESIAN_POINT('',(240.767908903,-10.,-97.418836794));
#12087=CARTESIAN_POINT('',(240.767908903,-5.,-97.418836794));
#12088=CARTESIAN_POINT('',(241.72109609,-10.,-97.950848247));
#12089=CARTESIAN_POINT('',(241.72109609,-5.,-97.950848247));
#12090=B_SPLINE_SURFACE_WITH_KNOTS('',2,1,((#12084,#12085),(#12086,#12087),(#12088,#12089)),.UNSPECIFIED.,.F.,.F.,.U.,(3,3),(2,2),(0.,1.),(0.,1.),.UNSPECIFIED.);
#12091=CARTESIAN_POINT('',(239.127540256,-5.,-97.418836794));
#12092=VERTEX_POINT('',#12091);
#12093=CARTESIAN_POINT('',(239.127540256,-5.,-97.418836794));
#12094=CARTESIAN_POINT('',(240.767908903,-5.,-97.418836794));
#12095=CARTESIAN_POINT('',(241.72109609,-5.,-97.950848247));
#12096=B_SPLINE_CURVE_WITH_KNOTS('',2,(#12093,#12094,#12095),.UNSPECIFIED.,.F.,.F.,(3,3),(0.,1.),.UNSPECIFIED.);
#12097=EDGE_CURVE('',#12092,#12059,#12096,.T.);
#12098=ORIENTED_EDGE('',*,*,#12097,.F.);
#12099=CARTESIAN_POINT('',(239.127540256,-10.,-97.418836794));
#12100=VERTEX_POINT('',#12099);
#12101=CARTESIAN_POINT('',(239.127540256,-10.,-97.418836794));
#12102=DIRECTION('',(0.,1.,0.));
#12103=VECTOR('',#12102,5.);
#12104=LINE('',#12101,#12103);
#12105=EDGE_CURVE('',#12100,#12092,#12104,.T.);
#12106=ORIENTED_EDGE('',*,*,#12105,.F.);
#12107=CARTESIAN_POINT('',(239.127540256,-10.,-97.418836794));
#12108=CARTESIAN_POINT('',(240.767908903,-10.,-97.418836794));
#12109=CARTESIAN_POINT('',(241.72109609,-10.,-97.950848247));
#12110=B_SPLINE_CURVE_WITH_KNOTS('',2,(#12107,#12108,#12109),.UNSPECIFIED.,.F.,.F.,(3,3),(0.,1.),.UNSPECIFIED.);
#12111=EDGE_CURVE('',#12100,#12067,#12110,.T.);
#12112=ORIENTED_EDGE('',*,*,#12111,.T.);
#12113=ORIENTED_EDGE('',*,*,#12072,.T.);
#12114=EDGE_LOOP('',(#12098,#12106,#12112,#12113));
#12115=FACE_BOUND('',#12114,.T.);
#12116=ADVANCED_FACE('',(#12115),#12090,.T.);
#12117=CARTESIAN_POINT('',(235.381292941,-10.,-98.460692556));
#12118=CARTESIAN_POINT('',(235.381292941,-5.,-98.460692556));
#12119=CARTESIAN_POINT('',(236.999494444,-10.,-97.418836794));
#12120=CARTESIAN_POINT('',(236.999494444,-5.,-97.418836794));
#12121=CARTESIAN_POINT('',(239.127540256,-10.,-97.418836794));
#12122=CARTESIAN_POINT('',(239.127540256,-5.,-97.418836794));
#12123=B_SPLINE_SURFACE_WITH_KNOTS('',2,1,((#12117,#12118),(#12119,#12120),(#12121,#12122)),.UNSPECIFIED.,.F.,.F.,.U.,(3,3),(2,2),(0.,1.),(0.,1.),.UNSPECIFIED.);
#12124=CARTESIAN_POINT('',(235.381292941,-5.,-98.460692556));
#12125=VERTEX_POINT('',#12124);
#12126=CARTESIAN_POINT('',(235.381292941,-5.,-98.460692556));
#12127=CARTESIAN_POINT('',(236.999494444,-5.,-97.418836794));
#12128=CARTESIAN_POINT('',(239.127540256,-5.,-97.418836794));
#12129=B_SPLINE_CURVE_WITH_KNOTS('',2,(#12126,#12127,#12128),.UNSPECIFIED.,.F.,.F.,(3,3),(0.,1.),.UNSPECIFIED.);
#12130=EDGE_CURVE('',#12125,#12092,#12129,.T.);
#12131=ORIENTED_EDGE('',*,*,#12130,.F.);
#12132=CARTESIAN_POINT('',(235.381292941,-10.,-98.460692556));
#12133=VERTEX_POINT('',#12132);
#12134=CARTESIAN_POINT('',(235.381292941,-10.,-98.460692556));
#12135=DIRECTION('',(0.,1.,0.));
#12136=VECTOR('',#12135,5.);
#12137=LINE('',#12134,#12136);
#12138=EDGE_CURVE('',#12133,#12125,#12137,.T.);
#12139=ORIENTED_EDGE('',*,*,#12138,.F.);
#12140=CARTESIAN_POINT('',(235.381292941,-10.,-98.460692556));
#12141=CARTESIAN_POINT('',(236.999494444,-10.,-97.418836794));
#12142=CARTESIAN_POINT('',(239.127540256,-10.,-97.418836794));
#12143=B_SPLINE_CURVE_WITH_KNOTS('',2,(#12140,#12141,#12142),.UNSPECIFIED.,.F.,.F.,(3,3),(0.,1.),.UNSPECIFIED.);
#12144=EDGE_CURVE('',#12133,#12100,#12143,.T.);
#12145=ORIENTED_EDGE('',*,*,#12144,.T.);
#12146=ORIENTED_EDGE('',*,*,#12105,.T.);
#12147=EDGE_LOOP('',(#12131,#12139,#12145,#12146));
#12148=FACE_BOUND('',#12147,.T.);
#12149=ADVANCED_FACE('',(#12148),#12123,.T.);
#12150=CARTESIAN_POINT('',(232.854238539,-10.,-101.431089836));
#12151=CARTESIAN_POINT('',(232.854238539,-5.,-101.431089836));
#12152=CARTESIAN_POINT('',(233.763091438,-10.,-99.524715462));
#12153=CARTESIAN_POINT('',(233.763091438,-5.,-99.524715462));
#12154=CARTESIAN_POINT('',(235.381292941,-10.,-98.460692556));
#12155=CARTESIAN_POINT('',(235.381292941,-5.,-98.460692556));
#12156=B_SPLINE_SURFACE_WITH_KNOTS('',2,1,((#12150,#12151),(#12152,#12153),(#12154,#12155)),.UNSPECIFIED.,.F.,.F.,.U.,(3,3),(2,2),(0.,1.),(0.,1.),.UNSPECIFIED.);
#12157=CARTESIAN_POINT('',(232.854238539,-5.,-101.431089836));
#12158=VERTEX_POINT('',#12157);
#12159=CARTESIAN_POINT('',(232.854238539,-5.,-101.431089836));
#12160=CARTESIAN_POINT('',(233.763091438,-5.,-99.524715462));
#12161=CARTESIAN_POINT('',(235.381292941,-5.,-98.460692556));
#12162=B_SPLINE_CURVE_WITH_KNOTS('',2,(#12159,#12160,#12161),.UNSPECIFIED.,.F.,.F.,(3,3),(0.,1.),.UNSPECIFIED.);
#12163=EDGE_CURVE('',#12158,#12125,#12162,.T.);
#12164=ORIENTED_EDGE('',*,*,#12163,.F.);
#12165=CARTESIAN_POINT('',(232.854238539,-10.,-101.431089836));
#12166=VERTEX_POINT('',#12165);
#12167=CARTESIAN_POINT('',(232.854238539,-10.,-101.431089836));
#12168=DIRECTION('',(0.,1.,0.));
#12169=VECTOR('',#12168,5.);
#12170=LINE('',#12167,#12169);
#12171=EDGE_CURVE('',#12166,#12158,#12170,.T.);
#12172=ORIENTED_EDGE('',*,*,#12171,.F.);
#12173=CARTESIAN_POINT('',(232.854238539,-10.,-101.431089836));
#12174=CARTESIAN_POINT('',(233.763091438,-10.,-99.524715462));
#12175=CARTESIAN_POINT('',(235.381292941,-10.,-98.460692556));
#12176=B_SPLINE_CURVE_WITH_KNOTS('',2,(#12173,#12174,#12175),.UNSPECIFIED.,.F.,.F.,(3,3),(0.,1.),.UNSPECIFIED.);
#12177=EDGE_CURVE('',#12166,#12133,#12176,.T.);
#12178=ORIENTED_EDGE('',*,*,#12177,.T.);
#12179=ORIENTED_EDGE('',*,*,#12138,.T.);
#12180=EDGE_LOOP('',(#12164,#12172,#12178,#12179));
#12181=FACE_BOUND('',#12180,.T.);
#12182=ADVANCED_FACE('',(#12181),#12156,.T.);
#12183=CARTESIAN_POINT('',(231.94538564,-10.,-105.931020043));
#12184=CARTESIAN_POINT('',(231.94538564,-5.,-105.931020043));
#12185=CARTESIAN_POINT('',(231.94538564,-10.,-103.359631353));
#12186=CARTESIAN_POINT('',(231.94538564,-5.,-103.359631353));
#12187=CARTESIAN_POINT('',(232.854238539,-10.,-101.431089836));
#12188=CARTESIAN_POINT('',(232.854238539,-5.,-101.431089836));
#12189=B_SPLINE_SURFACE_WITH_KNOTS('',2,1,((#12183,#12184),(#12185,#12186),(#12187,#12188)),.UNSPECIFIED.,.F.,.F.,.U.,(3,3),(2,2),(0.,1.),(0.,1.),.UNSPECIFIED.);
#12190=CARTESIAN_POINT('',(231.94538564,-5.,-105.931020043));
#12191=VERTEX_POINT('',#12190);
#12192=CARTESIAN_POINT('',(231.94538564,-5.,-105.931020043));
#12193=CARTESIAN_POINT('',(231.94538564,-5.,-103.359631353));
#12194=CARTESIAN_POINT('',(232.854238539,-5.,-101.431089836));
#12195=B_SPLINE_CURVE_WITH_KNOTS('',2,(#12192,#12193,#12194),.UNSPECIFIED.,.F.,.F.,(3,3),(0.,1.),.UNSPECIFIED.);
#12196=EDGE_CURVE('',#12191,#12158,#12195,.T.);
#12197=ORIENTED_EDGE('',*,*,#12196,.F.);
#12198=CARTESIAN_POINT('',(231.94538564,-10.,-105.931020043));
#12199=VERTEX_POINT('',#12198);
#12200=CARTESIAN_POINT('',(231.94538564,-10.,-105.931020043));
#12201=DIRECTION('',(0.,1.,0.));
#12202=VECTOR('',#12201,5.);
#12203=LINE('',#12200,#12202);
#12204=EDGE_CURVE('',#12199,#12191,#12203,.T.);
#12205=ORIENTED_EDGE('',*,*,#12204,.F.);
#12206=CARTESIAN_POINT('',(231.94538564,-10.,-105.931020043));
#12207=CARTESIAN_POINT('',(231.94538564,-10.,-103.359631353));
#12208=CARTESIAN_POINT('',(232.854238539,-10.,-101.431089836));
#12209=B_SPLINE_CURVE_WITH_KNOTS('',2,(#12206,#12207,#12208),.UNSPECIFIED.,.F.,.F.,(3,3),(0.,1.),.UNSPECIFIED.);
#12210=EDGE_CURVE('',#12199,#12166,#12209,.T.);
#12211=ORIENTED_EDGE('',*,*,#12210,.T.);
#12212=ORIENTED_EDGE('',*,*,#12171,.T.);
#12213=EDGE_LOOP('',(#12197,#12205,#12211,#12212));
#12214=FACE_BOUND('',#12213,.T.);
#12215=ADVANCED_FACE('',(#12214),#12189,.T.);
#12216=CARTESIAN_POINT('',(232.876405683,-10.,-110.386615962));
#12217=CARTESIAN_POINT('',(232.876405683,-5.,-110.386615962));
#12218=CARTESIAN_POINT('',(231.94538564,-10.,-108.568910164));
#12219=CARTESIAN_POINT('',(231.94538564,-5.,-108.568910164));
#12220=CARTESIAN_POINT('',(231.94538564,-10.,-105.931020043));
#12221=CARTESIAN_POINT('',(231.94538564,-5.,-105.931020043));
#12222=B_SPLINE_SURFACE_WITH_KNOTS('',2,1,((#12216,#12217),(#12218,#12219),(#12220,#12221)),.UNSPECIFIED.,.F.,.F.,.U.,(3,3),(2,2),(0.,1.),(0.,1.),.UNSPECIFIED.);
#12223=CARTESIAN_POINT('',(232.876405683,-5.,-110.386615962));
#12224=VERTEX_POINT('',#12223);
#12225=CARTESIAN_POINT('',(232.876405683,-5.,-110.386615962));
#12226=CARTESIAN_POINT('',(231.94538564,-5.,-108.568910164));
#12227=CARTESIAN_POINT('',(231.94538564,-5.,-105.931020043));
#12228=B_SPLINE_CURVE_WITH_KNOTS('',2,(#12225,#12226,#12227),.UNSPECIFIED.,.F.,.F.,(3,3),(0.,1.),.UNSPECIFIED.);
#12229=EDGE_CURVE('',#12224,#12191,#12228,.T.);
#12230=ORIENTED_EDGE('',*,*,#12229,.F.);
#12231=CARTESIAN_POINT('',(232.876405683,-10.,-110.386615962));
#12232=VERTEX_POINT('',#12231);
#12233=CARTESIAN_POINT('',(232.876405683,-10.,-110.386615962));
#12234=DIRECTION('',(0.,1.,0.));
#12235=VECTOR('',#12234,5.);
#12236=LINE('',#12233,#12235);
#12237=EDGE_CURVE('',#12232,#12224,#12236,.T.);
#12238=ORIENTED_EDGE('',*,*,#12237,.F.);
#12239=CARTESIAN_POINT('',(232.876405683,-10.,-110.386615962));
#12240=CARTESIAN_POINT('',(231.94538564,-10.,-108.568910164));
#12241=CARTESIAN_POINT('',(231.94538564,-10.,-105.931020043));
#12242=B_SPLINE_CURVE_WITH_KNOTS('',2,(#12239,#12240,#12241),.UNSPECIFIED.,.F.,.F.,(3,3),(0.,1.),.UNSPECIFIED.);
#12243=EDGE_CURVE('',#12232,#12199,#12242,.T.);
#12244=ORIENTED_EDGE('',*,*,#12243,.T.);
#12245=ORIENTED_EDGE('',*,*,#12204,.T.);
#12246=EDGE_LOOP('',(#12230,#12238,#12244,#12245));
#12247=FACE_BOUND('',#12246,.T.);
#12248=ADVANCED_FACE('',(#12247),#12222,.T.);
#12249=CARTESIAN_POINT('',(235.425627229,-10.,-113.201843235));
#12250=CARTESIAN_POINT('',(235.425627229,-5.,-113.201843235));
#12251=CARTESIAN_POINT('',(233.807425726,-10.,-112.226488904));
#12252=CARTESIAN_POINT('',(233.807425726,-5.,-112.226488904));
#12253=CARTESIAN_POINT('',(232.876405683,-10.,-110.386615962));
#12254=CARTESIAN_POINT('',(232.876405683,-5.,-110.386615962));
#12255=B_SPLINE_SURFACE_WITH_KNOTS('',2,1,((#12249,#12250),(#12251,#12252),(#12253,#12254)),.UNSPECIFIED.,.F.,.F.,.U.,(3,3),(2,2),(0.,1.),(0.,1.),.UNSPECIFIED.);
#12256=CARTESIAN_POINT('',(235.425627229,-5.,-113.201843235));
#12257=VERTEX_POINT('',#12256);
#12258=CARTESIAN_POINT('',(235.425627229,-5.,-113.201843235));
#12259=CARTESIAN_POINT('',(233.807425726,-5.,-112.226488904));
#12260=CARTESIAN_POINT('',(232.876405683,-5.,-110.386615962));
#12261=B_SPLINE_CURVE_WITH_KNOTS('',2,(#12258,#12259,#12260),.UNSPECIFIED.,.F.,.F.,(3,3),(0.,1.),.UNSPECIFIED.);
#12262=EDGE_CURVE('',#12257,#12224,#12261,.T.);
#12263=ORIENTED_EDGE('',*,*,#12262,.F.);
#12264=CARTESIAN_POINT('',(235.425627229,-10.,-113.201843235));
#12265=VERTEX_POINT('',#12264);
#12266=CARTESIAN_POINT('',(235.425627229,-10.,-113.201843235));
#12267=DIRECTION('',(0.,1.,0.));
#12268=VECTOR('',#12267,5.);
#12269=LINE('',#12266,#12268);
#12270=EDGE_CURVE('',#12265,#12257,#12269,.T.);
#12271=ORIENTED_EDGE('',*,*,#12270,.F.);
#12272=CARTESIAN_POINT('',(235.425627229,-10.,-113.201843235));
#12273=CARTESIAN_POINT('',(233.807425726,-10.,-112.226488904));
#12274=CARTESIAN_POINT('',(232.876405683,-10.,-110.386615962));
#12275=B_SPLINE_CURVE_WITH_KNOTS('',2,(#12272,#12273,#12274),.UNSPECIFIED.,.F.,.F.,(3,3),(0.,1.),.UNSPECIFIED.);
#12276=EDGE_CURVE('',#12265,#12232,#12275,.T.);
#12277=ORIENTED_EDGE('',*,*,#12276,.T.);
#12278=ORIENTED_EDGE('',*,*,#12237,.T.);
#12279=EDGE_LOOP('',(#12263,#12271,#12277,#12278));
#12280=FACE_BOUND('',#12279,.T.);
#12281=ADVANCED_FACE('',(#12280),#12255,.T.);
#12282=CARTESIAN_POINT('',(239.083205969,-10.,-114.155030422));
#12283=CARTESIAN_POINT('',(239.083205969,-5.,-114.155030422));
#12284=CARTESIAN_POINT('',(237.043828732,-10.,-114.155030422));
#12285=CARTESIAN_POINT('',(237.043828732,-5.,-114.155030422));
#12286=CARTESIAN_POINT('',(235.425627229,-10.,-113.201843235));
#12287=CARTESIAN_POINT('',(235.425627229,-5.,-113.201843235));
#12288=B_SPLINE_SURFACE_WITH_KNOTS('',2,1,((#12282,#12283),(#12284,#12285),(#12286,#12287)),.UNSPECIFIED.,.F.,.F.,.U.,(3,3),(2,2),(0.,1.),(0.,1.),.UNSPECIFIED.);
#12289=CARTESIAN_POINT('',(239.083205969,-5.,-114.155030422));
#12290=VERTEX_POINT('',#12289);
#12291=CARTESIAN_POINT('',(239.083205969,-5.,-114.155030422));
#12292=CARTESIAN_POINT('',(237.043828732,-5.,-114.155030422));
#12293=CARTESIAN_POINT('',(235.425627229,-5.,-113.201843235));
#12294=B_SPLINE_CURVE_WITH_KNOTS('',2,(#12291,#12292,#12293),.UNSPECIFIED.,.F.,.F.,(3,3),(0.,1.),.UNSPECIFIED.);
#12295=EDGE_CURVE('',#12290,#12257,#12294,.T.);
#12296=ORIENTED_EDGE('',*,*,#12295,.F.);
#12297=CARTESIAN_POINT('',(239.083205969,-10.,-114.155030422));
#12298=VERTEX_POINT('',#12297);
#12299=CARTESIAN_POINT('',(239.083205969,-10.,-114.155030422));
#12300=DIRECTION('',(0.,1.,0.));
#12301=VECTOR('',#12300,5.);
#12302=LINE('',#12299,#12301);
#12303=EDGE_CURVE('',#12298,#12290,#12302,.T.);
#12304=ORIENTED_EDGE('',*,*,#12303,.F.);
#12305=CARTESIAN_POINT('',(239.083205969,-10.,-114.155030422));
#12306=CARTESIAN_POINT('',(237.043828732,-10.,-114.155030422));
#12307=CARTESIAN_POINT('',(235.425627229,-10.,-113.201843235));
#12308=B_SPLINE_CURVE_WITH_KNOTS('',2,(#12305,#12306,#12307),.UNSPECIFIED.,.F.,.F.,(3,3),(0.,1.),.UNSPECIFIED.);
#12309=EDGE_CURVE('',#12298,#12265,#12308,.T.);
#12310=ORIENTED_EDGE('',*,*,#12309,.T.);
#12311=ORIENTED_EDGE('',*,*,#12270,.T.);
#12312=EDGE_LOOP('',(#12296,#12304,#12310,#12311));
#12313=FACE_BOUND('',#12312,.T.);
#12314=ADVANCED_FACE('',(#12313),#12288,.T.);
#12315=CARTESIAN_POINT('',(241.676761802,-10.,-113.645186112));
#12316=CARTESIAN_POINT('',(241.676761802,-5.,-113.645186112));
#12317=CARTESIAN_POINT('',(240.723574616,-10.,-114.155030422));
#12318=CARTESIAN_POINT('',(240.723574616,-5.,-114.155030422));
#12319=CARTESIAN_POINT('',(239.083205969,-10.,-114.155030422));
#12320=CARTESIAN_POINT('',(239.083205969,-5.,-114.155030422));
#12321=B_SPLINE_SURFACE_WITH_KNOTS('',2,1,((#12315,#12316),(#12317,#12318),(#12319,#12320)),.UNSPECIFIED.,.F.,.F.,.U.,(3,3),(2,2),(0.,1.),(0.,1.),.UNSPECIFIED.);
#12322=CARTESIAN_POINT('',(241.676761802,-5.,-113.645186112));
#12323=VERTEX_POINT('',#12322);
#12324=CARTESIAN_POINT('',(241.676761802,-5.,-113.645186112));
#12325=CARTESIAN_POINT('',(240.723574616,-5.,-114.155030422));
#12326=CARTESIAN_POINT('',(239.083205969,-5.,-114.155030422));
#12327=B_SPLINE_CURVE_WITH_KNOTS('',2,(#12324,#12325,#12326),.UNSPECIFIED.,.F.,.F.,(3,3),(0.,1.),.UNSPECIFIED.);
#12328=EDGE_CURVE('',#12323,#12290,#12327,.T.);
#12329=ORIENTED_EDGE('',*,*,#12328,.F.);
#12330=CARTESIAN_POINT('',(241.676761802,-10.,-113.645186112));
#12331=VERTEX_POINT('',#12330);
#12332=CARTESIAN_POINT('',(241.676761802,-10.,-113.645186112));
#12333=DIRECTION('',(0.,1.,0.));
#12334=VECTOR('',#12333,5.);
#12335=LINE('',#12332,#12334);
#12336=EDGE_CURVE('',#12331,#12323,#12335,.T.);
#12337=ORIENTED_EDGE('',*,*,#12336,.F.);
#12338=CARTESIAN_POINT('',(241.676761802,-10.,-113.645186112));
#12339=CARTESIAN_POINT('',(240.723574616,-10.,-114.155030422));
#12340=CARTESIAN_POINT('',(239.083205969,-10.,-114.155030422));
#12341=B_SPLINE_CURVE_WITH_KNOTS('',2,(#12338,#12339,#12340),.UNSPECIFIED.,.F.,.F.,(3,3),(0.,1.),.UNSPECIFIED.);
#12342=EDGE_CURVE('',#12331,#12298,#12341,.T.);
#12343=ORIENTED_EDGE('',*,*,#12342,.T.);
#12344=ORIENTED_EDGE('',*,*,#12303,.T.);
#12345=EDGE_LOOP('',(#12329,#12337,#12343,#12344));
#12346=FACE_BOUND('',#12345,.T.);
#12347=ADVANCED_FACE('',(#12346),#12321,.T.);
#12348=CARTESIAN_POINT('',(243.161960442,-10.,-112.448160343));
#12349=CARTESIAN_POINT('',(243.161960442,-5.,-112.448160343));
#12350=CARTESIAN_POINT('',(242.652116133,-10.,-113.113174659));
#12351=CARTESIAN_POINT('',(242.652116133,-5.,-113.113174659));
#12352=CARTESIAN_POINT('',(241.676761802,-10.,-113.645186112));
#12353=CARTESIAN_POINT('',(241.676761802,-5.,-113.645186112));
#12354=B_SPLINE_SURFACE_WITH_KNOTS('',2,1,((#12348,#12349),(#12350,#12351),(#12352,#12353)),.UNSPECIFIED.,.F.,.F.,.U.,(3,3),(2,2),(0.,1.),(0.,1.),.UNSPECIFIED.);
#12355=CARTESIAN_POINT('',(243.161960442,-5.,-112.448160343));
#12356=VERTEX_POINT('',#12355);
#12357=CARTESIAN_POINT('',(243.161960442,-5.,-112.448160343));
#12358=CARTESIAN_POINT('',(242.652116133,-5.,-113.113174659));
#12359=CARTESIAN_POINT('',(241.676761802,-5.,-113.645186112));
#12360=B_SPLINE_CURVE_WITH_KNOTS('',2,(#12357,#12358,#12359),.UNSPECIFIED.,.F.,.F.,(3,3),(0.,1.),.UNSPECIFIED.);
#12361=EDGE_CURVE('',#12356,#12323,#12360,.T.);
#12362=ORIENTED_EDGE('',*,*,#12361,.F.);
#12363=CARTESIAN_POINT('',(243.161960442,-10.,-112.448160343));
#12364=VERTEX_POINT('',#12363);
#12365=CARTESIAN_POINT('',(243.161960442,-10.,-112.448160343));
#12366=DIRECTION('',(0.,1.,0.));
#12367=VECTOR('',#12366,5.);
#12368=LINE('',#12365,#12367);
#12369=EDGE_CURVE('',#12364,#12356,#12368,.T.);
#12370=ORIENTED_EDGE('',*,*,#12369,.F.);
#12371=CARTESIAN_POINT('',(243.161960442,-10.,-112.448160343));
#12372=CARTESIAN_POINT('',(242.652116133,-10.,-113.113174659));
#12373=CARTESIAN_POINT('',(241.676761802,-10.,-113.645186112));
#12374=B_SPLINE_CURVE_WITH_KNOTS('',2,(#12371,#12372,#12373),.UNSPECIFIED.,.F.,.F.,(3,3),(0.,1.),.UNSPECIFIED.);
#12375=EDGE_CURVE('',#12364,#12331,#12374,.T.);
#12376=ORIENTED_EDGE('',*,*,#12375,.T.);
#12377=ORIENTED_EDGE('',*,*,#12336,.T.);
#12378=EDGE_LOOP('',(#12362,#12370,#12376,#12377));
#12379=FACE_BOUND('',#12378,.T.);
#12380=ADVANCED_FACE('',(#12379),#12354,.T.);
#12381=CARTESIAN_POINT('',(243.982144765,-10.,-111.317636006));
#12382=CARTESIAN_POINT('',(243.982144765,-5.,-111.317636006));
#12383=CARTESIAN_POINT('',(243.693971895,-10.,-111.783146027));
#12384=CARTESIAN_POINT('',(243.693971895,-5.,-111.783146027));
#12385=CARTESIAN_POINT('',(243.161960442,-10.,-112.448160343));
#12386=CARTESIAN_POINT('',(243.161960442,-5.,-112.448160343));
#12387=B_SPLINE_SURFACE_WITH_KNOTS('',2,1,((#12381,#12382),(#12383,#12384),(#12385,#12386)),.UNSPECIFIED.,.F.,.F.,.U.,(3,3),(2,2),(0.000000001,1.),(0.,1.),.UNSPECIFIED.);
#12388=CARTESIAN_POINT('',(243.982144766,-5.,-111.317636005));
#12389=VERTEX_POINT('',#12388);
#12390=CARTESIAN_POINT('',(243.982144766,-5.,-111.317636005));
#12391=CARTESIAN_POINT('',(243.693971895,-5.,-111.783146027));
#12392=CARTESIAN_POINT('',(243.161960442,-5.,-112.448160343));
#12393=B_SPLINE_CURVE_WITH_KNOTS('',2,(#12390,#12391,#12392),.UNSPECIFIED.,.F.,.F.,(3,3),(0.,1.),.UNSPECIFIED.);
#12394=EDGE_CURVE('',#12389,#12356,#12393,.T.);
#12395=ORIENTED_EDGE('',*,*,#12394,.F.);
#12396=CARTESIAN_POINT('',(243.982144766,-10.,-111.317636005));
#12397=VERTEX_POINT('',#12396);
#12398=CARTESIAN_POINT('',(243.982144766,-10.,-111.317636005));
#12399=DIRECTION('',(0.,1.,0.));
#12400=VECTOR('',#12399,5.);
#12401=LINE('',#12398,#12400);
#12402=EDGE_CURVE('',#12397,#12389,#12401,.T.);
#12403=ORIENTED_EDGE('',*,*,#12402,.F.);
#12404=CARTESIAN_POINT('',(243.982144766,-10.,-111.317636005));
#12405=CARTESIAN_POINT('',(243.693971895,-10.,-111.783146027));
#12406=CARTESIAN_POINT('',(243.161960442,-10.,-112.448160343));
#12407=B_SPLINE_CURVE_WITH_KNOTS('',2,(#12404,#12405,#12406),.UNSPECIFIED.,.F.,.F.,(3,3),(0.,1.),.UNSPECIFIED.);
#12408=EDGE_CURVE('',#12397,#12364,#12407,.T.);
#12409=ORIENTED_EDGE('',*,*,#12408,.T.);
#12410=ORIENTED_EDGE('',*,*,#12369,.T.);
#12411=EDGE_LOOP('',(#12395,#12403,#12409,#12410));
#12412=FACE_BOUND('',#12411,.T.);
#12413=ADVANCED_FACE('',(#12412),#12387,.T.);
#12414=CARTESIAN_POINT('',(244.081896913,-10.,-111.317636005));
#12415=DIRECTION('',(0.,0.,-1.));
#12416=DIRECTION('',(-1.,0.,0.));
#12417=AXIS2_PLACEMENT_3D('',#12414,#12415,#12416);
#12418=PLANE('',#12417);
#12419=CARTESIAN_POINT('',(244.18164906,-5.,-111.317636005));
#12420=VERTEX_POINT('',#12419);
#12421=CARTESIAN_POINT('',(244.18164906,-5.,-111.317636005));
#12422=DIRECTION('',(-1.,0.,0.));
#12423=VECTOR('',#12422,0.199504295);
#12424=LINE('',#12421,#12423);
#12425=EDGE_CURVE('',#12420,#12389,#12424,.T.);
#12426=ORIENTED_EDGE('',*,*,#12425,.F.);
#12427=CARTESIAN_POINT('',(244.18164906,-10.,-111.317636005));
#12428=VERTEX_POINT('',#12427);
#12429=CARTESIAN_POINT('',(244.18164906,-10.,-111.317636005));
#12430=DIRECTION('',(0.,1.,0.));
#12431=VECTOR('',#12430,5.);
#12432=LINE('',#12429,#12431);
#12433=EDGE_CURVE('',#12428,#12420,#12432,.T.);
#12434=ORIENTED_EDGE('',*,*,#12433,.F.);
#12435=CARTESIAN_POINT('',(244.18164906,-10.,-111.317636005));
#12436=DIRECTION('',(-1.,0.,0.));
#12437=VECTOR('',#12436,0.199504295);
#12438=LINE('',#12435,#12437);
#12439=EDGE_CURVE('',#12428,#12397,#12438,.T.);
#12440=ORIENTED_EDGE('',*,*,#12439,.T.);
#12441=ORIENTED_EDGE('',*,*,#12402,.T.);
#12442=EDGE_LOOP('',(#12426,#12434,#12440,#12441));
#12443=FACE_BOUND('',#12442,.T.);
#12444=ADVANCED_FACE('',(#12443),#12418,.T.);
#12445=CARTESIAN_POINT('',(244.18164906,-10.,-113.024506084));
#12446=DIRECTION('',(-1.,0.,0.));
#12447=DIRECTION('',(0.,0.,1.));
#12448=AXIS2_PLACEMENT_3D('',#12445,#12446,#12447);
#12449=PLANE('',#12448);
#12450=CARTESIAN_POINT('',(244.18164906,-5.,-114.731376162));
#12451=VERTEX_POINT('',#12450);
#12452=CARTESIAN_POINT('',(244.18164906,-5.,-114.731376162));
#12453=DIRECTION('',(0.,0.,1.));
#12454=VECTOR('',#12453,3.413740157);
#12455=LINE('',#12452,#12454);
#12456=EDGE_CURVE('',#12451,#12420,#12455,.T.);
#12457=ORIENTED_EDGE('',*,*,#12456,.F.);
#12458=CARTESIAN_POINT('',(244.18164906,-10.,-114.731376162));
#12459=VERTEX_POINT('',#12458);
#12460=CARTESIAN_POINT('',(244.18164906,-10.,-114.731376162));
#12461=DIRECTION('',(0.,1.,0.));
#12462=VECTOR('',#12461,5.);
#12463=LINE('',#12460,#12462);
#12464=EDGE_CURVE('',#12459,#12451,#12463,.T.);
#12465=ORIENTED_EDGE('',*,*,#12464,.F.);
#12466=CARTESIAN_POINT('',(244.18164906,-10.,-114.731376162));
#12467=DIRECTION('',(0.,0.,1.));
#12468=VECTOR('',#12467,3.413740157);
#12469=LINE('',#12466,#12468);
#12470=EDGE_CURVE('',#12459,#12428,#12469,.T.);
#12471=ORIENTED_EDGE('',*,*,#12470,.T.);
#12472=ORIENTED_EDGE('',*,*,#12433,.T.);
#12473=EDGE_LOOP('',(#12457,#12465,#12471,#12472));
#12474=FACE_BOUND('',#12473,.T.);
#12475=ADVANCED_FACE('',(#12474),#12449,.T.);
#12476=CARTESIAN_POINT('',(242.873787572,-10.,-117.812609162));
#12477=CARTESIAN_POINT('',(242.873787572,-5.,-117.812609162));
#12478=CARTESIAN_POINT('',(244.18164906,-10.,-116.837254831));
#12479=CARTESIAN_POINT('',(244.18164906,-5.,-116.837254831));
#12480=CARTESIAN_POINT('',(244.18164906,-10.,-114.731376162));
#12481=CARTESIAN_POINT('',(244.18164906,-5.,-114.731376162));
#12482=B_SPLINE_SURFACE_WITH_KNOTS('',2,1,((#12476,#12477),(#12478,#12479),(#12480,#12481)),.UNSPECIFIED.,.F.,.F.,.U.,(3,3),(2,2),(0.,1.),(0.,1.),.UNSPECIFIED.);
#12483=CARTESIAN_POINT('',(242.873787572,-5.,-117.812609162));
#12484=VERTEX_POINT('',#12483);
#12485=CARTESIAN_POINT('',(242.873787572,-5.,-117.812609162));
#12486=CARTESIAN_POINT('',(244.18164906,-5.,-116.837254831));
#12487=CARTESIAN_POINT('',(244.18164906,-5.,-114.731376162));
#12488=B_SPLINE_CURVE_WITH_KNOTS('',2,(#12485,#12486,#12487),.UNSPECIFIED.,.F.,.F.,(3,3),(0.,1.),.UNSPECIFIED.);
#12489=EDGE_CURVE('',#12484,#12451,#12488,.T.);
#12490=ORIENTED_EDGE('',*,*,#12489,.F.);
#12491=CARTESIAN_POINT('',(242.873787572,-10.,-117.812609162));
#12492=VERTEX_POINT('',#12491);
#12493=CARTESIAN_POINT('',(242.873787572,-10.,-117.812609162));
#12494=DIRECTION('',(0.,1.,0.));
#12495=VECTOR('',#12494,5.);
#12496=LINE('',#12493,#12495);
#12497=EDGE_CURVE('',#12492,#12484,#12496,.T.);
#12498=ORIENTED_EDGE('',*,*,#12497,.F.);
#12499=CARTESIAN_POINT('',(242.873787572,-10.,-117.812609162));
#12500=CARTESIAN_POINT('',(244.18164906,-10.,-116.837254831));
#12501=CARTESIAN_POINT('',(244.18164906,-10.,-114.731376162));
#12502=B_SPLINE_CURVE_WITH_KNOTS('',2,(#12499,#12500,#12501),.UNSPECIFIED.,.F.,.F.,(3,3),(0.,1.),.UNSPECIFIED.);
#12503=EDGE_CURVE('',#12492,#12459,#12502,.T.);
#12504=ORIENTED_EDGE('',*,*,#12503,.T.);
#12505=ORIENTED_EDGE('',*,*,#12464,.T.);
#12506=EDGE_LOOP('',(#12490,#12498,#12504,#12505));
#12507=FACE_BOUND('',#12506,.T.);
#12508=ADVANCED_FACE('',(#12507),#12482,.T.);
#12509=CARTESIAN_POINT('',(239.504381702,-10.,-118.787963492));
#12510=CARTESIAN_POINT('',(239.504381702,-5.,-118.787963492));
#12511=CARTESIAN_POINT('',(241.543758939,-10.,-118.787963492));
#12512=CARTESIAN_POINT('',(241.543758939,-5.,-118.787963492));
#12513=CARTESIAN_POINT('',(242.873787572,-10.,-117.812609162));
#12514=CARTESIAN_POINT('',(242.873787572,-5.,-117.812609162));
#12515=B_SPLINE_SURFACE_WITH_KNOTS('',2,1,((#12509,#12510),(#12511,#12512),(#12513,#12514)),.UNSPECIFIED.,.F.,.F.,.U.,(3,3),(2,2),(0.,1.),(0.,1.),.UNSPECIFIED.);
#12516=CARTESIAN_POINT('',(239.504381702,-5.,-118.787963492));
#12517=VERTEX_POINT('',#12516);
#12518=CARTESIAN_POINT('',(239.504381702,-5.,-118.787963492));
#12519=CARTESIAN_POINT('',(241.543758939,-5.,-118.787963492));
#12520=CARTESIAN_POINT('',(242.873787572,-5.,-117.812609162));
#12521=B_SPLINE_CURVE_WITH_KNOTS('',2,(#12518,#12519,#12520),.UNSPECIFIED.,.F.,.F.,(3,3),(0.,1.),.UNSPECIFIED.);
#12522=EDGE_CURVE('',#12517,#12484,#12521,.T.);
#12523=ORIENTED_EDGE('',*,*,#12522,.F.);
#12524=CARTESIAN_POINT('',(239.504381702,-10.,-118.787963492));
#12525=VERTEX_POINT('',#12524);
#12526=CARTESIAN_POINT('',(239.504381702,-10.,-118.787963492));
#12527=DIRECTION('',(0.,1.,0.));
#12528=VECTOR('',#12527,5.);
#12529=LINE('',#12526,#12528);
#12530=EDGE_CURVE('',#12525,#12517,#12529,.T.);
#12531=ORIENTED_EDGE('',*,*,#12530,.F.);
#12532=CARTESIAN_POINT('',(239.504381702,-10.,-118.787963492));
#12533=CARTESIAN_POINT('',(241.543758939,-10.,-118.787963492));
#12534=CARTESIAN_POINT('',(242.873787572,-10.,-117.812609162));
#12535=B_SPLINE_CURVE_WITH_KNOTS('',2,(#12532,#12533,#12534),.UNSPECIFIED.,.F.,.F.,(3,3),(0.,1.),.UNSPECIFIED.);
#12536=EDGE_CURVE('',#12525,#12492,#12535,.T.);
#12537=ORIENTED_EDGE('',*,*,#12536,.T.);
#12538=ORIENTED_EDGE('',*,*,#12497,.T.);
#12539=EDGE_LOOP('',(#12523,#12531,#12537,#12538));
#12540=FACE_BOUND('',#12539,.T.);
#12541=ADVANCED_FACE('',(#12540),#12515,.T.);
#12542=CARTESIAN_POINT('',(237.065995876,-10.,-118.344620615));
#12543=CARTESIAN_POINT('',(237.065995876,-5.,-118.344620615));
#12544=CARTESIAN_POINT('',(237.997015919,-10.,-118.787963492));
#12545=CARTESIAN_POINT('',(237.997015919,-5.,-118.787963492));
#12546=CARTESIAN_POINT('',(239.504381702,-10.,-118.787963492));
#12547=CARTESIAN_POINT('',(239.504381702,-5.,-118.787963492));
#12548=B_SPLINE_SURFACE_WITH_KNOTS('',2,1,((#12542,#12543),(#12544,#12545),(#12546,#12547)),.UNSPECIFIED.,.F.,.F.,.U.,(3,3),(2,2),(0.,1.),(0.,1.),.UNSPECIFIED.);
#12549=CARTESIAN_POINT('',(237.065995876,-5.,-118.344620615));
#12550=VERTEX_POINT('',#12549);
#12551=CARTESIAN_POINT('',(237.065995876,-5.,-118.344620615));
#12552=CARTESIAN_POINT('',(237.997015919,-5.,-118.787963492));
#12553=CARTESIAN_POINT('',(239.504381702,-5.,-118.787963492));
#12554=B_SPLINE_CURVE_WITH_KNOTS('',2,(#12551,#12552,#12553),.UNSPECIFIED.,.F.,.F.,(3,3),(0.,1.),.UNSPECIFIED.);
#12555=EDGE_CURVE('',#12550,#12517,#12554,.T.);
#12556=ORIENTED_EDGE('',*,*,#12555,.F.);
#12557=CARTESIAN_POINT('',(237.065995876,-10.,-118.344620615));
#12558=VERTEX_POINT('',#12557);
#12559=CARTESIAN_POINT('',(237.065995876,-10.,-118.344620615));
#12560=DIRECTION('',(0.,1.,0.));
#12561=VECTOR('',#12560,5.);
#12562=LINE('',#12559,#12561);
#12563=EDGE_CURVE('',#12558,#12550,#12562,.T.);
#12564=ORIENTED_EDGE('',*,*,#12563,.F.);
#12565=CARTESIAN_POINT('',(237.065995876,-10.,-118.344620615));
#12566=CARTESIAN_POINT('',(237.997015919,-10.,-118.787963492));
#12567=CARTESIAN_POINT('',(239.504381702,-10.,-118.787963492));
#12568=B_SPLINE_CURVE_WITH_KNOTS('',2,(#12565,#12566,#12567),.UNSPECIFIED.,.F.,.F.,(3,3),(0.,1.),.UNSPECIFIED.);
#12569=EDGE_CURVE('',#12558,#12525,#12568,.T.);
#12570=ORIENTED_EDGE('',*,*,#12569,.T.);
#12571=ORIENTED_EDGE('',*,*,#12530,.T.);
#12572=EDGE_LOOP('',(#12556,#12564,#12570,#12571));
#12573=FACE_BOUND('',#12572,.T.);
#12574=ADVANCED_FACE('',(#12573),#12548,.T.);
#12575=CARTESIAN_POINT('',(235.580797236,-10.,-117.302764852));
#12576=CARTESIAN_POINT('',(235.580797236,-5.,-117.302764852));
#12577=CARTESIAN_POINT('',(236.112808689,-10.,-117.901277737));
#12578=CARTESIAN_POINT('',(236.112808689,-5.,-117.901277737));
#12579=CARTESIAN_POINT('',(237.065995876,-10.,-118.344620615));
#12580=CARTESIAN_POINT('',(237.065995876,-5.,-118.344620615));
#12581=B_SPLINE_SURFACE_WITH_KNOTS('',2,1,((#12575,#12576),(#12577,#12578),(#12579,#12580)),.UNSPECIFIED.,.F.,.F.,.U.,(3,3),(2,2),(0.,1.),(0.,1.),.UNSPECIFIED.);
#12582=CARTESIAN_POINT('',(235.580797236,-5.,-117.302764852));
#12583=VERTEX_POINT('',#12582);
#12584=CARTESIAN_POINT('',(235.580797236,-5.,-117.302764852));
#12585=CARTESIAN_POINT('',(236.112808689,-5.,-117.901277737));
#12586=CARTESIAN_POINT('',(237.065995876,-5.,-118.344620615));
#12587=B_SPLINE_CURVE_WITH_KNOTS('',2,(#12584,#12585,#12586),.UNSPECIFIED.,.F.,.F.,(3,3),(0.,1.),.UNSPECIFIED.);
#12588=EDGE_CURVE('',#12583,#12550,#12587,.T.);
#12589=ORIENTED_EDGE('',*,*,#12588,.F.);
#12590=CARTESIAN_POINT('',(235.580797236,-10.,-117.302764852));
#12591=VERTEX_POINT('',#12590);
#12592=CARTESIAN_POINT('',(235.580797236,-10.,-117.302764852));
#12593=DIRECTION('',(0.,1.,0.));
#12594=VECTOR('',#12593,5.);
#12595=LINE('',#12592,#12594);
#12596=EDGE_CURVE('',#12591,#12583,#12595,.T.);
#12597=ORIENTED_EDGE('',*,*,#12596,.F.);
#12598=CARTESIAN_POINT('',(235.580797236,-10.,-117.302764852));
#12599=CARTESIAN_POINT('',(236.112808689,-10.,-117.901277737));
#12600=CARTESIAN_POINT('',(237.065995876,-10.,-118.344620615));
#12601=B_SPLINE_CURVE_WITH_KNOTS('',2,(#12598,#12599,#12600),.UNSPECIFIED.,.F.,.F.,(3,3),(0.,1.),.UNSPECIFIED.);
#12602=EDGE_CURVE('',#12591,#12558,#12601,.T.);
#12603=ORIENTED_EDGE('',*,*,#12602,.T.);
#12604=ORIENTED_EDGE('',*,*,#12563,.T.);
#12605=EDGE_LOOP('',(#12589,#12597,#12603,#12604));
#12606=FACE_BOUND('',#12605,.T.);
#12607=ADVANCED_FACE('',(#12606),#12581,.T.);
#12608=CARTESIAN_POINT('',(234.694111481,-10.,-116.26090909));
#12609=CARTESIAN_POINT('',(234.694111481,-5.,-116.26090909));
#12610=CARTESIAN_POINT('',(235.048785783,-10.,-116.726419112));
#12611=CARTESIAN_POINT('',(235.048785783,-5.,-116.726419112));
#12612=CARTESIAN_POINT('',(235.580797236,-10.,-117.302764852));
#12613=CARTESIAN_POINT('',(235.580797236,-5.,-117.302764852));
#12614=B_SPLINE_SURFACE_WITH_KNOTS('',2,1,((#12608,#12609),(#12610,#12611),(#12612,#12613)),.UNSPECIFIED.,.F.,.F.,.U.,(3,3),(2,2),(0.,1.),(0.,1.),.UNSPECIFIED.);
#12615=CARTESIAN_POINT('',(234.694111481,-5.,-116.26090909));
#12616=VERTEX_POINT('',#12615);
#12617=CARTESIAN_POINT('',(234.694111481,-5.,-116.26090909));
#12618=CARTESIAN_POINT('',(235.048785783,-5.,-116.726419112));
#12619=CARTESIAN_POINT('',(235.580797236,-5.,-117.302764852));
#12620=B_SPLINE_CURVE_WITH_KNOTS('',2,(#12617,#12618,#12619),.UNSPECIFIED.,.F.,.F.,(3,3),(0.,1.),.UNSPECIFIED.);
#12621=EDGE_CURVE('',#12616,#12583,#12620,.T.);
#12622=ORIENTED_EDGE('',*,*,#12621,.F.);
#12623=CARTESIAN_POINT('',(234.694111481,-10.,-116.26090909));
#12624=VERTEX_POINT('',#12623);
#12625=CARTESIAN_POINT('',(234.694111481,-10.,-116.26090909));
#12626=DIRECTION('',(0.,1.,0.));
#12627=VECTOR('',#12626,5.);
#12628=LINE('',#12625,#12627);
#12629=EDGE_CURVE('',#12624,#12616,#12628,.T.);
#12630=ORIENTED_EDGE('',*,*,#12629,.F.);
#12631=CARTESIAN_POINT('',(234.694111481,-10.,-116.26090909));
#12632=CARTESIAN_POINT('',(235.048785783,-10.,-116.726419112));
#12633=CARTESIAN_POINT('',(235.580797236,-10.,-117.302764852));
#12634=B_SPLINE_CURVE_WITH_KNOTS('',2,(#12631,#12632,#12633),.UNSPECIFIED.,.F.,.F.,(3,3),(0.,1.),.UNSPECIFIED.);
#12635=EDGE_CURVE('',#12624,#12591,#12634,.T.);
#12636=ORIENTED_EDGE('',*,*,#12635,.T.);
#12637=ORIENTED_EDGE('',*,*,#12596,.T.);
#12638=EDGE_LOOP('',(#12622,#12630,#12636,#12637));
#12639=FACE_BOUND('',#12638,.T.);
#12640=ADVANCED_FACE('',(#12639),#12614,.T.);
#12641=CARTESIAN_POINT('',(233.674422862,-10.,-116.981341266));
#12642=DIRECTION('',(-0.577031681,0.,0.816721764));
#12643=DIRECTION('',(0.816721764,0.,0.577031681));
#12644=AXIS2_PLACEMENT_3D('',#12641,#12642,#12643);
#12645=PLANE('',#12644);
#12646=CARTESIAN_POINT('',(232.654734244,-5.,-117.701773442));
#12647=VERTEX_POINT('',#12646);
#12648=CARTESIAN_POINT('',(232.654734244,-5.,-117.701773442));
#12649=DIRECTION('',(0.816721764,0.,0.577031681));
#12650=VECTOR('',#12649,2.497028153);
#12651=LINE('',#12648,#12650);
#12652=EDGE_CURVE('',#12647,#12616,#12651,.T.);
#12653=ORIENTED_EDGE('',*,*,#12652,.F.);
#12654=CARTESIAN_POINT('',(232.654734244,-10.,-117.701773442));
#12655=VERTEX_POINT('',#12654);
#12656=CARTESIAN_POINT('',(232.654734244,-10.,-117.701773442));
#12657=DIRECTION('',(0.,1.,0.));
#12658=VECTOR('',#12657,5.);
#12659=LINE('',#12656,#12658);
#12660=EDGE_CURVE('',#12655,#12647,#12659,.T.);
#12661=ORIENTED_EDGE('',*,*,#12660,.F.);
#12662=CARTESIAN_POINT('',(232.654734244,-10.,-117.701773442));
#12663=DIRECTION('',(0.816721764,0.,0.577031681));
#12664=VECTOR('',#12663,2.497028153);
#12665=LINE('',#12662,#12664);
#12666=EDGE_CURVE('',#12655,#12624,#12665,.T.);
#12667=ORIENTED_EDGE('',*,*,#12666,.T.);
#12668=ORIENTED_EDGE('',*,*,#12629,.T.);
#12669=EDGE_LOOP('',(#12653,#12661,#12667,#12668));
#12670=FACE_BOUND('',#12669,.T.);
#12671=ADVANCED_FACE('',(#12670),#12645,.T.);
#12672=CARTESIAN_POINT('',(234.051264308,-10.,-119.342142089));
#12673=CARTESIAN_POINT('',(234.051264308,-5.,-119.342142089));
#12674=CARTESIAN_POINT('',(233.164578553,-10.,-118.566292053));
#12675=CARTESIAN_POINT('',(233.164578553,-5.,-118.566292053));
#12676=CARTESIAN_POINT('',(232.654734244,-10.,-117.701773442));
#12677=CARTESIAN_POINT('',(232.654734244,-5.,-117.701773442));
#12678=B_SPLINE_SURFACE_WITH_KNOTS('',2,1,((#12672,#12673),(#12674,#12675),(#12676,#12677)),.UNSPECIFIED.,.F.,.F.,.U.,(3,3),(2,2),(0.,1.),(0.,1.),.UNSPECIFIED.);
#12679=CARTESIAN_POINT('',(234.051264308,-5.,-119.342142089));
#12680=VERTEX_POINT('',#12679);
#12681=CARTESIAN_POINT('',(234.051264308,-5.,-119.342142089));
#12682=CARTESIAN_POINT('',(233.164578553,-5.,-118.566292053));
#12683=CARTESIAN_POINT('',(232.654734244,-5.,-117.701773442));
#12684=B_SPLINE_CURVE_WITH_KNOTS('',2,(#12681,#12682,#12683),.UNSPECIFIED.,.F.,.F.,(3,3),(0.,1.),.UNSPECIFIED.);
#12685=EDGE_CURVE('',#12680,#12647,#12684,.T.);
#12686=ORIENTED_EDGE('',*,*,#12685,.F.);
#12687=CARTESIAN_POINT('',(234.051264308,-10.,-119.342142089));
#12688=VERTEX_POINT('',#12687);
#12689=CARTESIAN_POINT('',(234.051264308,-10.,-119.342142089));
#12690=DIRECTION('',(0.,1.,0.));
#12691=VECTOR('',#12690,5.);
#12692=LINE('',#12689,#12691);
#12693=EDGE_CURVE('',#12688,#12680,#12692,.T.);
#12694=ORIENTED_EDGE('',*,*,#12693,.F.);
#12695=CARTESIAN_POINT('',(234.051264308,-10.,-119.342142089));
#12696=CARTESIAN_POINT('',(233.164578553,-10.,-118.566292053));
#12697=CARTESIAN_POINT('',(232.654734244,-10.,-117.701773442));
#12698=B_SPLINE_CURVE_WITH_KNOTS('',2,(#12695,#12696,#12697),.UNSPECIFIED.,.F.,.F.,(3,3),(0.,1.),.UNSPECIFIED.);
#12699=EDGE_CURVE('',#12688,#12655,#12698,.T.);
#12700=ORIENTED_EDGE('',*,*,#12699,.T.);
#12701=ORIENTED_EDGE('',*,*,#12660,.T.);
#12702=EDGE_LOOP('',(#12686,#12694,#12700,#12701));
#12703=FACE_BOUND('',#12702,.T.);
#12704=ADVANCED_FACE('',(#12703),#12678,.T.);
#12705=CARTESIAN_POINT('',(236.29014584,-10.,-120.583502146));
#12706=CARTESIAN_POINT('',(236.29014584,-5.,-120.583502146));
#12707=CARTESIAN_POINT('',(234.960117207,-10.,-120.117992125));
#12708=CARTESIAN_POINT('',(234.960117207,-5.,-120.117992125));
#12709=CARTESIAN_POINT('',(234.051264308,-10.,-119.342142089));
#12710=CARTESIAN_POINT('',(234.051264308,-5.,-119.342142089));
#12711=B_SPLINE_SURFACE_WITH_KNOTS('',2,1,((#12705,#12706),(#12707,#12708),(#12709,#12710)),.UNSPECIFIED.,.F.,.F.,.U.,(3,3),(2,2),(0.,1.),(0.,1.),.UNSPECIFIED.);
#12712=CARTESIAN_POINT('',(236.29014584,-5.,-120.583502146));
#12713=VERTEX_POINT('',#12712);
#12714=CARTESIAN_POINT('',(236.29014584,-5.,-120.583502146));
#12715=CARTESIAN_POINT('',(234.960117207,-5.,-120.117992125));
#12716=CARTESIAN_POINT('',(234.051264308,-5.,-119.342142089));
#12717=B_SPLINE_CURVE_WITH_KNOTS('',2,(#12714,#12715,#12716),.UNSPECIFIED.,.F.,.F.,(3,3),(0.,1.),.UNSPECIFIED.);
#12718=EDGE_CURVE('',#12713,#12680,#12717,.T.);
#12719=ORIENTED_EDGE('',*,*,#12718,.F.);
#12720=CARTESIAN_POINT('',(236.29014584,-10.,-120.583502146));
#12721=VERTEX_POINT('',#12720);
#12722=CARTESIAN_POINT('',(236.29014584,-10.,-120.583502146));
#12723=DIRECTION('',(0.,1.,0.));
#12724=VECTOR('',#12723,5.);
#12725=LINE('',#12722,#12724);
#12726=EDGE_CURVE('',#12721,#12713,#12725,.T.);
#12727=ORIENTED_EDGE('',*,*,#12726,.F.);
#12728=CARTESIAN_POINT('',(236.29014584,-10.,-120.583502146));
#12729=CARTESIAN_POINT('',(234.960117207,-10.,-120.117992125));
#12730=CARTESIAN_POINT('',(234.051264308,-10.,-119.342142089));
#12731=B_SPLINE_CURVE_WITH_KNOTS('',2,(#12728,#12729,#12730),.UNSPECIFIED.,.F.,.F.,(3,3),(0.,1.),.UNSPECIFIED.);
#12732=EDGE_CURVE('',#12721,#12688,#12731,.T.);
#12733=ORIENTED_EDGE('',*,*,#12732,.T.);
#12734=ORIENTED_EDGE('',*,*,#12693,.T.);
#12735=EDGE_LOOP('',(#12719,#12727,#12733,#12734));
#12736=FACE_BOUND('',#12735,.T.);
#12737=ADVANCED_FACE('',(#12736),#12711,.T.);
#12738=CARTESIAN_POINT('',(239.504381702,-10.,-121.071179312));
#12739=CARTESIAN_POINT('',(239.504381702,-5.,-121.071179312));
#12740=CARTESIAN_POINT('',(237.642341616,-10.,-121.071179312));
#12741=CARTESIAN_POINT('',(237.642341616,-5.,-121.071179312));
#12742=CARTESIAN_POINT('',(236.29014584,-10.,-120.583502146));
#12743=CARTESIAN_POINT('',(236.29014584,-5.,-120.583502146));
#12744=B_SPLINE_SURFACE_WITH_KNOTS('',2,1,((#12738,#12739),(#12740,#12741),(#12742,#12743)),.UNSPECIFIED.,.F.,.F.,.U.,(3,3),(2,2),(0.,1.),(0.,1.),.UNSPECIFIED.);
#12745=CARTESIAN_POINT('',(239.504381702,-5.,-121.071179312));
#12746=CARTESIAN_POINT('',(237.642341616,-5.,-121.071179312));
#12747=CARTESIAN_POINT('',(236.29014584,-5.,-120.583502146));
#12748=B_SPLINE_CURVE_WITH_KNOTS('',2,(#12745,#12746,#12747),.UNSPECIFIED.,.F.,.F.,(3,3),(0.,1.),.UNSPECIFIED.);
#12749=EDGE_CURVE('',#11796,#12713,#12748,.T.);
#12750=ORIENTED_EDGE('',*,*,#12749,.F.);
#12751=ORIENTED_EDGE('',*,*,#11823,.F.);
#12752=CARTESIAN_POINT('',(239.504381702,-10.,-121.071179312));
#12753=CARTESIAN_POINT('',(237.642341616,-10.,-121.071179312));
#12754=CARTESIAN_POINT('',(236.29014584,-10.,-120.583502146));
#12755=B_SPLINE_CURVE_WITH_KNOTS('',2,(#12752,#12753,#12754),.UNSPECIFIED.,.F.,.F.,(3,3),(0.,1.),.UNSPECIFIED.);
#12756=EDGE_CURVE('',#11812,#12721,#12755,.T.);
#12757=ORIENTED_EDGE('',*,*,#12756,.T.);
#12758=ORIENTED_EDGE('',*,*,#12726,.T.);
#12759=EDGE_LOOP('',(#12750,#12751,#12757,#12758));
#12760=FACE_BOUND('',#12759,.T.);
#12761=ADVANCED_FACE('',(#12760),#12744,.T.);
#12762=CARTESIAN_POINT('',(239.415713127,-10.,-111.849647458));
#12763=CARTESIAN_POINT('',(239.415713127,-5.,-111.849647458));
#12764=CARTESIAN_POINT('',(240.967413198,-10.,-111.849647458));
#12765=CARTESIAN_POINT('',(240.967413198,-5.,-111.849647458));
#12766=CARTESIAN_POINT('',(242.053603248,-10.,-111.140298854));
#12767=CARTESIAN_POINT('',(242.053603248,-5.,-111.140298854));
#12768=B_SPLINE_SURFACE_WITH_KNOTS('',2,1,((#12762,#12763),(#12764,#12765),(#12766,#12767)),.UNSPECIFIED.,.F.,.F.,.U.,(3,3),(2,2),(0.,1.),(0.,1.),.UNSPECIFIED.);
#12769=CARTESIAN_POINT('',(239.415713127,-5.,-111.849647458));
#12770=CARTESIAN_POINT('',(240.967413198,-5.,-111.849647458));
#12771=CARTESIAN_POINT('',(242.053603248,-5.,-111.140298854));
#12772=B_SPLINE_CURVE_WITH_KNOTS('',2,(#12769,#12770,#12771),.UNSPECIFIED.,.F.,.F.,(3,3),(0.,1.),.UNSPECIFIED.);
#12773=EDGE_CURVE('',#11424,#11761,#12772,.T.);
#12774=ORIENTED_EDGE('',*,*,#12773,.F.);
#12775=ORIENTED_EDGE('',*,*,#11451,.F.);
#12776=CARTESIAN_POINT('',(239.415713127,-10.,-111.849647458));
#12777=CARTESIAN_POINT('',(240.967413198,-10.,-111.849647458));
#12778=CARTESIAN_POINT('',(242.053603248,-10.,-111.140298854));
#12779=B_SPLINE_CURVE_WITH_KNOTS('',2,(#12776,#12777,#12778),.UNSPECIFIED.,.F.,.F.,(3,3),(0.,1.),.UNSPECIFIED.);
#12780=EDGE_CURVE('',#11440,#11769,#12779,.T.);
#12781=ORIENTED_EDGE('',*,*,#12780,.T.);
#12782=ORIENTED_EDGE('',*,*,#11774,.T.);
#12783=EDGE_LOOP('',(#12774,#12775,#12781,#12782));
#12784=FACE_BOUND('',#12783,.T.);
#12785=ADVANCED_FACE('',(#12784),#12768,.T.);
#12786=CARTESIAN_POINT('',(125.,-10.,-75.));
#12787=DIRECTION('',(0.,-1.,0.));
#12788=DIRECTION('',(0.,0.,-1.));
#12789=AXIS2_PLACEMENT_3D('',#12786,#12787,#12788);
#12790=PLANE('',#12789);
#12791=ORIENTED_EDGE('',*,*,#11817,.F.);
#12792=ORIENTED_EDGE('',*,*,#11855,.F.);
#12793=ORIENTED_EDGE('',*,*,#11888,.F.);
#12794=ORIENTED_EDGE('',*,*,#11919,.F.);
#12795=ORIENTED_EDGE('',*,*,#11950,.F.);
#12796=ORIENTED_EDGE('',*,*,#11981,.F.);
#12797=ORIENTED_EDGE('',*,*,#12012,.F.);
#12798=ORIENTED_EDGE('',*,*,#12045,.F.);
#12799=ORIENTED_EDGE('',*,*,#12078,.F.);
#12800=ORIENTED_EDGE('',*,*,#12111,.F.);
#12801=ORIENTED_EDGE('',*,*,#12144,.F.);
#12802=ORIENTED_EDGE('',*,*,#12177,.F.);
#12803=ORIENTED_EDGE('',*,*,#12210,.F.);
#12804=ORIENTED_EDGE('',*,*,#12243,.F.);
#12805=ORIENTED_EDGE('',*,*,#12276,.F.);
#12806=ORIENTED_EDGE('',*,*,#12309,.F.);
#12807=ORIENTED_EDGE('',*,*,#12342,.F.);
#12808=ORIENTED_EDGE('',*,*,#12375,.F.);
#12809=ORIENTED_EDGE('',*,*,#12408,.F.);
#12810=ORIENTED_EDGE('',*,*,#12439,.F.);
#12811=ORIENTED_EDGE('',*,*,#12470,.F.);
#12812=ORIENTED_EDGE('',*,*,#12503,.F.);
#12813=ORIENTED_EDGE('',*,*,#12536,.F.);
#12814=ORIENTED_EDGE('',*,*,#12569,.F.);
#12815=ORIENTED_EDGE('',*,*,#12602,.F.);
#12816=ORIENTED_EDGE('',*,*,#12635,.F.);
#12817=ORIENTED_EDGE('',*,*,#12666,.F.);
#12818=ORIENTED_EDGE('',*,*,#12699,.F.);
#12819=ORIENTED_EDGE('',*,*,#12732,.F.);
#12820=ORIENTED_EDGE('',*,*,#12756,.F.);
#12821=EDGE_LOOP('',(#12791,#12792,#12793,#12794,#12795,#12796,#12797,#12798,#12799,#12800,#12801,#12802,#12803,#12804,#12805,#12806,#12807,#12808,#12809,#12810,#12811,#12812,#12813,#12814,#12815,#12816,
#12817,#12818,#12819,#12820));
#12822=FACE_BOUND('',#12821,.T.);
#12823=ORIENTED_EDGE('',*,*,#11445,.F.);
#12824=ORIENTED_EDGE('',*,*,#11483,.F.);
#12825=ORIENTED_EDGE('',*,*,#11516,.F.);
#12826=ORIENTED_EDGE('',*,*,#11549,.F.);
#12827=ORIENTED_EDGE('',*,*,#11582,.F.);
#12828=ORIENTED_EDGE('',*,*,#11615,.F.);
#12829=ORIENTED_EDGE('',*,*,#11648,.F.);
#12830=ORIENTED_EDGE('',*,*,#11681,.F.);
#12831=ORIENTED_EDGE('',*,*,#11714,.F.);
#12832=ORIENTED_EDGE('',*,*,#11747,.F.);
#12833=ORIENTED_EDGE('',*,*,#11780,.F.);
#12834=ORIENTED_EDGE('',*,*,#12780,.F.);
#12835=EDGE_LOOP('',(#12823,#12824,#12825,#12826,#12827,#12828,#12829,#12830,#12831,#12832,#12833,#12834));
#12836=FACE_BOUND('',#12835,.T.);
#12837=ADVANCED_FACE('',(#12822,#12836),#12790,.T.);
#12838=CARTESIAN_POINT('',(125.,-5.,-75.));
#12839=DIRECTION('',(0.,-1.,0.));
#12840=DIRECTION('',(0.,0.,-1.));
#12841=AXIS2_PLACEMENT_3D('',#12838,#12839,#12840);
#12842=PLANE('',#12841);
#12843=ORIENTED_EDGE('',*,*,#11801,.T.);
#12844=ORIENTED_EDGE('',*,*,#12749,.T.);
#12845=ORIENTED_EDGE('',*,*,#12718,.T.);
#12846=ORIENTED_EDGE('',*,*,#12685,.T.);
#12847=ORIENTED_EDGE('',*,*,#12652,.T.);
#12848=ORIENTED_EDGE('',*,*,#12621,.T.);
#12849=ORIENTED_EDGE('',*,*,#12588,.T.);
#12850=ORIENTED_EDGE('',*,*,#12555,.T.);
#12851=ORIENTED_EDGE('',*,*,#12522,.T.);
#12852=ORIENTED_EDGE('',*,*,#12489,.T.);
#12853=ORIENTED_EDGE('',*,*,#12456,.T.);
#12854=ORIENTED_EDGE('',*,*,#12425,.T.);
#12855=ORIENTED_EDGE('',*,*,#12394,.T.);
#12856=ORIENTED_EDGE('',*,*,#12361,.T.);
#12857=ORIENTED_EDGE('',*,*,#12328,.T.);
#12858=ORIENTED_EDGE('',*,*,#12295,.T.);
#12859=ORIENTED_EDGE('',*,*,#12262,.T.);
#12860=ORIENTED_EDGE('',*,*,#12229,.T.);
#12861=ORIENTED_EDGE('',*,*,#12196,.T.);
#12862=ORIENTED_EDGE('',*,*,#12163,.T.);
#12863=ORIENTED_EDGE('',*,*,#12130,.T.);
#12864=ORIENTED_EDGE('',*,*,#12097,.T.);
#12865=ORIENTED_EDGE('',*,*,#12064,.T.);
#12866=ORIENTED_EDGE('',*,*,#12031,.T.);
#12867=ORIENTED_EDGE('',*,*,#11998,.T.);
#12868=ORIENTED_EDGE('',*,*,#11967,.T.);
#12869=ORIENTED_EDGE('',*,*,#11936,.T.);
#12870=ORIENTED_EDGE('',*,*,#11905,.T.);
#12871=ORIENTED_EDGE('',*,*,#11874,.T.);
#12872=ORIENTED_EDGE('',*,*,#11841,.T.);
#12873=EDGE_LOOP('',(#12843,#12844,#12845,#12846,#12847,#12848,#12849,#12850,#12851,#12852,#12853,#12854,#12855,#12856,#12857,#12858,#12859,#12860,#12861,#12862,#12863,#12864,#12865,#12866,#12867,#12868,
#12869,#12870,#12871,#12872));
#12874=FACE_BOUND('',#12873,.T.);
#12875=ORIENTED_EDGE('',*,*,#11429,.T.);
#12876=ORIENTED_EDGE('',*,*,#12773,.T.);
#12877=ORIENTED_EDGE('',*,*,#11766,.T.);
#12878=ORIENTED_EDGE('',*,*,#11733,.T.);
#12879=ORIENTED_EDGE('',*,*,#11700,.T.);
#12880=ORIENTED_EDGE('',*,*,#11667,.T.);
#12881=ORIENTED_EDGE('',*,*,#11634,.T.);
#12882=ORIENTED_EDGE('',*,*,#11601,.T.);
#12883=ORIENTED_EDGE('',*,*,#11568,.T.);
#12884=ORIENTED_EDGE('',*,*,#11535,.T.);
#12885=ORIENTED_EDGE('',*,*,#11502,.T.);
#12886=ORIENTED_EDGE('',*,*,#11469,.T.);
#12887=EDGE_LOOP('',(#12875,#12876,#12877,#12878,#12879,#12880,#12881,#12882,#12883,#12884,#12885,#12886));
#12888=FACE_BOUND('',#12887,.T.);
#12889=ADVANCED_FACE('',(#12874,#12888),#12842,.F.);
#12890=CLOSED_SHELL('',(#11455,#11488,#11521,#11554,#11587,#11620,#11653,#11686,#11719,#11752,#11785,#11827,#11860,#11893,#11924,#11955,#11986,#12017,#12050,#12083,#12116,#12149,#12182,#12215,#12248,#12281,
#12314,#12347,#12380,#12413,#12444,#12475,#12508,#12541,#12574,#12607,#12640,#12671,#12704,#12737,#12761,#12785,#12837,#12889));
#12891=MANIFOLD_SOLID_BREP('Extruded.018',#12890);
#11413=STYLED_ITEM('',(),#12891);
#12893=CARTESIAN_POINT('',(41.917544745,-10.,-91.588877954));
#12894=DIRECTION('',(0.,0.,1.));
#12895=DIRECTION('',(1.,0.,0.));
#12896=AXIS2_PLACEMENT_3D('',#12893,#12894,#12895);
#12897=PLANE('',#12896);
#12898=CARTESIAN_POINT('',(40.709435404,-5.,-91.588877954));
#12899=VERTEX_POINT('',#12898);
#12900=CARTESIAN_POINT('',(43.125654086,-5.,-91.588877954));
#12901=VERTEX_POINT('',#12900);
#12902=CARTESIAN_POINT('',(40.709435404,-5.,-91.588877954));
#12903=DIRECTION('',(1.,0.,-0.));
#12904=VECTOR('',#12903,2.416218683);
#12905=LINE('',#12902,#12904);
#12906=EDGE_CURVE('',#12899,#12901,#12905,.T.);
#12907=ORIENTED_EDGE('',*,*,#12906,.F.);
#12908=CARTESIAN_POINT('',(40.709435404,-10.,-91.588877954));
#12909=VERTEX_POINT('',#12908);
#12910=CARTESIAN_POINT('',(40.709435404,-10.,-91.588877954));
#12911=DIRECTION('',(0.,1.,0.));
#12912=VECTOR('',#12911,5.);
#12913=LINE('',#12910,#12912);
#12914=EDGE_CURVE('',#12909,#12899,#12913,.T.);
#12915=ORIENTED_EDGE('',*,*,#12914,.F.);
#12916=CARTESIAN_POINT('',(43.125654086,-10.,-91.588877954));
#12917=VERTEX_POINT('',#12916);
#12918=CARTESIAN_POINT('',(40.709435404,-10.,-91.588877954));
#12919=DIRECTION('',(1.,0.,-0.));
#12920=VECTOR('',#12919,2.416218683);
#12921=LINE('',#12918,#12920);
#12922=EDGE_CURVE('',#12909,#12917,#12921,.T.);
#12923=ORIENTED_EDGE('',*,*,#12922,.T.);
#12924=CARTESIAN_POINT('',(43.125654086,-10.,-91.588877954));
#12925=DIRECTION('',(0.,1.,0.));
#12926=VECTOR('',#12925,5.);
#12927=LINE('',#12924,#12926);
#12928=EDGE_CURVE('',#12917,#12901,#12927,.T.);
#12929=ORIENTED_EDGE('',*,*,#12928,.T.);
#12930=EDGE_LOOP('',(#12907,#12915,#12923,#12929));
#12931=FACE_BOUND('',#12930,.T.);
#12932=ADVANCED_FACE('',(#12931),#12897,.T.);
#12933=CARTESIAN_POINT('',(38.503804588,-10.,-93.583920903));
#12934=DIRECTION('',(-0.670815735,0.,0.741624062));
#12935=DIRECTION('',(0.741624062,0.,0.670815735));
#12936=AXIS2_PLACEMENT_3D('',#12933,#12934,#12935);
#12937=PLANE('',#12936);
#12938=CARTESIAN_POINT('',(36.298173772,-5.,-95.578963852));
#12939=VERTEX_POINT('',#12938);
#12940=CARTESIAN_POINT('',(36.298173772,-5.,-95.578963852));
#12941=DIRECTION('',(0.741624062,0.,0.670815735));
#12942=VECTOR('',#12941,5.948110175);
#12943=LINE('',#12940,#12942);
#12944=EDGE_CURVE('',#12939,#12899,#12943,.T.);
#12945=ORIENTED_EDGE('',*,*,#12944,.F.);
#12946=CARTESIAN_POINT('',(36.298173772,-10.,-95.578963852));
#12947=VERTEX_POINT('',#12946);
#12948=CARTESIAN_POINT('',(36.298173772,-10.,-95.578963852));
#12949=DIRECTION('',(0.,1.,0.));
#12950=VECTOR('',#12949,5.);
#12951=LINE('',#12948,#12950);
#12952=EDGE_CURVE('',#12947,#12939,#12951,.T.);
#12953=ORIENTED_EDGE('',*,*,#12952,.F.);
#12954=CARTESIAN_POINT('',(36.298173772,-10.,-95.578963852));
#12955=DIRECTION('',(0.741624062,0.,0.670815735));
#12956=VECTOR('',#12955,5.948110175);
#12957=LINE('',#12954,#12956);
#12958=EDGE_CURVE('',#12947,#12909,#12957,.T.);
#12959=ORIENTED_EDGE('',*,*,#12958,.T.);
#12960=ORIENTED_EDGE('',*,*,#12914,.T.);
#12961=EDGE_LOOP('',(#12945,#12953,#12959,#12960));
#12962=FACE_BOUND('',#12961,.T.);
#12963=ADVANCED_FACE('',(#12962),#12937,.T.);
#12964=CARTESIAN_POINT('',(37.872040987,-10.,-95.578963852));
#12965=DIRECTION('',(0.,0.,-1.));
#12966=DIRECTION('',(-1.,0.,0.));
#12967=AXIS2_PLACEMENT_3D('',#12964,#12965,#12966);
#12968=PLANE('',#12967);
#12969=CARTESIAN_POINT('',(39.445908203,-5.,-95.578963852));
#12970=VERTEX_POINT('',#12969);
#12971=CARTESIAN_POINT('',(39.445908203,-5.,-95.578963852));
#12972=DIRECTION('',(-1.,0.,0.));
#12973=VECTOR('',#12972,3.147734431);
#12974=LINE('',#12971,#12973);
#12975=EDGE_CURVE('',#12970,#12939,#12974,.T.);
#12976=ORIENTED_EDGE('',*,*,#12975,.F.);
#12977=CARTESIAN_POINT('',(39.445908203,-10.,-95.578963852));
#12978=VERTEX_POINT('',#12977);
#12979=CARTESIAN_POINT('',(39.445908203,-10.,-95.578963852));
#12980=DIRECTION('',(0.,1.,0.));
#12981=VECTOR('',#12980,5.);
#12982=LINE('',#12979,#12981);
#12983=EDGE_CURVE('',#12978,#12970,#12982,.T.);
#12984=ORIENTED_EDGE('',*,*,#12983,.F.);
#12985=CARTESIAN_POINT('',(39.445908203,-10.,-95.578963852));
#12986=DIRECTION('',(-1.,0.,0.));
#12987=VECTOR('',#12986,3.147734431);
#12988=LINE('',#12985,#12987);
#12989=EDGE_CURVE('',#12978,#12947,#12988,.T.);
#12990=ORIENTED_EDGE('',*,*,#12989,.T.);
#12991=ORIENTED_EDGE('',*,*,#12952,.T.);
#12992=EDGE_LOOP('',(#12976,#12984,#12990,#12991));
#12993=FACE_BOUND('',#12992,.T.);
#12994=ADVANCED_FACE('',(#12993),#12968,.T.);
#12995=CARTESIAN_POINT('',(40.68726826,-10.,-94.415188798));
#12996=DIRECTION('',(0.683941129,0.,-0.729537204));
#12997=DIRECTION('',(-0.729537204,0.,-0.683941129));
#12998=AXIS2_PLACEMENT_3D('',#12995,#12996,#12997);
#12999=PLANE('',#12998);
#13000=CARTESIAN_POINT('',(41.928628317,-5.,-93.251413745));
#13001=VERTEX_POINT('',#13000);
#13002=CARTESIAN_POINT('',(41.928628317,-5.,-93.251413745));
#13003=DIRECTION('',(-0.729537204,0.,-0.683941129));
#13004=VECTOR('',#13003,3.403143939);
#13005=LINE('',#13002,#13004);
#13006=EDGE_CURVE('',#13001,#12970,#13005,.T.);
#13007=ORIENTED_EDGE('',*,*,#13006,.F.);
#13008=CARTESIAN_POINT('',(41.928628317,-10.,-93.251413745));
#13009=VERTEX_POINT('',#13008);
#13010=CARTESIAN_POINT('',(41.928628317,-10.,-93.251413745));
#13011=DIRECTION('',(0.,1.,0.));
#13012=VECTOR('',#13011,5.);
#13013=LINE('',#13010,#13012);
#13014=EDGE_CURVE('',#13009,#13001,#13013,.T.);
#13015=ORIENTED_EDGE('',*,*,#13014,.F.);
#13016=CARTESIAN_POINT('',(41.928628317,-10.,-93.251413745));
#13017=DIRECTION('',(-0.729537204,0.,-0.683941129));
#13018=VECTOR('',#13017,3.403143939);
#13019=LINE('',#13016,#13018);
#13020=EDGE_CURVE('',#13009,#12978,#13019,.T.);
#13021=ORIENTED_EDGE('',*,*,#13020,.T.);
#13022=ORIENTED_EDGE('',*,*,#12983,.T.);
#13023=EDGE_LOOP('',(#13007,#13015,#13021,#13022));
#13024=FACE_BOUND('',#13023,.T.);
#13025=ADVANCED_FACE('',(#13024),#12999,.T.);
#13026=CARTESIAN_POINT('',(43.181071946,-10.,-94.415188798));
#13027=DIRECTION('',(-0.680699718,0.,-0.732562553));
#13028=DIRECTION('',(-0.732562553,0.,0.680699718));
#13029=AXIS2_PLACEMENT_3D('',#13026,#13027,#13028);
#13030=PLANE('',#13029);
#13031=CARTESIAN_POINT('',(44.433515575,-5.,-95.578963852));
#13032=VERTEX_POINT('',#13031);
#13033=CARTESIAN_POINT('',(44.433515575,-5.,-95.578963852));
#13034=DIRECTION('',(-0.732562553,0.,0.680699718));
#13035=VECTOR('',#13034,3.419349306);
#13036=LINE('',#13033,#13035);
#13037=EDGE_CURVE('',#13032,#13001,#13036,.T.);
#13038=ORIENTED_EDGE('',*,*,#13037,.F.);
#13039=CARTESIAN_POINT('',(44.433515575,-10.,-95.578963852));
#13040=VERTEX_POINT('',#13039);
#13041=CARTESIAN_POINT('',(44.433515575,-10.,-95.578963852));
#13042=DIRECTION('',(0.,1.,0.));
#13043=VECTOR('',#13042,5.);
#13044=LINE('',#13041,#13043);
#13045=EDGE_CURVE('',#13040,#13032,#13044,.T.);
#13046=ORIENTED_EDGE('',*,*,#13045,.F.);
#13047=CARTESIAN_POINT('',(44.433515575,-10.,-95.578963852));
#13048=DIRECTION('',(-0.732562553,0.,0.680699718));
#13049=VECTOR('',#13048,3.419349306);
#13050=LINE('',#13047,#13049);
#13051=EDGE_CURVE('',#13040,#13009,#13050,.T.);
#13052=ORIENTED_EDGE('',*,*,#13051,.T.);
#13053=ORIENTED_EDGE('',*,*,#13014,.T.);
#13054=EDGE_LOOP('',(#13038,#13046,#13052,#13053));
#13055=FACE_BOUND('',#13054,.T.);
#13056=ADVANCED_FACE('',(#13055),#13030,.T.);
#13057=CARTESIAN_POINT('',(46.00738279,-10.,-95.578963852));
#13058=DIRECTION('',(0.,0.,-1.));
#13059=DIRECTION('',(-1.,0.,0.));
#13060=AXIS2_PLACEMENT_3D('',#13057,#13058,#13059);
#13061=PLANE('',#13060);
#13062=CARTESIAN_POINT('',(47.581250006,-5.,-95.578963852));
#13063=VERTEX_POINT('',#13062);
#13064=CARTESIAN_POINT('',(47.581250006,-5.,-95.578963852));
#13065=DIRECTION('',(-1.,0.,0.));
#13066=VECTOR('',#13065,3.147734431);
#13067=LINE('',#13064,#13066);
#13068=EDGE_CURVE('',#13063,#13032,#13067,.T.);
#13069=ORIENTED_EDGE('',*,*,#13068,.F.);
#13070=CARTESIAN_POINT('',(47.581250006,-10.,-95.578963852));
#13071=VERTEX_POINT('',#13070);
#13072=CARTESIAN_POINT('',(47.581250006,-10.,-95.578963852));
#13073=DIRECTION('',(0.,1.,0.));
#13074=VECTOR('',#13073,5.);
#13075=LINE('',#13072,#13074);
#13076=EDGE_CURVE('',#13071,#13063,#13075,.T.);
#13077=ORIENTED_EDGE('',*,*,#13076,.F.);
#13078=CARTESIAN_POINT('',(47.581250006,-10.,-95.578963852));
#13079=DIRECTION('',(-1.,0.,0.));
#13080=VECTOR('',#13079,3.147734431);
#13081=LINE('',#13078,#13080);
#13082=EDGE_CURVE('',#13071,#13040,#13081,.T.);
#13083=ORIENTED_EDGE('',*,*,#13082,.T.);
#13084=ORIENTED_EDGE('',*,*,#13045,.T.);
#13085=EDGE_LOOP('',(#13069,#13077,#13083,#13084));
#13086=FACE_BOUND('',#13085,.T.);
#13087=ADVANCED_FACE('',(#13086),#13061,.T.);
#13088=CARTESIAN_POINT('',(45.353452046,-10.,-93.583920903));
#13089=DIRECTION('',(0.667119803,0.,0.744950447));
#13090=DIRECTION('',(0.744950447,0.,-0.667119803));
#13091=AXIS2_PLACEMENT_3D('',#13088,#13089,#13090);
#13092=PLANE('',#13091);
#13093=CARTESIAN_POINT('',(43.125654086,-5.,-91.588877954));
#13094=DIRECTION('',(0.744950447,0.,-0.667119803));
#13095=VECTOR('',#13094,5.98106349);
#13096=LINE('',#13093,#13095);
#13097=EDGE_CURVE('',#12901,#13063,#13096,.T.);
#13098=ORIENTED_EDGE('',*,*,#13097,.F.);
#13099=ORIENTED_EDGE('',*,*,#12928,.F.);
#13100=CARTESIAN_POINT('',(43.125654086,-10.,-91.588877954));
#13101=DIRECTION('',(0.744950447,0.,-0.667119803));
#13102=VECTOR('',#13101,5.98106349);
#13103=LINE('',#13100,#13102);
#13104=EDGE_CURVE('',#12917,#13071,#13103,.T.);
#13105=ORIENTED_EDGE('',*,*,#13104,.T.);
#13106=ORIENTED_EDGE('',*,*,#13076,.T.);
#13107=EDGE_LOOP('',(#13098,#13099,#13105,#13106));
#13108=FACE_BOUND('',#13107,.T.);
#13109=ADVANCED_FACE('',(#13108),#13092,.T.);
#13110=CARTESIAN_POINT('',(125.,-10.,-75.));
#13111=DIRECTION('',(0.,-1.,0.));
#13112=DIRECTION('',(0.,0.,-1.));
#13113=AXIS2_PLACEMENT_3D('',#13110,#13111,#13112);
#13114=PLANE('',#13113);
#13115=ORIENTED_EDGE('',*,*,#12922,.F.);
#13116=ORIENTED_EDGE('',*,*,#12958,.F.);
#13117=ORIENTED_EDGE('',*,*,#12989,.F.);
#13118=ORIENTED_EDGE('',*,*,#13020,.F.);
#13119=ORIENTED_EDGE('',*,*,#13051,.F.);
#13120=ORIENTED_EDGE('',*,*,#13082,.F.);
#13121=ORIENTED_EDGE('',*,*,#13104,.F.);
#13122=EDGE_LOOP('',(#13115,#13116,#13117,#13118,#13119,#13120,#13121));
#13123=FACE_BOUND('',#13122,.T.);
#13124=ADVANCED_FACE('',(#13123),#13114,.T.);
#13125=CARTESIAN_POINT('',(125.,-5.,-75.));
#13126=DIRECTION('',(0.,-1.,0.));
#13127=DIRECTION('',(0.,0.,-1.));
#13128=AXIS2_PLACEMENT_3D('',#13125,#13126,#13127);
#13129=PLANE('',#13128);
#13130=ORIENTED_EDGE('',*,*,#12906,.T.);
#13131=ORIENTED_EDGE('',*,*,#13097,.T.);
#13132=ORIENTED_EDGE('',*,*,#13068,.T.);
#13133=ORIENTED_EDGE('',*,*,#13037,.T.);
#13134=ORIENTED_EDGE('',*,*,#13006,.T.);
#13135=ORIENTED_EDGE('',*,*,#12975,.T.);
#13136=ORIENTED_EDGE('',*,*,#12944,.T.);
#13137=EDGE_LOOP('',(#13130,#13131,#13132,#13133,#13134,#13135,#13136));
#13138=FACE_BOUND('',#13137,.T.);
#13139=ADVANCED_FACE('',(#13138),#13129,.F.);
#13140=CLOSED_SHELL('',(#12932,#12963,#12994,#13025,#13056,#13087,#13109,#13124,#13139));
#13141=MANIFOLD_SOLID_BREP('Extruded.019',#13140);
#12892=STYLED_ITEM('',(),#13141);
#13143=CARTESIAN_POINT('',(33.726785082,-10.,-88.928820688));
#13144=DIRECTION('',(0.,0.,1.));
#13145=DIRECTION('',(1.,0.,0.));
#13146=AXIS2_PLACEMENT_3D('',#13143,#13144,#13145);
#13147=PLANE('',#13146);
#13148=CARTESIAN_POINT('',(32.108583579,-5.,-88.928820688));
#13149=VERTEX_POINT('',#13148);
#13150=CARTESIAN_POINT('',(35.344986585,-5.,-88.928820688));
#13151=VERTEX_POINT('',#13150);
#13152=CARTESIAN_POINT('',(32.108583579,-5.,-88.928820688));
#13153=DIRECTION('',(1.,0.,-0.));
#13154=VECTOR('',#13153,3.236403006);
#13155=LINE('',#13152,#13154);
#13156=EDGE_CURVE('',#13149,#13151,#13155,.T.);
#13157=ORIENTED_EDGE('',*,*,#13156,.F.);
#13158=CARTESIAN_POINT('',(32.108583579,-10.,-88.928820688));
#13159=VERTEX_POINT('',#13158);
#13160=CARTESIAN_POINT('',(32.108583579,-10.,-88.928820688));
#13161=DIRECTION('',(0.,1.,0.));
#13162=VECTOR('',#13161,5.);
#13163=LINE('',#13160,#13162);
#13164=EDGE_CURVE('',#13159,#13149,#13163,.T.);
#13165=ORIENTED_EDGE('',*,*,#13164,.F.);
#13166=CARTESIAN_POINT('',(35.344986585,-10.,-88.928820688));
#13167=VERTEX_POINT('',#13166);
#13168=CARTESIAN_POINT('',(32.108583579,-10.,-88.928820688));
#13169=DIRECTION('',(1.,0.,-0.));
#13170=VECTOR('',#13169,3.236403006);
#13171=LINE('',#13168,#13170);
#13172=EDGE_CURVE('',#13159,#13167,#13171,.T.);
#13173=ORIENTED_EDGE('',*,*,#13172,.T.);
#13174=CARTESIAN_POINT('',(35.344986585,-10.,-88.928820688));
#13175=DIRECTION('',(0.,1.,0.));
#13176=VECTOR('',#13175,5.);
#13177=LINE('',#13174,#13176);
#13178=EDGE_CURVE('',#13167,#13151,#13177,.T.);
#13179=ORIENTED_EDGE('',*,*,#13178,.T.);
#13180=EDGE_LOOP('',(#13157,#13165,#13173,#13179));
#13181=FACE_BOUND('',#13180,.T.);
#13182=ADVANCED_FACE('',(#13181),#13147,.T.);
#13183=CARTESIAN_POINT('',(33.66028365,-10.,-90.912780065));
#13184=DIRECTION('',(-0.787690684,0.,-0.616070926));
#13185=DIRECTION('',(-0.616070926,0.,0.787690684));
#13186=AXIS2_PLACEMENT_3D('',#13183,#13184,#13185);
#13187=PLANE('',#13186);
#13188=CARTESIAN_POINT('',(35.211983722,-5.,-92.896739443));
#13189=VERTEX_POINT('',#13188);
#13190=CARTESIAN_POINT('',(35.211983722,-5.,-92.896739443));
#13191=DIRECTION('',(-0.616070926,0.,0.787690684));
#13192=VECTOR('',#13191,5.037407239);
#13193=LINE('',#13190,#13192);
#13194=EDGE_CURVE('',#13189,#13149,#13193,.T.);
#13195=ORIENTED_EDGE('',*,*,#13194,.F.);
#13196=CARTESIAN_POINT('',(35.211983722,-10.,-92.896739443));
#13197=VERTEX_POINT('',#13196);
#13198=CARTESIAN_POINT('',(35.211983722,-10.,-92.896739443));
#13199=DIRECTION('',(0.,1.,0.));
#13200=VECTOR('',#13199,5.);
#13201=LINE('',#13198,#13200);
#13202=EDGE_CURVE('',#13197,#13189,#13201,.T.);
#13203=ORIENTED_EDGE('',*,*,#13202,.F.);
#13204=CARTESIAN_POINT('',(35.211983722,-10.,-92.896739443));
#13205=DIRECTION('',(-0.616070926,0.,0.787690684));
#13206=VECTOR('',#13205,5.037407239);
#13207=LINE('',#13204,#13206);
#13208=EDGE_CURVE('',#13197,#13159,#13207,.T.);
#13209=ORIENTED_EDGE('',*,*,#13208,.T.);
#13210=ORIENTED_EDGE('',*,*,#13164,.T.);
#13211=EDGE_LOOP('',(#13195,#13203,#13209,#13210));
#13212=FACE_BOUND('',#13211,.T.);
#13213=ADVANCED_FACE('',(#13212),#13187,.T.);
#13214=CARTESIAN_POINT('',(36.320340916,-10.,-92.896739443));
#13215=DIRECTION('',(0.,0.,-1.));
#13216=DIRECTION('',(-1.,0.,0.));
#13217=AXIS2_PLACEMENT_3D('',#13214,#13215,#13216);
#13218=PLANE('',#13217);
#13219=CARTESIAN_POINT('',(37.42869811,-5.,-92.896739443));
#13220=VERTEX_POINT('',#13219);
#13221=CARTESIAN_POINT('',(37.42869811,-5.,-92.896739443));
#13222=DIRECTION('',(-1.,0.,0.));
#13223=VECTOR('',#13222,2.216714388);
#13224=LINE('',#13221,#13223);
#13225=EDGE_CURVE('',#13220,#13189,#13224,.T.);
#13226=ORIENTED_EDGE('',*,*,#13225,.F.);
#13227=CARTESIAN_POINT('',(37.42869811,-10.,-92.896739443));
#13228=VERTEX_POINT('',#13227);
#13229=CARTESIAN_POINT('',(37.42869811,-10.,-92.896739443));
#13230=DIRECTION('',(0.,1.,0.));
#13231=VECTOR('',#13230,5.);
#13232=LINE('',#13229,#13231);
#13233=EDGE_CURVE('',#13228,#13220,#13232,.T.);
#13234=ORIENTED_EDGE('',*,*,#13233,.F.);
#13235=CARTESIAN_POINT('',(37.42869811,-10.,-92.896739443));
#13236=DIRECTION('',(-1.,0.,0.));
#13237=VECTOR('',#13236,2.216714388);
#13238=LINE('',#13235,#13237);
#13239=EDGE_CURVE('',#13228,#13197,#13238,.T.);
#13240=ORIENTED_EDGE('',*,*,#13239,.T.);
#13241=ORIENTED_EDGE('',*,*,#13202,.T.);
#13242=EDGE_LOOP('',(#13226,#13234,#13240,#13241));
#13243=FACE_BOUND('',#13242,.T.);
#13244=ADVANCED_FACE('',(#13243),#13218,.T.);
#13245=CARTESIAN_POINT('',(36.386842347,-10.,-90.912780065));
#13246=DIRECTION('',(0.885347007,0.,0.464930831));
#13247=DIRECTION('',(0.464930831,0.,-0.885347007));
#13248=AXIS2_PLACEMENT_3D('',#13245,#13246,#13247);
#13249=PLANE('',#13248);
#13250=CARTESIAN_POINT('',(35.344986585,-5.,-88.928820688));
#13251=DIRECTION('',(0.464930831,0.,-0.885347007));
#13252=VECTOR('',#13251,4.481766723);
#13253=LINE('',#13250,#13252);
#13254=EDGE_CURVE('',#13151,#13220,#13253,.T.);
#13255=ORIENTED_EDGE('',*,*,#13254,.F.);
#13256=ORIENTED_EDGE('',*,*,#13178,.F.);
#13257=CARTESIAN_POINT('',(35.344986585,-10.,-88.928820688));
#13258=DIRECTION('',(0.464930831,0.,-0.885347007));
#13259=VECTOR('',#13258,4.481766723);
#13260=LINE('',#13257,#13259);
#13261=EDGE_CURVE('',#13167,#13228,#13260,.T.);
#13262=ORIENTED_EDGE('',*,*,#13261,.T.);
#13263=ORIENTED_EDGE('',*,*,#13233,.T.);
#13264=EDGE_LOOP('',(#13255,#13256,#13262,#13263));
#13265=FACE_BOUND('',#13264,.T.);
#13266=ADVANCED_FACE('',(#13265),#13249,.T.);
#13267=CARTESIAN_POINT('',(125.,-10.,-75.));
#13268=DIRECTION('',(0.,-1.,0.));
#13269=DIRECTION('',(0.,0.,-1.));
#13270=AXIS2_PLACEMENT_3D('',#13267,#13268,#13269);
#13271=PLANE('',#13270);
#13272=ORIENTED_EDGE('',*,*,#13172,.F.);
#13273=ORIENTED_EDGE('',*,*,#13208,.F.);
#13274=ORIENTED_EDGE('',*,*,#13239,.F.);
#13275=ORIENTED_EDGE('',*,*,#13261,.F.);
#13276=EDGE_LOOP('',(#13272,#13273,#13274,#13275));
#13277=FACE_BOUND('',#13276,.T.);
#13278=ADVANCED_FACE('',(#13277),#13271,.T.);
#13279=CARTESIAN_POINT('',(125.,-5.,-75.));
#13280=DIRECTION('',(0.,-1.,0.));
#13281=DIRECTION('',(0.,0.,-1.));
#13282=AXIS2_PLACEMENT_3D('',#13279,#13280,#13281);
#13283=PLANE('',#13282);
#13284=ORIENTED_EDGE('',*,*,#13156,.T.);
#13285=ORIENTED_EDGE('',*,*,#13254,.T.);
#13286=ORIENTED_EDGE('',*,*,#13225,.T.);
#13287=ORIENTED_EDGE('',*,*,#13194,.T.);
#13288=EDGE_LOOP('',(#13284,#13285,#13286,#13287));
#13289=FACE_BOUND('',#13288,.T.);
#13290=ADVANCED_FACE('',(#13289),#13283,.F.);
#13291=CLOSED_SHELL('',(#13182,#13213,#13244,#13266,#13278,#13290));
#13292=MANIFOLD_SOLID_BREP('Extruded.020',#13291);
#13142=STYLED_ITEM('',(),#13292);
#13294=CARTESIAN_POINT('',(79.310706898,-10.,-25.32399612));
#13295=DIRECTION('',(0.,0.,1.));
#13296=DIRECTION('',(1.,0.,0.));
#13297=AXIS2_PLACEMENT_3D('',#13294,#13295,#13296);
#13298=PLANE('',#13297);
#13299=CARTESIAN_POINT('',(75.696698505,-5.,-25.32399612));
#13300=VERTEX_POINT('',#13299);
#13301=CARTESIAN_POINT('',(82.924715291,-5.,-25.32399612));
#13302=VERTEX_POINT('',#13301);
#13303=CARTESIAN_POINT('',(75.696698505,-5.,-25.32399612));
#13304=DIRECTION('',(1.,0.,-0.));
#13305=VECTOR('',#13304,7.228016787);
#13306=LINE('',#13303,#13305);
#13307=EDGE_CURVE('',#13300,#13302,#13306,.T.);
#13308=ORIENTED_EDGE('',*,*,#13307,.F.);
#13309=CARTESIAN_POINT('',(75.696698505,-10.,-25.32399612));
#13310=VERTEX_POINT('',#13309);
#13311=CARTESIAN_POINT('',(75.696698505,-10.,-25.32399612));
#13312=DIRECTION('',(0.,1.,0.));
#13313=VECTOR('',#13312,5.);
#13314=LINE('',#13311,#13313);
#13315=EDGE_CURVE('',#13310,#13300,#13314,.T.);
#13316=ORIENTED_EDGE('',*,*,#13315,.F.);
#13317=CARTESIAN_POINT('',(82.924715291,-10.,-25.32399612));
#13318=VERTEX_POINT('',#13317);
#13319=CARTESIAN_POINT('',(75.696698505,-10.,-25.32399612));
#13320=DIRECTION('',(1.,0.,-0.));
#13321=VECTOR('',#13320,7.228016787);
#13322=LINE('',#13319,#13321);
#13323=EDGE_CURVE('',#13310,#13318,#13322,.T.);
#13324=ORIENTED_EDGE('',*,*,#13323,.T.);
#13325=CARTESIAN_POINT('',(82.924715291,-10.,-25.32399612));
#13326=DIRECTION('',(0.,1.,0.));
#13327=VECTOR('',#13326,5.);
#13328=LINE('',#13325,#13327);
#13329=EDGE_CURVE('',#13318,#13302,#13328,.T.);
#13330=ORIENTED_EDGE('',*,*,#13329,.T.);
#13331=EDGE_LOOP('',(#13308,#13316,#13324,#13330));
#13332=FACE_BOUND('',#13331,.T.);
#13333=ADVANCED_FACE('',(#13332),#13298,.T.);
#13334=CARTESIAN_POINT('',(68.292388626,-10.,-30.260202706));
#13335=DIRECTION('',(-0.554700196,0.,0.832050294));
#13336=DIRECTION('',(0.832050294,0.,0.554700196));
#13337=AXIS2_PLACEMENT_3D('',#13334,#13335,#13336);
#13338=PLANE('',#13337);
#13339=CARTESIAN_POINT('',(60.888078747,-5.,-35.196409292));
#13340=VERTEX_POINT('',#13339);
#13341=CARTESIAN_POINT('',(60.888078747,-5.,-35.196409292));
#13342=DIRECTION('',(0.832050294,0.,0.554700196));
#13343=VECTOR('',#13342,17.797745952);
#13344=LINE('',#13341,#13343);
#13345=EDGE_CURVE('',#13340,#13300,#13344,.T.);
#13346=ORIENTED_EDGE('',*,*,#13345,.F.);
#13347=CARTESIAN_POINT('',(60.888078747,-10.,-35.196409292));
#13348=VERTEX_POINT('',#13347);
#13349=CARTESIAN_POINT('',(60.888078747,-10.,-35.196409292));
#13350=DIRECTION('',(0.,1.,0.));
#13351=VECTOR('',#13350,5.);
#13352=LINE('',#13349,#13351);
#13353=EDGE_CURVE('',#13348,#13340,#13352,.T.);
#13354=ORIENTED_EDGE('',*,*,#13353,.F.);
#13355=CARTESIAN_POINT('',(60.888078747,-10.,-35.196409292));
#13356=DIRECTION('',(0.832050294,0.,0.554700196));
#13357=VECTOR('',#13356,17.797745952);
#13358=LINE('',#13355,#13357);
#13359=EDGE_CURVE('',#13348,#13310,#13358,.T.);
#13360=ORIENTED_EDGE('',*,*,#13359,.T.);
#13361=ORIENTED_EDGE('',*,*,#13315,.T.);
#13362=EDGE_LOOP('',(#13346,#13354,#13360,#13361));
#13363=FACE_BOUND('',#13362,.T.);
#13364=ADVANCED_FACE('',(#13363),#13338,.T.);
#13365=CARTESIAN_POINT('',(60.888078747,-10.,-38.839799867));
#13366=DIRECTION('',(-1.,0.,0.));
#13367=DIRECTION('',(0.,0.,1.));
#13368=AXIS2_PLACEMENT_3D('',#13365,#13366,#13367);
#13369=PLANE('',#13368);
#13370=CARTESIAN_POINT('',(60.888078747,-5.,-42.483190443));
#13371=VERTEX_POINT('',#13370);
#13372=CARTESIAN_POINT('',(60.888078747,-5.,-42.483190443));
#13373=DIRECTION('',(0.,0.,1.));
#13374=VECTOR('',#13373,7.286781151);
#13375=LINE('',#13372,#13374);
#13376=EDGE_CURVE('',#13371,#13340,#13375,.T.);
#13377=ORIENTED_EDGE('',*,*,#13376,.F.);
#13378=CARTESIAN_POINT('',(60.888078747,-10.,-42.483190443));
#13379=VERTEX_POINT('',#13378);
#13380=CARTESIAN_POINT('',(60.888078747,-10.,-42.483190443));
#13381=DIRECTION('',(0.,1.,0.));
#13382=VECTOR('',#13381,5.);
#13383=LINE('',#13380,#13382);
#13384=EDGE_CURVE('',#13379,#13371,#13383,.T.);
#13385=ORIENTED_EDGE('',*,*,#13384,.F.);
#13386=CARTESIAN_POINT('',(60.888078747,-10.,-42.483190443));
#13387=DIRECTION('',(0.,0.,1.));
#13388=VECTOR('',#13387,7.286781151);
#13389=LINE('',#13386,#13388);
#13390=EDGE_CURVE('',#13379,#13348,#13389,.T.);
#13391=ORIENTED_EDGE('',*,*,#13390,.T.);
#13392=ORIENTED_EDGE('',*,*,#13353,.T.);
#13393=EDGE_LOOP('',(#13377,#13385,#13391,#13392));
#13394=FACE_BOUND('',#13393,.T.);
#13395=ADVANCED_FACE('',(#13394),#13369,.T.);
#13396=CARTESIAN_POINT('',(68.116095533,-10.,-37.664512585));
#13397=DIRECTION('',(0.554700196,0.,-0.832050294));
#13398=DIRECTION('',(-0.832050294,0.,-0.554700196));
#13399=AXIS2_PLACEMENT_3D('',#13396,#13397,#13398);
#13400=PLANE('',#13399);
#13401=CARTESIAN_POINT('',(75.34411232,-5.,-32.845834727));
#13402=VERTEX_POINT('',#13401);
#13403=CARTESIAN_POINT('',(75.34411232,-5.,-32.845834727));
#13404=DIRECTION('',(-0.832050294,0.,-0.554700196));
#13405=VECTOR('',#13404,17.373990096);
#13406=LINE('',#13403,#13405);
#13407=EDGE_CURVE('',#13402,#13371,#13406,.T.);
#13408=ORIENTED_EDGE('',*,*,#13407,.F.);
#13409=CARTESIAN_POINT('',(75.34411232,-10.,-32.845834727));
#13410=VERTEX_POINT('',#13409);
#13411=CARTESIAN_POINT('',(75.34411232,-10.,-32.845834727));
#13412=DIRECTION('',(0.,1.,0.));
#13413=VECTOR('',#13412,5.);
#13414=LINE('',#13411,#13413);
#13415=EDGE_CURVE('',#13410,#13402,#13414,.T.);
#13416=ORIENTED_EDGE('',*,*,#13415,.F.);
#13417=CARTESIAN_POINT('',(75.34411232,-10.,-32.845834727));
#13418=DIRECTION('',(-0.832050294,0.,-0.554700196));
#13419=VECTOR('',#13418,17.373990096);
#13420=LINE('',#13417,#13419);
#13421=EDGE_CURVE('',#13410,#13379,#13420,.T.);
#13422=ORIENTED_EDGE('',*,*,#13421,.T.);
#13423=ORIENTED_EDGE('',*,*,#13384,.T.);
#13424=EDGE_LOOP('',(#13408,#13416,#13422,#13423));
#13425=FACE_BOUND('',#13424,.T.);
#13426=ADVANCED_FACE('',(#13425),#13400,.T.);
#13427=CARTESIAN_POINT('',(75.520405412,-10.,-32.845834727));
#13428=DIRECTION('',(0.,0.,-1.));
#13429=DIRECTION('',(-1.,0.,0.));
#13430=AXIS2_PLACEMENT_3D('',#13427,#13428,#13429);
#13431=PLANE('',#13430);
#13432=CARTESIAN_POINT('',(75.696698505,-5.,-32.845834727));
#13433=VERTEX_POINT('',#13432);
#13434=CARTESIAN_POINT('',(75.696698505,-5.,-32.845834727));
#13435=DIRECTION('',(-1.,0.,0.));
#13436=VECTOR('',#13435,0.352586185);
#13437=LINE('',#13434,#13436);
#13438=EDGE_CURVE('',#13433,#13402,#13437,.T.);
#13439=ORIENTED_EDGE('',*,*,#13438,.F.);
#13440=CARTESIAN_POINT('',(75.696698505,-10.,-32.845834727));
#13441=VERTEX_POINT('',#13440);
#13442=CARTESIAN_POINT('',(75.696698505,-10.,-32.845834727));
#13443=DIRECTION('',(0.,1.,0.));
#13444=VECTOR('',#13443,5.);
#13445=LINE('',#13442,#13444);
#13446=EDGE_CURVE('',#13441,#13433,#13445,.T.);
#13447=ORIENTED_EDGE('',*,*,#13446,.F.);
#13448=CARTESIAN_POINT('',(75.696698505,-10.,-32.845834727));
#13449=DIRECTION('',(-1.,0.,0.));
#13450=VECTOR('',#13449,0.352586185);
#13451=LINE('',#13448,#13450);
#13452=EDGE_CURVE('',#13441,#13410,#13451,.T.);
#13453=ORIENTED_EDGE('',*,*,#13452,.T.);
#13454=ORIENTED_EDGE('',*,*,#13415,.T.);
#13455=EDGE_LOOP('',(#13439,#13447,#13453,#13454));
#13456=FACE_BOUND('',#13455,.T.);
#13457=ADVANCED_FACE('',(#13456),#13431,.T.);
#13458=CARTESIAN_POINT('',(75.696698505,-10.,-58.760919304));
#13459=DIRECTION('',(-1.,0.,0.));
#13460=DIRECTION('',(0.,0.,1.));
#13461=AXIS2_PLACEMENT_3D('',#13458,#13459,#13460);
#13462=PLANE('',#13461);
#13463=CARTESIAN_POINT('',(75.696698505,-5.,-84.67600388));
#13464=VERTEX_POINT('',#13463);
#13465=CARTESIAN_POINT('',(75.696698505,-5.,-84.67600388));
#13466=DIRECTION('',(0.,0.,1.));
#13467=VECTOR('',#13466,51.830169152);
#13468=LINE('',#13465,#13467);
#13469=EDGE_CURVE('',#13464,#13433,#13468,.T.);
#13470=ORIENTED_EDGE('',*,*,#13469,.F.);
#13471=CARTESIAN_POINT('',(75.696698505,-10.,-84.67600388));
#13472=VERTEX_POINT('',#13471);
#13473=CARTESIAN_POINT('',(75.696698505,-10.,-84.67600388));
#13474=DIRECTION('',(0.,1.,0.));
#13475=VECTOR('',#13474,5.);
#13476=LINE('',#13473,#13475);
#13477=EDGE_CURVE('',#13472,#13464,#13476,.T.);
#13478=ORIENTED_EDGE('',*,*,#13477,.F.);
#13479=CARTESIAN_POINT('',(75.696698505,-10.,-84.67600388));
#13480=DIRECTION('',(0.,0.,1.));
#13481=VECTOR('',#13480,51.830169152);
#13482=LINE('',#13479,#13481);
#13483=EDGE_CURVE('',#13472,#13441,#13482,.T.);
#13484=ORIENTED_EDGE('',*,*,#13483,.T.);
#13485=ORIENTED_EDGE('',*,*,#13446,.T.);
#13486=EDGE_LOOP('',(#13470,#13478,#13484,#13485));
#13487=FACE_BOUND('',#13486,.T.);
#13488=ADVANCED_FACE('',(#13487),#13462,.T.);
#13489=CARTESIAN_POINT('',(79.310706898,-10.,-84.67600388));
#13490=DIRECTION('',(0.,0.,-1.));
#13491=DIRECTION('',(-1.,0.,0.));
#13492=AXIS2_PLACEMENT_3D('',#13489,#13490,#13491);
#13493=PLANE('',#13492);
#13494=CARTESIAN_POINT('',(82.924715291,-5.,-84.67600388));
#13495=VERTEX_POINT('',#13494);
#13496=CARTESIAN_POINT('',(82.924715291,-5.,-84.67600388));
#13497=DIRECTION('',(-1.,0.,0.));
#13498=VECTOR('',#13497,7.228016787);
#13499=LINE('',#13496,#13498);
#13500=EDGE_CURVE('',#13495,#13464,#13499,.T.);
#13501=ORIENTED_EDGE('',*,*,#13500,.F.);
#13502=CARTESIAN_POINT('',(82.924715291,-10.,-84.67600388));
#13503=VERTEX_POINT('',#13502);
#13504=CARTESIAN_POINT('',(82.924715291,-10.,-84.67600388));
#13505=DIRECTION('',(0.,1.,0.));
#13506=VECTOR('',#13505,5.);
#13507=LINE('',#13504,#13506);
#13508=EDGE_CURVE('',#13503,#13495,#13507,.T.);
#13509=ORIENTED_EDGE('',*,*,#13508,.F.);
#13510=CARTESIAN_POINT('',(82.924715291,-10.,-84.67600388));
#13511=DIRECTION('',(-1.,0.,0.));
#13512=VECTOR('',#13511,7.228016787);
#13513=LINE('',#13510,#13512);
#13514=EDGE_CURVE('',#13503,#13472,#13513,.T.);
#13515=ORIENTED_EDGE('',*,*,#13514,.T.);
#13516=ORIENTED_EDGE('',*,*,#13477,.T.);
#13517=EDGE_LOOP('',(#13501,#13509,#13515,#13516));
#13518=FACE_BOUND('',#13517,.T.);
#13519=ADVANCED_FACE('',(#13518),#13493,.T.);
#13520=CARTESIAN_POINT('',(82.924715291,-10.,-55.));
#13521=DIRECTION('',(1.,0.,0.));
#13522=DIRECTION('',(0.,0.,-1.));
#13523=AXIS2_PLACEMENT_3D('',#13520,#13521,#13522);
#13524=PLANE('',#13523);
#13525=CARTESIAN_POINT('',(82.924715291,-5.,-25.32399612));
#13526=DIRECTION('',(0.,0.,-1.));
#13527=VECTOR('',#13526,59.35200776);
#13528=LINE('',#13525,#13527);
#13529=EDGE_CURVE('',#13302,#13495,#13528,.T.);
#13530=ORIENTED_EDGE('',*,*,#13529,.F.);
#13531=ORIENTED_EDGE('',*,*,#13329,.F.);
#13532=CARTESIAN_POINT('',(82.924715291,-10.,-25.32399612));
#13533=DIRECTION('',(0.,0.,-1.));
#13534=VECTOR('',#13533,59.35200776);
#13535=LINE('',#13532,#13534);
#13536=EDGE_CURVE('',#13318,#13503,#13535,.T.);
#13537=ORIENTED_EDGE('',*,*,#13536,.T.);
#13538=ORIENTED_EDGE('',*,*,#13508,.T.);
#13539=EDGE_LOOP('',(#13530,#13531,#13537,#13538));
#13540=FACE_BOUND('',#13539,.T.);
#13541=ADVANCED_FACE('',(#13540),#13524,.T.);
#13542=CARTESIAN_POINT('',(125.,-10.,-75.));
#13543=DIRECTION('',(0.,-1.,0.));
#13544=DIRECTION('',(0.,0.,-1.));
#13545=AXIS2_PLACEMENT_3D('',#13542,#13543,#13544);
#13546=PLANE('',#13545);
#13547=ORIENTED_EDGE('',*,*,#13323,.F.);
#13548=ORIENTED_EDGE('',*,*,#13359,.F.);
#13549=ORIENTED_EDGE('',*,*,#13390,.F.);
#13550=ORIENTED_EDGE('',*,*,#13421,.F.);
#13551=ORIENTED_EDGE('',*,*,#13452,.F.);
#13552=ORIENTED_EDGE('',*,*,#13483,.F.);
#13553=ORIENTED_EDGE('',*,*,#13514,.F.);
#13554=ORIENTED_EDGE('',*,*,#13536,.F.);
#13555=EDGE_LOOP('',(#13547,#13548,#13549,#13550,#13551,#13552,#13553,#13554));
#13556=FACE_BOUND('',#13555,.T.);
#13557=ADVANCED_FACE('',(#13556),#13546,.T.);
#13558=CARTESIAN_POINT('',(125.,-5.,-75.));
#13559=DIRECTION('',(0.,-1.,0.));
#13560=DIRECTION('',(0.,0.,-1.));
#13561=AXIS2_PLACEMENT_3D('',#13558,#13559,#13560);
#13562=PLANE('',#13561);
#13563=ORIENTED_EDGE('',*,*,#13307,.T.);
#13564=ORIENTED_EDGE('',*,*,#13529,.T.);
#13565=ORIENTED_EDGE('',*,*,#13500,.T.);
#13566=ORIENTED_EDGE('',*,*,#13469,.T.);
#13567=ORIENTED_EDGE('',*,*,#13438,.T.);
#13568=ORIENTED_EDGE('',*,*,#13407,.T.);
#13569=ORIENTED_EDGE('',*,*,#13376,.T.);
#13570=ORIENTED_EDGE('',*,*,#13345,.T.);
#13571=EDGE_LOOP('',(#13563,#13564,#13565,#13566,#13567,#13568,#13569,#13570));
#13572=FACE_BOUND('',#13571,.T.);
#13573=ADVANCED_FACE('',(#13572),#13562,.F.);
#13574=CLOSED_SHELL('',(#13333,#13364,#13395,#13426,#13457,#13488,#13519,#13541,#13557,#13573));
#13575=MANIFOLD_SOLID_BREP('Extruded.002',#13574);
#13293=STYLED_ITEM('',(),#13575);
#16=SHAPE_REPRESENTATION('',(#15),#10);
#17=ADVANCED_BREP_SHAPE_REPRESENTATION('',(#818,#1836,#2119,#2682,#4196,#4862,#5145,#5708,#6571,#7237,#8716,#9015,#10080,#10746,#11412,#12891,#13141,#13292,#13575),#10);
#13583=SHAPE_REPRESENTATION_RELATIONSHIP('','',#16,#17);
#13584=APPLICATION_CONTEXT('configuration controlled 3D design of mechanical parts and assemblies');
#13585=APPLICATION_PROTOCOL_DEFINITION('international standard','configuration_control_3d_design_ed2_mim',2004,#13584);
#13586=PRODUCT_CONTEXT('',#13584,'mechanical');
#13587=PRODUCT_DEFINITION_CONTEXT('part definition',#13584,'design');
#24=PRODUCT('0','0','',(#13586));
#13588=PRODUCT_RELATED_PRODUCT_CATEGORY('part','',(#24));
#13589=PRODUCT_DEFINITION_FORMATION_WITH_SPECIFIED_SOURCE('','',#24,.NOT_KNOWN.);
#25=PRODUCT_DEFINITION('design','',#13589,#13587);
#23=PRODUCT_DEFINITION_SHAPE('','',#25);
#13590=SHAPE_DEFINITION_REPRESENTATION(#23,#16);
#11=DRAUGHTING_MODEL('',(),#10);
#1=MECHANICAL_DESIGN_GEOMETRIC_PRESENTATION_REPRESENTATION('',(#26,#819,#1837,#2120,#2683,#4197,#4863,#5146,#5709,#6572,#7238,#8717,#9016,#10081,#10747,#11413,#12892,#13142,#13293),#10);
ENDSEC;
END-ISO-10303-21;
