ISO-10303-21;
HEADER;

/* File generated by HOOPS Exchange Version 23.2.20 */

FILE_DESCRIPTION(('HOOPS Exchange Step'),'2;1');

FILE_NAME('C:\\Users\\nguye\\Projects\\3D-Model-Collection\\074-fidget-spiral\\dist\\074-inner.stp',
'2024-09-19T13:21:55+07:00',
('nguye'),
('Unknown organisation'),
'HOOPS Exchange 2023.2',
'HOOPS Exchange',
'Unknown authorisation');

FILE_SCHEMA( ('AP203_CONFIGURATION_CONTROLLED_3D_DESIGN_OF_MECHANICAL_PARTS_AND_ASSEMBLIES_MIM_LF') );

ENDSEC;

DATA;
#3=(NAMED_UNIT(*)PLANE_ANGLE_UNIT()SI_UNIT($,.RADIAN.));
#4=PLANE_ANGLE_MEASURE_WITH_UNIT(PLANE_ANGLE_MEASURE(0.0174532925),#3);
#5=(CONVERSION_BASED_UNIT('DEGREE',#4)NAMED_UNIT(#6)PLANE_ANGLE_UNIT());
#6=DIMENSIONAL_EXPONENTS(0.,0.,0.,0.,0.,0.,0.);
#7=(NAMED_UNIT(*)SI_UNIT($,.STERADIAN.)SOLID_ANGLE_UNIT());
#8=(LENGTH_UNIT()NAMED_UNIT(*)SI_UNIT(.MILLI.,.METRE.));
#9=UNCERTAINTY_MEASURE_WITH_UNIT(LENGTH_MEASURE(1.000000E-05),#8,'DISTANCE_ACCURACY_VALUE','Maximum Tolerance applied to model');
#10=(GEOMETRIC_REPRESENTATION_CONTEXT(3)GLOBAL_UNCERTAINTY_ASSIGNED_CONTEXT((#9))GLOBAL_UNIT_ASSIGNED_CONTEXT((#8,#5,#7))REPRESENTATION_CONTEXT('','INNER'));
#12=CARTESIAN_POINT('',(0.,0.,0.));
#13=DIRECTION('',(0.,0.,1.));
#14=DIRECTION('',(1.,0.,0.));
#15=AXIS2_PLACEMENT_3D('',#12,#13,#14);
#27=CARTESIAN_POINT('',(-32.5,20.,0.));
#28=DIRECTION('',(0.,0.,-1.));
#29=DIRECTION('',(-1.,0.,0.));
#30=AXIS2_PLACEMENT_3D('',#27,#28,#29);
#31=PLANE('',#30);
#32=CARTESIAN_POINT('',(-7.290713866,6.844376621,0.));
#33=VERTEX_POINT('',#32);
#34=CARTESIAN_POINT('',(-50.,0.,0.));
#35=VERTEX_POINT('',#34);
#36=CARTESIAN_POINT('',(-7.290713866,6.844376621,0.));
#37=CARTESIAN_POINT('',(-40.944814527,36.220741894,0.));
#38=CARTESIAN_POINT('',(-50.,0.,0.));
#39=B_SPLINE_CURVE_WITH_KNOTS('',2,(#36,#37,#38),.UNSPECIFIED.,.F.,.F.,(3,3),(0.094481453,1.),.UNSPECIFIED.);
#40=EDGE_CURVE('',#33,#35,#39,.T.);
#41=ORIENTED_EDGE('',*,*,#40,.F.);
#42=CARTESIAN_POINT('',(-1.75202638,9.845323944,0.));
#43=VERTEX_POINT('',#42);
#44=CARTESIAN_POINT('',(0.,0.,0.));
#45=DIRECTION('',(0.,-0.,1.));
#46=DIRECTION('',(0.,1.,0.));
#47=AXIS2_PLACEMENT_3D('',#44,#45,#46);
#48=CIRCLE('',#47,10.);
#49=EDGE_CURVE('',#43,#33,#48,.T.);
#50=ORIENTED_EDGE('',*,*,#49,.F.);
#51=CARTESIAN_POINT('',(-35.355339059,35.355339059,0.));
#52=VERTEX_POINT('',#51);
#53=CARTESIAN_POINT('',(-35.355339059,35.355339059,0.));
#54=CARTESIAN_POINT('',(-10.091348418,47.98733438,0.));
#55=CARTESIAN_POINT('',(-1.752026373,9.845323914,0.));
#56=B_SPLINE_CURVE_WITH_KNOTS('',2,(#53,#54,#55),.UNSPECIFIED.,.F.,.F.,(3,3),(0.106783045,1.),.UNSPECIFIED.);
#57=EDGE_CURVE('',#52,#43,#56,.T.);
#58=ORIENTED_EDGE('',*,*,#57,.F.);
#59=CARTESIAN_POINT('',(-0.315608093,9.995018336,0.));
#60=VERTEX_POINT('',#59);
#61=CARTESIAN_POINT('',(-0.315608092,9.995018336,0.));
#62=CARTESIAN_POINT('',(-3.340423793,54.564288219,0.));
#63=CARTESIAN_POINT('',(-35.355339059,35.355339059,0.));
#64=B_SPLINE_CURVE_WITH_KNOTS('',2,(#61,#62,#63),.UNSPECIFIED.,.F.,.F.,(3,3),(0.094481453,1.),.UNSPECIFIED.);
#65=EDGE_CURVE('',#60,#52,#64,.T.);
#66=ORIENTED_EDGE('',*,*,#65,.F.);
#67=CARTESIAN_POINT('',(5.72282559,8.200565058,0.));
#68=VERTEX_POINT('',#67);
#69=CARTESIAN_POINT('',(0.,0.,0.));
#70=DIRECTION('',(0.,-0.,1.));
#71=DIRECTION('',(0.,1.,0.));
#72=AXIS2_PLACEMENT_3D('',#69,#70,#71);
#73=CIRCLE('',#72,10.);
#74=EDGE_CURVE('',#68,#60,#73,.T.);
#75=ORIENTED_EDGE('',*,*,#74,.F.);
#76=CARTESIAN_POINT('',(0.,50.,0.));
#77=VERTEX_POINT('',#76);
#78=CARTESIAN_POINT('',(0.,50.,0.));
#79=CARTESIAN_POINT('',(26.796508653,41.067830449,0.));
#80=CARTESIAN_POINT('',(5.722825573,8.200565032,0.));
#81=B_SPLINE_CURVE_WITH_KNOTS('',2,(#78,#79,#80),.UNSPECIFIED.,.F.,.F.,(3,3),(0.106783045,1.),.UNSPECIFIED.);
#82=EDGE_CURVE('',#77,#68,#81,.T.);
#83=ORIENTED_EDGE('',*,*,#82,.F.);
#84=CARTESIAN_POINT('',(6.844376621,7.290713866,0.));
#85=VERTEX_POINT('',#84);
#86=CARTESIAN_POINT('',(6.844376621,7.290713866,0.));
#87=CARTESIAN_POINT('',(36.220741894,40.944814527,0.));
#88=CARTESIAN_POINT('',(0.,50.,0.));
#89=B_SPLINE_CURVE_WITH_KNOTS('',2,(#86,#87,#88),.UNSPECIFIED.,.F.,.F.,(3,3),(0.094481453,1.),.UNSPECIFIED.);
#90=EDGE_CURVE('',#85,#77,#89,.T.);
#91=ORIENTED_EDGE('',*,*,#90,.F.);
#92=CARTESIAN_POINT('',(9.845323944,1.75202638,0.));
#93=VERTEX_POINT('',#92);
#94=CARTESIAN_POINT('',(0.,0.,0.));
#95=DIRECTION('',(0.,-0.,1.));
#96=DIRECTION('',(0.,1.,0.));
#97=AXIS2_PLACEMENT_3D('',#94,#95,#96);
#98=CIRCLE('',#97,10.);
#99=EDGE_CURVE('',#93,#85,#98,.T.);
#100=ORIENTED_EDGE('',*,*,#99,.F.);
#101=CARTESIAN_POINT('',(35.355339059,35.355339059,0.));
#102=VERTEX_POINT('',#101);
#103=CARTESIAN_POINT('',(35.355339059,35.355339059,0.));
#104=CARTESIAN_POINT('',(47.98733438,10.091348418,0.));
#105=CARTESIAN_POINT('',(9.845323914,1.752026373,0.));
#106=B_SPLINE_CURVE_WITH_KNOTS('',2,(#103,#104,#105),.UNSPECIFIED.,.F.,.F.,(3,3),(0.106783045,1.),.UNSPECIFIED.);
#107=EDGE_CURVE('',#102,#93,#106,.T.);
#108=ORIENTED_EDGE('',*,*,#107,.F.);
#109=CARTESIAN_POINT('',(9.995018336,0.315608093,0.));
#110=VERTEX_POINT('',#109);
#111=CARTESIAN_POINT('',(9.995018336,0.315608092,0.));
#112=CARTESIAN_POINT('',(54.564288219,3.340423793,0.));
#113=CARTESIAN_POINT('',(35.355339059,35.355339059,0.));
#114=B_SPLINE_CURVE_WITH_KNOTS('',2,(#111,#112,#113),.UNSPECIFIED.,.F.,.F.,(3,3),(0.094481453,1.),.UNSPECIFIED.);
#115=EDGE_CURVE('',#110,#102,#114,.T.);
#116=ORIENTED_EDGE('',*,*,#115,.F.);
#117=CARTESIAN_POINT('',(8.200565058,-5.72282559,0.));
#118=VERTEX_POINT('',#117);
#119=CARTESIAN_POINT('',(0.,0.,0.));
#120=DIRECTION('',(0.,-0.,1.));
#121=DIRECTION('',(0.,1.,0.));
#122=AXIS2_PLACEMENT_3D('',#119,#120,#121);
#123=CIRCLE('',#122,10.);
#124=EDGE_CURVE('',#118,#110,#123,.T.);
#125=ORIENTED_EDGE('',*,*,#124,.F.);
#126=CARTESIAN_POINT('',(50.,0.,0.));
#127=VERTEX_POINT('',#126);
#128=CARTESIAN_POINT('',(50.,0.,0.));
#129=CARTESIAN_POINT('',(41.067830449,-26.796508653,0.));
#130=CARTESIAN_POINT('',(8.200565032,-5.722825573,0.));
#131=B_SPLINE_CURVE_WITH_KNOTS('',2,(#128,#129,#130),.UNSPECIFIED.,.F.,.F.,(3,3),(0.106783045,1.),.UNSPECIFIED.);
#132=EDGE_CURVE('',#127,#118,#131,.T.);
#133=ORIENTED_EDGE('',*,*,#132,.F.);
#134=CARTESIAN_POINT('',(7.290713866,-6.844376621,0.));
#135=VERTEX_POINT('',#134);
#136=CARTESIAN_POINT('',(7.290713866,-6.844376621,0.));
#137=CARTESIAN_POINT('',(40.944814527,-36.220741894,0.));
#138=CARTESIAN_POINT('',(50.,0.,0.));
#139=B_SPLINE_CURVE_WITH_KNOTS('',2,(#136,#137,#138),.UNSPECIFIED.,.F.,.F.,(3,3),(0.094481453,1.),.UNSPECIFIED.);
#140=EDGE_CURVE('',#135,#127,#139,.T.);
#141=ORIENTED_EDGE('',*,*,#140,.F.);
#142=CARTESIAN_POINT('',(1.75202638,-9.845323944,0.));
#143=VERTEX_POINT('',#142);
#144=CARTESIAN_POINT('',(0.,0.,0.));
#145=DIRECTION('',(0.,-0.,1.));
#146=DIRECTION('',(0.,1.,0.));
#147=AXIS2_PLACEMENT_3D('',#144,#145,#146);
#148=CIRCLE('',#147,10.);
#149=EDGE_CURVE('',#143,#135,#148,.T.);
#150=ORIENTED_EDGE('',*,*,#149,.F.);
#151=CARTESIAN_POINT('',(35.355339059,-35.355339059,0.));
#152=VERTEX_POINT('',#151);
#153=CARTESIAN_POINT('',(35.355339059,-35.355339059,0.));
#154=CARTESIAN_POINT('',(10.091348418,-47.98733438,0.));
#155=CARTESIAN_POINT('',(1.752026373,-9.845323914,0.));
#156=B_SPLINE_CURVE_WITH_KNOTS('',2,(#153,#154,#155),.UNSPECIFIED.,.F.,.F.,(3,3),(0.106783045,1.),.UNSPECIFIED.);
#157=EDGE_CURVE('',#152,#143,#156,.T.);
#158=ORIENTED_EDGE('',*,*,#157,.F.);
#159=CARTESIAN_POINT('',(0.315608093,-9.995018336,0.));
#160=VERTEX_POINT('',#159);
#161=CARTESIAN_POINT('',(0.315608092,-9.995018336,0.));
#162=CARTESIAN_POINT('',(3.340423793,-54.564288219,0.));
#163=CARTESIAN_POINT('',(35.355339059,-35.355339059,0.));
#164=B_SPLINE_CURVE_WITH_KNOTS('',2,(#161,#162,#163),.UNSPECIFIED.,.F.,.F.,(3,3),(0.094481453,1.),.UNSPECIFIED.);
#165=EDGE_CURVE('',#160,#152,#164,.T.);
#166=ORIENTED_EDGE('',*,*,#165,.F.);
#167=CARTESIAN_POINT('',(-5.72282559,-8.200565058,0.));
#168=VERTEX_POINT('',#167);
#169=CARTESIAN_POINT('',(0.,0.,0.));
#170=DIRECTION('',(0.,-0.,1.));
#171=DIRECTION('',(0.,1.,0.));
#172=AXIS2_PLACEMENT_3D('',#169,#170,#171);
#173=CIRCLE('',#172,10.);
#174=EDGE_CURVE('',#168,#160,#173,.T.);
#175=ORIENTED_EDGE('',*,*,#174,.F.);
#176=CARTESIAN_POINT('',(0.,-50.,0.));
#177=VERTEX_POINT('',#176);
#178=CARTESIAN_POINT('',(0.,-50.,0.));
#179=CARTESIAN_POINT('',(-26.796508653,-41.067830449,0.));
#180=CARTESIAN_POINT('',(-5.722825573,-8.200565032,0.));
#181=B_SPLINE_CURVE_WITH_KNOTS('',2,(#178,#179,#180),.UNSPECIFIED.,.F.,.F.,(3,3),(0.106783045,1.),.UNSPECIFIED.);
#182=EDGE_CURVE('',#177,#168,#181,.T.);
#183=ORIENTED_EDGE('',*,*,#182,.F.);
#184=CARTESIAN_POINT('',(-6.844376621,-7.290713866,0.));
#185=VERTEX_POINT('',#184);
#186=CARTESIAN_POINT('',(-6.844376621,-7.290713866,0.));
#187=CARTESIAN_POINT('',(-36.220741894,-40.944814527,0.));
#188=CARTESIAN_POINT('',(0.,-50.,0.));
#189=B_SPLINE_CURVE_WITH_KNOTS('',2,(#186,#187,#188),.UNSPECIFIED.,.F.,.F.,(3,3),(0.094481453,1.),.UNSPECIFIED.);
#190=EDGE_CURVE('',#185,#177,#189,.T.);
#191=ORIENTED_EDGE('',*,*,#190,.F.);
#192=CARTESIAN_POINT('',(-9.845323944,-1.75202638,0.));
#193=VERTEX_POINT('',#192);
#194=CARTESIAN_POINT('',(0.,0.,0.));
#195=DIRECTION('',(0.,-0.,1.));
#196=DIRECTION('',(0.,1.,0.));
#197=AXIS2_PLACEMENT_3D('',#194,#195,#196);
#198=CIRCLE('',#197,10.);
#199=EDGE_CURVE('',#193,#185,#198,.T.);
#200=ORIENTED_EDGE('',*,*,#199,.F.);
#201=CARTESIAN_POINT('',(-35.355339059,-35.355339059,0.));
#202=VERTEX_POINT('',#201);
#203=CARTESIAN_POINT('',(-35.355339059,-35.355339059,0.));
#204=CARTESIAN_POINT('',(-47.98733438,-10.091348418,0.));
#205=CARTESIAN_POINT('',(-9.845323914,-1.752026373,0.));
#206=B_SPLINE_CURVE_WITH_KNOTS('',2,(#203,#204,#205),.UNSPECIFIED.,.F.,.F.,(3,3),(0.106783045,1.),.UNSPECIFIED.);
#207=EDGE_CURVE('',#202,#193,#206,.T.);
#208=ORIENTED_EDGE('',*,*,#207,.F.);
#209=CARTESIAN_POINT('',(-9.995018336,-0.315608093,0.));
#210=VERTEX_POINT('',#209);
#211=CARTESIAN_POINT('',(-9.995018336,-0.315608092,0.));
#212=CARTESIAN_POINT('',(-54.564288219,-3.340423793,0.));
#213=CARTESIAN_POINT('',(-35.355339059,-35.355339059,0.));
#214=B_SPLINE_CURVE_WITH_KNOTS('',2,(#211,#212,#213),.UNSPECIFIED.,.F.,.F.,(3,3),(0.094481453,1.),.UNSPECIFIED.);
#215=EDGE_CURVE('',#210,#202,#214,.T.);
#216=ORIENTED_EDGE('',*,*,#215,.F.);
#217=CARTESIAN_POINT('',(-8.200565058,5.72282559,0.));
#218=VERTEX_POINT('',#217);
#219=CARTESIAN_POINT('',(0.,0.,0.));
#220=DIRECTION('',(0.,-0.,1.));
#221=DIRECTION('',(0.,1.,0.));
#222=AXIS2_PLACEMENT_3D('',#219,#220,#221);
#223=CIRCLE('',#222,10.);
#224=EDGE_CURVE('',#218,#210,#223,.T.);
#225=ORIENTED_EDGE('',*,*,#224,.F.);
#226=CARTESIAN_POINT('',(-50.,0.,0.));
#227=CARTESIAN_POINT('',(-41.067830449,26.796508653,0.));
#228=CARTESIAN_POINT('',(-8.200565032,5.722825573,0.));
#229=B_SPLINE_CURVE_WITH_KNOTS('',2,(#226,#227,#228),.UNSPECIFIED.,.F.,.F.,(3,3),(0.106783045,1.),.UNSPECIFIED.);
#230=EDGE_CURVE('',#35,#218,#229,.T.);
#231=ORIENTED_EDGE('',*,*,#230,.F.);
#232=EDGE_LOOP('',(#41,#50,#58,#66,#75,#83,#91,#100,#108,#116,#125,#133,#141,#150,#158,#166,#175,#183,#191,#200,#208,#216,#225,#231));
#233=FACE_BOUND('',#232,.T.);
#234=ADVANCED_FACE('',(#233),#31,.T.);
#235=CARTESIAN_POINT('',(-7.290713866,6.844376621,0.));
#236=CARTESIAN_POINT('',(-7.738677725,6.367200028,2.083335456));
#237=CARTESIAN_POINT('',(-8.139633011,5.845916753,4.166666667));
#238=CARTESIAN_POINT('',(-8.832159953,4.735115502,8.333333333));
#239=CARTESIAN_POINT('',(-9.123714027,4.145625477,10.416666667));
#240=CARTESIAN_POINT('',(-9.586227684,2.921062656,14.583333333));
#241=CARTESIAN_POINT('',(-9.75717583,2.286020138,16.666666667));
#242=CARTESIAN_POINT('',(-9.971902061,0.99475501,20.833333333));
#243=CARTESIAN_POINT('',(-10.015674837,0.338564328,22.916666667));
#244=CARTESIAN_POINT('',(-9.974361834,-0.969780513,27.083333333));
#245=CARTESIAN_POINT('',(-9.889277077,-1.62190232,29.166666667));
#246=CARTESIAN_POINT('',(-9.593512476,-2.897047914,33.333333333));
#247=CARTESIAN_POINT('',(-9.382839945,-3.520040171,35.416666667));
#248=CARTESIAN_POINT('',(-8.843989813,-4.712983389,39.583333333));
#249=CARTESIAN_POINT('',(-8.515825536,-5.282904853,41.666666667));
#250=CARTESIAN_POINT('',(-7.754597582,-6.347801556,45.833333333));
#251=CARTESIAN_POINT('',(-7.321552728,-6.842750463,47.916666667));
#252=CARTESIAN_POINT('',(-6.367200514,-7.738677268,52.083333333));
#253=CARTESIAN_POINT('',(-5.845916753,-8.139633011,54.166666667));
#254=CARTESIAN_POINT('',(-4.735115502,-8.832159953,58.333333333));
#255=CARTESIAN_POINT('',(-4.145625477,-9.123714027,60.416666667));
#256=CARTESIAN_POINT('',(-2.921062656,-9.586227684,64.583333333));
#257=CARTESIAN_POINT('',(-2.286020138,-9.75717583,66.666666667));
#258=CARTESIAN_POINT('',(-0.99475501,-9.971902061,70.833333333));
#259=CARTESIAN_POINT('',(-0.338564328,-10.015674837,72.916666667));
#260=CARTESIAN_POINT('',(0.969780513,-9.974361834,77.083333333));
#261=CARTESIAN_POINT('',(1.62190232,-9.889277077,79.166666667));
#262=CARTESIAN_POINT('',(2.897047914,-9.593512476,83.333333333));
#263=CARTESIAN_POINT('',(3.520040171,-9.382839945,85.416666667));
#264=CARTESIAN_POINT('',(4.712983389,-8.843989813,89.583333333));
#265=CARTESIAN_POINT('',(5.282904853,-8.515825536,91.666666667));
#266=CARTESIAN_POINT('',(6.347801556,-7.754597582,95.833333333));
#267=CARTESIAN_POINT('',(6.842750007,-7.321553214,97.916664544));
#268=CARTESIAN_POINT('',(7.290713866,-6.844376621,100.));
#269=CARTESIAN_POINT('',(-40.944814527,36.220741894,0.));
#270=CARTESIAN_POINT('',(-43.315476623,33.540887347,2.083350982));
#271=CARTESIAN_POINT('',(-45.422106062,30.627662384,4.166666667));
#272=CARTESIAN_POINT('',(-49.026669131,24.446004503,8.333333333));
#273=CARTESIAN_POINT('',(-50.524493548,21.177747141,10.416666667));
#274=CARTESIAN_POINT('',(-52.853814321,14.411652714,14.583333333));
#275=CARTESIAN_POINT('',(-53.685253081,10.913982952,16.666666667));
#276=CARTESIAN_POINT('',(-54.649817068,3.823469192,20.833333333));
#277=CARTESIAN_POINT('',(-54.782918445,0.230800519,22.916666667));
#278=CARTESIAN_POINT('',(-54.345657993,-6.911648106,27.083333333));
#279=CARTESIAN_POINT('',(-53.775306976,-10.461251448,29.166666667));
#280=CARTESIAN_POINT('',(-51.953025758,-17.381154644,33.333333333));
#281=CARTESIAN_POINT('',(-50.701140617,-20.75128339,35.416666667));
#282=CARTESIAN_POINT('',(-47.56386788,-27.182713156,39.583333333));
#283=CARTESIAN_POINT('',(-45.678557858,-30.243855148,41.666666667));
#284=CARTESIAN_POINT('',(-41.346857233,-35.939655246,45.833333333));
#285=CARTESIAN_POINT('',(-38.900573738,-38.574172513,47.916666667));
#286=CARTESIAN_POINT('',(-33.54091005,-43.31545654,52.083333333));
#287=CARTESIAN_POINT('',(-30.627662384,-45.422106062,54.166666667));
#288=CARTESIAN_POINT('',(-24.446004503,-49.026669131,58.333333333));
#289=CARTESIAN_POINT('',(-21.177747141,-50.524493548,60.416666667));
#290=CARTESIAN_POINT('',(-14.411652714,-52.853814321,64.583333333));
#291=CARTESIAN_POINT('',(-10.913982952,-53.685253081,66.666666667));
#292=CARTESIAN_POINT('',(-3.823469192,-54.649817068,70.833333333));
#293=CARTESIAN_POINT('',(-0.230800519,-54.782918445,72.916666667));
#294=CARTESIAN_POINT('',(6.911648106,-54.345657993,77.083333333));
#295=CARTESIAN_POINT('',(10.461251448,-53.775306976,79.166666667));
#296=CARTESIAN_POINT('',(17.381154644,-51.953025758,83.333333333));
#297=CARTESIAN_POINT('',(20.75128339,-50.701140617,85.416666667));
#298=CARTESIAN_POINT('',(27.182713156,-47.56386788,89.583333333));
#299=CARTESIAN_POINT('',(30.243855148,-45.678557858,91.666666667));
#300=CARTESIAN_POINT('',(35.939655246,-41.346857233,95.833333333));
#301=CARTESIAN_POINT('',(38.57415243,-38.90059644,97.916649018));
#302=CARTESIAN_POINT('',(40.944814527,-36.220741894,100.));
#303=CARTESIAN_POINT('',(-50.,0.,0.));
#304=CARTESIAN_POINT('',(-50.,-3.272518764,2.08335015));
#305=CARTESIAN_POINT('',(-49.677695606,-6.544903776,4.166666667));
#306=CARTESIAN_POINT('',(-48.400832434,-12.964128425,8.333333333));
#307=CARTESIAN_POINT('',(-47.446305229,-16.110782918,10.416666667));
#308=CARTESIAN_POINT('',(-44.941648022,-22.157560318,14.583333333));
#309=CARTESIAN_POINT('',(-43.391579951,-25.057533708,16.666666667));
#310=CARTESIAN_POINT('',(-39.755381279,-30.499489594,20.833333333));
#311=CARTESIAN_POINT('',(-37.66934059,-33.041337529,22.916666667));
#312=CARTESIAN_POINT('',(-33.041337529,-37.66934059,27.083333333));
#313=CARTESIAN_POINT('',(-30.499489594,-39.755381279,29.166666667));
#314=CARTESIAN_POINT('',(-25.057533708,-43.391579951,33.333333333));
#315=CARTESIAN_POINT('',(-22.157560318,-44.941648022,35.416666667));
#316=CARTESIAN_POINT('',(-16.110782918,-47.446305229,39.583333333));
#317=CARTESIAN_POINT('',(-12.964128425,-48.400832434,41.666666667));
#318=CARTESIAN_POINT('',(-6.544903776,-49.677695606,45.833333333));
#319=CARTESIAN_POINT('',(-3.272492347,-50.,47.916666667));
#320=CARTESIAN_POINT('',(3.272492347,-50.,52.083333333));
#321=CARTESIAN_POINT('',(6.544903776,-49.677695606,54.166666667));
#322=CARTESIAN_POINT('',(12.964128425,-48.400832434,58.333333333));
#323=CARTESIAN_POINT('',(16.110782918,-47.446305229,60.416666667));
#324=CARTESIAN_POINT('',(22.157560318,-44.941648022,64.583333333));
#325=CARTESIAN_POINT('',(25.057533708,-43.391579951,66.666666667));
#326=CARTESIAN_POINT('',(30.499489594,-39.755381279,70.833333333));
#327=CARTESIAN_POINT('',(33.041337529,-37.66934059,72.916666667));
#328=CARTESIAN_POINT('',(37.66934059,-33.041337529,77.083333333));
#329=CARTESIAN_POINT('',(39.755381279,-30.499489594,79.166666667));
#330=CARTESIAN_POINT('',(43.391579951,-25.057533708,83.333333333));
#331=CARTESIAN_POINT('',(44.941648022,-22.157560318,85.416666667));
#332=CARTESIAN_POINT('',(47.446305229,-16.110782918,89.583333333));
#333=CARTESIAN_POINT('',(48.400832434,-12.964128425,91.666666667));
#334=CARTESIAN_POINT('',(49.677695606,-6.544903776,95.833333333));
#335=CARTESIAN_POINT('',(50.,-3.272518764,97.91664985));
#336=CARTESIAN_POINT('',(50.,-0.,100.));
#337=B_SPLINE_SURFACE_WITH_KNOTS('',2,3,((#235,#236,#237,#238,#239,#240,#241,#242,#243,#244,#245,#246,#247,#248,#249,#250,#251,#252,#253,#254,#255,#256,#257,#258,#259,#260,
#261,#262,#263,#264,#265,#266,#267,#268),(#269,#270,#271,#272,#273,#274,#275,#276,#277,#278,#279,#280,#281,#282,#283,#284,#285,#286,#287,#288,#289,#290,#291,#292,#293,#294,
#295,#296,#297,#298,#299,#300,#301,#302),(#303,#304,#305,#306,#307,#308,#309,#310,#311,#312,#313,#314,#315,#316,#317,#318,#319,#320,#321,#322,#323,#324,#325,#326,#327,#328,
#329,#330,#331,#332,#333,#334,#335,#336)),.UNSPECIFIED.,.F.,.F.,.U.,(3,3),(4,2,2,2,2,2,2,2,2,2,2,2,2,2,2,2,4),(0.,1.),(0.,0.0625,0.125,0.1875,0.25,0.3125,0.375,0.4375,0.5,0.5625,0.625,0.6875,0.75,0.8125,0.875,0.9375,1.),.UNSPECIFIED.);
#338=CARTESIAN_POINT('',(-49.148639219,-9.187509,5.882375089));
#339=VERTEX_POINT('',#338);
#340=CARTESIAN_POINT('',(-50.,0.,0.));
#341=CARTESIAN_POINT('',(-50.,-3.080029174,1.960807472));
#342=CARTESIAN_POINT('',(-49.714496395,-6.159939869,3.92158515));
#343=CARTESIAN_POINT('',(-49.148639217,-9.187509011,5.882375096));
#344=B_SPLINE_CURVE_WITH_KNOTS('',3,(#340,#341,#342,#343),.UNSPECIFIED.,.F.,.F.,(4,4),(0.,0.058823749),.UNSPECIFIED.);
#345=EDGE_CURVE('',#35,#339,#344,.T.);
#346=ORIENTED_EDGE('',*,*,#345,.T.);
#347=CARTESIAN_POINT('',(7.290713866,-6.844376621,100.));
#348=VERTEX_POINT('',#347);
#349=CARTESIAN_POINT('',(-49.148639219,-9.187509,5.882375089));
#350=CARTESIAN_POINT('',(-48.921960181,-9.069396095,6.457722474));
#351=CARTESIAN_POINT('',(-48.705148054,-8.914451751,7.025778864));
#352=CARTESIAN_POINT('',(-48.493382657,-8.738663736,7.589505952));
#353=CARTESIAN_POINT('',(-48.281617259,-8.562875721,8.15323304));
#354=CARTESIAN_POINT('',(-48.074826682,-8.366298388,8.712619894));
#355=CARTESIAN_POINT('',(-47.865842652,-8.17550744,9.272908864));
#356=CARTESIAN_POINT('',(-47.656858622,-7.984716492,9.833197834));
#357=CARTESIAN_POINT('',(-47.445684756,-7.80082314,10.393939741));
#358=CARTESIAN_POINT('',(-47.226422969,-7.655392514,10.9579566));
#359=CARTESIAN_POINT('',(-47.007161183,-7.509961888,11.52197346));
#360=CARTESIAN_POINT('',(-46.779697775,-7.40389147,12.089446256));
#361=CARTESIAN_POINT('',(-46.540549472,-7.357183182,12.662406692));
#362=CARTESIAN_POINT('',(-46.42097532,-7.333829038,12.94888691));
#363=CARTESIAN_POINT('',(-46.298531844,-7.325017777,13.23670883));
#364=CARTESIAN_POINT('',(-46.173049985,-7.331467041,13.525927608));
#365=CARTESIAN_POINT('',(-46.047568125,-7.337916305,13.815146386));
#366=CARTESIAN_POINT('',(-45.918338239,-7.359925283,14.107295734));
#367=CARTESIAN_POINT('',(-45.789117029,-7.39583332,14.393983658));
#368=CARTESIAN_POINT('',(-45.530674609,-7.467649394,14.967359507));
#369=CARTESIAN_POINT('',(-45.270113822,-7.594183878,15.524235202));
#370=CARTESIAN_POINT('',(-45.006787928,-7.758882677,16.068982868));
#371=CARTESIAN_POINT('',(-44.743462035,-7.923581476,16.613730534));
#372=CARTESIAN_POINT('',(-44.477348198,-8.126324996,17.146373015));
#373=CARTESIAN_POINT('',(-44.207702069,-8.354396963,17.670149686));
#374=CARTESIAN_POINT('',(-44.072879005,-8.468432946,17.932038021));
#375=CARTESIAN_POINT('',(-43.937194947,-8.588865265,18.191635061));
#376=CARTESIAN_POINT('',(-43.801365305,-8.713693948,18.447784181));
#377=CARTESIAN_POINT('',(-43.665535663,-8.838522631,18.703933302));
#378=CARTESIAN_POINT('',(-43.529329761,-8.967944973,18.957083415));
#379=CARTESIAN_POINT('',(-43.392583945,-9.100963687,19.207740437));
#380=CARTESIAN_POINT('',(-43.119092315,-9.367001114,19.709054481));
#381=CARTESIAN_POINT('',(-42.843417559,-9.647271186,20.200474642));
#382=CARTESIAN_POINT('',(-42.564595615,-9.936067969,20.684879072));
#383=CARTESIAN_POINT('',(-42.285773671,-10.224864753,21.169283502));
#384=CARTESIAN_POINT('',(-42.003813872,-10.522258286,21.646635394));
#385=CARTESIAN_POINT('',(-41.718069334,-10.824480986,22.118829062));
#386=CARTESIAN_POINT('',(-41.146580257,-11.428926388,23.063216398));
#387=CARTESIAN_POINT('',(-40.559832157,-12.052095819,23.987257978));
#388=CARTESIAN_POINT('',(-39.95488097,-12.676082271,24.900034554));
#389=CARTESIAN_POINT('',(-39.349929783,-13.300068723,25.812811131));
#390=CARTESIAN_POINT('',(-38.7276163,-13.92446268,26.712965254));
#391=CARTESIAN_POINT('',(-38.086729388,-14.53889948,27.606185439));
#392=CARTESIAN_POINT('',(-37.445842477,-15.15333628,28.499405625));
#393=CARTESIAN_POINT('',(-36.786369263,-15.75805814,29.385670744));
#394=CARTESIAN_POINT('',(-36.107811474,-16.346713802,30.268929688));
#395=CARTESIAN_POINT('',(-35.429253684,-16.935369464,31.152188631));
#396=CARTESIAN_POINT('',(-34.731189436,-17.508363206,32.032861508));
#397=CARTESIAN_POINT('',(-34.016490903,-18.058983212,32.910668911));
#398=CARTESIAN_POINT('',(-33.301792371,-18.609603218,33.788476313));
#399=CARTESIAN_POINT('',(-32.570029317,-19.138285658,34.664015496));
#400=CARTESIAN_POINT('',(-31.821915873,-19.641698861,35.53977211));
#401=CARTESIAN_POINT('',(-31.073802429,-20.145112064,36.415528724));
#402=CARTESIAN_POINT('',(-30.309338752,-20.623295616,37.291480634));
#403=CARTESIAN_POINT('',(-29.529382663,-21.073544685,38.169883871));
#404=CARTESIAN_POINT('',(-28.749426573,-21.523793754,39.048287107));
#405=CARTESIAN_POINT('',(-27.952994888,-21.946563067,39.930235319));
#406=CARTESIAN_POINT('',(-27.144488964,-22.337744645,40.814305026));
#407=CARTESIAN_POINT('',(-25.527477116,-23.1201078,42.582444441));
#408=CARTESIAN_POINT('',(-23.866859468,-23.77422498,44.353869375));
#409=CARTESIAN_POINT('',(-22.175529481,-24.28775126,46.144865539));
#410=CARTESIAN_POINT('',(-21.752696984,-24.41613283,46.59261458));
#411=CARTESIAN_POINT('',(-21.327953232,-24.535725311,47.041595287));
#412=CARTESIAN_POINT('',(-20.90151728,-24.646334337,47.49207907));
#413=CARTESIAN_POINT('',(-20.475081327,-24.756943364,47.942562854));
#414=CARTESIAN_POINT('',(-20.046694428,-24.858612124,48.394822398));
#415=CARTESIAN_POINT('',(-19.618173066,-24.950835491,48.847455202));
#416=CARTESIAN_POINT('',(-18.761130342,-25.135282224,49.752720811));
#417=CARTESIAN_POINT('',(-17.902466101,-25.282285173,50.660589779));
#418=CARTESIAN_POINT('',(-17.044311568,-25.391234895,51.573124906));
#419=CARTESIAN_POINT('',(-16.186157035,-25.500184618,52.485660034));
#420=CARTESIAN_POINT('',(-15.328511374,-25.571074554,53.402861259));
#421=CARTESIAN_POINT('',(-14.473642753,-25.603199053,54.326930209));
#422=CARTESIAN_POINT('',(-13.618774132,-25.635323552,55.250999159));
#423=CARTESIAN_POINT('',(-12.765770496,-25.628517903,56.182969174));
#424=CARTESIAN_POINT('',(-11.923710816,-25.582670631,57.117759966));
#425=CARTESIAN_POINT('',(-10.239591456,-25.490976087,58.98734155));
#426=CARTESIAN_POINT('',(-8.593894764,-25.243710314,60.87352658));
#427=CARTESIAN_POINT('',(-7.007838346,-24.842599591,62.795056713));
#428=CARTESIAN_POINT('',(-5.421781928,-24.441488867,64.716586847));
#429=CARTESIAN_POINT('',(-3.921364455,-23.89295413,66.642443365));
#430=CARTESIAN_POINT('',(-2.526222781,-23.21264265,68.58893663));
#431=CARTESIAN_POINT('',(-1.131081108,-22.53233117,70.535429894));
#432=CARTESIAN_POINT('',(0.159439016,-21.719971489,72.502951981));
#433=CARTESIAN_POINT('',(1.32312988,-20.790324531,74.512035182));
#434=CARTESIAN_POINT('',(1.904975313,-20.325501052,75.516576782));
#435=CARTESIAN_POINT('',(2.455048968,-19.831363101,76.53155493));
#436=CARTESIAN_POINT('',(2.969976193,-19.309932668,77.56000667));
#437=CARTESIAN_POINT('',(3.484903419,-18.788502235,78.588458411));
#438=CARTESIAN_POINT('',(3.959923344,-18.244569758,79.620974477));
#439=CARTESIAN_POINT('',(4.393140355,-17.68203682,80.65974636));
#440=CARTESIAN_POINT('',(4.826357365,-17.119503882,81.698518243));
#441=CARTESIAN_POINT('',(5.217856904,-16.538278611,82.743690516));
#442=CARTESIAN_POINT('',(5.565714125,-15.942181904,83.798110962));
#443=CARTESIAN_POINT('',(5.739642736,-15.644133551,84.325321185));
#444=CARTESIAN_POINT('',(5.902844392,-15.341985091,84.855518137));
#445=CARTESIAN_POINT('',(6.054421026,-15.037534494,85.386830404));
#446=CARTESIAN_POINT('',(6.20599766,-14.733083898,85.918142672));
#447=CARTESIAN_POINT('',(6.34568959,-14.426924307,86.449547384));
#448=CARTESIAN_POINT('',(6.473553979,-14.11965223,86.981374061));
#449=CARTESIAN_POINT('',(6.985011536,-12.890563921,89.108680769));
#450=CARTESIAN_POINT('',(7.307337315,-11.643477024,91.242617778));
#451=CARTESIAN_POINT('',(7.442879214,-10.417269762,93.40478387));
#452=CARTESIAN_POINT('',(7.578421113,-9.191062501,95.566949963));
#453=CARTESIAN_POINT('',(7.527037417,-7.985342246,97.757137449));
#454=CARTESIAN_POINT('',(7.290713866,-6.844376621,100.));
#455=B_SPLINE_CURVE_WITH_KNOTS('',3,(#349,#350,#351,#352,#353,#354,#355,#356,#357,#358,#359,#360,#361,#362,#363,#364,#365,#366,#367,#368,#369,#370,#371,#372,#373,#374,
#375,#376,#377,#378,#379,#380,#381,#382,#383,#384,#385,#386,#387,#388,#389,#390,#391,#392,#393,#394,#395,#396,#397,#398,#399,
#400,#401,#402,#403,#404,#405,#406,#407,#408,#409,#410,#411,#412,#413,#414,#415,#416,#417,#418,#419,#420,#421,#422,#423,#424,
#425,#426,#427,#428,#429,#430,#431,#432,#433,#434,#435,#436,#437,#438,#439,#440,#441,#442,#443,#444,#445,#446,#447,#448,#449,
#450,#451,#452,#453,#454),.UNSPECIFIED.,.F.,.F.,(4,3,3,3,3,3,3,3,3,3,3,3,3,3,3,3,3,3,3,3,3,3,3,3,3,3,
3,3,3,3,3,3,3,3,3,4),(0.,0.001881849,0.003763698,0.005645548,0.007527397,0.008468322,0.009409246,0.011291095,0.013172945,0.014113869,0.015054794,0.016936643,0.018818492,0.022582191,0.026345889,0.030109588,0.033873286,0.037636985,0.041400683,0.045164382,0.052691779,0.054573628,0.056455477,0.060219176,0.063982874,0.067746573,
0.07527397,0.082801367,0.090328764,0.094092462,0.09785616,0.101619859,0.103501708,0.105383557,0.112910954,0.120438351),.UNSPECIFIED.);
#456=EDGE_CURVE('',#339,#348,#455,.T.);
#457=ORIENTED_EDGE('',*,*,#456,.T.);
#458=CARTESIAN_POINT('',(-7.290713866,6.844376621,0.));
#459=CARTESIAN_POINT('',(-7.738677725,6.367200028,2.083335456));
#460=CARTESIAN_POINT('',(-8.139633011,5.845916753,4.166666667));
#461=CARTESIAN_POINT('',(-8.832159953,4.735115502,8.333333333));
#462=CARTESIAN_POINT('',(-9.123714027,4.145625477,10.416666667));
#463=CARTESIAN_POINT('',(-9.586227684,2.921062656,14.583333333));
#464=CARTESIAN_POINT('',(-9.75717583,2.286020138,16.666666667));
#465=CARTESIAN_POINT('',(-9.971902061,0.99475501,20.833333333));
#466=CARTESIAN_POINT('',(-10.015674837,0.338564328,22.916666667));
#467=CARTESIAN_POINT('',(-9.974361834,-0.969780513,27.083333333));
#468=CARTESIAN_POINT('',(-9.889277077,-1.62190232,29.166666667));
#469=CARTESIAN_POINT('',(-9.593512476,-2.897047914,33.333333333));
#470=CARTESIAN_POINT('',(-9.382839945,-3.520040171,35.416666667));
#471=CARTESIAN_POINT('',(-8.843989813,-4.712983389,39.583333333));
#472=CARTESIAN_POINT('',(-8.515825536,-5.282904853,41.666666667));
#473=CARTESIAN_POINT('',(-7.754597582,-6.347801556,45.833333333));
#474=CARTESIAN_POINT('',(-7.321552728,-6.842750463,47.916666667));
#475=CARTESIAN_POINT('',(-6.367200514,-7.738677268,52.083333333));
#476=CARTESIAN_POINT('',(-5.845916753,-8.139633011,54.166666667));
#477=CARTESIAN_POINT('',(-4.735115502,-8.832159953,58.333333333));
#478=CARTESIAN_POINT('',(-4.145625477,-9.123714027,60.416666667));
#479=CARTESIAN_POINT('',(-2.921062656,-9.586227684,64.583333333));
#480=CARTESIAN_POINT('',(-2.286020138,-9.75717583,66.666666667));
#481=CARTESIAN_POINT('',(-0.99475501,-9.971902061,70.833333333));
#482=CARTESIAN_POINT('',(-0.338564328,-10.015674837,72.916666667));
#483=CARTESIAN_POINT('',(0.969780513,-9.974361834,77.083333333));
#484=CARTESIAN_POINT('',(1.62190232,-9.889277077,79.166666667));
#485=CARTESIAN_POINT('',(2.897047914,-9.593512476,83.333333333));
#486=CARTESIAN_POINT('',(3.520040171,-9.382839945,85.416666667));
#487=CARTESIAN_POINT('',(4.712983389,-8.843989813,89.583333333));
#488=CARTESIAN_POINT('',(5.282904853,-8.515825536,91.666666667));
#489=CARTESIAN_POINT('',(6.347801556,-7.754597582,95.833333333));
#490=CARTESIAN_POINT('',(6.842750007,-7.321553214,97.916664544));
#491=CARTESIAN_POINT('',(7.290713866,-6.844376621,100.));
#492=B_SPLINE_CURVE_WITH_KNOTS('',3,(#458,#459,#460,#461,#462,#463,#464,#465,#466,#467,#468,#469,#470,#471,#472,#473,#474,#475,#476,#477,#478,#479,#480,#481,#482,#483,
#484,#485,#486,#487,#488,#489,#490,#491),.UNSPECIFIED.,.F.,.F.,(4,2,2,2,2,2,2,2,2,2,2,2,2,2,2,2,4),(0.,0.0625,0.125,0.1875,0.25,0.3125,0.375,0.4375,0.5,0.5625,0.625,0.6875,0.75,0.8125,0.875,0.9375,1.),.UNSPECIFIED.);
#493=EDGE_CURVE('',#33,#348,#492,.T.);
#494=ORIENTED_EDGE('',*,*,#493,.F.);
#495=ORIENTED_EDGE('',*,*,#40,.T.);
#496=EDGE_LOOP('',(#346,#457,#494,#495));
#497=FACE_BOUND('',#496,.T.);
#498=ADVANCED_FACE('',(#497),#337,.T.);
#499=CARTESIAN_POINT('',(-50.,0.,0.));
#500=CARTESIAN_POINT('',(-50.,-3.272518764,2.08335015));
#501=CARTESIAN_POINT('',(-49.677695606,-6.544903776,4.166666667));
#502=CARTESIAN_POINT('',(-48.400832434,-12.964128425,8.333333333));
#503=CARTESIAN_POINT('',(-47.446305229,-16.110782918,10.416666667));
#504=CARTESIAN_POINT('',(-44.941648022,-22.157560318,14.583333333));
#505=CARTESIAN_POINT('',(-43.391579951,-25.057533708,16.666666667));
#506=CARTESIAN_POINT('',(-39.755381279,-30.499489594,20.833333333));
#507=CARTESIAN_POINT('',(-37.66934059,-33.041337529,22.916666667));
#508=CARTESIAN_POINT('',(-33.041337529,-37.66934059,27.083333333));
#509=CARTESIAN_POINT('',(-30.499489594,-39.755381279,29.166666667));
#510=CARTESIAN_POINT('',(-25.057533708,-43.391579951,33.333333333));
#511=CARTESIAN_POINT('',(-22.157560318,-44.941648022,35.416666667));
#512=CARTESIAN_POINT('',(-16.110782918,-47.446305229,39.583333333));
#513=CARTESIAN_POINT('',(-12.964128425,-48.400832434,41.666666667));
#514=CARTESIAN_POINT('',(-6.544903776,-49.677695606,45.833333333));
#515=CARTESIAN_POINT('',(-3.272492347,-50.,47.916666667));
#516=CARTESIAN_POINT('',(3.272492347,-50.,52.083333333));
#517=CARTESIAN_POINT('',(6.544903776,-49.677695606,54.166666667));
#518=CARTESIAN_POINT('',(12.964128425,-48.400832434,58.333333333));
#519=CARTESIAN_POINT('',(16.110782918,-47.446305229,60.416666667));
#520=CARTESIAN_POINT('',(22.157560318,-44.941648022,64.583333333));
#521=CARTESIAN_POINT('',(25.057533708,-43.391579951,66.666666667));
#522=CARTESIAN_POINT('',(30.499489594,-39.755381279,70.833333333));
#523=CARTESIAN_POINT('',(33.041337529,-37.66934059,72.916666667));
#524=CARTESIAN_POINT('',(37.66934059,-33.041337529,77.083333333));
#525=CARTESIAN_POINT('',(39.755381279,-30.499489594,79.166666667));
#526=CARTESIAN_POINT('',(43.391579951,-25.057533708,83.333333333));
#527=CARTESIAN_POINT('',(44.941648022,-22.157560318,85.416666667));
#528=CARTESIAN_POINT('',(47.446305229,-16.110782918,89.583333333));
#529=CARTESIAN_POINT('',(48.400832434,-12.964128425,91.666666667));
#530=CARTESIAN_POINT('',(49.677695606,-6.544903776,95.833333333));
#531=CARTESIAN_POINT('',(50.,-3.272518764,97.91664985));
#532=CARTESIAN_POINT('',(50.,-0.,100.));
#533=CARTESIAN_POINT('',(-41.067830453,26.796508642,0.));
#534=CARTESIAN_POINT('',(-42.821671839,24.108603973,2.08334996));
#535=CARTESIAN_POINT('',(-44.310715021,21.248076021,4.166666667));
#536=CARTESIAN_POINT('',(-46.702211191,15.29129393,8.333333333));
#537=CARTESIAN_POINT('',(-47.604591049,12.195208536,10.416666667));
#538=CARTESIAN_POINT('',(-48.788024756,5.886326584,14.583333333));
#539=CARTESIAN_POINT('',(-49.069049341,2.673686026,16.666666667));
#540=CARTESIAN_POINT('',(-48.998941889,-3.74484899,20.833333333));
#541=CARTESIAN_POINT('',(-48.647811585,-6.950584738,22.916666667));
#542=CARTESIAN_POINT('',(-47.326857165,-13.232112119,27.083333333));
#543=CARTESIAN_POINT('',(-46.357065711,-16.307748429,29.166666667));
#544=CARTESIAN_POINT('',(-43.836027861,-22.210872599,33.333333333));
#545=CARTESIAN_POINT('',(-42.2848438,-25.038214493,35.416666667));
#546=CARTESIAN_POINT('',(-38.660604589,-30.336081701,39.583333333));
#547=CARTESIAN_POINT('',(-36.587639055,-32.806476016,41.666666667));
#548=CARTESIAN_POINT('',(-31.999475965,-37.295492196,45.833333333));
#549=CARTESIAN_POINT('',(-29.48439186,-39.314003063,47.916666667));
#550=CARTESIAN_POINT('',(-24.108625425,-42.821657842,52.083333333));
#551=CARTESIAN_POINT('',(-21.248076021,-44.31071502,54.166666667));
#552=CARTESIAN_POINT('',(-15.29129393,-46.702211191,58.333333333));
#553=CARTESIAN_POINT('',(-12.195208536,-47.604591049,60.416666667));
#554=CARTESIAN_POINT('',(-5.886326584,-48.788024756,64.583333333));
#555=CARTESIAN_POINT('',(-2.673686026,-49.069049341,66.666666667));
#556=CARTESIAN_POINT('',(3.74484899,-48.998941889,70.833333333));
#557=CARTESIAN_POINT('',(6.950584738,-48.647811585,72.916666667));
#558=CARTESIAN_POINT('',(13.232112119,-47.326857165,77.083333333));
#559=CARTESIAN_POINT('',(16.307748429,-46.357065712,79.166666667));
#560=CARTESIAN_POINT('',(22.210872599,-43.836027861,83.333333333));
#561=CARTESIAN_POINT('',(25.038214493,-42.2848438,85.416666667));
#562=CARTESIAN_POINT('',(30.336081701,-38.660604589,89.583333333));
#563=CARTESIAN_POINT('',(32.806476016,-36.587639055,91.666666667));
#564=CARTESIAN_POINT('',(37.295492196,-31.999475965,95.833333333));
#565=CARTESIAN_POINT('',(39.313989066,-29.484413312,97.91665004));
#566=CARTESIAN_POINT('',(41.067830453,-26.796508642,100.));
#567=CARTESIAN_POINT('',(-8.200565058,5.72282559,0.));
#568=CARTESIAN_POINT('',(-8.575123498,5.186099315,2.083335456));
#569=CARTESIAN_POINT('',(-8.896810351,4.612497569,4.166666667));
#570=CARTESIAN_POINT('',(-9.422112423,3.413526877,8.333333333));
#571=CARTESIAN_POINT('',(-9.625714271,2.788188125,10.416666667));
#572=CARTESIAN_POINT('',(-9.907015232,1.509773969,14.583333333));
#573=CARTESIAN_POINT('',(-9.984707389,0.856730176,16.666666667));
#574=CARTESIAN_POINT('',(-10.011197002,-0.451998706,20.833333333));
#575=CARTESIAN_POINT('',(-9.959993803,-1.107651434,22.916666667));
#576=CARTESIAN_POINT('',(-9.730654086,-2.396401325,27.083333333));
#577=CARTESIAN_POINT('',(-9.552523239,-3.029466621,29.166666667));
#578=CARTESIAN_POINT('',(-9.07616759,-4.248711584,33.333333333));
#579=CARTESIAN_POINT('',(-8.777954565,-4.834861104,35.416666667));
#580=CARTESIAN_POINT('',(-8.072889063,-5.93774624,39.583333333));
#581=CARTESIAN_POINT('',(-7.66605402,-6.454454586,41.666666667));
#582=CARTESIAN_POINT('',(-6.759373938,-7.398596638,45.833333333));
#583=CARTESIAN_POINT('',(-6.259551318,-7.826006999,47.916666667));
#584=CARTESIAN_POINT('',(-5.186099862,-8.575123117,52.083333333));
#585=CARTESIAN_POINT('',(-4.612497569,-8.896810351,54.166666667));
#586=CARTESIAN_POINT('',(-3.413526877,-9.422112423,58.333333333));
#587=CARTESIAN_POINT('',(-2.788188125,-9.625714271,60.416666667));
#588=CARTESIAN_POINT('',(-1.509773969,-9.907015232,64.583333333));
#589=CARTESIAN_POINT('',(-0.856730176,-9.984707389,66.666666667));
#590=CARTESIAN_POINT('',(0.451998706,-10.011197002,70.833333333));
#591=CARTESIAN_POINT('',(1.107651434,-9.959993803,72.916666667));
#592=CARTESIAN_POINT('',(2.396401325,-9.730654086,77.083333333));
#593=CARTESIAN_POINT('',(3.029466621,-9.552523239,79.166666667));
#594=CARTESIAN_POINT('',(4.248711584,-9.07616759,83.333333333));
#595=CARTESIAN_POINT('',(4.834861104,-8.777954565,85.416666667));
#596=CARTESIAN_POINT('',(5.93774624,-8.072889063,89.583333333));
#597=CARTESIAN_POINT('',(6.454454586,-7.66605402,91.666666667));
#598=CARTESIAN_POINT('',(7.398596638,-6.759373938,95.833333333));
#599=CARTESIAN_POINT('',(7.826006617,-6.259551865,97.916664544));
#600=CARTESIAN_POINT('',(8.200565058,-5.72282559,100.));
#601=B_SPLINE_SURFACE_WITH_KNOTS('',2,3,((#499,#500,#501,#502,#503,#504,#505,#506,#507,#508,#509,#510,#511,#512,#513,#514,#515,#516,#517,#518,#519,#520,#521,#522,#523,#524,
#525,#526,#527,#528,#529,#530,#531,#532),(#533,#534,#535,#536,#537,#538,#539,#540,#541,#542,#543,#544,#545,#546,#547,#548,#549,#550,#551,#552,#553,#554,#555,#556,#557,#558,
#559,#560,#561,#562,#563,#564,#565,#566),(#567,#568,#569,#570,#571,#572,#573,#574,#575,#576,#577,#578,#579,#580,#581,#582,#583,#584,#585,#586,#587,#588,#589,#590,#591,#592,
#593,#594,#595,#596,#597,#598,#599,#600)),.UNSPECIFIED.,.F.,.F.,.U.,(3,3),(4,2,2,2,2,2,2,2,2,2,2,2,2,2,2,2,4),(0.,1.),(0.,0.0625,0.125,0.1875,0.25,0.3125,0.375,0.4375,0.5,0.5625,0.625,0.6875,0.75,0.8125,0.875,0.9375,1.),.UNSPECIFIED.);
#602=CARTESIAN_POINT('',(8.200565058,-5.72282559,100.));
#603=VERTEX_POINT('',#602);
#604=CARTESIAN_POINT('',(-8.200565058,5.72282559,0.));
#605=CARTESIAN_POINT('',(-8.575123498,5.186099315,2.083335456));
#606=CARTESIAN_POINT('',(-8.896810351,4.612497569,4.166666667));
#607=CARTESIAN_POINT('',(-9.422112423,3.413526877,8.333333333));
#608=CARTESIAN_POINT('',(-9.625714271,2.788188125,10.416666667));
#609=CARTESIAN_POINT('',(-9.907015232,1.509773969,14.583333333));
#610=CARTESIAN_POINT('',(-9.984707389,0.856730176,16.666666667));
#611=CARTESIAN_POINT('',(-10.011197002,-0.451998706,20.833333333));
#612=CARTESIAN_POINT('',(-9.959993803,-1.107651434,22.916666667));
#613=CARTESIAN_POINT('',(-9.730654086,-2.396401325,27.083333333));
#614=CARTESIAN_POINT('',(-9.552523239,-3.029466621,29.166666667));
#615=CARTESIAN_POINT('',(-9.07616759,-4.248711584,33.333333333));
#616=CARTESIAN_POINT('',(-8.777954565,-4.834861104,35.416666667));
#617=CARTESIAN_POINT('',(-8.072889063,-5.93774624,39.583333333));
#618=CARTESIAN_POINT('',(-7.66605402,-6.454454586,41.666666667));
#619=CARTESIAN_POINT('',(-6.759373938,-7.398596638,45.833333333));
#620=CARTESIAN_POINT('',(-6.259551318,-7.826006999,47.916666667));
#621=CARTESIAN_POINT('',(-5.186099862,-8.575123117,52.083333333));
#622=CARTESIAN_POINT('',(-4.612497569,-8.896810351,54.166666667));
#623=CARTESIAN_POINT('',(-3.413526877,-9.422112423,58.333333333));
#624=CARTESIAN_POINT('',(-2.788188125,-9.625714271,60.416666667));
#625=CARTESIAN_POINT('',(-1.509773969,-9.907015232,64.583333333));
#626=CARTESIAN_POINT('',(-0.856730176,-9.984707389,66.666666667));
#627=CARTESIAN_POINT('',(0.451998706,-10.011197002,70.833333333));
#628=CARTESIAN_POINT('',(1.107651434,-9.959993803,72.916666667));
#629=CARTESIAN_POINT('',(2.396401325,-9.730654086,77.083333333));
#630=CARTESIAN_POINT('',(3.029466621,-9.552523239,79.166666667));
#631=CARTESIAN_POINT('',(4.248711584,-9.07616759,83.333333333));
#632=CARTESIAN_POINT('',(4.834861104,-8.777954565,85.416666667));
#633=CARTESIAN_POINT('',(5.93774624,-8.072889063,89.583333333));
#634=CARTESIAN_POINT('',(6.454454586,-7.66605402,91.666666667));
#635=CARTESIAN_POINT('',(7.398596638,-6.759373938,95.833333333));
#636=CARTESIAN_POINT('',(7.826006617,-6.259551865,97.916664544));
#637=CARTESIAN_POINT('',(8.200565058,-5.72282559,100.));
#638=B_SPLINE_CURVE_WITH_KNOTS('',3,(#604,#605,#606,#607,#608,#609,#610,#611,#612,#613,#614,#615,#616,#617,#618,#619,#620,#621,#622,#623,#624,#625,#626,#627,#628,#629,
#630,#631,#632,#633,#634,#635,#636,#637),.UNSPECIFIED.,.F.,.F.,(4,2,2,2,2,2,2,2,2,2,2,2,2,2,2,2,4),(0.,0.0625,0.125,0.1875,0.25,0.3125,0.375,0.4375,0.5,0.5625,0.625,0.6875,0.75,0.8125,0.875,0.9375,1.),.UNSPECIFIED.);
#639=EDGE_CURVE('',#218,#603,#638,.T.);
#640=ORIENTED_EDGE('',*,*,#639,.T.);
#641=CARTESIAN_POINT('',(8.200565058,-5.72282559,100.));
#642=CARTESIAN_POINT('',(8.606734122,-6.832917402,97.72148761));
#643=CARTESIAN_POINT('',(8.835548475,-8.038846699,95.492265443));
#644=CARTESIAN_POINT('',(8.875997179,-9.296012937,93.287097869));
#645=CARTESIAN_POINT('',(8.896221531,-9.924596056,92.184514082));
#646=CARTESIAN_POINT('',(8.869397924,-10.566124426,91.088021146));
#647=CARTESIAN_POINT('',(8.794201678,-11.215530107,89.994749742));
#648=CARTESIAN_POINT('',(8.756603555,-11.540232947,89.44811404));
#649=CARTESIAN_POINT('',(8.706914341,-11.866910562,88.90228682));
#650=CARTESIAN_POINT('',(8.644962508,-12.194942061,88.356916327));
#651=CARTESIAN_POINT('',(8.583010675,-12.522973559,87.811545834));
#652=CARTESIAN_POINT('',(8.508622187,-12.852957902,87.265649031));
#653=CARTESIAN_POINT('',(8.422332852,-13.181763697,86.7230196));
#654=CARTESIAN_POINT('',(8.07717551,-14.496986874,84.552501875));
#655=CARTESIAN_POINT('',(7.542394034,-15.794620863,82.430846048));
#656=CARTESIAN_POINT('',(6.829867052,-17.040278743,80.333988225));
#657=CARTESIAN_POINT('',(6.47360356,-17.663107682,79.285559313));
#658=CARTESIAN_POINT('',(6.072842916,-18.273053263,78.243414396));
#659=CARTESIAN_POINT('',(5.628720458,-18.866166656,77.20486159));
#660=CARTESIAN_POINT('',(5.406659228,-19.162723352,76.685585187));
#661=CARTESIAN_POINT('',(5.173755739,-19.455076019,76.167209755));
#662=CARTESIAN_POINT('',(4.930133454,-19.742736685,75.649407909));
#663=CARTESIAN_POINT('',(4.686511169,-20.030397351,75.131606063));
#664=CARTESIAN_POINT('',(4.432353748,-20.313079196,74.614859025));
#665=CARTESIAN_POINT('',(4.169574082,-20.588690518,74.101989859));
#666=CARTESIAN_POINT('',(3.118455418,-21.691135809,72.050513198));
#667=CARTESIAN_POINT('',(1.923250854,-22.688253453,70.046516732));
#668=CARTESIAN_POINT('',(0.606540403,-23.563337156,68.067900478));
#669=CARTESIAN_POINT('',(-0.710170047,-24.438420859,66.089284224));
#670=CARTESIAN_POINT('',(-2.148614403,-25.191645639,64.136274142));
#671=CARTESIAN_POINT('',(-3.690930471,-25.806644449,62.189996845));
#672=CARTESIAN_POINT('',(-4.076509488,-25.960394152,61.70342752));
#673=CARTESIAN_POINT('',(-4.468877605,-26.105556587,61.216970941));
#674=CARTESIAN_POINT('',(-4.864753216,-26.240940376,60.733966372));
#675=CARTESIAN_POINT('',(-5.260628828,-26.376324164,60.250961803));
#676=CARTESIAN_POINT('',(-5.660644228,-26.502202057,59.770597282));
#677=CARTESIAN_POINT('',(-6.06442985,-26.618588893,59.292541108));
#678=CARTESIAN_POINT('',(-6.872001093,-26.851362563,58.336428759));
#679=CARTESIAN_POINT('',(-7.69463553,-27.046179209,57.389534662));
#680=CARTESIAN_POINT('',(-8.529613874,-27.203101716,56.449412804));
#681=CARTESIAN_POINT('',(-10.199570561,-27.516946731,54.569169089));
#682=CARTESIAN_POINT('',(-11.918764346,-27.679311086,52.715900399));
#683=CARTESIAN_POINT('',(-13.668382244,-27.689323867,50.872533958));
#684=CARTESIAN_POINT('',(-14.543191193,-27.694330257,49.950850737));
#685=CARTESIAN_POINT('',(-15.42562908,-27.661242371,49.031663012));
#686=CARTESIAN_POINT('',(-16.313535452,-27.589814127,48.112993352));
#687=CARTESIAN_POINT('',(-16.757488639,-27.554100005,47.653658522));
#688=CARTESIAN_POINT('',(-17.202029661,-27.508837816,47.195266252));
#689=CARTESIAN_POINT('',(-17.645187008,-27.454371804,46.739304424));
#690=CARTESIAN_POINT('',(-18.088344356,-27.399905793,46.283342597));
#691=CARTESIAN_POINT('',(-18.530633663,-27.336199351,45.829279504));
#692=CARTESIAN_POINT('',(-18.971819692,-27.26345869,45.376828429));
#693=CARTESIAN_POINT('',(-20.736563808,-26.972496048,43.567024131));
#694=CARTESIAN_POINT('',(-22.483459866,-26.537125649,41.782783087));
#695=CARTESIAN_POINT('',(-24.199130544,-25.969629713,40.007636257));
#696=CARTESIAN_POINT('',(-25.914801221,-25.402133776,38.232489427));
#697=CARTESIAN_POINT('',(-27.59925895,-24.702318655,36.466505989));
#698=CARTESIAN_POINT('',(-29.240329359,-23.884107476,34.69388625));
#699=CARTESIAN_POINT('',(-30.060864563,-23.475001886,33.807576381));
#700=CARTESIAN_POINT('',(-30.871185361,-23.035860717,32.918897299));
#701=CARTESIAN_POINT('',(-31.664357443,-22.572567739,32.031992689));
#702=CARTESIAN_POINT('',(-32.457529526,-22.109274761,31.14508808));
#703=CARTESIAN_POINT('',(-33.23480634,-21.621295911,30.25859373));
#704=CARTESIAN_POINT('',(-33.995575215,-21.112090047,29.37002454));
#705=CARTESIAN_POINT('',(-34.756344089,-20.602884182,28.48145535));
#706=CARTESIAN_POINT('',(-35.500605341,-20.072393166,27.590844557));
#707=CARTESIAN_POINT('',(-36.227946833,-19.525052209,26.695324841));
#708=CARTESIAN_POINT('',(-36.955288325,-18.977711252,25.799805126));
#709=CARTESIAN_POINT('',(-37.665997157,-18.413219649,24.898950084));
#710=CARTESIAN_POINT('',(-38.358137217,-17.839295977,23.991735242));
#711=CARTESIAN_POINT('',(-39.050277277,-17.265372305,23.084520399));
#712=CARTESIAN_POINT('',(-39.724210095,-16.681617548,22.170608335));
#713=CARTESIAN_POINT('',(-40.380779595,-16.096394246,21.245425028));
#714=CARTESIAN_POINT('',(-41.037349095,-15.511170944,20.32024172));
#715=CARTESIAN_POINT('',(-41.676523111,-14.924332754,19.38385501));
#716=CARTESIAN_POINT('',(-42.300058539,-14.348532518,18.429680901));
#717=CARTESIAN_POINT('',(-42.611826254,-14.0606324,17.952593847));
#718=CARTESIAN_POINT('',(-42.919703016,-13.775560379,17.471030672));
#719=CARTESIAN_POINT('',(-43.224040391,-13.495342102,16.983986621));
#720=CARTESIAN_POINT('',(-43.528377766,-13.215123825,16.49694257));
#721=CARTESIAN_POINT('',(-43.829303748,-12.939649875,16.004178909));
#722=CARTESIAN_POINT('',(-44.126036943,-12.672454529,15.506647533));
#723=CARTESIAN_POINT('',(-44.719503333,-12.138063838,14.511584782));
#724=CARTESIAN_POINT('',(-45.297042315,-11.635950709,13.495910059));
#725=CARTESIAN_POINT('',(-45.862377348,-11.188494992,12.45314005));
#726=CARTESIAN_POINT('',(-46.145044864,-10.964767133,11.931755045));
#727=CARTESIAN_POINT('',(-46.424688739,-10.754767074,11.403586717));
#728=CARTESIAN_POINT('',(-46.701922013,-10.560124197,10.868343853));
#729=CARTESIAN_POINT('',(-46.979155287,-10.36548132,10.333100989));
#730=CARTESIAN_POINT('',(-47.253982716,-10.186278335,9.790754867));
#731=CARTESIAN_POINT('',(-47.527039674,-10.022121495,9.241790154));
#732=CARTESIAN_POINT('',(-47.800096632,-9.857964654,8.69282544));
#733=CARTESIAN_POINT('',(-48.071389758,-9.708899339,8.137228508));
#734=CARTESIAN_POINT('',(-48.34149009,-9.571473394,7.576605064));
#735=CARTESIAN_POINT('',(-48.611590423,-9.434047448,7.01598162));
#736=CARTESIAN_POINT('',(-48.880503695,-9.308215949,6.450351664));
#737=CARTESIAN_POINT('',(-49.148639219,-9.187509,5.882375089));
#738=B_SPLINE_CURVE_WITH_KNOTS('',3,(#641,#642,#643,#644,#645,#646,#647,#648,#649,#650,#651,#652,#653,#654,#655,#656,#657,#658,#659,#660,#661,#662,#663,#664,#665,#666,
#667,#668,#669,#670,#671,#672,#673,#674,#675,#676,#677,#678,#679,#680,#681,#682,#683,#684,#685,#686,#687,#688,#689,#690,#691,
#692,#693,#694,#695,#696,#697,#698,#699,#700,#701,#702,#703,#704,#705,#706,#707,#708,#709,#710,#711,#712,#713,#714,#715,#716,
#717,#718,#719,#720,#721,#722,#723,#724,#725,#726,#727,#728,#729,#730,#731,#732,#733,#734,#735,#736,#737),.UNSPECIFIED.,.F.,.F.,(4,3,3,3,3,3,3,3,3,3,3,3,3,3,3,3,3,3,3,3,3,3,3,3,3,3,
3,3,3,3,3,3,4),(0.,0.007615674,0.011423511,0.013327429,0.015231348,0.022847021,0.026654858,0.028558777,0.030462695,0.038078369,0.045694043,0.047597961,0.04950188,0.053309717,0.06092539,0.064733227,0.066637146,0.068541064,0.076156738,0.083772412,0.087580249,0.091388086,0.095195923,0.099003759,0.102811596,0.106619433,
0.108523352,0.11042727,0.114235107,0.116139026,0.118042944,0.119946862,0.121850781),.UNSPECIFIED.);
#739=EDGE_CURVE('',#603,#339,#738,.T.);
#740=ORIENTED_EDGE('',*,*,#739,.T.);
#741=ORIENTED_EDGE('',*,*,#345,.F.);
#742=ORIENTED_EDGE('',*,*,#230,.T.);
#743=EDGE_LOOP('',(#640,#740,#741,#742));
#744=FACE_BOUND('',#743,.T.);
#745=ADVANCED_FACE('',(#744),#601,.T.);
#746=CARTESIAN_POINT('',(-8.200565058,5.72282559,0.));
#747=CARTESIAN_POINT('',(-8.575123498,5.186099315,2.083335456));
#748=CARTESIAN_POINT('',(-8.896810351,4.612497569,4.166666667));
#749=CARTESIAN_POINT('',(-9.422112423,3.413526877,8.333333333));
#750=CARTESIAN_POINT('',(-9.625714271,2.788188125,10.416666667));
#751=CARTESIAN_POINT('',(-9.907015232,1.509773969,14.583333333));
#752=CARTESIAN_POINT('',(-9.984707389,0.856730176,16.666666667));
#753=CARTESIAN_POINT('',(-10.011197002,-0.451998706,20.833333333));
#754=CARTESIAN_POINT('',(-9.959993803,-1.107651434,22.916666667));
#755=CARTESIAN_POINT('',(-9.730654086,-2.396401325,27.083333333));
#756=CARTESIAN_POINT('',(-9.552523239,-3.029466621,29.166666667));
#757=CARTESIAN_POINT('',(-9.07616759,-4.248711584,33.333333333));
#758=CARTESIAN_POINT('',(-8.777954565,-4.834861104,35.416666667));
#759=CARTESIAN_POINT('',(-8.072889063,-5.93774624,39.583333333));
#760=CARTESIAN_POINT('',(-7.66605402,-6.454454586,41.666666667));
#761=CARTESIAN_POINT('',(-6.759373938,-7.398596638,45.833333333));
#762=CARTESIAN_POINT('',(-6.259551318,-7.826006999,47.916666667));
#763=CARTESIAN_POINT('',(-5.186099862,-8.575123117,52.083333333));
#764=CARTESIAN_POINT('',(-4.612497569,-8.896810351,54.166666667));
#765=CARTESIAN_POINT('',(-3.413526877,-9.422112423,58.333333333));
#766=CARTESIAN_POINT('',(-2.788188125,-9.625714271,60.416666667));
#767=CARTESIAN_POINT('',(-1.509773969,-9.907015232,64.583333333));
#768=CARTESIAN_POINT('',(-0.856730176,-9.984707389,66.666666667));
#769=CARTESIAN_POINT('',(0.451998706,-10.011197002,70.833333333));
#770=CARTESIAN_POINT('',(1.107651434,-9.959993803,72.916666667));
#771=CARTESIAN_POINT('',(2.396401325,-9.730654086,77.083333333));
#772=CARTESIAN_POINT('',(3.029466621,-9.552523239,79.166666667));
#773=CARTESIAN_POINT('',(4.248711584,-9.07616759,83.333333333));
#774=CARTESIAN_POINT('',(4.834861104,-8.777954565,85.416666667));
#775=CARTESIAN_POINT('',(5.93774624,-8.072889063,89.583333333));
#776=CARTESIAN_POINT('',(6.454454586,-7.66605402,91.666666667));
#777=CARTESIAN_POINT('',(7.398596638,-6.759373938,95.833333333));
#778=CARTESIAN_POINT('',(7.826006617,-6.259551865,97.916664544));
#779=CARTESIAN_POINT('',(8.200565058,-5.72282559,100.));
#780=CARTESIAN_POINT('',(-9.444456951,3.940381544,0.));
#781=CARTESIAN_POINT('',(-9.702354594,3.322242625,2.083335547));
#782=CARTESIAN_POINT('',(-9.899365513,2.678720259,4.166666667));
#783=CARTESIAN_POINT('',(-10.164063814,1.36557188,8.333333333));
#784=CARTESIAN_POINT('',(-10.231744378,0.695978995,10.416666667));
#785=CARTESIAN_POINT('',(-10.235174036,-0.643577683,14.583333333));
#786=CARTESIAN_POINT('',(-10.170923045,-1.313508352,16.666666667));
#787=CARTESIAN_POINT('',(-9.91295226,-2.627994917,20.833333333));
#788=CARTESIAN_POINT('',(-9.719238844,-3.272518309,22.916666667));
#789=CARTESIAN_POINT('',(-9.209781287,-4.51141978,27.083333333));
#790=CARTESIAN_POINT('',(-8.894049744,-5.105767224,29.166666667));
#791=CARTESIAN_POINT('',(-8.152683584,-6.221473311,33.333333333));
#792=CARTESIAN_POINT('',(-7.7270673,-6.742804367,35.416666667));
#793=CARTESIAN_POINT('',(-6.782282824,-7.692439111,39.583333333));
#794=CARTESIAN_POINT('',(-6.263137993,-8.120719319,41.666666667));
#795=CARTESIAN_POINT('',(-5.151242738,-8.867788791,45.833333333));
#796=CARTESIAN_POINT('',(-4.558519806,-9.186559582,47.916666667));
#797=CARTESIAN_POINT('',(-3.322243282,-9.70235432,52.083333333));
#798=CARTESIAN_POINT('',(-2.678720259,-9.899365513,54.166666667));
#799=CARTESIAN_POINT('',(-1.36557188,-10.164063814,58.333333333));
#800=CARTESIAN_POINT('',(-0.695978995,-10.231744378,60.416666667));
#801=CARTESIAN_POINT('',(0.643577683,-10.235174036,64.583333333));
#802=CARTESIAN_POINT('',(1.313508352,-10.170923045,66.666666667));
#803=CARTESIAN_POINT('',(2.627994917,-9.91295226,70.833333333));
#804=CARTESIAN_POINT('',(3.272518309,-9.719238844,72.916666667));
#805=CARTESIAN_POINT('',(4.51141978,-9.209781287,77.083333333));
#806=CARTESIAN_POINT('',(5.105767224,-8.894049744,79.166666667));
#807=CARTESIAN_POINT('',(6.221473311,-8.152683584,83.333333333));
#808=CARTESIAN_POINT('',(6.742804367,-7.7270673,85.416666667));
#809=CARTESIAN_POINT('',(7.692439111,-6.782282824,89.583333333));
#810=CARTESIAN_POINT('',(8.120719319,-6.263137993,91.666666667));
#811=CARTESIAN_POINT('',(8.867788791,-5.151242738,95.833333333));
#812=CARTESIAN_POINT('',(9.186559308,-4.558520463,97.916664453));
#813=CARTESIAN_POINT('',(9.444456951,-3.940381544,100.));
#814=CARTESIAN_POINT('',(-10.063617726,1.856871584,0.));
#815=CARTESIAN_POINT('',(-10.185149816,1.198208644,2.083335547));
#816=CARTESIAN_POINT('',(-10.241807679,0.527593833,4.166666667));
#817=CARTESIAN_POINT('',(-10.223203939,-0.811838045,8.333333333));
#818=CARTESIAN_POINT('',(-10.147942667,-1.480621293,10.416666667));
#819=CARTESIAN_POINT('',(-9.868386196,-2.790686953,14.583333333));
#820=CARTESIAN_POINT('',(-9.664097909,-3.431936972,16.666666667));
#821=CARTESIAN_POINT('',(-9.134331906,-4.662291327,20.833333333));
#822=CARTESIAN_POINT('',(-8.808867289,-5.251365239,22.916666667));
#823=CARTESIAN_POINT('',(-8.049250364,-6.354726459,27.083333333));
#824=CARTESIAN_POINT('',(-7.615116838,-6.868986484,29.166666667));
#825=CARTESIAN_POINT('',(-6.654840644,-7.802953017,33.333333333));
#826=CARTESIAN_POINT('',(-6.128721719,-8.222636431,35.416666667));
#827=CARTESIAN_POINT('',(-5.00468913,-8.951316467,39.583333333));
#828=CARTESIAN_POINT('',(-4.40680326,-9.260295071,41.666666667));
#829=CARTESIAN_POINT('',(-3.16221022,-9.755685845,45.833333333));
#830=CARTESIAN_POINT('',(-2.515533824,-9.942085765,47.916666667));
#831=CARTESIAN_POINT('',(-1.198209344,-10.185149687,52.083333333));
#832=CARTESIAN_POINT('',(-0.527593833,-10.241807679,54.166666667));
#833=CARTESIAN_POINT('',(0.811838045,-10.223203939,58.333333333));
#834=CARTESIAN_POINT('',(1.480621293,-10.147942667,60.416666667));
#835=CARTESIAN_POINT('',(2.790686953,-9.868386196,64.583333333));
#836=CARTESIAN_POINT('',(3.431936972,-9.664097909,66.666666667));
#837=CARTESIAN_POINT('',(4.662291327,-9.134331906,70.833333333));
#838=CARTESIAN_POINT('',(5.251365239,-8.808867289,72.916666667));
#839=CARTESIAN_POINT('',(6.354726459,-8.049250364,77.083333333));
#840=CARTESIAN_POINT('',(6.868986484,-7.615116838,79.166666667));
#841=CARTESIAN_POINT('',(7.802953017,-6.654840644,83.333333333));
#842=CARTESIAN_POINT('',(8.222636431,-6.128721719,85.416666667));
#843=CARTESIAN_POINT('',(8.951316467,-5.00468913,89.583333333));
#844=CARTESIAN_POINT('',(9.260295071,-4.40680326,91.666666667));
#845=CARTESIAN_POINT('',(9.755685845,-3.16221022,95.833333333));
#846=CARTESIAN_POINT('',(9.942085636,-2.515534524,97.916664453));
#847=CARTESIAN_POINT('',(10.063617726,-1.856871584,100.));
#848=CARTESIAN_POINT('',(-9.995018336,-0.315608093,0.));
#849=CARTESIAN_POINT('',(-9.974361813,-0.969781179,2.083335456));
#850=CARTESIAN_POINT('',(-9.889277077,-1.62190232,4.166666667));
#851=CARTESIAN_POINT('',(-9.593512476,-2.897047914,8.333333333));
#852=CARTESIAN_POINT('',(-9.382839945,-3.520040171,10.416666667));
#853=CARTESIAN_POINT('',(-8.843989813,-4.712983389,14.583333333));
#854=CARTESIAN_POINT('',(-8.515825536,-5.282904853,16.666666667));
#855=CARTESIAN_POINT('',(-7.754597582,-6.347801556,20.833333333));
#856=CARTESIAN_POINT('',(-7.321552728,-6.842750463,22.916666667));
#857=CARTESIAN_POINT('',(-6.367200514,-7.738677268,27.083333333));
#858=CARTESIAN_POINT('',(-5.845916753,-8.139633011,29.166666667));
#859=CARTESIAN_POINT('',(-4.735115502,-8.832159953,33.333333333));
#860=CARTESIAN_POINT('',(-4.145625477,-9.123714027,35.416666667));
#861=CARTESIAN_POINT('',(-2.921062656,-9.586227684,39.583333333));
#862=CARTESIAN_POINT('',(-2.286020138,-9.75717583,41.666666667));
#863=CARTESIAN_POINT('',(-0.99475501,-9.971902061,45.833333333));
#864=CARTESIAN_POINT('',(-0.338564328,-10.015674837,47.916666667));
#865=CARTESIAN_POINT('',(0.969780513,-9.974361834,52.083333333));
#866=CARTESIAN_POINT('',(1.62190232,-9.889277077,54.166666667));
#867=CARTESIAN_POINT('',(2.897047914,-9.593512476,58.333333333));
#868=CARTESIAN_POINT('',(3.520040171,-9.382839945,60.416666667));
#869=CARTESIAN_POINT('',(4.712983389,-8.843989813,64.583333333));
#870=CARTESIAN_POINT('',(5.282904853,-8.515825536,66.666666667));
#871=CARTESIAN_POINT('',(6.347801556,-7.754597582,70.833333333));
#872=CARTESIAN_POINT('',(6.842750463,-7.321552728,72.916666667));
#873=CARTESIAN_POINT('',(7.738677268,-6.367200514,77.083333333));
#874=CARTESIAN_POINT('',(8.139633011,-5.845916753,79.166666667));
#875=CARTESIAN_POINT('',(8.832159953,-4.735115502,83.333333333));
#876=CARTESIAN_POINT('',(9.123714027,-4.145625477,85.416666667));
#877=CARTESIAN_POINT('',(9.586227684,-2.921062656,89.583333333));
#878=CARTESIAN_POINT('',(9.75717583,-2.286020138,91.666666667));
#879=CARTESIAN_POINT('',(9.971902061,-0.99475501,95.833333333));
#880=CARTESIAN_POINT('',(10.015674858,-0.338564994,97.916664544));
#881=CARTESIAN_POINT('',(9.995018336,0.315608093,100.));
#882=(BOUNDED_SURFACE()
B_SPLINE_SURFACE(3,3,((#746,#747,#748,#749,#750,#751,#752,#753,#754,#755,#756,#757,#758,#759,#760,#761,#762,#763,#764,#765,#766,#767,#768,#769,#770,#771,
#772,#773,#774,#775,#776,#777,#778,#779),(#780,#781,#782,#783,#784,#785,#786,#787,#788,#789,#790,#791,#792,#793,#794,#795,#796,#797,#798,#799,#800,#801,#802,#803,#804,#805,
#806,#807,#808,#809,#810,#811,#812,#813),(#814,#815,#816,#817,#818,#819,#820,#821,#822,#823,#824,#825,#826,#827,#828,#829,#830,#831,#832,#833,#834,#835,#836,#837,#838,#839,
#840,#841,#842,#843,#844,#845,#846,#847),(#848,#849,#850,#851,#852,#853,#854,#855,#856,#857,#858,#859,#860,#861,#862,#863,#864,#865,#866,#867,#868,#869,#870,#871,#872,#873,
#874,#875,#876,#877,#878,#879,#880,#881)),.UNSPECIFIED.,.F.,.F.,.U.)
B_SPLINE_SURFACE_WITH_KNOTS((4,4),(4,2,2,2,2,2,2,2,2,2,2,2,2,2,2,2,4),(0.,1.),(0.,0.0625,0.125,0.1875,0.25,0.3125,0.375,0.4375,0.5,0.5625,0.625,0.6875,0.75,0.8125,0.875,0.9375,1.),.UNSPECIFIED.)
GEOMETRIC_REPRESENTATION_ITEM()
RATIONAL_B_SPLINE_SURFACE(((1.,1.,1.,1.,1.,1.,1.,1.,1.,1.,1.,1.,1.,1.,1.,1.,1.,1.,1.,1.,1.,1.,1.,1.,1.,1.,
1.,1.,1.,1.,1.,1.,1.,1.),(0.966067485,0.966067485,0.966067485,0.966067485,0.966067485,0.966067485,0.966067485,0.966067485,0.966067485,0.966067485,0.966067485,0.966067485,0.966067485,0.966067485,0.966067485,0.966067485,0.966067485,0.966067485,0.966067485,0.966067485,0.966067485,0.966067485,0.966067485,0.966067485,0.966067485,0.966067485,
0.966067485,0.966067485,0.966067485,0.966067485,0.966067485,0.966067485,0.966067485,0.966067485),(0.966067485,0.966067485,0.966067485,0.966067485,0.966067485,0.966067485,0.966067485,0.966067485,0.966067485,0.966067485,0.966067485,0.966067485,0.966067485,0.966067485,0.966067485,0.966067485,0.966067485,0.966067485,0.966067485,0.966067485,0.966067485,0.966067485,0.966067485,0.966067485,0.966067485,0.966067485,
0.966067485,0.966067485,0.966067485,0.966067485,0.966067485,0.966067485,0.966067485,0.966067485),(1.,1.,1.,1.,1.,1.,1.,1.,1.,1.,1.,1.,1.,1.,1.,1.,1.,1.,1.,1.,1.,1.,1.,1.,1.,1.,
1.,1.,1.,1.,1.,1.,1.,1.)))
REPRESENTATION_ITEM('')
SURFACE()
);
#883=CARTESIAN_POINT('',(9.995018336,0.315608093,100.));
#884=VERTEX_POINT('',#883);
#885=CARTESIAN_POINT('',(-9.995018336,-0.315608093,0.));
#886=CARTESIAN_POINT('',(-9.974361813,-0.969781179,2.083335456));
#887=CARTESIAN_POINT('',(-9.889277077,-1.62190232,4.166666667));
#888=CARTESIAN_POINT('',(-9.593512476,-2.897047914,8.333333333));
#889=CARTESIAN_POINT('',(-9.382839945,-3.520040171,10.416666667));
#890=CARTESIAN_POINT('',(-8.843989813,-4.712983389,14.583333333));
#891=CARTESIAN_POINT('',(-8.515825536,-5.282904853,16.666666667));
#892=CARTESIAN_POINT('',(-7.754597582,-6.347801556,20.833333333));
#893=CARTESIAN_POINT('',(-7.321552728,-6.842750463,22.916666667));
#894=CARTESIAN_POINT('',(-6.367200514,-7.738677268,27.083333333));
#895=CARTESIAN_POINT('',(-5.845916753,-8.139633011,29.166666667));
#896=CARTESIAN_POINT('',(-4.735115502,-8.832159953,33.333333333));
#897=CARTESIAN_POINT('',(-4.145625477,-9.123714027,35.416666667));
#898=CARTESIAN_POINT('',(-2.921062656,-9.586227684,39.583333333));
#899=CARTESIAN_POINT('',(-2.286020138,-9.75717583,41.666666667));
#900=CARTESIAN_POINT('',(-0.99475501,-9.971902061,45.833333333));
#901=CARTESIAN_POINT('',(-0.338564328,-10.015674837,47.916666667));
#902=CARTESIAN_POINT('',(0.969780513,-9.974361834,52.083333333));
#903=CARTESIAN_POINT('',(1.62190232,-9.889277077,54.166666667));
#904=CARTESIAN_POINT('',(2.897047914,-9.593512476,58.333333333));
#905=CARTESIAN_POINT('',(3.520040171,-9.382839945,60.416666667));
#906=CARTESIAN_POINT('',(4.712983389,-8.843989813,64.583333333));
#907=CARTESIAN_POINT('',(5.282904853,-8.515825536,66.666666667));
#908=CARTESIAN_POINT('',(6.347801556,-7.754597582,70.833333333));
#909=CARTESIAN_POINT('',(6.842750463,-7.321552728,72.916666667));
#910=CARTESIAN_POINT('',(7.738677268,-6.367200514,77.083333333));
#911=CARTESIAN_POINT('',(8.139633011,-5.845916753,79.166666667));
#912=CARTESIAN_POINT('',(8.832159953,-4.735115502,83.333333333));
#913=CARTESIAN_POINT('',(9.123714027,-4.145625477,85.416666667));
#914=CARTESIAN_POINT('',(9.586227684,-2.921062656,89.583333333));
#915=CARTESIAN_POINT('',(9.75717583,-2.286020138,91.666666667));
#916=CARTESIAN_POINT('',(9.971902061,-0.99475501,95.833333333));
#917=CARTESIAN_POINT('',(10.015674858,-0.338564994,97.916664544));
#918=CARTESIAN_POINT('',(9.995018336,0.315608093,100.));
#919=B_SPLINE_CURVE_WITH_KNOTS('',3,(#885,#886,#887,#888,#889,#890,#891,#892,#893,#894,#895,#896,#897,#898,#899,#900,#901,#902,#903,#904,#905,#906,#907,#908,#909,#910,
#911,#912,#913,#914,#915,#916,#917,#918),.UNSPECIFIED.,.F.,.F.,(4,2,2,2,2,2,2,2,2,2,2,2,2,2,2,2,4),(0.,0.0625,0.125,0.1875,0.25,0.3125,0.375,0.4375,0.5,0.5625,0.625,0.6875,0.75,0.8125,0.875,0.9375,1.),.UNSPECIFIED.);
#920=EDGE_CURVE('',#210,#884,#919,.T.);
#921=ORIENTED_EDGE('',*,*,#920,.T.);
#922=CARTESIAN_POINT('',(9.999997698,0.,100.));
#923=VERTEX_POINT('',#922);
#924=CARTESIAN_POINT('',(8.200565058,-5.72282559,100.));
#925=CARTESIAN_POINT('',(8.812564146,-4.845856992,100.));
#926=CARTESIAN_POINT('',(9.280953875,-3.874082123,100.));
#927=CARTESIAN_POINT('',(9.585709774,-2.848537894,100.));
#928=CARTESIAN_POINT('',(9.890465673,-1.822993665,100.));
#929=CARTESIAN_POINT('',(10.028804818,-0.75437876,100.));
#930=CARTESIAN_POINT('',(9.995018336,0.315608093,100.));
#931=B_SPLINE_CURVE_WITH_KNOTS('',3,(#924,#925,#926,#927,#928,#929,#930),.UNSPECIFIED.,.F.,.F.,(4,3,4),(0.025197696,0.028409257,0.031620817),.UNSPECIFIED.);
#932=EDGE_CURVE('',#923,#884,#931,.T.);
#933=ORIENTED_EDGE('',*,*,#932,.F.);
#934=CARTESIAN_POINT('',(8.200565058,-5.72282559,100.));
#935=CARTESIAN_POINT('',(8.812564146,-4.845856992,100.));
#936=CARTESIAN_POINT('',(9.280953875,-3.874082123,100.));
#937=CARTESIAN_POINT('',(9.585709774,-2.848537894,100.));
#938=CARTESIAN_POINT('',(9.890465673,-1.822993665,100.));
#939=CARTESIAN_POINT('',(10.028804818,-0.75437876,100.));
#940=CARTESIAN_POINT('',(9.995018336,0.315608093,100.));
#941=B_SPLINE_CURVE_WITH_KNOTS('',3,(#934,#935,#936,#937,#938,#939,#940),.UNSPECIFIED.,.F.,.F.,(4,3,4),(0.025197696,0.028409257,0.031620817),.UNSPECIFIED.);
#942=EDGE_CURVE('',#603,#923,#941,.T.);
#943=ORIENTED_EDGE('',*,*,#942,.F.);
#944=ORIENTED_EDGE('',*,*,#639,.F.);
#945=ORIENTED_EDGE('',*,*,#224,.T.);
#946=EDGE_LOOP('',(#921,#933,#943,#944,#945));
#947=FACE_BOUND('',#946,.T.);
#948=ADVANCED_FACE('',(#947),#882,.T.);
#949=CARTESIAN_POINT('',(-9.995018336,-0.315608093,0.));
#950=CARTESIAN_POINT('',(-9.974361813,-0.969781179,2.083335456));
#951=CARTESIAN_POINT('',(-9.889277077,-1.62190232,4.166666667));
#952=CARTESIAN_POINT('',(-9.593512476,-2.897047914,8.333333333));
#953=CARTESIAN_POINT('',(-9.382839945,-3.520040171,10.416666667));
#954=CARTESIAN_POINT('',(-8.843989813,-4.712983389,14.583333333));
#955=CARTESIAN_POINT('',(-8.515825536,-5.282904853,16.666666667));
#956=CARTESIAN_POINT('',(-7.754597582,-6.347801556,20.833333333));
#957=CARTESIAN_POINT('',(-7.321552728,-6.842750463,22.916666667));
#958=CARTESIAN_POINT('',(-6.367200514,-7.738677268,27.083333333));
#959=CARTESIAN_POINT('',(-5.845916753,-8.139633011,29.166666667));
#960=CARTESIAN_POINT('',(-4.735115502,-8.832159953,33.333333333));
#961=CARTESIAN_POINT('',(-4.145625477,-9.123714027,35.416666667));
#962=CARTESIAN_POINT('',(-2.921062656,-9.586227684,39.583333333));
#963=CARTESIAN_POINT('',(-2.286020138,-9.75717583,41.666666667));
#964=CARTESIAN_POINT('',(-0.99475501,-9.971902061,45.833333333));
#965=CARTESIAN_POINT('',(-0.338564328,-10.015674837,47.916666667));
#966=CARTESIAN_POINT('',(0.969780513,-9.974361834,52.083333333));
#967=CARTESIAN_POINT('',(1.62190232,-9.889277077,54.166666667));
#968=CARTESIAN_POINT('',(2.897047914,-9.593512476,58.333333333));
#969=CARTESIAN_POINT('',(3.520040171,-9.382839945,60.416666667));
#970=CARTESIAN_POINT('',(4.712983389,-8.843989813,64.583333333));
#971=CARTESIAN_POINT('',(5.282904853,-8.515825536,66.666666667));
#972=CARTESIAN_POINT('',(6.347801556,-7.754597582,70.833333333));
#973=CARTESIAN_POINT('',(6.842750463,-7.321552728,72.916666667));
#974=CARTESIAN_POINT('',(7.738677268,-6.367200514,77.083333333));
#975=CARTESIAN_POINT('',(8.139633011,-5.845916753,79.166666667));
#976=CARTESIAN_POINT('',(8.832159953,-4.735115502,83.333333333));
#977=CARTESIAN_POINT('',(9.123714027,-4.145625477,85.416666667));
#978=CARTESIAN_POINT('',(9.586227684,-2.921062656,89.583333333));
#979=CARTESIAN_POINT('',(9.75717583,-2.286020138,91.666666667));
#980=CARTESIAN_POINT('',(9.971902061,-0.99475501,95.833333333));
#981=CARTESIAN_POINT('',(10.015674858,-0.338564994,97.916664544));
#982=CARTESIAN_POINT('',(9.995018336,0.315608093,100.));
#983=CARTESIAN_POINT('',(-54.564288219,-3.340423794,0.));
#984=CARTESIAN_POINT('',(-54.345656141,-6.91167836,2.083350982));
#985=CARTESIAN_POINT('',(-53.775306976,-10.461251448,4.166666667));
#986=CARTESIAN_POINT('',(-51.953025758,-17.381154644,8.333333333));
#987=CARTESIAN_POINT('',(-50.701140617,-20.75128339,10.416666667));
#988=CARTESIAN_POINT('',(-47.56386788,-27.182713156,14.583333333));
#989=CARTESIAN_POINT('',(-45.678557858,-30.243855148,16.666666667));
#990=CARTESIAN_POINT('',(-41.346857233,-35.939655246,20.833333333));
#991=CARTESIAN_POINT('',(-38.900573738,-38.574172513,22.916666667));
#992=CARTESIAN_POINT('',(-33.54091005,-43.31545654,27.083333333));
#993=CARTESIAN_POINT('',(-30.627662384,-45.422106062,29.166666667));
#994=CARTESIAN_POINT('',(-24.446004503,-49.026669131,33.333333333));
#995=CARTESIAN_POINT('',(-21.177747141,-50.524493548,35.416666667));
#996=CARTESIAN_POINT('',(-14.411652714,-52.853814321,39.583333333));
#997=CARTESIAN_POINT('',(-10.913982952,-53.685253081,41.666666667));
#998=CARTESIAN_POINT('',(-3.823469192,-54.649817068,45.833333333));
#999=CARTESIAN_POINT('',(-0.230800519,-54.782918445,47.916666667));
#1000=CARTESIAN_POINT('',(6.911648106,-54.345657993,52.083333333));
#1001=CARTESIAN_POINT('',(10.461251448,-53.775306976,54.166666667));
#1002=CARTESIAN_POINT('',(17.381154644,-51.953025758,58.333333333));
#1003=CARTESIAN_POINT('',(20.75128339,-50.701140617,60.416666667));
#1004=CARTESIAN_POINT('',(27.182713156,-47.56386788,64.583333333));
#1005=CARTESIAN_POINT('',(30.243855148,-45.678557858,66.666666667));
#1006=CARTESIAN_POINT('',(35.939655246,-41.346857233,70.833333333));
#1007=CARTESIAN_POINT('',(38.574172513,-38.900573738,72.916666667));
#1008=CARTESIAN_POINT('',(43.31545654,-33.54091005,77.083333333));
#1009=CARTESIAN_POINT('',(45.422106062,-30.627662384,79.166666667));
#1010=CARTESIAN_POINT('',(49.026669131,-24.446004503,83.333333333));
#1011=CARTESIAN_POINT('',(50.524493548,-21.177747141,85.416666667));
#1012=CARTESIAN_POINT('',(52.853814321,-14.411652714,89.583333333));
#1013=CARTESIAN_POINT('',(53.685253081,-10.913982952,91.666666667));
#1014=CARTESIAN_POINT('',(54.649817068,-3.823469192,95.833333333));
#1015=CARTESIAN_POINT('',(54.782920297,-0.230830773,97.916649018));
#1016=CARTESIAN_POINT('',(54.564288219,3.340423794,100.));
#1017=CARTESIAN_POINT('',(-35.355339059,-35.355339059,0.));
#1018=CARTESIAN_POINT('',(-33.04131885,-37.669359269,2.08335015));
#1019=CARTESIAN_POINT('',(-30.499489594,-39.755381279,4.166666667));
#1020=CARTESIAN_POINT('',(-25.057533708,-43.391579951,8.333333333));
#1021=CARTESIAN_POINT('',(-22.157560318,-44.941648022,10.416666667));
#1022=CARTESIAN_POINT('',(-16.110782918,-47.446305229,14.583333333));
#1023=CARTESIAN_POINT('',(-12.964128425,-48.400832434,16.666666667));
#1024=CARTESIAN_POINT('',(-6.544903776,-49.677695606,20.833333333));
#1025=CARTESIAN_POINT('',(-3.272492347,-50.,22.916666667));
#1026=CARTESIAN_POINT('',(3.272492347,-50.,27.083333333));
#1027=CARTESIAN_POINT('',(6.544903776,-49.677695606,29.166666667));
#1028=CARTESIAN_POINT('',(12.964128425,-48.400832434,33.333333333));
#1029=CARTESIAN_POINT('',(16.110782918,-47.446305229,35.416666667));
#1030=CARTESIAN_POINT('',(22.157560318,-44.941648022,39.583333333));
#1031=CARTESIAN_POINT('',(25.057533708,-43.391579951,41.666666667));
#1032=CARTESIAN_POINT('',(30.499489594,-39.755381279,45.833333333));
#1033=CARTESIAN_POINT('',(33.041337529,-37.66934059,47.916666667));
#1034=CARTESIAN_POINT('',(37.66934059,-33.041337529,52.083333333));
#1035=CARTESIAN_POINT('',(39.755381279,-30.499489594,54.166666667));
#1036=CARTESIAN_POINT('',(43.391579951,-25.057533708,58.333333333));
#1037=CARTESIAN_POINT('',(44.941648022,-22.157560318,60.416666667));
#1038=CARTESIAN_POINT('',(47.446305229,-16.110782918,64.583333333));
#1039=CARTESIAN_POINT('',(48.400832434,-12.964128425,66.666666667));
#1040=CARTESIAN_POINT('',(49.677695606,-6.544903776,70.833333333));
#1041=CARTESIAN_POINT('',(50.,-3.272492347,72.916666667));
#1042=CARTESIAN_POINT('',(50.,3.272492347,77.083333333));
#1043=CARTESIAN_POINT('',(49.677695606,6.544903776,79.166666667));
#1044=CARTESIAN_POINT('',(48.400832434,12.964128425,83.333333333));
#1045=CARTESIAN_POINT('',(47.446305229,16.110782918,85.416666667));
#1046=CARTESIAN_POINT('',(44.941648022,22.157560318,89.583333333));
#1047=CARTESIAN_POINT('',(43.391579951,25.057533708,91.666666667));
#1048=CARTESIAN_POINT('',(39.755381279,30.499489594,95.833333333));
#1049=CARTESIAN_POINT('',(37.669359269,33.04131885,97.91664985));
#1050=CARTESIAN_POINT('',(35.355339059,35.355339059,100.));
#1051=B_SPLINE_SURFACE_WITH_KNOTS('',2,3,((#949,#950,#951,#952,#953,#954,#955,#956,#957,#958,#959,#960,#961,#962,#963,#964,#965,#966,#967,#968,#969,#970,#971,#972,#973,#974,
#975,#976,#977,#978,#979,#980,#981,#982),(#983,#984,#985,#986,#987,#988,#989,#990,#991,#992,#993,#994,#995,#996,#997,#998,#999,#1000,#1001,#1002,#1003,#1004,#1005,#1006,#1007,#1008,
#1009,#1010,#1011,#1012,#1013,#1014,#1015,#1016),(#1017,#1018,#1019,#1020,#1021,#1022,#1023,#1024,#1025,#1026,#1027,#1028,#1029,#1030,#1031,#1032,#1033,#1034,#1035,#1036,#1037,#1038,#1039,#1040,#1041,#1042,
#1043,#1044,#1045,#1046,#1047,#1048,#1049,#1050)),.UNSPECIFIED.,.F.,.F.,.U.,(3,3),(4,2,2,2,2,2,2,2,2,2,2,2,2,2,2,2,4),(0.,1.),(0.,0.0625,0.125,0.1875,0.25,0.3125,0.375,0.4375,0.5,0.5625,0.625,0.6875,0.75,0.8125,0.875,0.9375,1.),.UNSPECIFIED.);
#1052=CARTESIAN_POINT('',(-28.256786162,-41.249885994,5.882375089));
#1053=VERTEX_POINT('',#1052);
#1054=CARTESIAN_POINT('',(-35.355339059,-35.355339059,0.));
#1055=CARTESIAN_POINT('',(-33.177429544,-37.533248575,1.960807472));
#1056=CARTESIAN_POINT('',(-30.797722271,-39.509192778,3.92158515));
#1057=CARTESIAN_POINT('',(-28.256786153,-41.249886,5.882375096));
#1058=B_SPLINE_CURVE_WITH_KNOTS('',3,(#1054,#1055,#1056,#1057),.UNSPECIFIED.,.F.,.F.,(4,4),(0.,0.058823749),.UNSPECIFIED.);
#1059=EDGE_CURVE('',#202,#1053,#1058,.T.);
#1060=ORIENTED_EDGE('',*,*,#1059,.T.);
#1061=CARTESIAN_POINT('',(-28.256786162,-41.249885994,5.882375089));
#1062=CARTESIAN_POINT('',(-28.180018313,-41.006081273,6.457722474));
#1063=CARTESIAN_POINT('',(-28.136271184,-40.743209752,7.025778864));
#1064=CARTESIAN_POINT('',(-28.110831333,-40.469168105,7.589505952));
#1065=CARTESIAN_POINT('',(-28.085391482,-40.195126459,8.15323304));
#1066=CARTESIAN_POINT('',(-28.078169628,-39.909902275,8.712619894));
#1067=CARTESIAN_POINT('',(-28.065305176,-39.627218677,9.272908864));
#1068=CARTESIAN_POINT('',(-28.052440724,-39.344535079,9.833197834));
#1069=CARTESIAN_POINT('',(-28.033150488,-39.06518037,10.393939741));
#1070=CARTESIAN_POINT('',(-27.980943974,-38.807303892,10.9579566));
#1071=CARTESIAN_POINT('',(-27.92873746,-38.549427414,11.52197346));
#1072=CARTESIAN_POINT('',(-27.842899653,-38.313583384,12.089446256));
#1073=CARTESIAN_POINT('',(-27.706824013,-38.11145225,12.662406692));
#1074=CARTESIAN_POINT('',(-27.638786193,-38.010386683,12.94888691));
#1075=CARTESIAN_POINT('',(-27.558436083,-37.917575569,13.23670883));
#1076=CARTESIAN_POINT('',(-27.465146691,-37.833406813,13.525927608));
#1077=CARTESIAN_POINT('',(-27.371857299,-37.749238058,13.815146386));
#1078=CARTESIAN_POINT('',(-27.264915273,-37.673421427,14.107295734));
#1079=CARTESIAN_POINT('',(-27.148151262,-37.607439049,14.393983658));
#1080=CARTESIAN_POINT('',(-26.914623242,-37.475474294,14.967359507));
#1081=CARTESIAN_POINT('',(-26.640905551,-37.380703386,15.524235202));
#1082=CARTESIAN_POINT('',(-26.338246388,-37.310963499,16.068982868));
#1083=CARTESIAN_POINT('',(-26.035587226,-37.241223612,16.613730534));
#1084=CARTESIAN_POINT('',(-25.704055009,-37.196414031,17.146373015));
#1085=CARTESIAN_POINT('',(-25.352115168,-37.167016659,17.670149686));
#1086=CARTESIAN_POINT('',(-25.176145248,-37.152317973,17.932038021));
#1087=CARTESIAN_POINT('',(-24.995043621,-37.141533365,18.191635061));
#1088=CARTESIAN_POINT('',(-24.810730353,-37.133754512,18.447784181));
#1089=CARTESIAN_POINT('',(-24.626417084,-37.125975659,18.703933302));
#1090=CARTESIAN_POINT('',(-24.43858955,-37.121178958,18.957083415));
#1091=CARTESIAN_POINT('',(-24.247837223,-37.118543499,19.207740437));
#1092=CARTESIAN_POINT('',(-23.866332568,-37.113272581,19.709054481));
#1093=CARTESIAN_POINT('',(-23.47322021,-37.116521961,20.200474642));
#1094=CARTESIAN_POINT('',(-23.071853158,-37.123575237,20.684879072));
#1095=CARTESIAN_POINT('',(-22.670486107,-37.130628514,21.169283502));
#1096=CARTESIAN_POINT('',(-22.260821437,-37.141541812,21.646635394));
#1097=CARTESIAN_POINT('',(-21.845065816,-37.153193632,22.118829062));
#1098=CARTESIAN_POINT('',(-21.013554572,-37.176497273,23.063216398));
#1099=CARTESIAN_POINT('',(-20.158013681,-37.202251043,23.987257978));
#1100=CARTESIAN_POINT('',(-19.289023543,-37.215711008,24.900034554));
#1101=CARTESIAN_POINT('',(-18.420033404,-37.229170973,25.812811131));
#1102=CARTESIAN_POINT('',(-17.538478119,-37.230642091,26.712965254));
#1103=CARTESIAN_POINT('',(-16.65083021,-37.211939037,27.606185439));
#1104=CARTESIAN_POINT('',(-15.763182301,-37.193235983,28.499405625));
#1105=CARTESIAN_POINT('',(-14.869261392,-37.154520931,29.385670744));
#1106=CARTESIAN_POINT('',(-13.973206167,-37.090950526,30.268929688));
#1107=CARTESIAN_POINT('',(-13.077150943,-37.027380122,31.152188631));
#1108=CARTESIAN_POINT('',(-12.178377218,-36.938941919,32.032861508));
#1109=CARTESIAN_POINT('',(-11.283661899,-36.82292088,32.910668911));
#1110=CARTESIAN_POINT('',(-10.388946581,-36.706899841,33.788476313));
#1111=CARTESIAN_POINT('',(-9.497677024,-36.563300163,34.664015496));
#1112=CARTESIAN_POINT('',(-8.612714045,-36.390270963,35.53977211));
#1113=CARTESIAN_POINT('',(-7.727751066,-36.217241763,36.415528724));
#1114=CARTESIAN_POINT('',(-6.849066785,-36.014811146,37.291480634));
#1115=CARTESIAN_POINT('',(-5.979180375,-35.781673076,38.169883871));
#1116=CARTESIAN_POINT('',(-5.109293965,-35.548535006,39.048287107));
#1117=CARTESIAN_POINT('',(-4.247188671,-35.284315809,39.930235319));
#1118=CARTESIAN_POINT('',(-3.398881504,-34.989222933,40.814305026));
#1119=CARTESIAN_POINT('',(-1.702267168,-34.399037182,42.582444441));
#1120=CARTESIAN_POINT('',(-0.065502475,-33.687333876,44.353869375));
#1121=CARTESIAN_POINT('',(1.493566343,-32.854500888,46.144865539));
#1122=CARTESIAN_POINT('',(1.883333548,-32.646292641,46.59261458));
#1123=CARTESIAN_POINT('',(2.268237389,-32.430518108,47.041595287));
#1124=CARTESIAN_POINT('',(2.647985536,-32.207194747,47.49207907));
#1125=CARTESIAN_POINT('',(3.027733682,-31.983871386,47.942562854));
#1126=CARTESIAN_POINT('',(3.402539634,-31.752846774,48.394822398));
#1127=CARTESIAN_POINT('',(3.770761762,-31.515048181,48.847455202));
#1128=CARTESIAN_POINT('',(4.50720602,-31.039450995,49.752720811));
#1129=CARTESIAN_POINT('',(5.21832011,-30.536230469,50.660589779));
#1130=CARTESIAN_POINT('',(5.902166087,-30.006462668,51.573124906));
#1131=CARTESIAN_POINT('',(6.586012064,-29.476694866,52.485660034));
#1132=CARTESIAN_POINT('',(7.242585882,-28.920374557,53.402861259));
#1133=CARTESIAN_POINT('',(7.869784732,-28.338606609,54.326930209));
#1134=CARTESIAN_POINT('',(8.496983581,-27.756838661,55.250999159));
#1135=CARTESIAN_POINT('',(9.095335916,-27.148861686,56.182969174));
#1136=CARTESIAN_POINT('',(9.658343109,-26.521016659,57.117759966));
#1137=CARTESIAN_POINT('',(10.784357495,-25.265326605,58.98734155));
#1138=CARTESIAN_POINT('',(11.773197481,-23.92680001,60.87352658));
#1139=CARTESIAN_POINT('',(12.611080617,-22.521660649,62.795056713));
#1140=CARTESIAN_POINT('',(13.448963753,-21.116521288,64.716586847));
#1141=CARTESIAN_POINT('',(14.122046491,-19.667693285,66.642443365));
#1142=CARTESIAN_POINT('',(14.627507767,-18.200126287,68.58893663));
#1143=CARTESIAN_POINT('',(15.132969044,-16.732559288,70.535429894));
#1144=CARTESIAN_POINT('',(15.471079536,-15.245598718,72.502951981));
#1145=CARTESIAN_POINT('',(15.63657357,-13.765385348,74.512035182));
#1146=CARTESIAN_POINT('',(15.719320586,-13.025278663,75.516576782));
#1147=CARTESIAN_POINT('',(15.758873102,-12.286909556,76.53155493));
#1148=CARTESIAN_POINT('',(15.75427464,-11.554094028,77.56000667));
#1149=CARTESIAN_POINT('',(15.749676178,-10.8212785,78.588458411));
#1150=CARTESIAN_POINT('',(15.700947646,-10.100770346,79.620974477));
#1151=CARTESIAN_POINT('',(15.609507476,-9.396668805,80.65974636));
#1152=CARTESIAN_POINT('',(15.518067307,-8.692567264,81.698518243));
#1153=CARTESIAN_POINT('',(15.383910955,-8.004746955,82.743690516));
#1154=CARTESIAN_POINT('',(15.208379131,-7.337270732,83.798110962));
#1155=CARTESIAN_POINT('',(15.12061322,-7.00353262,84.325321185));
#1156=CARTESIAN_POINT('',(15.022362993,-6.674480396,84.855518137));
#1157=CARTESIAN_POINT('',(14.914264777,-6.352020449,85.386830404));
#1158=CARTESIAN_POINT('',(14.806166561,-6.029560502,85.918142672));
#1159=CARTESIAN_POINT('',(14.688456149,-5.714295869,86.449547384));
#1160=CARTESIAN_POINT('',(14.561595757,-5.406607923,86.981374061));
#1161=CARTESIAN_POINT('',(14.054154186,-4.175856138,89.108680769));
#1162=CARTESIAN_POINT('',(13.400249328,-3.066113793,91.242617778));
#1163=CARTESIAN_POINT('',(12.629032454,-2.103211727,93.40478387));
#1164=CARTESIAN_POINT('',(11.85781558,-1.140309661,95.566949963));
#1165=CARTESIAN_POINT('',(10.968908852,-0.324070453,97.757137449));
#1166=CARTESIAN_POINT('',(9.995018336,0.315608093,100.));
#1167=B_SPLINE_CURVE_WITH_KNOTS('',3,(#1061,#1062,#1063,#1064,#1065,#1066,#1067,#1068,#1069,#1070,#1071,#1072,#1073,#1074,#1075,#1076,#1077,#1078,#1079,#1080,#1081,#1082,#1083,#1084,#1085,#1086,
#1087,#1088,#1089,#1090,#1091,#1092,#1093,#1094,#1095,#1096,#1097,#1098,#1099,#1100,#1101,#1102,#1103,#1104,#1105,#1106,#1107,#1108,#1109,#1110,#1111,
#1112,#1113,#1114,#1115,#1116,#1117,#1118,#1119,#1120,#1121,#1122,#1123,#1124,#1125,#1126,#1127,#1128,#1129,#1130,#1131,#1132,#1133,#1134,#1135,#1136,
#1137,#1138,#1139,#1140,#1141,#1142,#1143,#1144,#1145,#1146,#1147,#1148,#1149,#1150,#1151,#1152,#1153,#1154,#1155,#1156,#1157,#1158,#1159,#1160,#1161,
#1162,#1163,#1164,#1165,#1166),.UNSPECIFIED.,.F.,.F.,(4,3,3,3,3,3,3,3,3,3,3,3,3,3,3,3,3,3,3,3,3,3,3,3,3,3,
3,3,3,3,3,3,3,3,3,4),(0.,0.001881849,0.003763698,0.005645548,0.007527397,0.008468322,0.009409246,0.011291095,0.013172945,0.014113869,0.015054794,0.016936643,0.018818492,0.022582191,0.026345889,0.030109588,0.033873286,0.037636985,0.041400683,0.045164382,0.052691779,0.054573628,0.056455477,0.060219176,0.063982874,0.067746573,
0.07527397,0.082801367,0.090328764,0.094092462,0.09785616,0.101619859,0.103501708,0.105383557,0.112910954,0.120438351),.UNSPECIFIED.);
#1168=EDGE_CURVE('',#1053,#884,#1167,.T.);
#1169=ORIENTED_EDGE('',*,*,#1168,.T.);
#1170=ORIENTED_EDGE('',*,*,#920,.F.);
#1171=ORIENTED_EDGE('',*,*,#215,.T.);
#1172=EDGE_LOOP('',(#1060,#1169,#1170,#1171));
#1173=FACE_BOUND('',#1172,.T.);
#1174=ADVANCED_FACE('',(#1173),#1051,.T.);
#1175=CARTESIAN_POINT('',(-35.355339059,-35.355339059,0.));
#1176=CARTESIAN_POINT('',(-33.04131885,-37.669359269,2.08335015));
#1177=CARTESIAN_POINT('',(-30.499489594,-39.755381279,4.166666667));
#1178=CARTESIAN_POINT('',(-25.057533708,-43.391579951,8.333333333));
#1179=CARTESIAN_POINT('',(-22.157560318,-44.941648022,10.416666667));
#1180=CARTESIAN_POINT('',(-16.110782918,-47.446305229,14.583333333));
#1181=CARTESIAN_POINT('',(-12.964128425,-48.400832434,16.666666667));
#1182=CARTESIAN_POINT('',(-6.544903776,-49.677695606,20.833333333));
#1183=CARTESIAN_POINT('',(-3.272492347,-50.,22.916666667));
#1184=CARTESIAN_POINT('',(3.272492347,-50.,27.083333333));
#1185=CARTESIAN_POINT('',(6.544903776,-49.677695606,29.166666667));
#1186=CARTESIAN_POINT('',(12.964128425,-48.400832434,33.333333333));
#1187=CARTESIAN_POINT('',(16.110782918,-47.446305229,35.416666667));
#1188=CARTESIAN_POINT('',(22.157560318,-44.941648022,39.583333333));
#1189=CARTESIAN_POINT('',(25.057533708,-43.391579951,41.666666667));
#1190=CARTESIAN_POINT('',(30.499489594,-39.755381279,45.833333333));
#1191=CARTESIAN_POINT('',(33.041337529,-37.66934059,47.916666667));
#1192=CARTESIAN_POINT('',(37.66934059,-33.041337529,52.083333333));
#1193=CARTESIAN_POINT('',(39.755381279,-30.499489594,54.166666667));
#1194=CARTESIAN_POINT('',(43.391579951,-25.057533708,58.333333333));
#1195=CARTESIAN_POINT('',(44.941648022,-22.157560318,60.416666667));
#1196=CARTESIAN_POINT('',(47.446305229,-16.110782918,64.583333333));
#1197=CARTESIAN_POINT('',(48.400832434,-12.964128425,66.666666667));
#1198=CARTESIAN_POINT('',(49.677695606,-6.544903776,70.833333333));
#1199=CARTESIAN_POINT('',(50.,-3.272492347,72.916666667));
#1200=CARTESIAN_POINT('',(50.,3.272492347,77.083333333));
#1201=CARTESIAN_POINT('',(49.677695606,6.544903776,79.166666667));
#1202=CARTESIAN_POINT('',(48.400832434,12.964128425,83.333333333));
#1203=CARTESIAN_POINT('',(47.446305229,16.110782918,85.416666667));
#1204=CARTESIAN_POINT('',(44.941648022,22.157560318,89.583333333));
#1205=CARTESIAN_POINT('',(43.391579951,25.057533708,91.666666667));
#1206=CARTESIAN_POINT('',(39.755381279,30.499489594,95.833333333));
#1207=CARTESIAN_POINT('',(37.669359269,33.04131885,97.91664985));
#1208=CARTESIAN_POINT('',(35.355339059,35.355339059,100.));
#1209=CARTESIAN_POINT('',(-47.987334375,-10.091348428,0.));
#1210=CARTESIAN_POINT('',(-47.326851893,-13.232137185,2.08334996));
#1211=CARTESIAN_POINT('',(-46.357065712,-16.307748429,4.166666667));
#1212=CARTESIAN_POINT('',(-43.836027861,-22.210872599,8.333333333));
#1213=CARTESIAN_POINT('',(-42.2848438,-25.038214493,10.416666667));
#1214=CARTESIAN_POINT('',(-38.660604589,-30.336081701,14.583333333));
#1215=CARTESIAN_POINT('',(-36.587639055,-32.806476016,16.666666667));
#1216=CARTESIAN_POINT('',(-31.999475965,-37.295492196,20.833333333));
#1217=CARTESIAN_POINT('',(-29.48439186,-39.314003063,22.916666667));
#1218=CARTESIAN_POINT('',(-24.108625425,-42.821657842,27.083333333));
#1219=CARTESIAN_POINT('',(-21.248076021,-44.31071502,29.166666667));
#1220=CARTESIAN_POINT('',(-15.29129393,-46.702211191,33.333333333));
#1221=CARTESIAN_POINT('',(-12.195208536,-47.604591049,35.416666667));
#1222=CARTESIAN_POINT('',(-5.886326584,-48.788024756,39.583333333));
#1223=CARTESIAN_POINT('',(-2.673686026,-49.069049341,41.666666667));
#1224=CARTESIAN_POINT('',(3.74484899,-48.998941889,45.833333333));
#1225=CARTESIAN_POINT('',(6.950584738,-48.647811585,47.916666667));
#1226=CARTESIAN_POINT('',(13.232112119,-47.326857165,52.083333333));
#1227=CARTESIAN_POINT('',(16.307748429,-46.357065711,54.166666667));
#1228=CARTESIAN_POINT('',(22.210872599,-43.836027861,58.333333333));
#1229=CARTESIAN_POINT('',(25.038214493,-42.2848438,60.416666667));
#1230=CARTESIAN_POINT('',(30.336081701,-38.660604589,64.583333333));
#1231=CARTESIAN_POINT('',(32.806476016,-36.587639055,66.666666667));
#1232=CARTESIAN_POINT('',(37.295492196,-31.999475965,70.833333333));
#1233=CARTESIAN_POINT('',(39.314003063,-29.48439186,72.916666667));
#1234=CARTESIAN_POINT('',(42.821657842,-24.108625425,77.083333333));
#1235=CARTESIAN_POINT('',(44.31071502,-21.248076021,79.166666667));
#1236=CARTESIAN_POINT('',(46.702211191,-15.29129393,83.333333333));
#1237=CARTESIAN_POINT('',(47.604591049,-12.195208536,85.416666667));
#1238=CARTESIAN_POINT('',(48.788024756,-5.886326584,89.583333333));
#1239=CARTESIAN_POINT('',(49.069049341,-2.673686026,91.666666667));
#1240=CARTESIAN_POINT('',(48.998941889,3.74484899,95.833333333));
#1241=CARTESIAN_POINT('',(48.647816856,6.950559672,97.91665004));
#1242=CARTESIAN_POINT('',(47.987334375,10.091348428,100.));
#1243=CARTESIAN_POINT('',(-9.845323944,-1.75202638,0.));
#1244=CARTESIAN_POINT('',(-9.730653969,-2.396401982,2.083335456));
#1245=CARTESIAN_POINT('',(-9.552523239,-3.029466621,4.166666667));
#1246=CARTESIAN_POINT('',(-9.07616759,-4.248711584,8.333333333));
#1247=CARTESIAN_POINT('',(-8.777954565,-4.834861104,10.416666667));
#1248=CARTESIAN_POINT('',(-8.072889063,-5.93774624,14.583333333));
#1249=CARTESIAN_POINT('',(-7.66605402,-6.454454586,16.666666667));
#1250=CARTESIAN_POINT('',(-6.759373938,-7.398596638,20.833333333));
#1251=CARTESIAN_POINT('',(-6.259551318,-7.826006999,22.916666667));
#1252=CARTESIAN_POINT('',(-5.186099862,-8.575123117,27.083333333));
#1253=CARTESIAN_POINT('',(-4.612497569,-8.896810351,29.166666667));
#1254=CARTESIAN_POINT('',(-3.413526877,-9.422112423,33.333333333));
#1255=CARTESIAN_POINT('',(-2.788188125,-9.625714271,35.416666667));
#1256=CARTESIAN_POINT('',(-1.509773969,-9.907015232,39.583333333));
#1257=CARTESIAN_POINT('',(-0.856730176,-9.984707389,41.666666667));
#1258=CARTESIAN_POINT('',(0.451998706,-10.011197002,45.833333333));
#1259=CARTESIAN_POINT('',(1.107651434,-9.959993803,47.916666667));
#1260=CARTESIAN_POINT('',(2.396401325,-9.730654086,52.083333333));
#1261=CARTESIAN_POINT('',(3.029466621,-9.552523239,54.166666667));
#1262=CARTESIAN_POINT('',(4.248711584,-9.07616759,58.333333333));
#1263=CARTESIAN_POINT('',(4.834861104,-8.777954565,60.416666667));
#1264=CARTESIAN_POINT('',(5.93774624,-8.072889063,64.583333333));
#1265=CARTESIAN_POINT('',(6.454454586,-7.66605402,66.666666667));
#1266=CARTESIAN_POINT('',(7.398596638,-6.759373938,70.833333333));
#1267=CARTESIAN_POINT('',(7.826006999,-6.259551318,72.916666667));
#1268=CARTESIAN_POINT('',(8.575123117,-5.186099862,77.083333333));
#1269=CARTESIAN_POINT('',(8.896810351,-4.612497569,79.166666667));
#1270=CARTESIAN_POINT('',(9.422112423,-3.413526877,83.333333333));
#1271=CARTESIAN_POINT('',(9.625714271,-2.788188125,85.416666667));
#1272=CARTESIAN_POINT('',(9.907015232,-1.509773969,89.583333333));
#1273=CARTESIAN_POINT('',(9.984707389,-0.856730176,91.666666667));
#1274=CARTESIAN_POINT('',(10.011197002,0.451998706,95.833333333));
#1275=CARTESIAN_POINT('',(9.959993919,1.107650778,97.916664544));
#1276=CARTESIAN_POINT('',(9.845323944,1.75202638,100.));
#1277=B_SPLINE_SURFACE_WITH_KNOTS('',2,3,((#1175,#1176,#1177,#1178,#1179,#1180,#1181,#1182,#1183,#1184,#1185,#1186,#1187,#1188,#1189,#1190,#1191,#1192,#1193,#1194,#1195,#1196,#1197,#1198,#1199,#1200,
#1201,#1202,#1203,#1204,#1205,#1206,#1207,#1208),(#1209,#1210,#1211,#1212,#1213,#1214,#1215,#1216,#1217,#1218,#1219,#1220,#1221,#1222,#1223,#1224,#1225,#1226,#1227,#1228,#1229,#1230,#1231,#1232,#1233,#1234,
#1235,#1236,#1237,#1238,#1239,#1240,#1241,#1242),(#1243,#1244,#1245,#1246,#1247,#1248,#1249,#1250,#1251,#1252,#1253,#1254,#1255,#1256,#1257,#1258,#1259,#1260,#1261,#1262,#1263,#1264,#1265,#1266,#1267,#1268,
#1269,#1270,#1271,#1272,#1273,#1274,#1275,#1276)),.UNSPECIFIED.,.F.,.F.,.U.,(3,3),(4,2,2,2,2,2,2,2,2,2,2,2,2,2,2,2,4),(0.,1.),(0.,0.0625,0.125,0.1875,0.25,0.3125,0.375,0.4375,0.5,0.5625,0.625,0.6875,0.75,0.8125,0.875,0.9375,1.),.UNSPECIFIED.);
#1278=CARTESIAN_POINT('',(9.845323944,1.75202638,100.));
#1279=VERTEX_POINT('',#1278);
#1280=CARTESIAN_POINT('',(-9.845323944,-1.75202638,0.));
#1281=CARTESIAN_POINT('',(-9.730653969,-2.396401982,2.083335456));
#1282=CARTESIAN_POINT('',(-9.552523239,-3.029466621,4.166666667));
#1283=CARTESIAN_POINT('',(-9.07616759,-4.248711584,8.333333333));
#1284=CARTESIAN_POINT('',(-8.777954565,-4.834861104,10.416666667));
#1285=CARTESIAN_POINT('',(-8.072889063,-5.93774624,14.583333333));
#1286=CARTESIAN_POINT('',(-7.66605402,-6.454454586,16.666666667));
#1287=CARTESIAN_POINT('',(-6.759373938,-7.398596638,20.833333333));
#1288=CARTESIAN_POINT('',(-6.259551318,-7.826006999,22.916666667));
#1289=CARTESIAN_POINT('',(-5.186099862,-8.575123117,27.083333333));
#1290=CARTESIAN_POINT('',(-4.612497569,-8.896810351,29.166666667));
#1291=CARTESIAN_POINT('',(-3.413526877,-9.422112423,33.333333333));
#1292=CARTESIAN_POINT('',(-2.788188125,-9.625714271,35.416666667));
#1293=CARTESIAN_POINT('',(-1.509773969,-9.907015232,39.583333333));
#1294=CARTESIAN_POINT('',(-0.856730176,-9.984707389,41.666666667));
#1295=CARTESIAN_POINT('',(0.451998706,-10.011197002,45.833333333));
#1296=CARTESIAN_POINT('',(1.107651434,-9.959993803,47.916666667));
#1297=CARTESIAN_POINT('',(2.396401325,-9.730654086,52.083333333));
#1298=CARTESIAN_POINT('',(3.029466621,-9.552523239,54.166666667));
#1299=CARTESIAN_POINT('',(4.248711584,-9.07616759,58.333333333));
#1300=CARTESIAN_POINT('',(4.834861104,-8.777954565,60.416666667));
#1301=CARTESIAN_POINT('',(5.93774624,-8.072889063,64.583333333));
#1302=CARTESIAN_POINT('',(6.454454586,-7.66605402,66.666666667));
#1303=CARTESIAN_POINT('',(7.398596638,-6.759373938,70.833333333));
#1304=CARTESIAN_POINT('',(7.826006999,-6.259551318,72.916666667));
#1305=CARTESIAN_POINT('',(8.575123117,-5.186099862,77.083333333));
#1306=CARTESIAN_POINT('',(8.896810351,-4.612497569,79.166666667));
#1307=CARTESIAN_POINT('',(9.422112423,-3.413526877,83.333333333));
#1308=CARTESIAN_POINT('',(9.625714271,-2.788188125,85.416666667));
#1309=CARTESIAN_POINT('',(9.907015232,-1.509773969,89.583333333));
#1310=CARTESIAN_POINT('',(9.984707389,-0.856730176,91.666666667));
#1311=CARTESIAN_POINT('',(10.011197002,0.451998706,95.833333333));
#1312=CARTESIAN_POINT('',(9.959993919,1.107650778,97.916664544));
#1313=CARTESIAN_POINT('',(9.845323944,1.75202638,100.));
#1314=B_SPLINE_CURVE_WITH_KNOTS('',3,(#1280,#1281,#1282,#1283,#1284,#1285,#1286,#1287,#1288,#1289,#1290,#1291,#1292,#1293,#1294,#1295,#1296,#1297,#1298,#1299,#1300,#1301,#1302,#1303,#1304,#1305,
#1306,#1307,#1308,#1309,#1310,#1311,#1312,#1313),.UNSPECIFIED.,.F.,.F.,(4,2,2,2,2,2,2,2,2,2,2,2,2,2,2,2,4),(0.,0.0625,0.125,0.1875,0.25,0.3125,0.375,0.4375,0.5,0.5625,0.625,0.6875,0.75,0.8125,0.875,0.9375,1.),.UNSPECIFIED.);
#1315=EDGE_CURVE('',#193,#1279,#1314,.T.);
#1316=ORIENTED_EDGE('',*,*,#1315,.T.);
#1317=CARTESIAN_POINT('',(9.845323944,1.75202638,100.));
#1318=CARTESIAN_POINT('',(10.917482291,1.254277831,97.72148761));
#1319=CARTESIAN_POINT('',(11.931999257,0.563353228,95.492265443));
#1320=CARTESIAN_POINT('',(12.849551581,-0.296995991,93.287097869));
#1321=CARTESIAN_POINT('',(13.308327743,-0.7271706,92.184514082));
#1322=CARTESIAN_POINT('',(13.74298965,-1.199766816,91.088021146));
#1323=CARTESIAN_POINT('',(14.149017035,-1.712137751,89.994749742));
#1324=CARTESIAN_POINT('',(14.352030727,-1.968323219,89.44811404));
#1325=CARTESIAN_POINT('',(14.547891104,-2.234454756,88.90228682));
#1326=CARTESIAN_POINT('',(14.73603784,-2.510214615,88.356916327));
#1327=CARTESIAN_POINT('',(14.924184576,-2.785974473,87.811545834));
#1328=CARTESIAN_POINT('',(15.104918138,-3.071909244,87.265649031));
#1329=CARTESIAN_POINT('',(15.276403171,-3.365425825,86.7230196));
#1330=CARTESIAN_POINT('',(15.962343301,-4.53949215,84.552501875));
#1331=CARTESIAN_POINT('',(16.501761487,-5.835205551,82.430846048));
#1332=CARTESIAN_POINT('',(16.878741959,-7.219851345,80.333988225));
#1333=CARTESIAN_POINT('',(17.067232195,-7.912174243,79.285559313));
#1334=CARTESIAN_POINT('',(17.215148283,-8.626851468,78.243414396));
#1335=CARTESIAN_POINT('',(17.320500782,-9.360287972,77.20486159));
#1336=CARTESIAN_POINT('',(17.373177032,-9.727006224,76.685585187));
#1337=CARTESIAN_POINT('',(17.415213949,-10.098418414,76.167209755));
#1338=CARTESIAN_POINT('',(17.446353787,-10.474092192,75.649407909));
#1339=CARTESIAN_POINT('',(17.477493624,-10.849765969,75.131606063));
#1340=CARTESIAN_POINT('',(17.497663438,-11.229368655,74.614859025));
#1341=CARTESIAN_POINT('',(17.506736789,-11.610068573,74.101989859));
#1342=CARTESIAN_POINT('',(17.543030195,-13.132868249,72.050513198));
#1343=CARTESIAN_POINT('',(17.402961591,-14.683074149,70.046516732));
#1344=CARTESIAN_POINT('',(17.090684323,-16.232906658,68.067900478));
#1345=CARTESIAN_POINT('',(16.778407055,-17.782739167,66.089284224));
#1346=CARTESIAN_POINT('',(16.293883646,-19.332483275,64.136274142));
#1347=CARTESIAN_POINT('',(15.638171325,-20.857935255,62.189996845));
#1348=CARTESIAN_POINT('',(15.474243245,-21.23929825,61.70342752));
#1349=CARTESIAN_POINT('',(15.299442431,-21.619389748,61.216970941));
#1350=CARTESIAN_POINT('',(15.115246896,-21.995046872,60.733966372));
#1351=CARTESIAN_POINT('',(14.931051362,-22.370703997,60.250961803));
#1352=CARTESIAN_POINT('',(14.737206872,-22.742566711,59.770597282));
#1353=CARTESIAN_POINT('',(14.533985241,-23.110384182,59.292541108));
#1354=CARTESIAN_POINT('',(14.127541979,-23.846019126,58.336428759));
#1355=CARTESIAN_POINT('',(13.683607762,-24.565465686,57.389534662));
#1356=CARTESIAN_POINT('',(13.204149882,-25.266845504,56.449412804));
#1357=CARTESIAN_POINT('',(12.245234122,-26.66960514,54.569169089));
#1358=CARTESIAN_POINT('',(11.144389476,-28.00006766,52.715900399));
#1359=CARTESIAN_POINT('',(9.9143029,-29.244314445,50.872533958));
#1360=CARTESIAN_POINT('',(9.299259613,-29.866437838,49.950850737));
#1361=CARTESIAN_POINT('',(8.651885131,-30.467018983,49.031663012));
#1362=CARTESIAN_POINT('',(7.973533117,-31.044356204,48.112993352));
#1363=CARTESIAN_POINT('',(7.634357111,-31.333024815,47.653658522));
#1364=CARTESIAN_POINT('',(7.288013939,-31.615357585,47.195266252));
#1365=CARTESIAN_POINT('',(6.936141087,-31.890203865,46.739304424));
#1366=CARTESIAN_POINT('',(6.584268235,-32.165050144,46.283342597));
#1367=CARTESIAN_POINT('',(6.22647521,-32.432748656,45.829279504));
#1368=CARTESIAN_POINT('',(5.863074163,-32.693278874,45.376828429));
#1369=CARTESIAN_POINT('',(4.409469974,-33.735399748,43.567024131));
#1370=CARTESIAN_POINT('',(2.866374564,-34.662788436,41.782783087));
#1371=CARTESIAN_POINT('',(1.251931969,-35.474670581,40.007636257));
#1372=CARTESIAN_POINT('',(-0.362510627,-36.286552726,38.232489427));
#1373=CARTESIAN_POINT('',(-2.048446127,-36.982800191,36.466505989));
#1374=CARTESIAN_POINT('',(-3.787420815,-37.564649533,34.69388625));
#1375=CARTESIAN_POINT('',(-4.656908159,-37.855574203,33.807576381));
#1376=CARTESIAN_POINT('',(-5.540411188,-38.118037835,32.918897299));
#1377=CARTESIAN_POINT('',(-6.428866153,-38.351297587,32.031992689));
#1378=CARTESIAN_POINT('',(-7.317321118,-38.584557339,31.14508808));
#1379=CARTESIAN_POINT('',(-8.211991978,-38.789121891,30.25859373));
#1380=CARTESIAN_POINT('',(-9.109999728,-38.967003802,29.37002454));
#1381=CARTESIAN_POINT('',(-10.008007478,-39.144885712,28.48145535));
#1382=CARTESIAN_POINT('',(-10.90939345,-39.296044095,27.590844557));
#1383=CARTESIAN_POINT('',(-11.810730054,-39.423323694,26.695324841));
#1384=CARTESIAN_POINT('',(-12.712066658,-39.550603293,25.799805126));
#1385=CARTESIAN_POINT('',(-13.613769532,-39.653994487,24.898950084));
#1386=CARTESIAN_POINT('',(-14.509011783,-39.737586097,23.991735242));
#1387=CARTESIAN_POINT('',(-15.404254033,-39.821177707,23.084520399));
#1388=CARTESIAN_POINT('',(-16.293573446,-39.884943225,22.170608335));
#1389=CARTESIAN_POINT('',(-17.171653557,-39.935392605,21.245425028));
#1390=CARTESIAN_POINT('',(-18.049733668,-39.985841986,20.32024172));
#1391=CARTESIAN_POINT('',(-18.916655213,-40.022849003,19.38385501));
#1392=CARTESIAN_POINT('',(-19.764713594,-40.056602881,18.429680901));
#1393=CARTESIAN_POINT('',(-20.188742785,-40.07347982,17.952593847));
#1394=CARTESIAN_POINT('',(-20.608020891,-40.089605208,17.471030672));
#1395=CARTESIAN_POINT('',(-21.021364156,-40.106659986,16.983986621));
#1396=CARTESIAN_POINT('',(-21.434707422,-40.123714763,16.49694257));
#1397=CARTESIAN_POINT('',(-21.842283722,-40.141712068,16.004178909));
#1398=CARTESIAN_POINT('',(-22.241041418,-40.162598481,15.506647533));
#1399=CARTESIAN_POINT('',(-23.038556808,-40.204371308,14.511584782));
#1400=CARTESIAN_POINT('',(-23.801986137,-40.257705441,13.495910059));
#1401=CARTESIAN_POINT('',(-24.518137344,-40.341058704,12.45314005));
#1402=CARTESIAN_POINT('',(-24.876212948,-40.382735336,11.931755045));
#1403=CARTESIAN_POINT('',(-25.222443494,-40.43198095,11.403586717));
#1404=CARTESIAN_POINT('',(-25.55611032,-40.49038118,10.868343853));
#1405=CARTESIAN_POINT('',(-25.889777146,-40.54878141,10.333100989));
#1406=CARTESIAN_POINT('',(-26.210825131,-40.616398102,9.790754867));
#1407=CARTESIAN_POINT('',(-26.519981972,-40.693402114,9.241790154));
#1408=CARTESIAN_POINT('',(-26.829138814,-40.770406126,8.69282544));
#1409=CARTESIAN_POINT('',(-27.126377118,-40.85683424,8.137228508));
#1410=CARTESIAN_POINT('',(-27.414541713,-40.950649198,7.576605064));
#1411=CARTESIAN_POINT('',(-27.702706308,-41.044464157,7.01598162));
#1412=CARTESIAN_POINT('',(-27.981833012,-41.145638249,6.450351664));
#1413=CARTESIAN_POINT('',(-28.256786162,-41.249885994,5.882375089));
#1414=B_SPLINE_CURVE_WITH_KNOTS('',3,(#1317,#1318,#1319,#1320,#1321,#1322,#1323,#1324,#1325,#1326,#1327,#1328,#1329,#1330,#1331,#1332,#1333,#1334,#1335,#1336,#1337,#1338,#1339,#1340,#1341,#1342,
#1343,#1344,#1345,#1346,#1347,#1348,#1349,#1350,#1351,#1352,#1353,#1354,#1355,#1356,#1357,#1358,#1359,#1360,#1361,#1362,#1363,#1364,#1365,#1366,#1367,
#1368,#1369,#1370,#1371,#1372,#1373,#1374,#1375,#1376,#1377,#1378,#1379,#1380,#1381,#1382,#1383,#1384,#1385,#1386,#1387,#1388,#1389,#1390,#1391,#1392,
#1393,#1394,#1395,#1396,#1397,#1398,#1399,#1400,#1401,#1402,#1403,#1404,#1405,#1406,#1407,#1408,#1409,#1410,#1411,#1412,#1413),.UNSPECIFIED.,.F.,.F.,(4,3,3,3,3,3,3,3,3,3,3,3,3,3,3,3,3,3,3,3,3,3,3,3,3,3,
3,3,3,3,3,3,4),(0.,0.007615674,0.011423511,0.013327429,0.015231348,0.022847021,0.026654858,0.028558777,0.030462695,0.038078369,0.045694043,0.047597961,0.04950188,0.053309717,0.06092539,0.064733227,0.066637146,0.068541064,0.076156738,0.083772412,0.087580249,0.091388086,0.095195923,0.099003759,0.102811596,0.106619433,
0.108523352,0.11042727,0.114235107,0.116139026,0.118042944,0.119946862,0.121850781),.UNSPECIFIED.);
#1415=EDGE_CURVE('',#1279,#1053,#1414,.T.);
#1416=ORIENTED_EDGE('',*,*,#1415,.T.);
#1417=ORIENTED_EDGE('',*,*,#1059,.F.);
#1418=ORIENTED_EDGE('',*,*,#207,.T.);
#1419=EDGE_LOOP('',(#1316,#1416,#1417,#1418));
#1420=FACE_BOUND('',#1419,.T.);
#1421=ADVANCED_FACE('',(#1420),#1277,.T.);
#1422=CARTESIAN_POINT('',(-9.845323944,-1.75202638,0.));
#1423=CARTESIAN_POINT('',(-9.730653969,-2.396401982,2.083335456));
#1424=CARTESIAN_POINT('',(-9.552523239,-3.029466621,4.166666667));
#1425=CARTESIAN_POINT('',(-9.07616759,-4.248711584,8.333333333));
#1426=CARTESIAN_POINT('',(-8.777954565,-4.834861104,10.416666667));
#1427=CARTESIAN_POINT('',(-8.072889063,-5.93774624,14.583333333));
#1428=CARTESIAN_POINT('',(-7.66605402,-6.454454586,16.666666667));
#1429=CARTESIAN_POINT('',(-6.759373938,-7.398596638,20.833333333));
#1430=CARTESIAN_POINT('',(-6.259551318,-7.826006999,22.916666667));
#1431=CARTESIAN_POINT('',(-5.186099862,-8.575123117,27.083333333));
#1432=CARTESIAN_POINT('',(-4.612497569,-8.896810351,29.166666667));
#1433=CARTESIAN_POINT('',(-3.413526877,-9.422112423,33.333333333));
#1434=CARTESIAN_POINT('',(-2.788188125,-9.625714271,35.416666667));
#1435=CARTESIAN_POINT('',(-1.509773969,-9.907015232,39.583333333));
#1436=CARTESIAN_POINT('',(-0.856730176,-9.984707389,41.666666667));
#1437=CARTESIAN_POINT('',(0.451998706,-10.011197002,45.833333333));
#1438=CARTESIAN_POINT('',(1.107651434,-9.959993803,47.916666667));
#1439=CARTESIAN_POINT('',(2.396401325,-9.730654086,52.083333333));
#1440=CARTESIAN_POINT('',(3.029466621,-9.552523239,54.166666667));
#1441=CARTESIAN_POINT('',(4.248711584,-9.07616759,58.333333333));
#1442=CARTESIAN_POINT('',(4.834861104,-8.777954565,60.416666667));
#1443=CARTESIAN_POINT('',(5.93774624,-8.072889063,64.583333333));
#1444=CARTESIAN_POINT('',(6.454454586,-7.66605402,66.666666667));
#1445=CARTESIAN_POINT('',(7.398596638,-6.759373938,70.833333333));
#1446=CARTESIAN_POINT('',(7.826006999,-6.259551318,72.916666667));
#1447=CARTESIAN_POINT('',(8.575123117,-5.186099862,77.083333333));
#1448=CARTESIAN_POINT('',(8.896810351,-4.612497569,79.166666667));
#1449=CARTESIAN_POINT('',(9.422112423,-3.413526877,83.333333333));
#1450=CARTESIAN_POINT('',(9.625714271,-2.788188125,85.416666667));
#1451=CARTESIAN_POINT('',(9.907015232,-1.509773969,89.583333333));
#1452=CARTESIAN_POINT('',(9.984707389,-0.856730176,91.666666667));
#1453=CARTESIAN_POINT('',(10.011197002,0.451998706,95.833333333));
#1454=CARTESIAN_POINT('',(9.959993919,1.107650778,97.916664544));
#1455=CARTESIAN_POINT('',(9.845323944,1.75202638,100.));
#1456=CARTESIAN_POINT('',(-9.464510065,-3.891969045,0.));
#1457=CARTESIAN_POINT('',(-9.209781016,-4.511420438,2.083335547));
#1458=CARTESIAN_POINT('',(-8.894049744,-5.105767224,4.166666667));
#1459=CARTESIAN_POINT('',(-8.152683584,-6.221473311,8.333333333));
#1460=CARTESIAN_POINT('',(-7.7270673,-6.742804367,10.416666667));
#1461=CARTESIAN_POINT('',(-6.782282824,-7.692439111,14.583333333));
#1462=CARTESIAN_POINT('',(-6.263137993,-8.120719319,16.666666667));
#1463=CARTESIAN_POINT('',(-5.151242738,-8.867788791,20.833333333));
#1464=CARTESIAN_POINT('',(-4.558519806,-9.186559582,22.916666667));
#1465=CARTESIAN_POINT('',(-3.322243282,-9.70235432,27.083333333));
#1466=CARTESIAN_POINT('',(-2.678720259,-9.899365513,29.166666667));
#1467=CARTESIAN_POINT('',(-1.36557188,-10.164063814,33.333333333));
#1468=CARTESIAN_POINT('',(-0.695978995,-10.231744378,35.416666667));
#1469=CARTESIAN_POINT('',(0.643577683,-10.235174036,39.583333333));
#1470=CARTESIAN_POINT('',(1.313508352,-10.170923045,41.666666667));
#1471=CARTESIAN_POINT('',(2.627994917,-9.91295226,45.833333333));
#1472=CARTESIAN_POINT('',(3.272518309,-9.719238844,47.916666667));
#1473=CARTESIAN_POINT('',(4.51141978,-9.209781287,52.083333333));
#1474=CARTESIAN_POINT('',(5.105767224,-8.894049744,54.166666667));
#1475=CARTESIAN_POINT('',(6.221473311,-8.152683584,58.333333333));
#1476=CARTESIAN_POINT('',(6.742804367,-7.7270673,60.416666667));
#1477=CARTESIAN_POINT('',(7.692439111,-6.782282824,64.583333333));
#1478=CARTESIAN_POINT('',(8.120719319,-6.263137993,66.666666667));
#1479=CARTESIAN_POINT('',(8.867788791,-5.151242738,70.833333333));
#1480=CARTESIAN_POINT('',(9.186559582,-4.558519806,72.916666667));
#1481=CARTESIAN_POINT('',(9.70235432,-3.322243282,77.083333333));
#1482=CARTESIAN_POINT('',(9.899365513,-2.678720259,79.166666667));
#1483=CARTESIAN_POINT('',(10.164063814,-1.36557188,83.333333333));
#1484=CARTESIAN_POINT('',(10.231744378,-0.695978995,85.416666667));
#1485=CARTESIAN_POINT('',(10.235174036,0.643577683,89.583333333));
#1486=CARTESIAN_POINT('',(10.170923045,1.313508352,91.666666667));
#1487=CARTESIAN_POINT('',(9.91295226,2.627994917,95.833333333));
#1488=CARTESIAN_POINT('',(9.719239114,3.272517651,97.916664453));
#1489=CARTESIAN_POINT('',(9.464510065,3.891969045,100.));
#1490=CARTESIAN_POINT('',(-8.429058826,-5.803045849,0.));
#1491=CARTESIAN_POINT('',(-8.04924996,-6.354727045,2.083335547));
#1492=CARTESIAN_POINT('',(-7.615116838,-6.868986484,4.166666667));
#1493=CARTESIAN_POINT('',(-6.654840644,-7.802953017,8.333333333));
#1494=CARTESIAN_POINT('',(-6.128721719,-8.222636431,10.416666667));
#1495=CARTESIAN_POINT('',(-5.00468913,-8.951316467,14.583333333));
#1496=CARTESIAN_POINT('',(-4.40680326,-9.260295071,16.666666667));
#1497=CARTESIAN_POINT('',(-3.16221022,-9.755685845,20.833333333));
#1498=CARTESIAN_POINT('',(-2.515533824,-9.942085765,22.916666667));
#1499=CARTESIAN_POINT('',(-1.198209344,-10.185149687,27.083333333));
#1500=CARTESIAN_POINT('',(-0.527593833,-10.241807679,29.166666667));
#1501=CARTESIAN_POINT('',(0.811838045,-10.223203939,33.333333333));
#1502=CARTESIAN_POINT('',(1.480621293,-10.147942667,35.416666667));
#1503=CARTESIAN_POINT('',(2.790686953,-9.868386196,39.583333333));
#1504=CARTESIAN_POINT('',(3.431936972,-9.664097909,41.666666667));
#1505=CARTESIAN_POINT('',(4.662291327,-9.134331906,45.833333333));
#1506=CARTESIAN_POINT('',(5.251365239,-8.808867289,47.916666667));
#1507=CARTESIAN_POINT('',(6.354726459,-8.049250364,52.083333333));
#1508=CARTESIAN_POINT('',(6.868986484,-7.615116838,54.166666667));
#1509=CARTESIAN_POINT('',(7.802953017,-6.654840644,58.333333333));
#1510=CARTESIAN_POINT('',(8.222636431,-6.128721719,60.416666667));
#1511=CARTESIAN_POINT('',(8.951316467,-5.00468913,64.583333333));
#1512=CARTESIAN_POINT('',(9.260295071,-4.40680326,66.666666667));
#1513=CARTESIAN_POINT('',(9.755685845,-3.16221022,70.833333333));
#1514=CARTESIAN_POINT('',(9.942085765,-2.515533824,72.916666667));
#1515=CARTESIAN_POINT('',(10.185149687,-1.198209344,77.083333333));
#1516=CARTESIAN_POINT('',(10.241807679,-0.527593833,79.166666667));
#1517=CARTESIAN_POINT('',(10.223203939,0.811838045,83.333333333));
#1518=CARTESIAN_POINT('',(10.147942667,1.480621293,85.416666667));
#1519=CARTESIAN_POINT('',(9.868386196,2.790686953,89.583333333));
#1520=CARTESIAN_POINT('',(9.664097909,3.431936972,91.666666667));
#1521=CARTESIAN_POINT('',(9.134331906,4.662291327,95.833333333));
#1522=CARTESIAN_POINT('',(8.808867692,5.251364653,97.916664453));
#1523=CARTESIAN_POINT('',(8.429058826,5.803045849,100.));
#1524=CARTESIAN_POINT('',(-6.844376621,-7.290713866,0.));
#1525=CARTESIAN_POINT('',(-6.367200028,-7.738677725,2.083335456));
#1526=CARTESIAN_POINT('',(-5.845916753,-8.139633011,4.166666667));
#1527=CARTESIAN_POINT('',(-4.735115502,-8.832159953,8.333333333));
#1528=CARTESIAN_POINT('',(-4.145625477,-9.123714027,10.416666667));
#1529=CARTESIAN_POINT('',(-2.921062656,-9.586227684,14.583333333));
#1530=CARTESIAN_POINT('',(-2.286020138,-9.75717583,16.666666667));
#1531=CARTESIAN_POINT('',(-0.99475501,-9.971902061,20.833333333));
#1532=CARTESIAN_POINT('',(-0.338564328,-10.015674837,22.916666667));
#1533=CARTESIAN_POINT('',(0.969780513,-9.974361834,27.083333333));
#1534=CARTESIAN_POINT('',(1.62190232,-9.889277077,29.166666667));
#1535=CARTESIAN_POINT('',(2.897047914,-9.593512476,33.333333333));
#1536=CARTESIAN_POINT('',(3.520040171,-9.382839945,35.416666667));
#1537=CARTESIAN_POINT('',(4.712983389,-8.843989813,39.583333333));
#1538=CARTESIAN_POINT('',(5.282904853,-8.515825536,41.666666667));
#1539=CARTESIAN_POINT('',(6.347801556,-7.754597582,45.833333333));
#1540=CARTESIAN_POINT('',(6.842750463,-7.321552728,47.916666667));
#1541=CARTESIAN_POINT('',(7.738677268,-6.367200514,52.083333333));
#1542=CARTESIAN_POINT('',(8.139633011,-5.845916753,54.166666667));
#1543=CARTESIAN_POINT('',(8.832159953,-4.735115502,58.333333333));
#1544=CARTESIAN_POINT('',(9.123714027,-4.145625477,60.416666667));
#1545=CARTESIAN_POINT('',(9.586227684,-2.921062656,64.583333333));
#1546=CARTESIAN_POINT('',(9.75717583,-2.286020138,66.666666667));
#1547=CARTESIAN_POINT('',(9.971902061,-0.99475501,70.833333333));
#1548=CARTESIAN_POINT('',(10.015674837,-0.338564328,72.916666667));
#1549=CARTESIAN_POINT('',(9.974361834,0.969780513,77.083333333));
#1550=CARTESIAN_POINT('',(9.889277077,1.62190232,79.166666667));
#1551=CARTESIAN_POINT('',(9.593512476,2.897047914,83.333333333));
#1552=CARTESIAN_POINT('',(9.382839945,3.520040171,85.416666667));
#1553=CARTESIAN_POINT('',(8.843989813,4.712983389,89.583333333));
#1554=CARTESIAN_POINT('',(8.515825536,5.282904853,91.666666667));
#1555=CARTESIAN_POINT('',(7.754597582,6.347801556,95.833333333));
#1556=CARTESIAN_POINT('',(7.321553214,6.842750007,97.916664544));
#1557=CARTESIAN_POINT('',(6.844376621,7.290713866,100.));
#1558=(BOUNDED_SURFACE()
B_SPLINE_SURFACE(3,3,((#1422,#1423,#1424,#1425,#1426,#1427,#1428,#1429,#1430,#1431,#1432,#1433,#1434,#1435,#1436,#1437,#1438,#1439,#1440,#1441,#1442,#1443,#1444,#1445,#1446,#1447,
#1448,#1449,#1450,#1451,#1452,#1453,#1454,#1455),(#1456,#1457,#1458,#1459,#1460,#1461,#1462,#1463,#1464,#1465,#1466,#1467,#1468,#1469,#1470,#1471,#1472,#1473,#1474,#1475,#1476,#1477,#1478,#1479,#1480,#1481,
#1482,#1483,#1484,#1485,#1486,#1487,#1488,#1489),(#1490,#1491,#1492,#1493,#1494,#1495,#1496,#1497,#1498,#1499,#1500,#1501,#1502,#1503,#1504,#1505,#1506,#1507,#1508,#1509,#1510,#1511,#1512,#1513,#1514,#1515,
#1516,#1517,#1518,#1519,#1520,#1521,#1522,#1523),(#1524,#1525,#1526,#1527,#1528,#1529,#1530,#1531,#1532,#1533,#1534,#1535,#1536,#1537,#1538,#1539,#1540,#1541,#1542,#1543,#1544,#1545,#1546,#1547,#1548,#1549,
#1550,#1551,#1552,#1553,#1554,#1555,#1556,#1557)),.UNSPECIFIED.,.F.,.F.,.U.)
B_SPLINE_SURFACE_WITH_KNOTS((4,4),(4,2,2,2,2,2,2,2,2,2,2,2,2,2,2,2,4),(0.,1.),(0.,0.0625,0.125,0.1875,0.25,0.3125,0.375,0.4375,0.5,0.5625,0.625,0.6875,0.75,0.8125,0.875,0.9375,1.),.UNSPECIFIED.)
GEOMETRIC_REPRESENTATION_ITEM()
RATIONAL_B_SPLINE_SURFACE(((1.,1.,1.,1.,1.,1.,1.,1.,1.,1.,1.,1.,1.,1.,1.,1.,1.,1.,1.,1.,1.,1.,1.,1.,1.,1.,
1.,1.,1.,1.,1.,1.,1.,1.),(0.966067485,0.966067485,0.966067485,0.966067485,0.966067485,0.966067485,0.966067485,0.966067485,0.966067485,0.966067485,0.966067485,0.966067485,0.966067485,0.966067485,0.966067485,0.966067485,0.966067485,0.966067485,0.966067485,0.966067485,0.966067485,0.966067485,0.966067485,0.966067485,0.966067485,0.966067485,
0.966067485,0.966067485,0.966067485,0.966067485,0.966067485,0.966067485,0.966067485,0.966067485),(0.966067485,0.966067485,0.966067485,0.966067485,0.966067485,0.966067485,0.966067485,0.966067485,0.966067485,0.966067485,0.966067485,0.966067485,0.966067485,0.966067485,0.966067485,0.966067485,0.966067485,0.966067485,0.966067485,0.966067485,0.966067485,0.966067485,0.966067485,0.966067485,0.966067485,0.966067485,
0.966067485,0.966067485,0.966067485,0.966067485,0.966067485,0.966067485,0.966067485,0.966067485),(1.,1.,1.,1.,1.,1.,1.,1.,1.,1.,1.,1.,1.,1.,1.,1.,1.,1.,1.,1.,1.,1.,1.,1.,1.,1.,
1.,1.,1.,1.,1.,1.,1.,1.)))
REPRESENTATION_ITEM('')
SURFACE()
);
#1559=CARTESIAN_POINT('',(6.844376621,7.290713866,100.));
#1560=VERTEX_POINT('',#1559);
#1561=CARTESIAN_POINT('',(-6.844376621,-7.290713866,0.));
#1562=CARTESIAN_POINT('',(-6.367200028,-7.738677725,2.083335456));
#1563=CARTESIAN_POINT('',(-5.845916753,-8.139633011,4.166666667));
#1564=CARTESIAN_POINT('',(-4.735115502,-8.832159953,8.333333333));
#1565=CARTESIAN_POINT('',(-4.145625477,-9.123714027,10.416666667));
#1566=CARTESIAN_POINT('',(-2.921062656,-9.586227684,14.583333333));
#1567=CARTESIAN_POINT('',(-2.286020138,-9.75717583,16.666666667));
#1568=CARTESIAN_POINT('',(-0.99475501,-9.971902061,20.833333333));
#1569=CARTESIAN_POINT('',(-0.338564328,-10.015674837,22.916666667));
#1570=CARTESIAN_POINT('',(0.969780513,-9.974361834,27.083333333));
#1571=CARTESIAN_POINT('',(1.62190232,-9.889277077,29.166666667));
#1572=CARTESIAN_POINT('',(2.897047914,-9.593512476,33.333333333));
#1573=CARTESIAN_POINT('',(3.520040171,-9.382839945,35.416666667));
#1574=CARTESIAN_POINT('',(4.712983389,-8.843989813,39.583333333));
#1575=CARTESIAN_POINT('',(5.282904853,-8.515825536,41.666666667));
#1576=CARTESIAN_POINT('',(6.347801556,-7.754597582,45.833333333));
#1577=CARTESIAN_POINT('',(6.842750463,-7.321552728,47.916666667));
#1578=CARTESIAN_POINT('',(7.738677268,-6.367200514,52.083333333));
#1579=CARTESIAN_POINT('',(8.139633011,-5.845916753,54.166666667));
#1580=CARTESIAN_POINT('',(8.832159953,-4.735115502,58.333333333));
#1581=CARTESIAN_POINT('',(9.123714027,-4.145625477,60.416666667));
#1582=CARTESIAN_POINT('',(9.586227684,-2.921062656,64.583333333));
#1583=CARTESIAN_POINT('',(9.75717583,-2.286020138,66.666666667));
#1584=CARTESIAN_POINT('',(9.971902061,-0.99475501,70.833333333));
#1585=CARTESIAN_POINT('',(10.015674837,-0.338564328,72.916666667));
#1586=CARTESIAN_POINT('',(9.974361834,0.969780513,77.083333333));
#1587=CARTESIAN_POINT('',(9.889277077,1.62190232,79.166666667));
#1588=CARTESIAN_POINT('',(9.593512476,2.897047914,83.333333333));
#1589=CARTESIAN_POINT('',(9.382839945,3.520040171,85.416666667));
#1590=CARTESIAN_POINT('',(8.843989813,4.712983389,89.583333333));
#1591=CARTESIAN_POINT('',(8.515825536,5.282904853,91.666666667));
#1592=CARTESIAN_POINT('',(7.754597582,6.347801556,95.833333333));
#1593=CARTESIAN_POINT('',(7.321553214,6.842750007,97.916664544));
#1594=CARTESIAN_POINT('',(6.844376621,7.290713866,100.));
#1595=B_SPLINE_CURVE_WITH_KNOTS('',3,(#1561,#1562,#1563,#1564,#1565,#1566,#1567,#1568,#1569,#1570,#1571,#1572,#1573,#1574,#1575,#1576,#1577,#1578,#1579,#1580,#1581,#1582,#1583,#1584,#1585,#1586,
#1587,#1588,#1589,#1590,#1591,#1592,#1593,#1594),.UNSPECIFIED.,.F.,.F.,(4,2,2,2,2,2,2,2,2,2,2,2,2,2,2,2,4),(0.,0.0625,0.125,0.1875,0.25,0.3125,0.375,0.4375,0.5,0.5625,0.625,0.6875,0.75,0.8125,0.875,0.9375,1.),.UNSPECIFIED.);
#1596=EDGE_CURVE('',#185,#1560,#1595,.T.);
#1597=ORIENTED_EDGE('',*,*,#1596,.T.);
#1598=CARTESIAN_POINT('',(9.845323944,1.75202638,100.));
#1599=CARTESIAN_POINT('',(9.657962207,2.804885527,100.));
#1600=CARTESIAN_POINT('',(9.302015161,3.823235681,100.));
#1601=CARTESIAN_POINT('',(8.792340845,4.763899922,100.));
#1602=CARTESIAN_POINT('',(8.282666529,5.704564164,100.));
#1603=CARTESIAN_POINT('',(7.624862231,6.558009557,100.));
#1604=CARTESIAN_POINT('',(6.844376621,7.290713866,100.));
#1605=B_SPLINE_CURVE_WITH_KNOTS('',3,(#1598,#1599,#1600,#1601,#1602,#1603,#1604),.UNSPECIFIED.,.F.,.F.,(4,3,4),(0.025197696,0.028409257,0.031620817),.UNSPECIFIED.);
#1606=EDGE_CURVE('',#1279,#1560,#1605,.T.);
#1607=ORIENTED_EDGE('',*,*,#1606,.F.);
#1608=ORIENTED_EDGE('',*,*,#1315,.F.);
#1609=ORIENTED_EDGE('',*,*,#199,.T.);
#1610=EDGE_LOOP('',(#1597,#1607,#1608,#1609));
#1611=FACE_BOUND('',#1610,.T.);
#1612=ADVANCED_FACE('',(#1611),#1558,.T.);
#1613=CARTESIAN_POINT('',(-6.844376621,-7.290713866,0.));
#1614=CARTESIAN_POINT('',(-6.367200028,-7.738677725,2.083335456));
#1615=CARTESIAN_POINT('',(-5.845916753,-8.139633011,4.166666667));
#1616=CARTESIAN_POINT('',(-4.735115502,-8.832159953,8.333333333));
#1617=CARTESIAN_POINT('',(-4.145625477,-9.123714027,10.416666667));
#1618=CARTESIAN_POINT('',(-2.921062656,-9.586227684,14.583333333));
#1619=CARTESIAN_POINT('',(-2.286020138,-9.75717583,16.666666667));
#1620=CARTESIAN_POINT('',(-0.99475501,-9.971902061,20.833333333));
#1621=CARTESIAN_POINT('',(-0.338564328,-10.015674837,22.916666667));
#1622=CARTESIAN_POINT('',(0.969780513,-9.974361834,27.083333333));
#1623=CARTESIAN_POINT('',(1.62190232,-9.889277077,29.166666667));
#1624=CARTESIAN_POINT('',(2.897047914,-9.593512476,33.333333333));
#1625=CARTESIAN_POINT('',(3.520040171,-9.382839945,35.416666667));
#1626=CARTESIAN_POINT('',(4.712983389,-8.843989813,39.583333333));
#1627=CARTESIAN_POINT('',(5.282904853,-8.515825536,41.666666667));
#1628=CARTESIAN_POINT('',(6.347801556,-7.754597582,45.833333333));
#1629=CARTESIAN_POINT('',(6.842750463,-7.321552728,47.916666667));
#1630=CARTESIAN_POINT('',(7.738677268,-6.367200514,52.083333333));
#1631=CARTESIAN_POINT('',(8.139633011,-5.845916753,54.166666667));
#1632=CARTESIAN_POINT('',(8.832159953,-4.735115502,58.333333333));
#1633=CARTESIAN_POINT('',(9.123714027,-4.145625477,60.416666667));
#1634=CARTESIAN_POINT('',(9.586227684,-2.921062656,64.583333333));
#1635=CARTESIAN_POINT('',(9.75717583,-2.286020138,66.666666667));
#1636=CARTESIAN_POINT('',(9.971902061,-0.99475501,70.833333333));
#1637=CARTESIAN_POINT('',(10.015674837,-0.338564328,72.916666667));
#1638=CARTESIAN_POINT('',(9.974361834,0.969780513,77.083333333));
#1639=CARTESIAN_POINT('',(9.889277077,1.62190232,79.166666667));
#1640=CARTESIAN_POINT('',(9.593512476,2.897047914,83.333333333));
#1641=CARTESIAN_POINT('',(9.382839945,3.520040171,85.416666667));
#1642=CARTESIAN_POINT('',(8.843989813,4.712983389,89.583333333));
#1643=CARTESIAN_POINT('',(8.515825536,5.282904853,91.666666667));
#1644=CARTESIAN_POINT('',(7.754597582,6.347801556,95.833333333));
#1645=CARTESIAN_POINT('',(7.321553214,6.842750007,97.916664544));
#1646=CARTESIAN_POINT('',(6.844376621,7.290713866,100.));
#1647=CARTESIAN_POINT('',(-36.220741894,-40.944814527,0.));
#1648=CARTESIAN_POINT('',(-33.540887347,-43.315476623,2.083350982));
#1649=CARTESIAN_POINT('',(-30.627662384,-45.422106062,4.166666667));
#1650=CARTESIAN_POINT('',(-24.446004503,-49.026669131,8.333333333));
#1651=CARTESIAN_POINT('',(-21.177747141,-50.524493548,10.416666667));
#1652=CARTESIAN_POINT('',(-14.411652714,-52.853814321,14.583333333));
#1653=CARTESIAN_POINT('',(-10.913982952,-53.685253081,16.666666667));
#1654=CARTESIAN_POINT('',(-3.823469192,-54.649817068,20.833333333));
#1655=CARTESIAN_POINT('',(-0.230800519,-54.782918445,22.916666667));
#1656=CARTESIAN_POINT('',(6.911648106,-54.345657993,27.083333333));
#1657=CARTESIAN_POINT('',(10.461251448,-53.775306976,29.166666667));
#1658=CARTESIAN_POINT('',(17.381154644,-51.953025758,33.333333333));
#1659=CARTESIAN_POINT('',(20.75128339,-50.701140617,35.416666667));
#1660=CARTESIAN_POINT('',(27.182713156,-47.56386788,39.583333333));
#1661=CARTESIAN_POINT('',(30.243855148,-45.678557858,41.666666667));
#1662=CARTESIAN_POINT('',(35.939655246,-41.346857233,45.833333333));
#1663=CARTESIAN_POINT('',(38.574172513,-38.900573738,47.916666667));
#1664=CARTESIAN_POINT('',(43.31545654,-33.54091005,52.083333333));
#1665=CARTESIAN_POINT('',(45.422106062,-30.627662384,54.166666667));
#1666=CARTESIAN_POINT('',(49.026669131,-24.446004503,58.333333333));
#1667=CARTESIAN_POINT('',(50.524493548,-21.177747141,60.416666667));
#1668=CARTESIAN_POINT('',(52.853814321,-14.411652714,64.583333333));
#1669=CARTESIAN_POINT('',(53.685253081,-10.913982952,66.666666667));
#1670=CARTESIAN_POINT('',(54.649817068,-3.823469192,70.833333333));
#1671=CARTESIAN_POINT('',(54.782918445,-0.230800519,72.916666667));
#1672=CARTESIAN_POINT('',(54.345657993,6.911648106,77.083333333));
#1673=CARTESIAN_POINT('',(53.775306976,10.461251448,79.166666667));
#1674=CARTESIAN_POINT('',(51.953025758,17.381154644,83.333333333));
#1675=CARTESIAN_POINT('',(50.701140617,20.75128339,85.416666667));
#1676=CARTESIAN_POINT('',(47.56386788,27.182713156,89.583333333));
#1677=CARTESIAN_POINT('',(45.678557858,30.243855148,91.666666667));
#1678=CARTESIAN_POINT('',(41.346857233,35.939655246,95.833333333));
#1679=CARTESIAN_POINT('',(38.90059644,38.57415243,97.916649018));
#1680=CARTESIAN_POINT('',(36.220741894,40.944814527,100.));
#1681=CARTESIAN_POINT('',(0.,-50.,0.));
#1682=CARTESIAN_POINT('',(3.272518764,-50.,2.08335015));
#1683=CARTESIAN_POINT('',(6.544903776,-49.677695606,4.166666667));
#1684=CARTESIAN_POINT('',(12.964128425,-48.400832434,8.333333333));
#1685=CARTESIAN_POINT('',(16.110782918,-47.446305229,10.416666667));
#1686=CARTESIAN_POINT('',(22.157560318,-44.941648022,14.583333333));
#1687=CARTESIAN_POINT('',(25.057533708,-43.391579951,16.666666667));
#1688=CARTESIAN_POINT('',(30.499489594,-39.755381279,20.833333333));
#1689=CARTESIAN_POINT('',(33.041337529,-37.66934059,22.916666667));
#1690=CARTESIAN_POINT('',(37.66934059,-33.041337529,27.083333333));
#1691=CARTESIAN_POINT('',(39.755381279,-30.499489594,29.166666667));
#1692=CARTESIAN_POINT('',(43.391579951,-25.057533708,33.333333333));
#1693=CARTESIAN_POINT('',(44.941648022,-22.157560318,35.416666667));
#1694=CARTESIAN_POINT('',(47.446305229,-16.110782918,39.583333333));
#1695=CARTESIAN_POINT('',(48.400832434,-12.964128425,41.666666667));
#1696=CARTESIAN_POINT('',(49.677695606,-6.544903776,45.833333333));
#1697=CARTESIAN_POINT('',(50.,-3.272492347,47.916666667));
#1698=CARTESIAN_POINT('',(50.,3.272492347,52.083333333));
#1699=CARTESIAN_POINT('',(49.677695606,6.544903776,54.166666667));
#1700=CARTESIAN_POINT('',(48.400832434,12.964128425,58.333333333));
#1701=CARTESIAN_POINT('',(47.446305229,16.110782918,60.416666667));
#1702=CARTESIAN_POINT('',(44.941648022,22.157560318,64.583333333));
#1703=CARTESIAN_POINT('',(43.391579951,25.057533708,66.666666667));
#1704=CARTESIAN_POINT('',(39.755381279,30.499489594,70.833333333));
#1705=CARTESIAN_POINT('',(37.66934059,33.041337529,72.916666667));
#1706=CARTESIAN_POINT('',(33.041337529,37.66934059,77.083333333));
#1707=CARTESIAN_POINT('',(30.499489594,39.755381279,79.166666667));
#1708=CARTESIAN_POINT('',(25.057533708,43.391579951,83.333333333));
#1709=CARTESIAN_POINT('',(22.157560318,44.941648022,85.416666667));
#1710=CARTESIAN_POINT('',(16.110782918,47.446305229,89.583333333));
#1711=CARTESIAN_POINT('',(12.964128425,48.400832434,91.666666667));
#1712=CARTESIAN_POINT('',(6.544903776,49.677695606,95.833333333));
#1713=CARTESIAN_POINT('',(3.272518764,50.,97.91664985));
#1714=CARTESIAN_POINT('',(0.,50.,100.));
#1715=B_SPLINE_SURFACE_WITH_KNOTS('',2,3,((#1613,#1614,#1615,#1616,#1617,#1618,#1619,#1620,#1621,#1622,#1623,#1624,#1625,#1626,#1627,#1628,#1629,#1630,#1631,#1632,#1633,#1634,#1635,#1636,#1637,#1638,
#1639,#1640,#1641,#1642,#1643,#1644,#1645,#1646),(#1647,#1648,#1649,#1650,#1651,#1652,#1653,#1654,#1655,#1656,#1657,#1658,#1659,#1660,#1661,#1662,#1663,#1664,#1665,#1666,#1667,#1668,#1669,#1670,#1671,#1672,
#1673,#1674,#1675,#1676,#1677,#1678,#1679,#1680),(#1681,#1682,#1683,#1684,#1685,#1686,#1687,#1688,#1689,#1690,#1691,#1692,#1693,#1694,#1695,#1696,#1697,#1698,#1699,#1700,#1701,#1702,#1703,#1704,#1705,#1706,
#1707,#1708,#1709,#1710,#1711,#1712,#1713,#1714)),.UNSPECIFIED.,.F.,.F.,.U.,(3,3),(4,2,2,2,2,2,2,2,2,2,2,2,2,2,2,2,4),(0.,1.),(0.,0.0625,0.125,0.1875,0.25,0.3125,0.375,0.4375,0.5,0.5625,0.625,0.6875,0.75,0.8125,0.875,0.9375,1.),.UNSPECIFIED.);
#1716=CARTESIAN_POINT('',(9.187509,-49.148639219,5.882375089));
#1717=VERTEX_POINT('',#1716);
#1718=CARTESIAN_POINT('',(0.,-50.,0.));
#1719=CARTESIAN_POINT('',(3.080029174,-50.,1.960807472));
#1720=CARTESIAN_POINT('',(6.159939869,-49.714496395,3.92158515));
#1721=CARTESIAN_POINT('',(9.187509011,-49.148639217,5.882375096));
#1722=B_SPLINE_CURVE_WITH_KNOTS('',3,(#1718,#1719,#1720,#1721),.UNSPECIFIED.,.F.,.F.,(4,4),(0.,0.058823749),.UNSPECIFIED.);
#1723=EDGE_CURVE('',#177,#1717,#1722,.T.);
#1724=ORIENTED_EDGE('',*,*,#1723,.T.);
#1725=CARTESIAN_POINT('',(9.187509,-49.148639219,5.882375089));
#1726=CARTESIAN_POINT('',(9.069396095,-48.921960181,6.457722474));
#1727=CARTESIAN_POINT('',(8.914451751,-48.705148054,7.025778864));
#1728=CARTESIAN_POINT('',(8.738663736,-48.493382657,7.589505952));
#1729=CARTESIAN_POINT('',(8.562875721,-48.281617259,8.15323304));
#1730=CARTESIAN_POINT('',(8.366298388,-48.074826682,8.712619894));
#1731=CARTESIAN_POINT('',(8.17550744,-47.865842652,9.272908864));
#1732=CARTESIAN_POINT('',(7.984716492,-47.656858622,9.833197834));
#1733=CARTESIAN_POINT('',(7.80082314,-47.445684756,10.393939741));
#1734=CARTESIAN_POINT('',(7.655392514,-47.226422969,10.9579566));
#1735=CARTESIAN_POINT('',(7.509961888,-47.007161183,11.52197346));
#1736=CARTESIAN_POINT('',(7.40389147,-46.779697775,12.089446256));
#1737=CARTESIAN_POINT('',(7.357183182,-46.540549472,12.662406692));
#1738=CARTESIAN_POINT('',(7.333829038,-46.42097532,12.94888691));
#1739=CARTESIAN_POINT('',(7.325017777,-46.298531844,13.23670883));
#1740=CARTESIAN_POINT('',(7.331467041,-46.173049985,13.525927608));
#1741=CARTESIAN_POINT('',(7.337916305,-46.047568125,13.815146386));
#1742=CARTESIAN_POINT('',(7.359925283,-45.918338239,14.107295734));
#1743=CARTESIAN_POINT('',(7.39583332,-45.789117029,14.393983658));
#1744=CARTESIAN_POINT('',(7.467649394,-45.530674609,14.967359507));
#1745=CARTESIAN_POINT('',(7.594183878,-45.270113822,15.524235202));
#1746=CARTESIAN_POINT('',(7.758882677,-45.006787928,16.068982868));
#1747=CARTESIAN_POINT('',(7.923581476,-44.743462035,16.613730534));
#1748=CARTESIAN_POINT('',(8.126324996,-44.477348198,17.146373015));
#1749=CARTESIAN_POINT('',(8.354396963,-44.207702069,17.670149686));
#1750=CARTESIAN_POINT('',(8.468432946,-44.072879005,17.932038021));
#1751=CARTESIAN_POINT('',(8.588865265,-43.937194947,18.191635061));
#1752=CARTESIAN_POINT('',(8.713693948,-43.801365305,18.447784181));
#1753=CARTESIAN_POINT('',(8.838522631,-43.665535663,18.703933302));
#1754=CARTESIAN_POINT('',(8.967944973,-43.529329761,18.957083415));
#1755=CARTESIAN_POINT('',(9.100963687,-43.392583945,19.207740437));
#1756=CARTESIAN_POINT('',(9.367001114,-43.119092315,19.709054481));
#1757=CARTESIAN_POINT('',(9.647271186,-42.843417559,20.200474642));
#1758=CARTESIAN_POINT('',(9.936067969,-42.564595615,20.684879072));
#1759=CARTESIAN_POINT('',(10.224864753,-42.285773671,21.169283502));
#1760=CARTESIAN_POINT('',(10.522258286,-42.003813872,21.646635394));
#1761=CARTESIAN_POINT('',(10.824480986,-41.718069334,22.118829062));
#1762=CARTESIAN_POINT('',(11.428926388,-41.146580257,23.063216398));
#1763=CARTESIAN_POINT('',(12.052095819,-40.559832157,23.987257978));
#1764=CARTESIAN_POINT('',(12.676082271,-39.95488097,24.900034554));
#1765=CARTESIAN_POINT('',(13.300068723,-39.349929783,25.812811131));
#1766=CARTESIAN_POINT('',(13.92446268,-38.7276163,26.712965254));
#1767=CARTESIAN_POINT('',(14.53889948,-38.086729388,27.606185439));
#1768=CARTESIAN_POINT('',(15.15333628,-37.445842477,28.499405625));
#1769=CARTESIAN_POINT('',(15.75805814,-36.786369263,29.385670744));
#1770=CARTESIAN_POINT('',(16.346713802,-36.107811474,30.268929688));
#1771=CARTESIAN_POINT('',(16.935369464,-35.429253684,31.152188631));
#1772=CARTESIAN_POINT('',(17.508363206,-34.731189436,32.032861508));
#1773=CARTESIAN_POINT('',(18.058983212,-34.016490903,32.910668911));
#1774=CARTESIAN_POINT('',(18.609603218,-33.301792371,33.788476313));
#1775=CARTESIAN_POINT('',(19.138285658,-32.570029317,34.664015496));
#1776=CARTESIAN_POINT('',(19.641698861,-31.821915873,35.53977211));
#1777=CARTESIAN_POINT('',(20.145112064,-31.073802429,36.415528724));
#1778=CARTESIAN_POINT('',(20.623295616,-30.309338752,37.291480634));
#1779=CARTESIAN_POINT('',(21.073544685,-29.529382663,38.169883871));
#1780=CARTESIAN_POINT('',(21.523793754,-28.749426573,39.048287107));
#1781=CARTESIAN_POINT('',(21.946563067,-27.952994888,39.930235319));
#1782=CARTESIAN_POINT('',(22.337744645,-27.144488964,40.814305026));
#1783=CARTESIAN_POINT('',(23.1201078,-25.527477116,42.582444441));
#1784=CARTESIAN_POINT('',(23.77422498,-23.866859468,44.353869375));
#1785=CARTESIAN_POINT('',(24.28775126,-22.175529481,46.144865539));
#1786=CARTESIAN_POINT('',(24.41613283,-21.752696984,46.59261458));
#1787=CARTESIAN_POINT('',(24.535725311,-21.327953232,47.041595287));
#1788=CARTESIAN_POINT('',(24.646334337,-20.90151728,47.49207907));
#1789=CARTESIAN_POINT('',(24.756943364,-20.475081327,47.942562854));
#1790=CARTESIAN_POINT('',(24.858612124,-20.046694428,48.394822398));
#1791=CARTESIAN_POINT('',(24.950835491,-19.618173066,48.847455202));
#1792=CARTESIAN_POINT('',(25.135282224,-18.761130342,49.752720811));
#1793=CARTESIAN_POINT('',(25.282285173,-17.902466101,50.660589779));
#1794=CARTESIAN_POINT('',(25.391234895,-17.044311568,51.573124906));
#1795=CARTESIAN_POINT('',(25.500184618,-16.186157035,52.485660034));
#1796=CARTESIAN_POINT('',(25.571074554,-15.328511374,53.402861259));
#1797=CARTESIAN_POINT('',(25.603199053,-14.473642753,54.326930209));
#1798=CARTESIAN_POINT('',(25.635323552,-13.618774132,55.250999159));
#1799=CARTESIAN_POINT('',(25.628517903,-12.765770496,56.182969174));
#1800=CARTESIAN_POINT('',(25.582670631,-11.923710816,57.117759966));
#1801=CARTESIAN_POINT('',(25.490976087,-10.239591456,58.98734155));
#1802=CARTESIAN_POINT('',(25.243710314,-8.593894764,60.87352658));
#1803=CARTESIAN_POINT('',(24.842599591,-7.007838346,62.795056713));
#1804=CARTESIAN_POINT('',(24.441488867,-5.421781928,64.716586847));
#1805=CARTESIAN_POINT('',(23.89295413,-3.921364455,66.642443365));
#1806=CARTESIAN_POINT('',(23.21264265,-2.526222781,68.58893663));
#1807=CARTESIAN_POINT('',(22.53233117,-1.131081108,70.535429894));
#1808=CARTESIAN_POINT('',(21.719971489,0.159439016,72.502951981));
#1809=CARTESIAN_POINT('',(20.790324531,1.32312988,74.512035182));
#1810=CARTESIAN_POINT('',(20.325501052,1.904975313,75.516576782));
#1811=CARTESIAN_POINT('',(19.831363101,2.455048968,76.53155493));
#1812=CARTESIAN_POINT('',(19.309932668,2.969976193,77.56000667));
#1813=CARTESIAN_POINT('',(18.788502235,3.484903419,78.588458411));
#1814=CARTESIAN_POINT('',(18.244569758,3.959923344,79.620974477));
#1815=CARTESIAN_POINT('',(17.68203682,4.393140355,80.65974636));
#1816=CARTESIAN_POINT('',(17.119503882,4.826357365,81.698518243));
#1817=CARTESIAN_POINT('',(16.538278611,5.217856904,82.743690516));
#1818=CARTESIAN_POINT('',(15.942181904,5.565714125,83.798110962));
#1819=CARTESIAN_POINT('',(15.644133551,5.739642736,84.325321185));
#1820=CARTESIAN_POINT('',(15.341985091,5.902844392,84.855518137));
#1821=CARTESIAN_POINT('',(15.037534494,6.054421026,85.386830404));
#1822=CARTESIAN_POINT('',(14.733083898,6.20599766,85.918142672));
#1823=CARTESIAN_POINT('',(14.426924307,6.34568959,86.449547384));
#1824=CARTESIAN_POINT('',(14.11965223,6.473553979,86.981374061));
#1825=CARTESIAN_POINT('',(12.890563921,6.985011536,89.108680769));
#1826=CARTESIAN_POINT('',(11.643477024,7.307337315,91.242617778));
#1827=CARTESIAN_POINT('',(10.417269762,7.442879214,93.40478387));
#1828=CARTESIAN_POINT('',(9.191062501,7.578421113,95.566949963));
#1829=CARTESIAN_POINT('',(7.985342246,7.527037417,97.757137449));
#1830=CARTESIAN_POINT('',(6.844376621,7.290713866,100.));
#1831=B_SPLINE_CURVE_WITH_KNOTS('',3,(#1725,#1726,#1727,#1728,#1729,#1730,#1731,#1732,#1733,#1734,#1735,#1736,#1737,#1738,#1739,#1740,#1741,#1742,#1743,#1744,#1745,#1746,#1747,#1748,#1749,#1750,
#1751,#1752,#1753,#1754,#1755,#1756,#1757,#1758,#1759,#1760,#1761,#1762,#1763,#1764,#1765,#1766,#1767,#1768,#1769,#1770,#1771,#1772,#1773,#1774,#1775,
#1776,#1777,#1778,#1779,#1780,#1781,#1782,#1783,#1784,#1785,#1786,#1787,#1788,#1789,#1790,#1791,#1792,#1793,#1794,#1795,#1796,#1797,#1798,#1799,#1800,
#1801,#1802,#1803,#1804,#1805,#1806,#1807,#1808,#1809,#1810,#1811,#1812,#1813,#1814,#1815,#1816,#1817,#1818,#1819,#1820,#1821,#1822,#1823,#1824,#1825,
#1826,#1827,#1828,#1829,#1830),.UNSPECIFIED.,.F.,.F.,(4,3,3,3,3,3,3,3,3,3,3,3,3,3,3,3,3,3,3,3,3,3,3,3,3,3,
3,3,3,3,3,3,3,3,3,4),(0.,0.001881849,0.003763698,0.005645548,0.007527397,0.008468322,0.009409246,0.011291095,0.013172945,0.014113869,0.015054794,0.016936643,0.018818492,0.022582191,0.026345889,0.030109588,0.033873286,0.037636985,0.041400683,0.045164382,0.052691779,0.054573628,0.056455477,0.060219176,0.063982874,0.067746573,
0.07527397,0.082801367,0.090328764,0.094092462,0.09785616,0.101619859,0.103501708,0.105383557,0.112910954,0.120438351),.UNSPECIFIED.);
#1832=EDGE_CURVE('',#1717,#1560,#1831,.T.);
#1833=ORIENTED_EDGE('',*,*,#1832,.T.);
#1834=ORIENTED_EDGE('',*,*,#1596,.F.);
#1835=ORIENTED_EDGE('',*,*,#190,.T.);
#1836=EDGE_LOOP('',(#1724,#1833,#1834,#1835));
#1837=FACE_BOUND('',#1836,.T.);
#1838=ADVANCED_FACE('',(#1837),#1715,.T.);
#1839=CARTESIAN_POINT('',(0.,-50.,0.));
#1840=CARTESIAN_POINT('',(3.272518764,-50.,2.08335015));
#1841=CARTESIAN_POINT('',(6.544903776,-49.677695606,4.166666667));
#1842=CARTESIAN_POINT('',(12.964128425,-48.400832434,8.333333333));
#1843=CARTESIAN_POINT('',(16.110782918,-47.446305229,10.416666667));
#1844=CARTESIAN_POINT('',(22.157560318,-44.941648022,14.583333333));
#1845=CARTESIAN_POINT('',(25.057533708,-43.391579951,16.666666667));
#1846=CARTESIAN_POINT('',(30.499489594,-39.755381279,20.833333333));
#1847=CARTESIAN_POINT('',(33.041337529,-37.66934059,22.916666667));
#1848=CARTESIAN_POINT('',(37.66934059,-33.041337529,27.083333333));
#1849=CARTESIAN_POINT('',(39.755381279,-30.499489594,29.166666667));
#1850=CARTESIAN_POINT('',(43.391579951,-25.057533708,33.333333333));
#1851=CARTESIAN_POINT('',(44.941648022,-22.157560318,35.416666667));
#1852=CARTESIAN_POINT('',(47.446305229,-16.110782918,39.583333333));
#1853=CARTESIAN_POINT('',(48.400832434,-12.964128425,41.666666667));
#1854=CARTESIAN_POINT('',(49.677695606,-6.544903776,45.833333333));
#1855=CARTESIAN_POINT('',(50.,-3.272492347,47.916666667));
#1856=CARTESIAN_POINT('',(50.,3.272492347,52.083333333));
#1857=CARTESIAN_POINT('',(49.677695606,6.544903776,54.166666667));
#1858=CARTESIAN_POINT('',(48.400832434,12.964128425,58.333333333));
#1859=CARTESIAN_POINT('',(47.446305229,16.110782918,60.416666667));
#1860=CARTESIAN_POINT('',(44.941648022,22.157560318,64.583333333));
#1861=CARTESIAN_POINT('',(43.391579951,25.057533708,66.666666667));
#1862=CARTESIAN_POINT('',(39.755381279,30.499489594,70.833333333));
#1863=CARTESIAN_POINT('',(37.66934059,33.041337529,72.916666667));
#1864=CARTESIAN_POINT('',(33.041337529,37.66934059,77.083333333));
#1865=CARTESIAN_POINT('',(30.499489594,39.755381279,79.166666667));
#1866=CARTESIAN_POINT('',(25.057533708,43.391579951,83.333333333));
#1867=CARTESIAN_POINT('',(22.157560318,44.941648022,85.416666667));
#1868=CARTESIAN_POINT('',(16.110782918,47.446305229,89.583333333));
#1869=CARTESIAN_POINT('',(12.964128425,48.400832434,91.666666667));
#1870=CARTESIAN_POINT('',(6.544903776,49.677695606,95.833333333));
#1871=CARTESIAN_POINT('',(3.272518764,50.,97.91664985));
#1872=CARTESIAN_POINT('',(0.,50.,100.));
#1873=CARTESIAN_POINT('',(-26.796508642,-41.067830453,0.));
#1874=CARTESIAN_POINT('',(-24.108603973,-42.821671839,2.08334996));
#1875=CARTESIAN_POINT('',(-21.248076021,-44.310715021,4.166666667));
#1876=CARTESIAN_POINT('',(-15.29129393,-46.702211191,8.333333333));
#1877=CARTESIAN_POINT('',(-12.195208536,-47.604591049,10.416666667));
#1878=CARTESIAN_POINT('',(-5.886326584,-48.788024756,14.583333333));
#1879=CARTESIAN_POINT('',(-2.673686026,-49.069049341,16.666666667));
#1880=CARTESIAN_POINT('',(3.74484899,-48.998941889,20.833333333));
#1881=CARTESIAN_POINT('',(6.950584738,-48.647811585,22.916666667));
#1882=CARTESIAN_POINT('',(13.232112119,-47.326857165,27.083333333));
#1883=CARTESIAN_POINT('',(16.307748429,-46.357065711,29.166666667));
#1884=CARTESIAN_POINT('',(22.210872599,-43.836027861,33.333333333));
#1885=CARTESIAN_POINT('',(25.038214493,-42.2848438,35.416666667));
#1886=CARTESIAN_POINT('',(30.336081701,-38.660604589,39.583333333));
#1887=CARTESIAN_POINT('',(32.806476016,-36.587639055,41.666666667));
#1888=CARTESIAN_POINT('',(37.295492196,-31.999475965,45.833333333));
#1889=CARTESIAN_POINT('',(39.314003063,-29.48439186,47.916666667));
#1890=CARTESIAN_POINT('',(42.821657842,-24.108625425,52.083333333));
#1891=CARTESIAN_POINT('',(44.31071502,-21.248076021,54.166666667));
#1892=CARTESIAN_POINT('',(46.702211191,-15.29129393,58.333333333));
#1893=CARTESIAN_POINT('',(47.604591049,-12.195208536,60.416666667));
#1894=CARTESIAN_POINT('',(48.788024756,-5.886326584,64.583333333));
#1895=CARTESIAN_POINT('',(49.069049341,-2.673686026,66.666666667));
#1896=CARTESIAN_POINT('',(48.998941889,3.74484899,70.833333333));
#1897=CARTESIAN_POINT('',(48.647811585,6.950584738,72.916666667));
#1898=CARTESIAN_POINT('',(47.326857165,13.232112119,77.083333333));
#1899=CARTESIAN_POINT('',(46.357065712,16.307748429,79.166666667));
#1900=CARTESIAN_POINT('',(43.836027861,22.210872599,83.333333333));
#1901=CARTESIAN_POINT('',(42.2848438,25.038214493,85.416666667));
#1902=CARTESIAN_POINT('',(38.660604589,30.336081701,89.583333333));
#1903=CARTESIAN_POINT('',(36.587639055,32.806476016,91.666666667));
#1904=CARTESIAN_POINT('',(31.999475965,37.295492196,95.833333333));
#1905=CARTESIAN_POINT('',(29.484413312,39.313989066,97.91665004));
#1906=CARTESIAN_POINT('',(26.796508642,41.067830453,100.));
#1907=CARTESIAN_POINT('',(-5.72282559,-8.200565058,0.));
#1908=CARTESIAN_POINT('',(-5.186099315,-8.575123498,2.083335456));
#1909=CARTESIAN_POINT('',(-4.612497569,-8.896810351,4.166666667));
#1910=CARTESIAN_POINT('',(-3.413526877,-9.422112423,8.333333333));
#1911=CARTESIAN_POINT('',(-2.788188125,-9.625714271,10.416666667));
#1912=CARTESIAN_POINT('',(-1.509773969,-9.907015232,14.583333333));
#1913=CARTESIAN_POINT('',(-0.856730176,-9.984707389,16.666666667));
#1914=CARTESIAN_POINT('',(0.451998706,-10.011197002,20.833333333));
#1915=CARTESIAN_POINT('',(1.107651434,-9.959993803,22.916666667));
#1916=CARTESIAN_POINT('',(2.396401325,-9.730654086,27.083333333));
#1917=CARTESIAN_POINT('',(3.029466621,-9.552523239,29.166666667));
#1918=CARTESIAN_POINT('',(4.248711584,-9.07616759,33.333333333));
#1919=CARTESIAN_POINT('',(4.834861104,-8.777954565,35.416666667));
#1920=CARTESIAN_POINT('',(5.93774624,-8.072889063,39.583333333));
#1921=CARTESIAN_POINT('',(6.454454586,-7.66605402,41.666666667));
#1922=CARTESIAN_POINT('',(7.398596638,-6.759373938,45.833333333));
#1923=CARTESIAN_POINT('',(7.826006999,-6.259551318,47.916666667));
#1924=CARTESIAN_POINT('',(8.575123117,-5.186099862,52.083333333));
#1925=CARTESIAN_POINT('',(8.896810351,-4.612497569,54.166666667));
#1926=CARTESIAN_POINT('',(9.422112423,-3.413526877,58.333333333));
#1927=CARTESIAN_POINT('',(9.625714271,-2.788188125,60.416666667));
#1928=CARTESIAN_POINT('',(9.907015232,-1.509773969,64.583333333));
#1929=CARTESIAN_POINT('',(9.984707389,-0.856730176,66.666666667));
#1930=CARTESIAN_POINT('',(10.011197002,0.451998706,70.833333333));
#1931=CARTESIAN_POINT('',(9.959993803,1.107651434,72.916666667));
#1932=CARTESIAN_POINT('',(9.730654086,2.396401325,77.083333333));
#1933=CARTESIAN_POINT('',(9.552523239,3.029466621,79.166666667));
#1934=CARTESIAN_POINT('',(9.07616759,4.248711584,83.333333333));
#1935=CARTESIAN_POINT('',(8.777954565,4.834861104,85.416666667));
#1936=CARTESIAN_POINT('',(8.072889063,5.93774624,89.583333333));
#1937=CARTESIAN_POINT('',(7.66605402,6.454454586,91.666666667));
#1938=CARTESIAN_POINT('',(6.759373938,7.398596638,95.833333333));
#1939=CARTESIAN_POINT('',(6.259551865,7.826006617,97.916664544));
#1940=CARTESIAN_POINT('',(5.72282559,8.200565058,100.));
#1941=B_SPLINE_SURFACE_WITH_KNOTS('',2,3,((#1839,#1840,#1841,#1842,#1843,#1844,#1845,#1846,#1847,#1848,#1849,#1850,#1851,#1852,#1853,#1854,#1855,#1856,#1857,#1858,#1859,#1860,#1861,#1862,#1863,#1864,
#1865,#1866,#1867,#1868,#1869,#1870,#1871,#1872),(#1873,#1874,#1875,#1876,#1877,#1878,#1879,#1880,#1881,#1882,#1883,#1884,#1885,#1886,#1887,#1888,#1889,#1890,#1891,#1892,#1893,#1894,#1895,#1896,#1897,#1898,
#1899,#1900,#1901,#1902,#1903,#1904,#1905,#1906),(#1907,#1908,#1909,#1910,#1911,#1912,#1913,#1914,#1915,#1916,#1917,#1918,#1919,#1920,#1921,#1922,#1923,#1924,#1925,#1926,#1927,#1928,#1929,#1930,#1931,#1932,
#1933,#1934,#1935,#1936,#1937,#1938,#1939,#1940)),.UNSPECIFIED.,.F.,.F.,.U.,(3,3),(4,2,2,2,2,2,2,2,2,2,2,2,2,2,2,2,4),(0.,1.),(0.,0.0625,0.125,0.1875,0.25,0.3125,0.375,0.4375,0.5,0.5625,0.625,0.6875,0.75,0.8125,0.875,0.9375,1.),.UNSPECIFIED.);
#1942=CARTESIAN_POINT('',(5.72282559,8.200565058,100.));
#1943=VERTEX_POINT('',#1942);
#1944=CARTESIAN_POINT('',(-5.72282559,-8.200565058,0.));
#1945=CARTESIAN_POINT('',(-5.186099315,-8.575123498,2.083335456));
#1946=CARTESIAN_POINT('',(-4.612497569,-8.896810351,4.166666667));
#1947=CARTESIAN_POINT('',(-3.413526877,-9.422112423,8.333333333));
#1948=CARTESIAN_POINT('',(-2.788188125,-9.625714271,10.416666667));
#1949=CARTESIAN_POINT('',(-1.509773969,-9.907015232,14.583333333));
#1950=CARTESIAN_POINT('',(-0.856730176,-9.984707389,16.666666667));
#1951=CARTESIAN_POINT('',(0.451998706,-10.011197002,20.833333333));
#1952=CARTESIAN_POINT('',(1.107651434,-9.959993803,22.916666667));
#1953=CARTESIAN_POINT('',(2.396401325,-9.730654086,27.083333333));
#1954=CARTESIAN_POINT('',(3.029466621,-9.552523239,29.166666667));
#1955=CARTESIAN_POINT('',(4.248711584,-9.07616759,33.333333333));
#1956=CARTESIAN_POINT('',(4.834861104,-8.777954565,35.416666667));
#1957=CARTESIAN_POINT('',(5.93774624,-8.072889063,39.583333333));
#1958=CARTESIAN_POINT('',(6.454454586,-7.66605402,41.666666667));
#1959=CARTESIAN_POINT('',(7.398596638,-6.759373938,45.833333333));
#1960=CARTESIAN_POINT('',(7.826006999,-6.259551318,47.916666667));
#1961=CARTESIAN_POINT('',(8.575123117,-5.186099862,52.083333333));
#1962=CARTESIAN_POINT('',(8.896810351,-4.612497569,54.166666667));
#1963=CARTESIAN_POINT('',(9.422112423,-3.413526877,58.333333333));
#1964=CARTESIAN_POINT('',(9.625714271,-2.788188125,60.416666667));
#1965=CARTESIAN_POINT('',(9.907015232,-1.509773969,64.583333333));
#1966=CARTESIAN_POINT('',(9.984707389,-0.856730176,66.666666667));
#1967=CARTESIAN_POINT('',(10.011197002,0.451998706,70.833333333));
#1968=CARTESIAN_POINT('',(9.959993803,1.107651434,72.916666667));
#1969=CARTESIAN_POINT('',(9.730654086,2.396401325,77.083333333));
#1970=CARTESIAN_POINT('',(9.552523239,3.029466621,79.166666667));
#1971=CARTESIAN_POINT('',(9.07616759,4.248711584,83.333333333));
#1972=CARTESIAN_POINT('',(8.777954565,4.834861104,85.416666667));
#1973=CARTESIAN_POINT('',(8.072889063,5.93774624,89.583333333));
#1974=CARTESIAN_POINT('',(7.66605402,6.454454586,91.666666667));
#1975=CARTESIAN_POINT('',(6.759373938,7.398596638,95.833333333));
#1976=CARTESIAN_POINT('',(6.259551865,7.826006617,97.916664544));
#1977=CARTESIAN_POINT('',(5.72282559,8.200565058,100.));
#1978=B_SPLINE_CURVE_WITH_KNOTS('',3,(#1944,#1945,#1946,#1947,#1948,#1949,#1950,#1951,#1952,#1953,#1954,#1955,#1956,#1957,#1958,#1959,#1960,#1961,#1962,#1963,#1964,#1965,#1966,#1967,#1968,#1969,
#1970,#1971,#1972,#1973,#1974,#1975,#1976,#1977),.UNSPECIFIED.,.F.,.F.,(4,2,2,2,2,2,2,2,2,2,2,2,2,2,2,2,4),(0.,0.0625,0.125,0.1875,0.25,0.3125,0.375,0.4375,0.5,0.5625,0.625,0.6875,0.75,0.8125,0.875,0.9375,1.),.UNSPECIFIED.);
#1979=EDGE_CURVE('',#168,#1943,#1978,.T.);
#1980=ORIENTED_EDGE('',*,*,#1979,.T.);
#1981=CARTESIAN_POINT('',(5.72282559,8.200565058,100.));
#1982=CARTESIAN_POINT('',(6.832917402,8.606734122,97.72148761));
#1983=CARTESIAN_POINT('',(8.038846699,8.835548475,95.492265443));
#1984=CARTESIAN_POINT('',(9.296012937,8.875997179,93.287097869));
#1985=CARTESIAN_POINT('',(9.924596056,8.896221531,92.184514082));
#1986=CARTESIAN_POINT('',(10.566124426,8.869397924,91.088021146));
#1987=CARTESIAN_POINT('',(11.215530107,8.794201678,89.994749742));
#1988=CARTESIAN_POINT('',(11.540232947,8.756603555,89.44811404));
#1989=CARTESIAN_POINT('',(11.866910562,8.706914341,88.90228682));
#1990=CARTESIAN_POINT('',(12.194942061,8.644962508,88.356916327));
#1991=CARTESIAN_POINT('',(12.522973559,8.583010675,87.811545834));
#1992=CARTESIAN_POINT('',(12.852957902,8.508622187,87.265649031));
#1993=CARTESIAN_POINT('',(13.181763697,8.422332852,86.7230196));
#1994=CARTESIAN_POINT('',(14.496986874,8.07717551,84.552501875));
#1995=CARTESIAN_POINT('',(15.794620863,7.542394034,82.430846048));
#1996=CARTESIAN_POINT('',(17.040278743,6.829867052,80.333988225));
#1997=CARTESIAN_POINT('',(17.663107682,6.47360356,79.285559313));
#1998=CARTESIAN_POINT('',(18.273053263,6.072842916,78.243414396));
#1999=CARTESIAN_POINT('',(18.866166656,5.628720458,77.20486159));
#2000=CARTESIAN_POINT('',(19.162723352,5.406659228,76.685585187));
#2001=CARTESIAN_POINT('',(19.455076019,5.173755739,76.167209755));
#2002=CARTESIAN_POINT('',(19.742736685,4.930133454,75.649407909));
#2003=CARTESIAN_POINT('',(20.030397351,4.686511169,75.131606063));
#2004=CARTESIAN_POINT('',(20.313079196,4.432353748,74.614859025));
#2005=CARTESIAN_POINT('',(20.588690518,4.169574082,74.101989859));
#2006=CARTESIAN_POINT('',(21.691135809,3.118455418,72.050513198));
#2007=CARTESIAN_POINT('',(22.688253453,1.923250854,70.046516732));
#2008=CARTESIAN_POINT('',(23.563337156,0.606540403,68.067900478));
#2009=CARTESIAN_POINT('',(24.438420859,-0.710170047,66.089284224));
#2010=CARTESIAN_POINT('',(25.191645639,-2.148614403,64.136274142));
#2011=CARTESIAN_POINT('',(25.806644449,-3.690930471,62.189996845));
#2012=CARTESIAN_POINT('',(25.960394152,-4.076509488,61.70342752));
#2013=CARTESIAN_POINT('',(26.105556587,-4.468877605,61.216970941));
#2014=CARTESIAN_POINT('',(26.240940376,-4.864753216,60.733966372));
#2015=CARTESIAN_POINT('',(26.376324164,-5.260628828,60.250961803));
#2016=CARTESIAN_POINT('',(26.502202057,-5.660644228,59.770597282));
#2017=CARTESIAN_POINT('',(26.618588893,-6.06442985,59.292541108));
#2018=CARTESIAN_POINT('',(26.851362563,-6.872001093,58.336428759));
#2019=CARTESIAN_POINT('',(27.046179209,-7.69463553,57.389534662));
#2020=CARTESIAN_POINT('',(27.203101716,-8.529613874,56.449412804));
#2021=CARTESIAN_POINT('',(27.516946731,-10.199570561,54.569169089));
#2022=CARTESIAN_POINT('',(27.679311086,-11.918764346,52.715900399));
#2023=CARTESIAN_POINT('',(27.689323867,-13.668382244,50.872533958));
#2024=CARTESIAN_POINT('',(27.694330257,-14.543191193,49.950850737));
#2025=CARTESIAN_POINT('',(27.661242371,-15.42562908,49.031663012));
#2026=CARTESIAN_POINT('',(27.589814127,-16.313535452,48.112993352));
#2027=CARTESIAN_POINT('',(27.554100005,-16.757488639,47.653658522));
#2028=CARTESIAN_POINT('',(27.508837816,-17.202029661,47.195266252));
#2029=CARTESIAN_POINT('',(27.454371804,-17.645187008,46.739304424));
#2030=CARTESIAN_POINT('',(27.399905793,-18.088344356,46.283342597));
#2031=CARTESIAN_POINT('',(27.336199351,-18.530633663,45.829279504));
#2032=CARTESIAN_POINT('',(27.26345869,-18.971819692,45.376828429));
#2033=CARTESIAN_POINT('',(26.972496048,-20.736563808,43.567024131));
#2034=CARTESIAN_POINT('',(26.537125649,-22.483459866,41.782783087));
#2035=CARTESIAN_POINT('',(25.969629713,-24.199130544,40.007636257));
#2036=CARTESIAN_POINT('',(25.402133776,-25.914801221,38.232489427));
#2037=CARTESIAN_POINT('',(24.702318655,-27.59925895,36.466505989));
#2038=CARTESIAN_POINT('',(23.884107476,-29.240329359,34.69388625));
#2039=CARTESIAN_POINT('',(23.475001886,-30.060864563,33.807576381));
#2040=CARTESIAN_POINT('',(23.035860717,-30.871185361,32.918897299));
#2041=CARTESIAN_POINT('',(22.572567739,-31.664357443,32.031992689));
#2042=CARTESIAN_POINT('',(22.109274761,-32.457529526,31.14508808));
#2043=CARTESIAN_POINT('',(21.621295911,-33.23480634,30.25859373));
#2044=CARTESIAN_POINT('',(21.112090047,-33.995575215,29.37002454));
#2045=CARTESIAN_POINT('',(20.602884182,-34.756344089,28.48145535));
#2046=CARTESIAN_POINT('',(20.072393166,-35.500605341,27.590844557));
#2047=CARTESIAN_POINT('',(19.525052209,-36.227946833,26.695324841));
#2048=CARTESIAN_POINT('',(18.977711252,-36.955288325,25.799805126));
#2049=CARTESIAN_POINT('',(18.413219649,-37.665997157,24.898950084));
#2050=CARTESIAN_POINT('',(17.839295977,-38.358137217,23.991735242));
#2051=CARTESIAN_POINT('',(17.265372305,-39.050277277,23.084520399));
#2052=CARTESIAN_POINT('',(16.681617548,-39.724210095,22.170608335));
#2053=CARTESIAN_POINT('',(16.096394246,-40.380779595,21.245425028));
#2054=CARTESIAN_POINT('',(15.511170944,-41.037349095,20.32024172));
#2055=CARTESIAN_POINT('',(14.924332754,-41.676523111,19.38385501));
#2056=CARTESIAN_POINT('',(14.348532518,-42.300058539,18.429680901));
#2057=CARTESIAN_POINT('',(14.0606324,-42.611826254,17.952593847));
#2058=CARTESIAN_POINT('',(13.775560379,-42.919703016,17.471030672));
#2059=CARTESIAN_POINT('',(13.495342102,-43.224040391,16.983986621));
#2060=CARTESIAN_POINT('',(13.215123825,-43.528377766,16.49694257));
#2061=CARTESIAN_POINT('',(12.939649875,-43.829303748,16.004178909));
#2062=CARTESIAN_POINT('',(12.672454529,-44.126036943,15.506647533));
#2063=CARTESIAN_POINT('',(12.138063838,-44.719503333,14.511584782));
#2064=CARTESIAN_POINT('',(11.635950709,-45.297042315,13.495910059));
#2065=CARTESIAN_POINT('',(11.188494992,-45.862377348,12.45314005));
#2066=CARTESIAN_POINT('',(10.964767133,-46.145044864,11.931755045));
#2067=CARTESIAN_POINT('',(10.754767074,-46.424688739,11.403586717));
#2068=CARTESIAN_POINT('',(10.560124197,-46.701922013,10.868343853));
#2069=CARTESIAN_POINT('',(10.36548132,-46.979155287,10.333100989));
#2070=CARTESIAN_POINT('',(10.186278335,-47.253982716,9.790754867));
#2071=CARTESIAN_POINT('',(10.022121495,-47.527039674,9.241790154));
#2072=CARTESIAN_POINT('',(9.857964654,-47.800096632,8.69282544));
#2073=CARTESIAN_POINT('',(9.708899339,-48.071389758,8.137228508));
#2074=CARTESIAN_POINT('',(9.571473394,-48.34149009,7.576605064));
#2075=CARTESIAN_POINT('',(9.434047448,-48.611590423,7.01598162));
#2076=CARTESIAN_POINT('',(9.308215949,-48.880503695,6.450351664));
#2077=CARTESIAN_POINT('',(9.187509,-49.148639219,5.882375089));
#2078=B_SPLINE_CURVE_WITH_KNOTS('',3,(#1981,#1982,#1983,#1984,#1985,#1986,#1987,#1988,#1989,#1990,#1991,#1992,#1993,#1994,#1995,#1996,#1997,#1998,#1999,#2000,#2001,#2002,#2003,#2004,#2005,#2006,
#2007,#2008,#2009,#2010,#2011,#2012,#2013,#2014,#2015,#2016,#2017,#2018,#2019,#2020,#2021,#2022,#2023,#2024,#2025,#2026,#2027,#2028,#2029,#2030,#2031,
#2032,#2033,#2034,#2035,#2036,#2037,#2038,#2039,#2040,#2041,#2042,#2043,#2044,#2045,#2046,#2047,#2048,#2049,#2050,#2051,#2052,#2053,#2054,#2055,#2056,
#2057,#2058,#2059,#2060,#2061,#2062,#2063,#2064,#2065,#2066,#2067,#2068,#2069,#2070,#2071,#2072,#2073,#2074,#2075,#2076,#2077),.UNSPECIFIED.,.F.,.F.,(4,3,3,3,3,3,3,3,3,3,3,3,3,3,3,3,3,3,3,3,3,3,3,3,3,3,
3,3,3,3,3,3,4),(0.,0.007615674,0.011423511,0.013327429,0.015231348,0.022847021,0.026654858,0.028558777,0.030462695,0.038078369,0.045694043,0.047597961,0.04950188,0.053309717,0.06092539,0.064733227,0.066637146,0.068541064,0.076156738,0.083772412,0.087580249,0.091388086,0.095195923,0.099003759,0.102811596,0.106619433,
0.108523352,0.11042727,0.114235107,0.116139026,0.118042944,0.119946862,0.121850781),.UNSPECIFIED.);
#2079=EDGE_CURVE('',#1943,#1717,#2078,.T.);
#2080=ORIENTED_EDGE('',*,*,#2079,.T.);
#2081=ORIENTED_EDGE('',*,*,#1723,.F.);
#2082=ORIENTED_EDGE('',*,*,#182,.T.);
#2083=EDGE_LOOP('',(#1980,#2080,#2081,#2082));
#2084=FACE_BOUND('',#2083,.T.);
#2085=ADVANCED_FACE('',(#2084),#1941,.T.);
#2086=CARTESIAN_POINT('',(-5.72282559,-8.200565058,0.));
#2087=CARTESIAN_POINT('',(-5.186099315,-8.575123498,2.083335456));
#2088=CARTESIAN_POINT('',(-4.612497569,-8.896810351,4.166666667));
#2089=CARTESIAN_POINT('',(-3.413526877,-9.422112423,8.333333333));
#2090=CARTESIAN_POINT('',(-2.788188125,-9.625714271,10.416666667));
#2091=CARTESIAN_POINT('',(-1.509773969,-9.907015232,14.583333333));
#2092=CARTESIAN_POINT('',(-0.856730176,-9.984707389,16.666666667));
#2093=CARTESIAN_POINT('',(0.451998706,-10.011197002,20.833333333));
#2094=CARTESIAN_POINT('',(1.107651434,-9.959993803,22.916666667));
#2095=CARTESIAN_POINT('',(2.396401325,-9.730654086,27.083333333));
#2096=CARTESIAN_POINT('',(3.029466621,-9.552523239,29.166666667));
#2097=CARTESIAN_POINT('',(4.248711584,-9.07616759,33.333333333));
#2098=CARTESIAN_POINT('',(4.834861104,-8.777954565,35.416666667));
#2099=CARTESIAN_POINT('',(5.93774624,-8.072889063,39.583333333));
#2100=CARTESIAN_POINT('',(6.454454586,-7.66605402,41.666666667));
#2101=CARTESIAN_POINT('',(7.398596638,-6.759373938,45.833333333));
#2102=CARTESIAN_POINT('',(7.826006999,-6.259551318,47.916666667));
#2103=CARTESIAN_POINT('',(8.575123117,-5.186099862,52.083333333));
#2104=CARTESIAN_POINT('',(8.896810351,-4.612497569,54.166666667));
#2105=CARTESIAN_POINT('',(9.422112423,-3.413526877,58.333333333));
#2106=CARTESIAN_POINT('',(9.625714271,-2.788188125,60.416666667));
#2107=CARTESIAN_POINT('',(9.907015232,-1.509773969,64.583333333));
#2108=CARTESIAN_POINT('',(9.984707389,-0.856730176,66.666666667));
#2109=CARTESIAN_POINT('',(10.011197002,0.451998706,70.833333333));
#2110=CARTESIAN_POINT('',(9.959993803,1.107651434,72.916666667));
#2111=CARTESIAN_POINT('',(9.730654086,2.396401325,77.083333333));
#2112=CARTESIAN_POINT('',(9.552523239,3.029466621,79.166666667));
#2113=CARTESIAN_POINT('',(9.07616759,4.248711584,83.333333333));
#2114=CARTESIAN_POINT('',(8.777954565,4.834861104,85.416666667));
#2115=CARTESIAN_POINT('',(8.072889063,5.93774624,89.583333333));
#2116=CARTESIAN_POINT('',(7.66605402,6.454454586,91.666666667));
#2117=CARTESIAN_POINT('',(6.759373938,7.398596638,95.833333333));
#2118=CARTESIAN_POINT('',(6.259551865,7.826006617,97.916664544));
#2119=CARTESIAN_POINT('',(5.72282559,8.200565058,100.));
#2120=CARTESIAN_POINT('',(-3.940381544,-9.444456951,0.));
#2121=CARTESIAN_POINT('',(-3.322242625,-9.702354594,2.083335547));
#2122=CARTESIAN_POINT('',(-2.678720259,-9.899365513,4.166666667));
#2123=CARTESIAN_POINT('',(-1.36557188,-10.164063814,8.333333333));
#2124=CARTESIAN_POINT('',(-0.695978995,-10.231744378,10.416666667));
#2125=CARTESIAN_POINT('',(0.643577683,-10.235174036,14.583333333));
#2126=CARTESIAN_POINT('',(1.313508352,-10.170923045,16.666666667));
#2127=CARTESIAN_POINT('',(2.627994917,-9.91295226,20.833333333));
#2128=CARTESIAN_POINT('',(3.272518309,-9.719238844,22.916666667));
#2129=CARTESIAN_POINT('',(4.51141978,-9.209781287,27.083333333));
#2130=CARTESIAN_POINT('',(5.105767224,-8.894049744,29.166666667));
#2131=CARTESIAN_POINT('',(6.221473311,-8.152683584,33.333333333));
#2132=CARTESIAN_POINT('',(6.742804367,-7.7270673,35.416666667));
#2133=CARTESIAN_POINT('',(7.692439111,-6.782282824,39.583333333));
#2134=CARTESIAN_POINT('',(8.120719319,-6.263137993,41.666666667));
#2135=CARTESIAN_POINT('',(8.867788791,-5.151242738,45.833333333));
#2136=CARTESIAN_POINT('',(9.186559582,-4.558519806,47.916666667));
#2137=CARTESIAN_POINT('',(9.70235432,-3.322243282,52.083333333));
#2138=CARTESIAN_POINT('',(9.899365513,-2.678720259,54.166666667));
#2139=CARTESIAN_POINT('',(10.164063814,-1.36557188,58.333333333));
#2140=CARTESIAN_POINT('',(10.231744378,-0.695978995,60.416666667));
#2141=CARTESIAN_POINT('',(10.235174036,0.643577683,64.583333333));
#2142=CARTESIAN_POINT('',(10.170923045,1.313508352,66.666666667));
#2143=CARTESIAN_POINT('',(9.91295226,2.627994917,70.833333333));
#2144=CARTESIAN_POINT('',(9.719238844,3.272518309,72.916666667));
#2145=CARTESIAN_POINT('',(9.209781287,4.51141978,77.083333333));
#2146=CARTESIAN_POINT('',(8.894049744,5.105767224,79.166666667));
#2147=CARTESIAN_POINT('',(8.152683584,6.221473311,83.333333333));
#2148=CARTESIAN_POINT('',(7.7270673,6.742804367,85.416666667));
#2149=CARTESIAN_POINT('',(6.782282824,7.692439111,89.583333333));
#2150=CARTESIAN_POINT('',(6.263137993,8.120719319,91.666666667));
#2151=CARTESIAN_POINT('',(5.151242738,8.867788791,95.833333333));
#2152=CARTESIAN_POINT('',(4.558520463,9.186559308,97.916664453));
#2153=CARTESIAN_POINT('',(3.940381544,9.444456951,100.));
#2154=CARTESIAN_POINT('',(-1.856871584,-10.063617726,0.));
#2155=CARTESIAN_POINT('',(-1.198208644,-10.185149816,2.083335547));
#2156=CARTESIAN_POINT('',(-0.527593833,-10.241807679,4.166666667));
#2157=CARTESIAN_POINT('',(0.811838045,-10.223203939,8.333333333));
#2158=CARTESIAN_POINT('',(1.480621293,-10.147942667,10.416666667));
#2159=CARTESIAN_POINT('',(2.790686953,-9.868386196,14.583333333));
#2160=CARTESIAN_POINT('',(3.431936972,-9.664097909,16.666666667));
#2161=CARTESIAN_POINT('',(4.662291327,-9.134331906,20.833333333));
#2162=CARTESIAN_POINT('',(5.251365239,-8.808867289,22.916666667));
#2163=CARTESIAN_POINT('',(6.354726459,-8.049250364,27.083333333));
#2164=CARTESIAN_POINT('',(6.868986484,-7.615116838,29.166666667));
#2165=CARTESIAN_POINT('',(7.802953017,-6.654840644,33.333333333));
#2166=CARTESIAN_POINT('',(8.222636431,-6.128721719,35.416666667));
#2167=CARTESIAN_POINT('',(8.951316467,-5.00468913,39.583333333));
#2168=CARTESIAN_POINT('',(9.260295071,-4.40680326,41.666666667));
#2169=CARTESIAN_POINT('',(9.755685845,-3.16221022,45.833333333));
#2170=CARTESIAN_POINT('',(9.942085765,-2.515533824,47.916666667));
#2171=CARTESIAN_POINT('',(10.185149687,-1.198209344,52.083333333));
#2172=CARTESIAN_POINT('',(10.241807679,-0.527593833,54.166666667));
#2173=CARTESIAN_POINT('',(10.223203939,0.811838045,58.333333333));
#2174=CARTESIAN_POINT('',(10.147942667,1.480621293,60.416666667));
#2175=CARTESIAN_POINT('',(9.868386196,2.790686953,64.583333333));
#2176=CARTESIAN_POINT('',(9.664097909,3.431936972,66.666666667));
#2177=CARTESIAN_POINT('',(9.134331906,4.662291327,70.833333333));
#2178=CARTESIAN_POINT('',(8.808867289,5.251365239,72.916666667));
#2179=CARTESIAN_POINT('',(8.049250364,6.354726459,77.083333333));
#2180=CARTESIAN_POINT('',(7.615116838,6.868986484,79.166666667));
#2181=CARTESIAN_POINT('',(6.654840644,7.802953017,83.333333333));
#2182=CARTESIAN_POINT('',(6.128721719,8.222636431,85.416666667));
#2183=CARTESIAN_POINT('',(5.00468913,8.951316467,89.583333333));
#2184=CARTESIAN_POINT('',(4.40680326,9.260295071,91.666666667));
#2185=CARTESIAN_POINT('',(3.16221022,9.755685845,95.833333333));
#2186=CARTESIAN_POINT('',(2.515534524,9.942085636,97.916664453));
#2187=CARTESIAN_POINT('',(1.856871584,10.063617726,100.));
#2188=CARTESIAN_POINT('',(0.315608093,-9.995018336,0.));
#2189=CARTESIAN_POINT('',(0.969781179,-9.974361813,2.083335456));
#2190=CARTESIAN_POINT('',(1.62190232,-9.889277077,4.166666667));
#2191=CARTESIAN_POINT('',(2.897047914,-9.593512476,8.333333333));
#2192=CARTESIAN_POINT('',(3.520040171,-9.382839945,10.416666667));
#2193=CARTESIAN_POINT('',(4.712983389,-8.843989813,14.583333333));
#2194=CARTESIAN_POINT('',(5.282904853,-8.515825536,16.666666667));
#2195=CARTESIAN_POINT('',(6.347801556,-7.754597582,20.833333333));
#2196=CARTESIAN_POINT('',(6.842750463,-7.321552728,22.916666667));
#2197=CARTESIAN_POINT('',(7.738677268,-6.367200514,27.083333333));
#2198=CARTESIAN_POINT('',(8.139633011,-5.845916753,29.166666667));
#2199=CARTESIAN_POINT('',(8.832159953,-4.735115502,33.333333333));
#2200=CARTESIAN_POINT('',(9.123714027,-4.145625477,35.416666667));
#2201=CARTESIAN_POINT('',(9.586227684,-2.921062656,39.583333333));
#2202=CARTESIAN_POINT('',(9.75717583,-2.286020138,41.666666667));
#2203=CARTESIAN_POINT('',(9.971902061,-0.99475501,45.833333333));
#2204=CARTESIAN_POINT('',(10.015674837,-0.338564328,47.916666667));
#2205=CARTESIAN_POINT('',(9.974361834,0.969780513,52.083333333));
#2206=CARTESIAN_POINT('',(9.889277077,1.62190232,54.166666667));
#2207=CARTESIAN_POINT('',(9.593512476,2.897047914,58.333333333));
#2208=CARTESIAN_POINT('',(9.382839945,3.520040171,60.416666667));
#2209=CARTESIAN_POINT('',(8.843989813,4.712983389,64.583333333));
#2210=CARTESIAN_POINT('',(8.515825536,5.282904853,66.666666667));
#2211=CARTESIAN_POINT('',(7.754597582,6.347801556,70.833333333));
#2212=CARTESIAN_POINT('',(7.321552728,6.842750463,72.916666667));
#2213=CARTESIAN_POINT('',(6.367200514,7.738677268,77.083333333));
#2214=CARTESIAN_POINT('',(5.845916753,8.139633011,79.166666667));
#2215=CARTESIAN_POINT('',(4.735115502,8.832159953,83.333333333));
#2216=CARTESIAN_POINT('',(4.145625477,9.123714027,85.416666667));
#2217=CARTESIAN_POINT('',(2.921062656,9.586227684,89.583333333));
#2218=CARTESIAN_POINT('',(2.286020138,9.75717583,91.666666667));
#2219=CARTESIAN_POINT('',(0.99475501,9.971902061,95.833333333));
#2220=CARTESIAN_POINT('',(0.338564994,10.015674858,97.916664544));
#2221=CARTESIAN_POINT('',(-0.315608093,9.995018336,100.));
#2222=(BOUNDED_SURFACE()
B_SPLINE_SURFACE(3,3,((#2086,#2087,#2088,#2089,#2090,#2091,#2092,#2093,#2094,#2095,#2096,#2097,#2098,#2099,#2100,#2101,#2102,#2103,#2104,#2105,#2106,#2107,#2108,#2109,#2110,#2111,
#2112,#2113,#2114,#2115,#2116,#2117,#2118,#2119),(#2120,#2121,#2122,#2123,#2124,#2125,#2126,#2127,#2128,#2129,#2130,#2131,#2132,#2133,#2134,#2135,#2136,#2137,#2138,#2139,#2140,#2141,#2142,#2143,#2144,#2145,
#2146,#2147,#2148,#2149,#2150,#2151,#2152,#2153),(#2154,#2155,#2156,#2157,#2158,#2159,#2160,#2161,#2162,#2163,#2164,#2165,#2166,#2167,#2168,#2169,#2170,#2171,#2172,#2173,#2174,#2175,#2176,#2177,#2178,#2179,
#2180,#2181,#2182,#2183,#2184,#2185,#2186,#2187),(#2188,#2189,#2190,#2191,#2192,#2193,#2194,#2195,#2196,#2197,#2198,#2199,#2200,#2201,#2202,#2203,#2204,#2205,#2206,#2207,#2208,#2209,#2210,#2211,#2212,#2213,
#2214,#2215,#2216,#2217,#2218,#2219,#2220,#2221)),.UNSPECIFIED.,.F.,.F.,.U.)
B_SPLINE_SURFACE_WITH_KNOTS((4,4),(4,2,2,2,2,2,2,2,2,2,2,2,2,2,2,2,4),(0.,1.),(0.,0.0625,0.125,0.1875,0.25,0.3125,0.375,0.4375,0.5,0.5625,0.625,0.6875,0.75,0.8125,0.875,0.9375,1.),.UNSPECIFIED.)
GEOMETRIC_REPRESENTATION_ITEM()
RATIONAL_B_SPLINE_SURFACE(((1.,1.,1.,1.,1.,1.,1.,1.,1.,1.,1.,1.,1.,1.,1.,1.,1.,1.,1.,1.,1.,1.,1.,1.,1.,1.,
1.,1.,1.,1.,1.,1.,1.,1.),(0.966067485,0.966067485,0.966067485,0.966067485,0.966067485,0.966067485,0.966067485,0.966067485,0.966067485,0.966067485,0.966067485,0.966067485,0.966067485,0.966067485,0.966067485,0.966067485,0.966067485,0.966067485,0.966067485,0.966067485,0.966067485,0.966067485,0.966067485,0.966067485,0.966067485,0.966067485,
0.966067485,0.966067485,0.966067485,0.966067485,0.966067485,0.966067485,0.966067485,0.966067485),(0.966067485,0.966067485,0.966067485,0.966067485,0.966067485,0.966067485,0.966067485,0.966067485,0.966067485,0.966067485,0.966067485,0.966067485,0.966067485,0.966067485,0.966067485,0.966067485,0.966067485,0.966067485,0.966067485,0.966067485,0.966067485,0.966067485,0.966067485,0.966067485,0.966067485,0.966067485,
0.966067485,0.966067485,0.966067485,0.966067485,0.966067485,0.966067485,0.966067485,0.966067485),(1.,1.,1.,1.,1.,1.,1.,1.,1.,1.,1.,1.,1.,1.,1.,1.,1.,1.,1.,1.,1.,1.,1.,1.,1.,1.,
1.,1.,1.,1.,1.,1.,1.,1.)))
REPRESENTATION_ITEM('')
SURFACE()
);
#2223=CARTESIAN_POINT('',(-0.315608093,9.995018336,100.));
#2224=VERTEX_POINT('',#2223);
#2225=CARTESIAN_POINT('',(0.315608093,-9.995018336,0.));
#2226=CARTESIAN_POINT('',(0.969781179,-9.974361813,2.083335456));
#2227=CARTESIAN_POINT('',(1.62190232,-9.889277077,4.166666667));
#2228=CARTESIAN_POINT('',(2.897047914,-9.593512476,8.333333333));
#2229=CARTESIAN_POINT('',(3.520040171,-9.382839945,10.416666667));
#2230=CARTESIAN_POINT('',(4.712983389,-8.843989813,14.583333333));
#2231=CARTESIAN_POINT('',(5.282904853,-8.515825536,16.666666667));
#2232=CARTESIAN_POINT('',(6.347801556,-7.754597582,20.833333333));
#2233=CARTESIAN_POINT('',(6.842750463,-7.321552728,22.916666667));
#2234=CARTESIAN_POINT('',(7.738677268,-6.367200514,27.083333333));
#2235=CARTESIAN_POINT('',(8.139633011,-5.845916753,29.166666667));
#2236=CARTESIAN_POINT('',(8.832159953,-4.735115502,33.333333333));
#2237=CARTESIAN_POINT('',(9.123714027,-4.145625477,35.416666667));
#2238=CARTESIAN_POINT('',(9.586227684,-2.921062656,39.583333333));
#2239=CARTESIAN_POINT('',(9.75717583,-2.286020138,41.666666667));
#2240=CARTESIAN_POINT('',(9.971902061,-0.99475501,45.833333333));
#2241=CARTESIAN_POINT('',(10.015674837,-0.338564328,47.916666667));
#2242=CARTESIAN_POINT('',(9.974361834,0.969780513,52.083333333));
#2243=CARTESIAN_POINT('',(9.889277077,1.62190232,54.166666667));
#2244=CARTESIAN_POINT('',(9.593512476,2.897047914,58.333333333));
#2245=CARTESIAN_POINT('',(9.382839945,3.520040171,60.416666667));
#2246=CARTESIAN_POINT('',(8.843989813,4.712983389,64.583333333));
#2247=CARTESIAN_POINT('',(8.515825536,5.282904853,66.666666667));
#2248=CARTESIAN_POINT('',(7.754597582,6.347801556,70.833333333));
#2249=CARTESIAN_POINT('',(7.321552728,6.842750463,72.916666667));
#2250=CARTESIAN_POINT('',(6.367200514,7.738677268,77.083333333));
#2251=CARTESIAN_POINT('',(5.845916753,8.139633011,79.166666667));
#2252=CARTESIAN_POINT('',(4.735115502,8.832159953,83.333333333));
#2253=CARTESIAN_POINT('',(4.145625477,9.123714027,85.416666667));
#2254=CARTESIAN_POINT('',(2.921062656,9.586227684,89.583333333));
#2255=CARTESIAN_POINT('',(2.286020138,9.75717583,91.666666667));
#2256=CARTESIAN_POINT('',(0.99475501,9.971902061,95.833333333));
#2257=CARTESIAN_POINT('',(0.338564994,10.015674858,97.916664544));
#2258=CARTESIAN_POINT('',(-0.315608093,9.995018336,100.));
#2259=B_SPLINE_CURVE_WITH_KNOTS('',3,(#2225,#2226,#2227,#2228,#2229,#2230,#2231,#2232,#2233,#2234,#2235,#2236,#2237,#2238,#2239,#2240,#2241,#2242,#2243,#2244,#2245,#2246,#2247,#2248,#2249,#2250,
#2251,#2252,#2253,#2254,#2255,#2256,#2257,#2258),.UNSPECIFIED.,.F.,.F.,(4,2,2,2,2,2,2,2,2,2,2,2,2,2,2,2,4),(0.,0.0625,0.125,0.1875,0.25,0.3125,0.375,0.4375,0.5,0.5625,0.625,0.6875,0.75,0.8125,0.875,0.9375,1.),.UNSPECIFIED.);
#2260=EDGE_CURVE('',#160,#2224,#2259,.T.);
#2261=ORIENTED_EDGE('',*,*,#2260,.T.);
#2262=CARTESIAN_POINT('',(5.72282559,8.200565058,100.));
#2263=CARTESIAN_POINT('',(4.845856992,8.812564146,100.));
#2264=CARTESIAN_POINT('',(3.874082123,9.280953875,100.));
#2265=CARTESIAN_POINT('',(2.848537894,9.585709774,100.));
#2266=CARTESIAN_POINT('',(1.822993665,9.890465673,100.));
#2267=CARTESIAN_POINT('',(0.75437876,10.028804818,100.));
#2268=CARTESIAN_POINT('',(-0.315608093,9.995018336,100.));
#2269=B_SPLINE_CURVE_WITH_KNOTS('',3,(#2262,#2263,#2264,#2265,#2266,#2267,#2268),.UNSPECIFIED.,.F.,.F.,(4,3,4),(0.025197696,0.028409257,0.031620817),.UNSPECIFIED.);
#2270=EDGE_CURVE('',#1943,#2224,#2269,.T.);
#2271=ORIENTED_EDGE('',*,*,#2270,.F.);
#2272=ORIENTED_EDGE('',*,*,#1979,.F.);
#2273=ORIENTED_EDGE('',*,*,#174,.T.);
#2274=EDGE_LOOP('',(#2261,#2271,#2272,#2273));
#2275=FACE_BOUND('',#2274,.T.);
#2276=ADVANCED_FACE('',(#2275),#2222,.T.);
#2277=CARTESIAN_POINT('',(0.315608093,-9.995018336,0.));
#2278=CARTESIAN_POINT('',(0.969781179,-9.974361813,2.083335456));
#2279=CARTESIAN_POINT('',(1.62190232,-9.889277077,4.166666667));
#2280=CARTESIAN_POINT('',(2.897047914,-9.593512476,8.333333333));
#2281=CARTESIAN_POINT('',(3.520040171,-9.382839945,10.416666667));
#2282=CARTESIAN_POINT('',(4.712983389,-8.843989813,14.583333333));
#2283=CARTESIAN_POINT('',(5.282904853,-8.515825536,16.666666667));
#2284=CARTESIAN_POINT('',(6.347801556,-7.754597582,20.833333333));
#2285=CARTESIAN_POINT('',(6.842750463,-7.321552728,22.916666667));
#2286=CARTESIAN_POINT('',(7.738677268,-6.367200514,27.083333333));
#2287=CARTESIAN_POINT('',(8.139633011,-5.845916753,29.166666667));
#2288=CARTESIAN_POINT('',(8.832159953,-4.735115502,33.333333333));
#2289=CARTESIAN_POINT('',(9.123714027,-4.145625477,35.416666667));
#2290=CARTESIAN_POINT('',(9.586227684,-2.921062656,39.583333333));
#2291=CARTESIAN_POINT('',(9.75717583,-2.286020138,41.666666667));
#2292=CARTESIAN_POINT('',(9.971902061,-0.99475501,45.833333333));
#2293=CARTESIAN_POINT('',(10.015674837,-0.338564328,47.916666667));
#2294=CARTESIAN_POINT('',(9.974361834,0.969780513,52.083333333));
#2295=CARTESIAN_POINT('',(9.889277077,1.62190232,54.166666667));
#2296=CARTESIAN_POINT('',(9.593512476,2.897047914,58.333333333));
#2297=CARTESIAN_POINT('',(9.382839945,3.520040171,60.416666667));
#2298=CARTESIAN_POINT('',(8.843989813,4.712983389,64.583333333));
#2299=CARTESIAN_POINT('',(8.515825536,5.282904853,66.666666667));
#2300=CARTESIAN_POINT('',(7.754597582,6.347801556,70.833333333));
#2301=CARTESIAN_POINT('',(7.321552728,6.842750463,72.916666667));
#2302=CARTESIAN_POINT('',(6.367200514,7.738677268,77.083333333));
#2303=CARTESIAN_POINT('',(5.845916753,8.139633011,79.166666667));
#2304=CARTESIAN_POINT('',(4.735115502,8.832159953,83.333333333));
#2305=CARTESIAN_POINT('',(4.145625477,9.123714027,85.416666667));
#2306=CARTESIAN_POINT('',(2.921062656,9.586227684,89.583333333));
#2307=CARTESIAN_POINT('',(2.286020138,9.75717583,91.666666667));
#2308=CARTESIAN_POINT('',(0.99475501,9.971902061,95.833333333));
#2309=CARTESIAN_POINT('',(0.338564994,10.015674858,97.916664544));
#2310=CARTESIAN_POINT('',(-0.315608093,9.995018336,100.));
#2311=CARTESIAN_POINT('',(3.340423794,-54.564288219,0.));
#2312=CARTESIAN_POINT('',(6.91167836,-54.345656141,2.083350982));
#2313=CARTESIAN_POINT('',(10.461251448,-53.775306976,4.166666667));
#2314=CARTESIAN_POINT('',(17.381154644,-51.953025758,8.333333333));
#2315=CARTESIAN_POINT('',(20.75128339,-50.701140617,10.416666667));
#2316=CARTESIAN_POINT('',(27.182713156,-47.56386788,14.583333333));
#2317=CARTESIAN_POINT('',(30.243855148,-45.678557858,16.666666667));
#2318=CARTESIAN_POINT('',(35.939655246,-41.346857233,20.833333333));
#2319=CARTESIAN_POINT('',(38.574172513,-38.900573738,22.916666667));
#2320=CARTESIAN_POINT('',(43.31545654,-33.54091005,27.083333333));
#2321=CARTESIAN_POINT('',(45.422106062,-30.627662384,29.166666667));
#2322=CARTESIAN_POINT('',(49.026669131,-24.446004503,33.333333333));
#2323=CARTESIAN_POINT('',(50.524493548,-21.177747141,35.416666667));
#2324=CARTESIAN_POINT('',(52.853814321,-14.411652714,39.583333333));
#2325=CARTESIAN_POINT('',(53.685253081,-10.913982952,41.666666667));
#2326=CARTESIAN_POINT('',(54.649817068,-3.823469192,45.833333333));
#2327=CARTESIAN_POINT('',(54.782918445,-0.230800519,47.916666667));
#2328=CARTESIAN_POINT('',(54.345657993,6.911648106,52.083333333));
#2329=CARTESIAN_POINT('',(53.775306976,10.461251448,54.166666667));
#2330=CARTESIAN_POINT('',(51.953025758,17.381154644,58.333333333));
#2331=CARTESIAN_POINT('',(50.701140617,20.75128339,60.416666667));
#2332=CARTESIAN_POINT('',(47.56386788,27.182713156,64.583333333));
#2333=CARTESIAN_POINT('',(45.678557858,30.243855148,66.666666667));
#2334=CARTESIAN_POINT('',(41.346857233,35.939655246,70.833333333));
#2335=CARTESIAN_POINT('',(38.900573738,38.574172513,72.916666667));
#2336=CARTESIAN_POINT('',(33.54091005,43.31545654,77.083333333));
#2337=CARTESIAN_POINT('',(30.627662384,45.422106062,79.166666667));
#2338=CARTESIAN_POINT('',(24.446004503,49.026669131,83.333333333));
#2339=CARTESIAN_POINT('',(21.177747141,50.524493548,85.416666667));
#2340=CARTESIAN_POINT('',(14.411652714,52.853814321,89.583333333));
#2341=CARTESIAN_POINT('',(10.913982952,53.685253081,91.666666667));
#2342=CARTESIAN_POINT('',(3.823469192,54.649817068,95.833333333));
#2343=CARTESIAN_POINT('',(0.230830773,54.782920297,97.916649018));
#2344=CARTESIAN_POINT('',(-3.340423794,54.564288219,100.));
#2345=CARTESIAN_POINT('',(35.355339059,-35.355339059,0.));
#2346=CARTESIAN_POINT('',(37.669359269,-33.04131885,2.08335015));
#2347=CARTESIAN_POINT('',(39.755381279,-30.499489594,4.166666667));
#2348=CARTESIAN_POINT('',(43.391579951,-25.057533708,8.333333333));
#2349=CARTESIAN_POINT('',(44.941648022,-22.157560318,10.416666667));
#2350=CARTESIAN_POINT('',(47.446305229,-16.110782918,14.583333333));
#2351=CARTESIAN_POINT('',(48.400832434,-12.964128425,16.666666667));
#2352=CARTESIAN_POINT('',(49.677695606,-6.544903776,20.833333333));
#2353=CARTESIAN_POINT('',(50.,-3.272492347,22.916666667));
#2354=CARTESIAN_POINT('',(50.,3.272492347,27.083333333));
#2355=CARTESIAN_POINT('',(49.677695606,6.544903776,29.166666667));
#2356=CARTESIAN_POINT('',(48.400832434,12.964128425,33.333333333));
#2357=CARTESIAN_POINT('',(47.446305229,16.110782918,35.416666667));
#2358=CARTESIAN_POINT('',(44.941648022,22.157560318,39.583333333));
#2359=CARTESIAN_POINT('',(43.391579951,25.057533708,41.666666667));
#2360=CARTESIAN_POINT('',(39.755381279,30.499489594,45.833333333));
#2361=CARTESIAN_POINT('',(37.66934059,33.041337529,47.916666667));
#2362=CARTESIAN_POINT('',(33.041337529,37.66934059,52.083333333));
#2363=CARTESIAN_POINT('',(30.499489594,39.755381279,54.166666667));
#2364=CARTESIAN_POINT('',(25.057533708,43.391579951,58.333333333));
#2365=CARTESIAN_POINT('',(22.157560318,44.941648022,60.416666667));
#2366=CARTESIAN_POINT('',(16.110782918,47.446305229,64.583333333));
#2367=CARTESIAN_POINT('',(12.964128425,48.400832434,66.666666667));
#2368=CARTESIAN_POINT('',(6.544903776,49.677695606,70.833333333));
#2369=CARTESIAN_POINT('',(3.272492347,50.,72.916666667));
#2370=CARTESIAN_POINT('',(-3.272492347,50.,77.083333333));
#2371=CARTESIAN_POINT('',(-6.544903776,49.677695606,79.166666667));
#2372=CARTESIAN_POINT('',(-12.964128425,48.400832434,83.333333333));
#2373=CARTESIAN_POINT('',(-16.110782918,47.446305229,85.416666667));
#2374=CARTESIAN_POINT('',(-22.157560318,44.941648022,89.583333333));
#2375=CARTESIAN_POINT('',(-25.057533708,43.391579951,91.666666667));
#2376=CARTESIAN_POINT('',(-30.499489594,39.755381279,95.833333333));
#2377=CARTESIAN_POINT('',(-33.04131885,37.669359269,97.91664985));
#2378=CARTESIAN_POINT('',(-35.355339059,35.355339059,100.));
#2379=B_SPLINE_SURFACE_WITH_KNOTS('',2,3,((#2277,#2278,#2279,#2280,#2281,#2282,#2283,#2284,#2285,#2286,#2287,#2288,#2289,#2290,#2291,#2292,#2293,#2294,#2295,#2296,#2297,#2298,#2299,#2300,#2301,#2302,
#2303,#2304,#2305,#2306,#2307,#2308,#2309,#2310),(#2311,#2312,#2313,#2314,#2315,#2316,#2317,#2318,#2319,#2320,#2321,#2322,#2323,#2324,#2325,#2326,#2327,#2328,#2329,#2330,#2331,#2332,#2333,#2334,#2335,#2336,
#2337,#2338,#2339,#2340,#2341,#2342,#2343,#2344),(#2345,#2346,#2347,#2348,#2349,#2350,#2351,#2352,#2353,#2354,#2355,#2356,#2357,#2358,#2359,#2360,#2361,#2362,#2363,#2364,#2365,#2366,#2367,#2368,#2369,#2370,
#2371,#2372,#2373,#2374,#2375,#2376,#2377,#2378)),.UNSPECIFIED.,.F.,.F.,.U.,(3,3),(4,2,2,2,2,2,2,2,2,2,2,2,2,2,2,2,4),(0.,1.),(0.,0.0625,0.125,0.1875,0.25,0.3125,0.375,0.4375,0.5,0.5625,0.625,0.6875,0.75,0.8125,0.875,0.9375,1.),.UNSPECIFIED.);
#2380=CARTESIAN_POINT('',(41.249885994,-28.256786162,5.882375089));
#2381=VERTEX_POINT('',#2380);
#2382=CARTESIAN_POINT('',(35.355339059,-35.355339059,0.));
#2383=CARTESIAN_POINT('',(37.533248575,-33.177429544,1.960807472));
#2384=CARTESIAN_POINT('',(39.509192778,-30.797722271,3.92158515));
#2385=CARTESIAN_POINT('',(41.249886,-28.256786153,5.882375096));
#2386=B_SPLINE_CURVE_WITH_KNOTS('',3,(#2382,#2383,#2384,#2385),.UNSPECIFIED.,.F.,.F.,(4,4),(0.,0.058823749),.UNSPECIFIED.);
#2387=EDGE_CURVE('',#152,#2381,#2386,.T.);
#2388=ORIENTED_EDGE('',*,*,#2387,.T.);
#2389=CARTESIAN_POINT('',(41.249885994,-28.256786162,5.882375089));
#2390=CARTESIAN_POINT('',(41.006081273,-28.180018313,6.457722474));
#2391=CARTESIAN_POINT('',(40.743209752,-28.136271184,7.025778864));
#2392=CARTESIAN_POINT('',(40.469168105,-28.110831333,7.589505952));
#2393=CARTESIAN_POINT('',(40.195126459,-28.085391482,8.15323304));
#2394=CARTESIAN_POINT('',(39.909902275,-28.078169628,8.712619894));
#2395=CARTESIAN_POINT('',(39.627218677,-28.065305176,9.272908864));
#2396=CARTESIAN_POINT('',(39.344535079,-28.052440724,9.833197834));
#2397=CARTESIAN_POINT('',(39.06518037,-28.033150488,10.393939741));
#2398=CARTESIAN_POINT('',(38.807303892,-27.980943974,10.9579566));
#2399=CARTESIAN_POINT('',(38.549427414,-27.92873746,11.52197346));
#2400=CARTESIAN_POINT('',(38.313583384,-27.842899653,12.089446256));
#2401=CARTESIAN_POINT('',(38.11145225,-27.706824013,12.662406692));
#2402=CARTESIAN_POINT('',(38.010386683,-27.638786193,12.94888691));
#2403=CARTESIAN_POINT('',(37.917575569,-27.558436083,13.23670883));
#2404=CARTESIAN_POINT('',(37.833406813,-27.465146691,13.525927608));
#2405=CARTESIAN_POINT('',(37.749238058,-27.371857299,13.815146386));
#2406=CARTESIAN_POINT('',(37.673421427,-27.264915273,14.107295734));
#2407=CARTESIAN_POINT('',(37.607439049,-27.148151262,14.393983658));
#2408=CARTESIAN_POINT('',(37.475474294,-26.914623242,14.967359507));
#2409=CARTESIAN_POINT('',(37.380703386,-26.640905551,15.524235202));
#2410=CARTESIAN_POINT('',(37.310963499,-26.338246388,16.068982868));
#2411=CARTESIAN_POINT('',(37.241223612,-26.035587226,16.613730534));
#2412=CARTESIAN_POINT('',(37.196414031,-25.704055009,17.146373015));
#2413=CARTESIAN_POINT('',(37.167016659,-25.352115168,17.670149686));
#2414=CARTESIAN_POINT('',(37.152317973,-25.176145248,17.932038021));
#2415=CARTESIAN_POINT('',(37.141533365,-24.995043621,18.191635061));
#2416=CARTESIAN_POINT('',(37.133754512,-24.810730353,18.447784181));
#2417=CARTESIAN_POINT('',(37.125975659,-24.626417084,18.703933302));
#2418=CARTESIAN_POINT('',(37.121178958,-24.43858955,18.957083415));
#2419=CARTESIAN_POINT('',(37.118543499,-24.247837223,19.207740437));
#2420=CARTESIAN_POINT('',(37.113272581,-23.866332568,19.709054481));
#2421=CARTESIAN_POINT('',(37.116521961,-23.47322021,20.200474642));
#2422=CARTESIAN_POINT('',(37.123575237,-23.071853158,20.684879072));
#2423=CARTESIAN_POINT('',(37.130628514,-22.670486107,21.169283502));
#2424=CARTESIAN_POINT('',(37.141541812,-22.260821437,21.646635394));
#2425=CARTESIAN_POINT('',(37.153193632,-21.845065816,22.118829062));
#2426=CARTESIAN_POINT('',(37.176497273,-21.013554572,23.063216398));
#2427=CARTESIAN_POINT('',(37.202251043,-20.158013681,23.987257978));
#2428=CARTESIAN_POINT('',(37.215711008,-19.289023543,24.900034554));
#2429=CARTESIAN_POINT('',(37.229170973,-18.420033404,25.812811131));
#2430=CARTESIAN_POINT('',(37.230642091,-17.538478119,26.712965254));
#2431=CARTESIAN_POINT('',(37.211939037,-16.65083021,27.606185439));
#2432=CARTESIAN_POINT('',(37.193235983,-15.763182301,28.499405625));
#2433=CARTESIAN_POINT('',(37.154520931,-14.869261392,29.385670744));
#2434=CARTESIAN_POINT('',(37.090950526,-13.973206167,30.268929688));
#2435=CARTESIAN_POINT('',(37.027380122,-13.077150943,31.152188631));
#2436=CARTESIAN_POINT('',(36.938941919,-12.178377218,32.032861508));
#2437=CARTESIAN_POINT('',(36.82292088,-11.283661899,32.910668911));
#2438=CARTESIAN_POINT('',(36.706899841,-10.388946581,33.788476313));
#2439=CARTESIAN_POINT('',(36.563300163,-9.497677024,34.664015496));
#2440=CARTESIAN_POINT('',(36.390270963,-8.612714045,35.53977211));
#2441=CARTESIAN_POINT('',(36.217241763,-7.727751066,36.415528724));
#2442=CARTESIAN_POINT('',(36.014811146,-6.849066785,37.291480634));
#2443=CARTESIAN_POINT('',(35.781673076,-5.979180375,38.169883871));
#2444=CARTESIAN_POINT('',(35.548535006,-5.109293965,39.048287107));
#2445=CARTESIAN_POINT('',(35.284315809,-4.247188671,39.930235319));
#2446=CARTESIAN_POINT('',(34.989222933,-3.398881504,40.814305026));
#2447=CARTESIAN_POINT('',(34.399037182,-1.702267168,42.582444441));
#2448=CARTESIAN_POINT('',(33.687333876,-0.065502475,44.353869375));
#2449=CARTESIAN_POINT('',(32.854500888,1.493566343,46.144865539));
#2450=CARTESIAN_POINT('',(32.646292641,1.883333548,46.59261458));
#2451=CARTESIAN_POINT('',(32.430518108,2.268237389,47.041595287));
#2452=CARTESIAN_POINT('',(32.207194747,2.647985536,47.49207907));
#2453=CARTESIAN_POINT('',(31.983871386,3.027733682,47.942562854));
#2454=CARTESIAN_POINT('',(31.752846774,3.402539634,48.394822398));
#2455=CARTESIAN_POINT('',(31.515048181,3.770761762,48.847455202));
#2456=CARTESIAN_POINT('',(31.039450995,4.50720602,49.752720811));
#2457=CARTESIAN_POINT('',(30.536230469,5.21832011,50.660589779));
#2458=CARTESIAN_POINT('',(30.006462668,5.902166087,51.573124906));
#2459=CARTESIAN_POINT('',(29.476694866,6.586012064,52.485660034));
#2460=CARTESIAN_POINT('',(28.920374557,7.242585882,53.402861259));
#2461=CARTESIAN_POINT('',(28.338606609,7.869784732,54.326930209));
#2462=CARTESIAN_POINT('',(27.756838661,8.496983581,55.250999159));
#2463=CARTESIAN_POINT('',(27.148861686,9.095335916,56.182969174));
#2464=CARTESIAN_POINT('',(26.521016659,9.658343109,57.117759966));
#2465=CARTESIAN_POINT('',(25.265326605,10.784357495,58.98734155));
#2466=CARTESIAN_POINT('',(23.92680001,11.773197481,60.87352658));
#2467=CARTESIAN_POINT('',(22.521660649,12.611080617,62.795056713));
#2468=CARTESIAN_POINT('',(21.116521288,13.448963753,64.716586847));
#2469=CARTESIAN_POINT('',(19.667693285,14.122046491,66.642443365));
#2470=CARTESIAN_POINT('',(18.200126287,14.627507767,68.58893663));
#2471=CARTESIAN_POINT('',(16.732559288,15.132969044,70.535429894));
#2472=CARTESIAN_POINT('',(15.245598718,15.471079536,72.502951981));
#2473=CARTESIAN_POINT('',(13.765385348,15.63657357,74.512035182));
#2474=CARTESIAN_POINT('',(13.025278663,15.719320586,75.516576782));
#2475=CARTESIAN_POINT('',(12.286909556,15.758873102,76.53155493));
#2476=CARTESIAN_POINT('',(11.554094028,15.75427464,77.56000667));
#2477=CARTESIAN_POINT('',(10.8212785,15.749676178,78.588458411));
#2478=CARTESIAN_POINT('',(10.100770346,15.700947646,79.620974477));
#2479=CARTESIAN_POINT('',(9.396668805,15.609507476,80.65974636));
#2480=CARTESIAN_POINT('',(8.692567264,15.518067307,81.698518243));
#2481=CARTESIAN_POINT('',(8.004746955,15.383910955,82.743690516));
#2482=CARTESIAN_POINT('',(7.337270732,15.208379131,83.798110962));
#2483=CARTESIAN_POINT('',(7.00353262,15.12061322,84.325321185));
#2484=CARTESIAN_POINT('',(6.674480396,15.022362993,84.855518137));
#2485=CARTESIAN_POINT('',(6.352020449,14.914264777,85.386830404));
#2486=CARTESIAN_POINT('',(6.029560502,14.806166561,85.918142672));
#2487=CARTESIAN_POINT('',(5.714295869,14.688456149,86.449547384));
#2488=CARTESIAN_POINT('',(5.406607923,14.561595757,86.981374061));
#2489=CARTESIAN_POINT('',(4.175856138,14.054154186,89.108680769));
#2490=CARTESIAN_POINT('',(3.066113793,13.400249328,91.242617778));
#2491=CARTESIAN_POINT('',(2.103211727,12.629032454,93.40478387));
#2492=CARTESIAN_POINT('',(1.140309661,11.85781558,95.566949963));
#2493=CARTESIAN_POINT('',(0.324070453,10.968908852,97.757137449));
#2494=CARTESIAN_POINT('',(-0.315608093,9.995018336,100.));
#2495=B_SPLINE_CURVE_WITH_KNOTS('',3,(#2389,#2390,#2391,#2392,#2393,#2394,#2395,#2396,#2397,#2398,#2399,#2400,#2401,#2402,#2403,#2404,#2405,#2406,#2407,#2408,#2409,#2410,#2411,#2412,#2413,#2414,
#2415,#2416,#2417,#2418,#2419,#2420,#2421,#2422,#2423,#2424,#2425,#2426,#2427,#2428,#2429,#2430,#2431,#2432,#2433,#2434,#2435,#2436,#2437,#2438,#2439,
#2440,#2441,#2442,#2443,#2444,#2445,#2446,#2447,#2448,#2449,#2450,#2451,#2452,#2453,#2454,#2455,#2456,#2457,#2458,#2459,#2460,#2461,#2462,#2463,#2464,
#2465,#2466,#2467,#2468,#2469,#2470,#2471,#2472,#2473,#2474,#2475,#2476,#2477,#2478,#2479,#2480,#2481,#2482,#2483,#2484,#2485,#2486,#2487,#2488,#2489,
#2490,#2491,#2492,#2493,#2494),.UNSPECIFIED.,.F.,.F.,(4,3,3,3,3,3,3,3,3,3,3,3,3,3,3,3,3,3,3,3,3,3,3,3,3,3,
3,3,3,3,3,3,3,3,3,4),(0.,0.001881849,0.003763698,0.005645548,0.007527397,0.008468322,0.009409246,0.011291095,0.013172945,0.014113869,0.015054794,0.016936643,0.018818492,0.022582191,0.026345889,0.030109588,0.033873286,0.037636985,0.041400683,0.045164382,0.052691779,0.054573628,0.056455477,0.060219176,0.063982874,0.067746573,
0.07527397,0.082801367,0.090328764,0.094092462,0.09785616,0.101619859,0.103501708,0.105383557,0.112910954,0.120438351),.UNSPECIFIED.);
#2496=EDGE_CURVE('',#2381,#2224,#2495,.T.);
#2497=ORIENTED_EDGE('',*,*,#2496,.T.);
#2498=ORIENTED_EDGE('',*,*,#2260,.F.);
#2499=ORIENTED_EDGE('',*,*,#165,.T.);
#2500=EDGE_LOOP('',(#2388,#2497,#2498,#2499));
#2501=FACE_BOUND('',#2500,.T.);
#2502=ADVANCED_FACE('',(#2501),#2379,.T.);
#2503=CARTESIAN_POINT('',(35.355339059,-35.355339059,0.));
#2504=CARTESIAN_POINT('',(37.669359269,-33.04131885,2.08335015));
#2505=CARTESIAN_POINT('',(39.755381279,-30.499489594,4.166666667));
#2506=CARTESIAN_POINT('',(43.391579951,-25.057533708,8.333333333));
#2507=CARTESIAN_POINT('',(44.941648022,-22.157560318,10.416666667));
#2508=CARTESIAN_POINT('',(47.446305229,-16.110782918,14.583333333));
#2509=CARTESIAN_POINT('',(48.400832434,-12.964128425,16.666666667));
#2510=CARTESIAN_POINT('',(49.677695606,-6.544903776,20.833333333));
#2511=CARTESIAN_POINT('',(50.,-3.272492347,22.916666667));
#2512=CARTESIAN_POINT('',(50.,3.272492347,27.083333333));
#2513=CARTESIAN_POINT('',(49.677695606,6.544903776,29.166666667));
#2514=CARTESIAN_POINT('',(48.400832434,12.964128425,33.333333333));
#2515=CARTESIAN_POINT('',(47.446305229,16.110782918,35.416666667));
#2516=CARTESIAN_POINT('',(44.941648022,22.157560318,39.583333333));
#2517=CARTESIAN_POINT('',(43.391579951,25.057533708,41.666666667));
#2518=CARTESIAN_POINT('',(39.755381279,30.499489594,45.833333333));
#2519=CARTESIAN_POINT('',(37.66934059,33.041337529,47.916666667));
#2520=CARTESIAN_POINT('',(33.041337529,37.66934059,52.083333333));
#2521=CARTESIAN_POINT('',(30.499489594,39.755381279,54.166666667));
#2522=CARTESIAN_POINT('',(25.057533708,43.391579951,58.333333333));
#2523=CARTESIAN_POINT('',(22.157560318,44.941648022,60.416666667));
#2524=CARTESIAN_POINT('',(16.110782918,47.446305229,64.583333333));
#2525=CARTESIAN_POINT('',(12.964128425,48.400832434,66.666666667));
#2526=CARTESIAN_POINT('',(6.544903776,49.677695606,70.833333333));
#2527=CARTESIAN_POINT('',(3.272492347,50.,72.916666667));
#2528=CARTESIAN_POINT('',(-3.272492347,50.,77.083333333));
#2529=CARTESIAN_POINT('',(-6.544903776,49.677695606,79.166666667));
#2530=CARTESIAN_POINT('',(-12.964128425,48.400832434,83.333333333));
#2531=CARTESIAN_POINT('',(-16.110782918,47.446305229,85.416666667));
#2532=CARTESIAN_POINT('',(-22.157560318,44.941648022,89.583333333));
#2533=CARTESIAN_POINT('',(-25.057533708,43.391579951,91.666666667));
#2534=CARTESIAN_POINT('',(-30.499489594,39.755381279,95.833333333));
#2535=CARTESIAN_POINT('',(-33.04131885,37.669359269,97.91664985));
#2536=CARTESIAN_POINT('',(-35.355339059,35.355339059,100.));
#2537=CARTESIAN_POINT('',(10.091348428,-47.987334375,0.));
#2538=CARTESIAN_POINT('',(13.232137185,-47.326851893,2.08334996));
#2539=CARTESIAN_POINT('',(16.307748429,-46.357065712,4.166666667));
#2540=CARTESIAN_POINT('',(22.210872599,-43.836027861,8.333333333));
#2541=CARTESIAN_POINT('',(25.038214493,-42.2848438,10.416666667));
#2542=CARTESIAN_POINT('',(30.336081701,-38.660604589,14.583333333));
#2543=CARTESIAN_POINT('',(32.806476016,-36.587639055,16.666666667));
#2544=CARTESIAN_POINT('',(37.295492196,-31.999475965,20.833333333));
#2545=CARTESIAN_POINT('',(39.314003063,-29.48439186,22.916666667));
#2546=CARTESIAN_POINT('',(42.821657842,-24.108625425,27.083333333));
#2547=CARTESIAN_POINT('',(44.31071502,-21.248076021,29.166666667));
#2548=CARTESIAN_POINT('',(46.702211191,-15.29129393,33.333333333));
#2549=CARTESIAN_POINT('',(47.604591049,-12.195208536,35.416666667));
#2550=CARTESIAN_POINT('',(48.788024756,-5.886326584,39.583333333));
#2551=CARTESIAN_POINT('',(49.069049341,-2.673686026,41.666666667));
#2552=CARTESIAN_POINT('',(48.998941889,3.74484899,45.833333333));
#2553=CARTESIAN_POINT('',(48.647811585,6.950584738,47.916666667));
#2554=CARTESIAN_POINT('',(47.326857165,13.232112119,52.083333333));
#2555=CARTESIAN_POINT('',(46.357065711,16.307748429,54.166666667));
#2556=CARTESIAN_POINT('',(43.836027861,22.210872599,58.333333333));
#2557=CARTESIAN_POINT('',(42.2848438,25.038214493,60.416666667));
#2558=CARTESIAN_POINT('',(38.660604589,30.336081701,64.583333333));
#2559=CARTESIAN_POINT('',(36.587639055,32.806476016,66.666666667));
#2560=CARTESIAN_POINT('',(31.999475965,37.295492196,70.833333333));
#2561=CARTESIAN_POINT('',(29.48439186,39.314003063,72.916666667));
#2562=CARTESIAN_POINT('',(24.108625425,42.821657842,77.083333333));
#2563=CARTESIAN_POINT('',(21.248076021,44.31071502,79.166666667));
#2564=CARTESIAN_POINT('',(15.29129393,46.702211191,83.333333333));
#2565=CARTESIAN_POINT('',(12.195208536,47.604591049,85.416666667));
#2566=CARTESIAN_POINT('',(5.886326584,48.788024756,89.583333333));
#2567=CARTESIAN_POINT('',(2.673686026,49.069049341,91.666666667));
#2568=CARTESIAN_POINT('',(-3.74484899,48.998941889,95.833333333));
#2569=CARTESIAN_POINT('',(-6.950559672,48.647816856,97.91665004));
#2570=CARTESIAN_POINT('',(-10.091348428,47.987334375,100.));
#2571=CARTESIAN_POINT('',(1.75202638,-9.845323944,0.));
#2572=CARTESIAN_POINT('',(2.396401982,-9.730653969,2.083335456));
#2573=CARTESIAN_POINT('',(3.029466621,-9.552523239,4.166666667));
#2574=CARTESIAN_POINT('',(4.248711584,-9.07616759,8.333333333));
#2575=CARTESIAN_POINT('',(4.834861104,-8.777954565,10.416666667));
#2576=CARTESIAN_POINT('',(5.93774624,-8.072889063,14.583333333));
#2577=CARTESIAN_POINT('',(6.454454586,-7.66605402,16.666666667));
#2578=CARTESIAN_POINT('',(7.398596638,-6.759373938,20.833333333));
#2579=CARTESIAN_POINT('',(7.826006999,-6.259551318,22.916666667));
#2580=CARTESIAN_POINT('',(8.575123117,-5.186099862,27.083333333));
#2581=CARTESIAN_POINT('',(8.896810351,-4.612497569,29.166666667));
#2582=CARTESIAN_POINT('',(9.422112423,-3.413526877,33.333333333));
#2583=CARTESIAN_POINT('',(9.625714271,-2.788188125,35.416666667));
#2584=CARTESIAN_POINT('',(9.907015232,-1.509773969,39.583333333));
#2585=CARTESIAN_POINT('',(9.984707389,-0.856730176,41.666666667));
#2586=CARTESIAN_POINT('',(10.011197002,0.451998706,45.833333333));
#2587=CARTESIAN_POINT('',(9.959993803,1.107651434,47.916666667));
#2588=CARTESIAN_POINT('',(9.730654086,2.396401325,52.083333333));
#2589=CARTESIAN_POINT('',(9.552523239,3.029466621,54.166666667));
#2590=CARTESIAN_POINT('',(9.07616759,4.248711584,58.333333333));
#2591=CARTESIAN_POINT('',(8.777954565,4.834861104,60.416666667));
#2592=CARTESIAN_POINT('',(8.072889063,5.93774624,64.583333333));
#2593=CARTESIAN_POINT('',(7.66605402,6.454454586,66.666666667));
#2594=CARTESIAN_POINT('',(6.759373938,7.398596638,70.833333333));
#2595=CARTESIAN_POINT('',(6.259551318,7.826006999,72.916666667));
#2596=CARTESIAN_POINT('',(5.186099862,8.575123117,77.083333333));
#2597=CARTESIAN_POINT('',(4.612497569,8.896810351,79.166666667));
#2598=CARTESIAN_POINT('',(3.413526877,9.422112423,83.333333333));
#2599=CARTESIAN_POINT('',(2.788188125,9.625714271,85.416666667));
#2600=CARTESIAN_POINT('',(1.509773969,9.907015232,89.583333333));
#2601=CARTESIAN_POINT('',(0.856730176,9.984707389,91.666666667));
#2602=CARTESIAN_POINT('',(-0.451998706,10.011197002,95.833333333));
#2603=CARTESIAN_POINT('',(-1.107650778,9.959993919,97.916664544));
#2604=CARTESIAN_POINT('',(-1.75202638,9.845323944,100.));
#2605=B_SPLINE_SURFACE_WITH_KNOTS('',2,3,((#2503,#2504,#2505,#2506,#2507,#2508,#2509,#2510,#2511,#2512,#2513,#2514,#2515,#2516,#2517,#2518,#2519,#2520,#2521,#2522,#2523,#2524,#2525,#2526,#2527,#2528,
#2529,#2530,#2531,#2532,#2533,#2534,#2535,#2536),(#2537,#2538,#2539,#2540,#2541,#2542,#2543,#2544,#2545,#2546,#2547,#2548,#2549,#2550,#2551,#2552,#2553,#2554,#2555,#2556,#2557,#2558,#2559,#2560,#2561,#2562,
#2563,#2564,#2565,#2566,#2567,#2568,#2569,#2570),(#2571,#2572,#2573,#2574,#2575,#2576,#2577,#2578,#2579,#2580,#2581,#2582,#2583,#2584,#2585,#2586,#2587,#2588,#2589,#2590,#2591,#2592,#2593,#2594,#2595,#2596,
#2597,#2598,#2599,#2600,#2601,#2602,#2603,#2604)),.UNSPECIFIED.,.F.,.F.,.U.,(3,3),(4,2,2,2,2,2,2,2,2,2,2,2,2,2,2,2,4),(0.,1.),(0.,0.0625,0.125,0.1875,0.25,0.3125,0.375,0.4375,0.5,0.5625,0.625,0.6875,0.75,0.8125,0.875,0.9375,1.),.UNSPECIFIED.);
#2606=CARTESIAN_POINT('',(-1.75202638,9.845323944,100.));
#2607=VERTEX_POINT('',#2606);
#2608=CARTESIAN_POINT('',(1.75202638,-9.845323944,0.));
#2609=CARTESIAN_POINT('',(2.396401982,-9.730653969,2.083335456));
#2610=CARTESIAN_POINT('',(3.029466621,-9.552523239,4.166666667));
#2611=CARTESIAN_POINT('',(4.248711584,-9.07616759,8.333333333));
#2612=CARTESIAN_POINT('',(4.834861104,-8.777954565,10.416666667));
#2613=CARTESIAN_POINT('',(5.93774624,-8.072889063,14.583333333));
#2614=CARTESIAN_POINT('',(6.454454586,-7.66605402,16.666666667));
#2615=CARTESIAN_POINT('',(7.398596638,-6.759373938,20.833333333));
#2616=CARTESIAN_POINT('',(7.826006999,-6.259551318,22.916666667));
#2617=CARTESIAN_POINT('',(8.575123117,-5.186099862,27.083333333));
#2618=CARTESIAN_POINT('',(8.896810351,-4.612497569,29.166666667));
#2619=CARTESIAN_POINT('',(9.422112423,-3.413526877,33.333333333));
#2620=CARTESIAN_POINT('',(9.625714271,-2.788188125,35.416666667));
#2621=CARTESIAN_POINT('',(9.907015232,-1.509773969,39.583333333));
#2622=CARTESIAN_POINT('',(9.984707389,-0.856730176,41.666666667));
#2623=CARTESIAN_POINT('',(10.011197002,0.451998706,45.833333333));
#2624=CARTESIAN_POINT('',(9.959993803,1.107651434,47.916666667));
#2625=CARTESIAN_POINT('',(9.730654086,2.396401325,52.083333333));
#2626=CARTESIAN_POINT('',(9.552523239,3.029466621,54.166666667));
#2627=CARTESIAN_POINT('',(9.07616759,4.248711584,58.333333333));
#2628=CARTESIAN_POINT('',(8.777954565,4.834861104,60.416666667));
#2629=CARTESIAN_POINT('',(8.072889063,5.93774624,64.583333333));
#2630=CARTESIAN_POINT('',(7.66605402,6.454454586,66.666666667));
#2631=CARTESIAN_POINT('',(6.759373938,7.398596638,70.833333333));
#2632=CARTESIAN_POINT('',(6.259551318,7.826006999,72.916666667));
#2633=CARTESIAN_POINT('',(5.186099862,8.575123117,77.083333333));
#2634=CARTESIAN_POINT('',(4.612497569,8.896810351,79.166666667));
#2635=CARTESIAN_POINT('',(3.413526877,9.422112423,83.333333333));
#2636=CARTESIAN_POINT('',(2.788188125,9.625714271,85.416666667));
#2637=CARTESIAN_POINT('',(1.509773969,9.907015232,89.583333333));
#2638=CARTESIAN_POINT('',(0.856730176,9.984707389,91.666666667));
#2639=CARTESIAN_POINT('',(-0.451998706,10.011197002,95.833333333));
#2640=CARTESIAN_POINT('',(-1.107650778,9.959993919,97.916664544));
#2641=CARTESIAN_POINT('',(-1.75202638,9.845323944,100.));
#2642=B_SPLINE_CURVE_WITH_KNOTS('',3,(#2608,#2609,#2610,#2611,#2612,#2613,#2614,#2615,#2616,#2617,#2618,#2619,#2620,#2621,#2622,#2623,#2624,#2625,#2626,#2627,#2628,#2629,#2630,#2631,#2632,#2633,
#2634,#2635,#2636,#2637,#2638,#2639,#2640,#2641),.UNSPECIFIED.,.F.,.F.,(4,2,2,2,2,2,2,2,2,2,2,2,2,2,2,2,4),(0.,0.0625,0.125,0.1875,0.25,0.3125,0.375,0.4375,0.5,0.5625,0.625,0.6875,0.75,0.8125,0.875,0.9375,1.),.UNSPECIFIED.);
#2643=EDGE_CURVE('',#143,#2607,#2642,.T.);
#2644=ORIENTED_EDGE('',*,*,#2643,.T.);
#2645=CARTESIAN_POINT('',(-1.75202638,9.845323944,100.));
#2646=CARTESIAN_POINT('',(-1.254277831,10.917482291,97.72148761));
#2647=CARTESIAN_POINT('',(-0.563353228,11.931999257,95.492265443));
#2648=CARTESIAN_POINT('',(0.296995991,12.849551581,93.287097869));
#2649=CARTESIAN_POINT('',(0.7271706,13.308327743,92.184514082));
#2650=CARTESIAN_POINT('',(1.199766816,13.74298965,91.088021146));
#2651=CARTESIAN_POINT('',(1.712137751,14.149017035,89.994749742));
#2652=CARTESIAN_POINT('',(1.968323219,14.352030727,89.44811404));
#2653=CARTESIAN_POINT('',(2.234454756,14.547891104,88.90228682));
#2654=CARTESIAN_POINT('',(2.510214615,14.73603784,88.356916327));
#2655=CARTESIAN_POINT('',(2.785974473,14.924184576,87.811545834));
#2656=CARTESIAN_POINT('',(3.071909244,15.104918138,87.265649031));
#2657=CARTESIAN_POINT('',(3.365425825,15.276403171,86.7230196));
#2658=CARTESIAN_POINT('',(4.53949215,15.962343301,84.552501875));
#2659=CARTESIAN_POINT('',(5.835205551,16.501761487,82.430846048));
#2660=CARTESIAN_POINT('',(7.219851345,16.878741959,80.333988225));
#2661=CARTESIAN_POINT('',(7.912174243,17.067232195,79.285559313));
#2662=CARTESIAN_POINT('',(8.626851468,17.215148283,78.243414396));
#2663=CARTESIAN_POINT('',(9.360287972,17.320500782,77.20486159));
#2664=CARTESIAN_POINT('',(9.727006224,17.373177032,76.685585187));
#2665=CARTESIAN_POINT('',(10.098418414,17.415213949,76.167209755));
#2666=CARTESIAN_POINT('',(10.474092192,17.446353787,75.649407909));
#2667=CARTESIAN_POINT('',(10.849765969,17.477493624,75.131606063));
#2668=CARTESIAN_POINT('',(11.229368655,17.497663438,74.614859025));
#2669=CARTESIAN_POINT('',(11.610068573,17.506736789,74.101989859));
#2670=CARTESIAN_POINT('',(13.132868249,17.543030195,72.050513198));
#2671=CARTESIAN_POINT('',(14.683074149,17.402961591,70.046516732));
#2672=CARTESIAN_POINT('',(16.232906658,17.090684323,68.067900478));
#2673=CARTESIAN_POINT('',(17.782739167,16.778407055,66.089284224));
#2674=CARTESIAN_POINT('',(19.332483275,16.293883646,64.136274142));
#2675=CARTESIAN_POINT('',(20.857935255,15.638171325,62.189996845));
#2676=CARTESIAN_POINT('',(21.23929825,15.474243245,61.70342752));
#2677=CARTESIAN_POINT('',(21.619389748,15.299442431,61.216970941));
#2678=CARTESIAN_POINT('',(21.995046872,15.115246896,60.733966372));
#2679=CARTESIAN_POINT('',(22.370703997,14.931051362,60.250961803));
#2680=CARTESIAN_POINT('',(22.742566711,14.737206872,59.770597282));
#2681=CARTESIAN_POINT('',(23.110384182,14.533985241,59.292541108));
#2682=CARTESIAN_POINT('',(23.846019126,14.127541979,58.336428759));
#2683=CARTESIAN_POINT('',(24.565465686,13.683607762,57.389534662));
#2684=CARTESIAN_POINT('',(25.266845504,13.204149882,56.449412804));
#2685=CARTESIAN_POINT('',(26.66960514,12.245234122,54.569169089));
#2686=CARTESIAN_POINT('',(28.00006766,11.144389476,52.715900399));
#2687=CARTESIAN_POINT('',(29.244314445,9.9143029,50.872533958));
#2688=CARTESIAN_POINT('',(29.866437838,9.299259613,49.950850737));
#2689=CARTESIAN_POINT('',(30.467018983,8.651885131,49.031663012));
#2690=CARTESIAN_POINT('',(31.044356204,7.973533117,48.112993352));
#2691=CARTESIAN_POINT('',(31.333024815,7.634357111,47.653658522));
#2692=CARTESIAN_POINT('',(31.615357585,7.288013939,47.195266252));
#2693=CARTESIAN_POINT('',(31.890203865,6.936141087,46.739304424));
#2694=CARTESIAN_POINT('',(32.165050144,6.584268235,46.283342597));
#2695=CARTESIAN_POINT('',(32.432748656,6.22647521,45.829279504));
#2696=CARTESIAN_POINT('',(32.693278874,5.863074163,45.376828429));
#2697=CARTESIAN_POINT('',(33.735399748,4.409469974,43.567024131));
#2698=CARTESIAN_POINT('',(34.662788436,2.866374564,41.782783087));
#2699=CARTESIAN_POINT('',(35.474670581,1.251931969,40.007636257));
#2700=CARTESIAN_POINT('',(36.286552726,-0.362510627,38.232489427));
#2701=CARTESIAN_POINT('',(36.982800191,-2.048446127,36.466505989));
#2702=CARTESIAN_POINT('',(37.564649533,-3.787420815,34.69388625));
#2703=CARTESIAN_POINT('',(37.855574203,-4.656908159,33.807576381));
#2704=CARTESIAN_POINT('',(38.118037835,-5.540411188,32.918897299));
#2705=CARTESIAN_POINT('',(38.351297587,-6.428866153,32.031992689));
#2706=CARTESIAN_POINT('',(38.584557339,-7.317321118,31.14508808));
#2707=CARTESIAN_POINT('',(38.789121891,-8.211991978,30.25859373));
#2708=CARTESIAN_POINT('',(38.967003802,-9.109999728,29.37002454));
#2709=CARTESIAN_POINT('',(39.144885712,-10.008007478,28.48145535));
#2710=CARTESIAN_POINT('',(39.296044095,-10.90939345,27.590844557));
#2711=CARTESIAN_POINT('',(39.423323694,-11.810730054,26.695324841));
#2712=CARTESIAN_POINT('',(39.550603293,-12.712066658,25.799805126));
#2713=CARTESIAN_POINT('',(39.653994487,-13.613769532,24.898950084));
#2714=CARTESIAN_POINT('',(39.737586097,-14.509011783,23.991735242));
#2715=CARTESIAN_POINT('',(39.821177707,-15.404254033,23.084520399));
#2716=CARTESIAN_POINT('',(39.884943225,-16.293573446,22.170608335));
#2717=CARTESIAN_POINT('',(39.935392605,-17.171653557,21.245425028));
#2718=CARTESIAN_POINT('',(39.985841986,-18.049733668,20.32024172));
#2719=CARTESIAN_POINT('',(40.022849003,-18.916655213,19.38385501));
#2720=CARTESIAN_POINT('',(40.056602881,-19.764713594,18.429680901));
#2721=CARTESIAN_POINT('',(40.07347982,-20.188742785,17.952593847));
#2722=CARTESIAN_POINT('',(40.089605208,-20.608020891,17.471030672));
#2723=CARTESIAN_POINT('',(40.106659986,-21.021364156,16.983986621));
#2724=CARTESIAN_POINT('',(40.123714763,-21.434707422,16.49694257));
#2725=CARTESIAN_POINT('',(40.141712068,-21.842283722,16.004178909));
#2726=CARTESIAN_POINT('',(40.162598481,-22.241041418,15.506647533));
#2727=CARTESIAN_POINT('',(40.204371308,-23.038556808,14.511584782));
#2728=CARTESIAN_POINT('',(40.257705441,-23.801986137,13.495910059));
#2729=CARTESIAN_POINT('',(40.341058704,-24.518137344,12.45314005));
#2730=CARTESIAN_POINT('',(40.382735336,-24.876212948,11.931755045));
#2731=CARTESIAN_POINT('',(40.43198095,-25.222443494,11.403586717));
#2732=CARTESIAN_POINT('',(40.49038118,-25.55611032,10.868343853));
#2733=CARTESIAN_POINT('',(40.54878141,-25.889777146,10.333100989));
#2734=CARTESIAN_POINT('',(40.616398102,-26.210825131,9.790754867));
#2735=CARTESIAN_POINT('',(40.693402114,-26.519981972,9.241790154));
#2736=CARTESIAN_POINT('',(40.770406126,-26.829138814,8.69282544));
#2737=CARTESIAN_POINT('',(40.85683424,-27.126377118,8.137228508));
#2738=CARTESIAN_POINT('',(40.950649198,-27.414541713,7.576605064));
#2739=CARTESIAN_POINT('',(41.044464157,-27.702706308,7.01598162));
#2740=CARTESIAN_POINT('',(41.145638249,-27.981833012,6.450351664));
#2741=CARTESIAN_POINT('',(41.249885994,-28.256786162,5.882375089));
#2742=B_SPLINE_CURVE_WITH_KNOTS('',3,(#2645,#2646,#2647,#2648,#2649,#2650,#2651,#2652,#2653,#2654,#2655,#2656,#2657,#2658,#2659,#2660,#2661,#2662,#2663,#2664,#2665,#2666,#2667,#2668,#2669,#2670,
#2671,#2672,#2673,#2674,#2675,#2676,#2677,#2678,#2679,#2680,#2681,#2682,#2683,#2684,#2685,#2686,#2687,#2688,#2689,#2690,#2691,#2692,#2693,#2694,#2695,
#2696,#2697,#2698,#2699,#2700,#2701,#2702,#2703,#2704,#2705,#2706,#2707,#2708,#2709,#2710,#2711,#2712,#2713,#2714,#2715,#2716,#2717,#2718,#2719,#2720,
#2721,#2722,#2723,#2724,#2725,#2726,#2727,#2728,#2729,#2730,#2731,#2732,#2733,#2734,#2735,#2736,#2737,#2738,#2739,#2740,#2741),.UNSPECIFIED.,.F.,.F.,(4,3,3,3,3,3,3,3,3,3,3,3,3,3,3,3,3,3,3,3,3,3,3,3,3,3,
3,3,3,3,3,3,4),(0.,0.007615674,0.011423511,0.013327429,0.015231348,0.022847021,0.026654858,0.028558777,0.030462695,0.038078369,0.045694043,0.047597961,0.04950188,0.053309717,0.06092539,0.064733227,0.066637146,0.068541064,0.076156738,0.083772412,0.087580249,0.091388086,0.095195923,0.099003759,0.102811596,0.106619433,
0.108523352,0.11042727,0.114235107,0.116139026,0.118042944,0.119946862,0.121850781),.UNSPECIFIED.);
#2743=EDGE_CURVE('',#2607,#2381,#2742,.T.);
#2744=ORIENTED_EDGE('',*,*,#2743,.T.);
#2745=ORIENTED_EDGE('',*,*,#2387,.F.);
#2746=ORIENTED_EDGE('',*,*,#157,.T.);
#2747=EDGE_LOOP('',(#2644,#2744,#2745,#2746));
#2748=FACE_BOUND('',#2747,.T.);
#2749=ADVANCED_FACE('',(#2748),#2605,.T.);
#2750=CARTESIAN_POINT('',(1.75202638,-9.845323944,0.));
#2751=CARTESIAN_POINT('',(2.396401982,-9.730653969,2.083335456));
#2752=CARTESIAN_POINT('',(3.029466621,-9.552523239,4.166666667));
#2753=CARTESIAN_POINT('',(4.248711584,-9.07616759,8.333333333));
#2754=CARTESIAN_POINT('',(4.834861104,-8.777954565,10.416666667));
#2755=CARTESIAN_POINT('',(5.93774624,-8.072889063,14.583333333));
#2756=CARTESIAN_POINT('',(6.454454586,-7.66605402,16.666666667));
#2757=CARTESIAN_POINT('',(7.398596638,-6.759373938,20.833333333));
#2758=CARTESIAN_POINT('',(7.826006999,-6.259551318,22.916666667));
#2759=CARTESIAN_POINT('',(8.575123117,-5.186099862,27.083333333));
#2760=CARTESIAN_POINT('',(8.896810351,-4.612497569,29.166666667));
#2761=CARTESIAN_POINT('',(9.422112423,-3.413526877,33.333333333));
#2762=CARTESIAN_POINT('',(9.625714271,-2.788188125,35.416666667));
#2763=CARTESIAN_POINT('',(9.907015232,-1.509773969,39.583333333));
#2764=CARTESIAN_POINT('',(9.984707389,-0.856730176,41.666666667));
#2765=CARTESIAN_POINT('',(10.011197002,0.451998706,45.833333333));
#2766=CARTESIAN_POINT('',(9.959993803,1.107651434,47.916666667));
#2767=CARTESIAN_POINT('',(9.730654086,2.396401325,52.083333333));
#2768=CARTESIAN_POINT('',(9.552523239,3.029466621,54.166666667));
#2769=CARTESIAN_POINT('',(9.07616759,4.248711584,58.333333333));
#2770=CARTESIAN_POINT('',(8.777954565,4.834861104,60.416666667));
#2771=CARTESIAN_POINT('',(8.072889063,5.93774624,64.583333333));
#2772=CARTESIAN_POINT('',(7.66605402,6.454454586,66.666666667));
#2773=CARTESIAN_POINT('',(6.759373938,7.398596638,70.833333333));
#2774=CARTESIAN_POINT('',(6.259551318,7.826006999,72.916666667));
#2775=CARTESIAN_POINT('',(5.186099862,8.575123117,77.083333333));
#2776=CARTESIAN_POINT('',(4.612497569,8.896810351,79.166666667));
#2777=CARTESIAN_POINT('',(3.413526877,9.422112423,83.333333333));
#2778=CARTESIAN_POINT('',(2.788188125,9.625714271,85.416666667));
#2779=CARTESIAN_POINT('',(1.509773969,9.907015232,89.583333333));
#2780=CARTESIAN_POINT('',(0.856730176,9.984707389,91.666666667));
#2781=CARTESIAN_POINT('',(-0.451998706,10.011197002,95.833333333));
#2782=CARTESIAN_POINT('',(-1.107650778,9.959993919,97.916664544));
#2783=CARTESIAN_POINT('',(-1.75202638,9.845323944,100.));
#2784=CARTESIAN_POINT('',(3.891969045,-9.464510065,0.));
#2785=CARTESIAN_POINT('',(4.511420438,-9.209781016,2.083335547));
#2786=CARTESIAN_POINT('',(5.105767224,-8.894049744,4.166666667));
#2787=CARTESIAN_POINT('',(6.221473311,-8.152683584,8.333333333));
#2788=CARTESIAN_POINT('',(6.742804367,-7.7270673,10.416666667));
#2789=CARTESIAN_POINT('',(7.692439111,-6.782282824,14.583333333));
#2790=CARTESIAN_POINT('',(8.120719319,-6.263137993,16.666666667));
#2791=CARTESIAN_POINT('',(8.867788791,-5.151242738,20.833333333));
#2792=CARTESIAN_POINT('',(9.186559582,-4.558519806,22.916666667));
#2793=CARTESIAN_POINT('',(9.70235432,-3.322243282,27.083333333));
#2794=CARTESIAN_POINT('',(9.899365513,-2.678720259,29.166666667));
#2795=CARTESIAN_POINT('',(10.164063814,-1.36557188,33.333333333));
#2796=CARTESIAN_POINT('',(10.231744378,-0.695978995,35.416666667));
#2797=CARTESIAN_POINT('',(10.235174036,0.643577683,39.583333333));
#2798=CARTESIAN_POINT('',(10.170923045,1.313508352,41.666666667));
#2799=CARTESIAN_POINT('',(9.91295226,2.627994917,45.833333333));
#2800=CARTESIAN_POINT('',(9.719238844,3.272518309,47.916666667));
#2801=CARTESIAN_POINT('',(9.209781287,4.51141978,52.083333333));
#2802=CARTESIAN_POINT('',(8.894049744,5.105767224,54.166666667));
#2803=CARTESIAN_POINT('',(8.152683584,6.221473311,58.333333333));
#2804=CARTESIAN_POINT('',(7.7270673,6.742804367,60.416666667));
#2805=CARTESIAN_POINT('',(6.782282824,7.692439111,64.583333333));
#2806=CARTESIAN_POINT('',(6.263137993,8.120719319,66.666666667));
#2807=CARTESIAN_POINT('',(5.151242738,8.867788791,70.833333333));
#2808=CARTESIAN_POINT('',(4.558519806,9.186559582,72.916666667));
#2809=CARTESIAN_POINT('',(3.322243282,9.70235432,77.083333333));
#2810=CARTESIAN_POINT('',(2.678720259,9.899365513,79.166666667));
#2811=CARTESIAN_POINT('',(1.36557188,10.164063814,83.333333333));
#2812=CARTESIAN_POINT('',(0.695978995,10.231744378,85.416666667));
#2813=CARTESIAN_POINT('',(-0.643577683,10.235174036,89.583333333));
#2814=CARTESIAN_POINT('',(-1.313508352,10.170923045,91.666666667));
#2815=CARTESIAN_POINT('',(-2.627994917,9.91295226,95.833333333));
#2816=CARTESIAN_POINT('',(-3.272517651,9.719239114,97.916664453));
#2817=CARTESIAN_POINT('',(-3.891969045,9.464510065,100.));
#2818=CARTESIAN_POINT('',(5.803045849,-8.429058826,0.));
#2819=CARTESIAN_POINT('',(6.354727045,-8.04924996,2.083335547));
#2820=CARTESIAN_POINT('',(6.868986484,-7.615116838,4.166666667));
#2821=CARTESIAN_POINT('',(7.802953017,-6.654840644,8.333333333));
#2822=CARTESIAN_POINT('',(8.222636431,-6.128721719,10.416666667));
#2823=CARTESIAN_POINT('',(8.951316467,-5.00468913,14.583333333));
#2824=CARTESIAN_POINT('',(9.260295071,-4.40680326,16.666666667));
#2825=CARTESIAN_POINT('',(9.755685845,-3.16221022,20.833333333));
#2826=CARTESIAN_POINT('',(9.942085765,-2.515533824,22.916666667));
#2827=CARTESIAN_POINT('',(10.185149687,-1.198209344,27.083333333));
#2828=CARTESIAN_POINT('',(10.241807679,-0.527593833,29.166666667));
#2829=CARTESIAN_POINT('',(10.223203939,0.811838045,33.333333333));
#2830=CARTESIAN_POINT('',(10.147942667,1.480621293,35.416666667));
#2831=CARTESIAN_POINT('',(9.868386196,2.790686953,39.583333333));
#2832=CARTESIAN_POINT('',(9.664097909,3.431936972,41.666666667));
#2833=CARTESIAN_POINT('',(9.134331906,4.662291327,45.833333333));
#2834=CARTESIAN_POINT('',(8.808867289,5.251365239,47.916666667));
#2835=CARTESIAN_POINT('',(8.049250364,6.354726459,52.083333333));
#2836=CARTESIAN_POINT('',(7.615116838,6.868986484,54.166666667));
#2837=CARTESIAN_POINT('',(6.654840644,7.802953017,58.333333333));
#2838=CARTESIAN_POINT('',(6.128721719,8.222636431,60.416666667));
#2839=CARTESIAN_POINT('',(5.00468913,8.951316467,64.583333333));
#2840=CARTESIAN_POINT('',(4.40680326,9.260295071,66.666666667));
#2841=CARTESIAN_POINT('',(3.16221022,9.755685845,70.833333333));
#2842=CARTESIAN_POINT('',(2.515533824,9.942085765,72.916666667));
#2843=CARTESIAN_POINT('',(1.198209344,10.185149687,77.083333333));
#2844=CARTESIAN_POINT('',(0.527593833,10.241807679,79.166666667));
#2845=CARTESIAN_POINT('',(-0.811838045,10.223203939,83.333333333));
#2846=CARTESIAN_POINT('',(-1.480621293,10.147942667,85.416666667));
#2847=CARTESIAN_POINT('',(-2.790686953,9.868386196,89.583333333));
#2848=CARTESIAN_POINT('',(-3.431936972,9.664097909,91.666666667));
#2849=CARTESIAN_POINT('',(-4.662291327,9.134331906,95.833333333));
#2850=CARTESIAN_POINT('',(-5.251364653,8.808867692,97.916664453));
#2851=CARTESIAN_POINT('',(-5.803045849,8.429058826,100.));
#2852=CARTESIAN_POINT('',(7.290713866,-6.844376621,0.));
#2853=CARTESIAN_POINT('',(7.738677725,-6.367200028,2.083335456));
#2854=CARTESIAN_POINT('',(8.139633011,-5.845916753,4.166666667));
#2855=CARTESIAN_POINT('',(8.832159953,-4.735115502,8.333333333));
#2856=CARTESIAN_POINT('',(9.123714027,-4.145625477,10.416666667));
#2857=CARTESIAN_POINT('',(9.586227684,-2.921062656,14.583333333));
#2858=CARTESIAN_POINT('',(9.75717583,-2.286020138,16.666666667));
#2859=CARTESIAN_POINT('',(9.971902061,-0.99475501,20.833333333));
#2860=CARTESIAN_POINT('',(10.015674837,-0.338564328,22.916666667));
#2861=CARTESIAN_POINT('',(9.974361834,0.969780513,27.083333333));
#2862=CARTESIAN_POINT('',(9.889277077,1.62190232,29.166666667));
#2863=CARTESIAN_POINT('',(9.593512476,2.897047914,33.333333333));
#2864=CARTESIAN_POINT('',(9.382839945,3.520040171,35.416666667));
#2865=CARTESIAN_POINT('',(8.843989813,4.712983389,39.583333333));
#2866=CARTESIAN_POINT('',(8.515825536,5.282904853,41.666666667));
#2867=CARTESIAN_POINT('',(7.754597582,6.347801556,45.833333333));
#2868=CARTESIAN_POINT('',(7.321552728,6.842750463,47.916666667));
#2869=CARTESIAN_POINT('',(6.367200514,7.738677268,52.083333333));
#2870=CARTESIAN_POINT('',(5.845916753,8.139633011,54.166666667));
#2871=CARTESIAN_POINT('',(4.735115502,8.832159953,58.333333333));
#2872=CARTESIAN_POINT('',(4.145625477,9.123714027,60.416666667));
#2873=CARTESIAN_POINT('',(2.921062656,9.586227684,64.583333333));
#2874=CARTESIAN_POINT('',(2.286020138,9.75717583,66.666666667));
#2875=CARTESIAN_POINT('',(0.99475501,9.971902061,70.833333333));
#2876=CARTESIAN_POINT('',(0.338564328,10.015674837,72.916666667));
#2877=CARTESIAN_POINT('',(-0.969780513,9.974361834,77.083333333));
#2878=CARTESIAN_POINT('',(-1.62190232,9.889277077,79.166666667));
#2879=CARTESIAN_POINT('',(-2.897047914,9.593512476,83.333333333));
#2880=CARTESIAN_POINT('',(-3.520040171,9.382839945,85.416666667));
#2881=CARTESIAN_POINT('',(-4.712983389,8.843989813,89.583333333));
#2882=CARTESIAN_POINT('',(-5.282904853,8.515825536,91.666666667));
#2883=CARTESIAN_POINT('',(-6.347801556,7.754597582,95.833333333));
#2884=CARTESIAN_POINT('',(-6.842750007,7.321553214,97.916664544));
#2885=CARTESIAN_POINT('',(-7.290713866,6.844376621,100.));
#2886=(BOUNDED_SURFACE()
B_SPLINE_SURFACE(3,3,((#2750,#2751,#2752,#2753,#2754,#2755,#2756,#2757,#2758,#2759,#2760,#2761,#2762,#2763,#2764,#2765,#2766,#2767,#2768,#2769,#2770,#2771,#2772,#2773,#2774,#2775,
#2776,#2777,#2778,#2779,#2780,#2781,#2782,#2783),(#2784,#2785,#2786,#2787,#2788,#2789,#2790,#2791,#2792,#2793,#2794,#2795,#2796,#2797,#2798,#2799,#2800,#2801,#2802,#2803,#2804,#2805,#2806,#2807,#2808,#2809,
#2810,#2811,#2812,#2813,#2814,#2815,#2816,#2817),(#2818,#2819,#2820,#2821,#2822,#2823,#2824,#2825,#2826,#2827,#2828,#2829,#2830,#2831,#2832,#2833,#2834,#2835,#2836,#2837,#2838,#2839,#2840,#2841,#2842,#2843,
#2844,#2845,#2846,#2847,#2848,#2849,#2850,#2851),(#2852,#2853,#2854,#2855,#2856,#2857,#2858,#2859,#2860,#2861,#2862,#2863,#2864,#2865,#2866,#2867,#2868,#2869,#2870,#2871,#2872,#2873,#2874,#2875,#2876,#2877,
#2878,#2879,#2880,#2881,#2882,#2883,#2884,#2885)),.UNSPECIFIED.,.F.,.F.,.U.)
B_SPLINE_SURFACE_WITH_KNOTS((4,4),(4,2,2,2,2,2,2,2,2,2,2,2,2,2,2,2,4),(0.,1.),(0.,0.0625,0.125,0.1875,0.25,0.3125,0.375,0.4375,0.5,0.5625,0.625,0.6875,0.75,0.8125,0.875,0.9375,1.),.UNSPECIFIED.)
GEOMETRIC_REPRESENTATION_ITEM()
RATIONAL_B_SPLINE_SURFACE(((1.,1.,1.,1.,1.,1.,1.,1.,1.,1.,1.,1.,1.,1.,1.,1.,1.,1.,1.,1.,1.,1.,1.,1.,1.,1.,
1.,1.,1.,1.,1.,1.,1.,1.),(0.966067485,0.966067485,0.966067485,0.966067485,0.966067485,0.966067485,0.966067485,0.966067485,0.966067485,0.966067485,0.966067485,0.966067485,0.966067485,0.966067485,0.966067485,0.966067485,0.966067485,0.966067485,0.966067485,0.966067485,0.966067485,0.966067485,0.966067485,0.966067485,0.966067485,0.966067485,
0.966067485,0.966067485,0.966067485,0.966067485,0.966067485,0.966067485,0.966067485,0.966067485),(0.966067485,0.966067485,0.966067485,0.966067485,0.966067485,0.966067485,0.966067485,0.966067485,0.966067485,0.966067485,0.966067485,0.966067485,0.966067485,0.966067485,0.966067485,0.966067485,0.966067485,0.966067485,0.966067485,0.966067485,0.966067485,0.966067485,0.966067485,0.966067485,0.966067485,0.966067485,
0.966067485,0.966067485,0.966067485,0.966067485,0.966067485,0.966067485,0.966067485,0.966067485),(1.,1.,1.,1.,1.,1.,1.,1.,1.,1.,1.,1.,1.,1.,1.,1.,1.,1.,1.,1.,1.,1.,1.,1.,1.,1.,
1.,1.,1.,1.,1.,1.,1.,1.)))
REPRESENTATION_ITEM('')
SURFACE()
);
#2887=CARTESIAN_POINT('',(-7.290713866,6.844376621,100.));
#2888=VERTEX_POINT('',#2887);
#2889=CARTESIAN_POINT('',(7.290713866,-6.844376621,0.));
#2890=CARTESIAN_POINT('',(7.738677725,-6.367200028,2.083335456));
#2891=CARTESIAN_POINT('',(8.139633011,-5.845916753,4.166666667));
#2892=CARTESIAN_POINT('',(8.832159953,-4.735115502,8.333333333));
#2893=CARTESIAN_POINT('',(9.123714027,-4.145625477,10.416666667));
#2894=CARTESIAN_POINT('',(9.586227684,-2.921062656,14.583333333));
#2895=CARTESIAN_POINT('',(9.75717583,-2.286020138,16.666666667));
#2896=CARTESIAN_POINT('',(9.971902061,-0.99475501,20.833333333));
#2897=CARTESIAN_POINT('',(10.015674837,-0.338564328,22.916666667));
#2898=CARTESIAN_POINT('',(9.974361834,0.969780513,27.083333333));
#2899=CARTESIAN_POINT('',(9.889277077,1.62190232,29.166666667));
#2900=CARTESIAN_POINT('',(9.593512476,2.897047914,33.333333333));
#2901=CARTESIAN_POINT('',(9.382839945,3.520040171,35.416666667));
#2902=CARTESIAN_POINT('',(8.843989813,4.712983389,39.583333333));
#2903=CARTESIAN_POINT('',(8.515825536,5.282904853,41.666666667));
#2904=CARTESIAN_POINT('',(7.754597582,6.347801556,45.833333333));
#2905=CARTESIAN_POINT('',(7.321552728,6.842750463,47.916666667));
#2906=CARTESIAN_POINT('',(6.367200514,7.738677268,52.083333333));
#2907=CARTESIAN_POINT('',(5.845916753,8.139633011,54.166666667));
#2908=CARTESIAN_POINT('',(4.735115502,8.832159953,58.333333333));
#2909=CARTESIAN_POINT('',(4.145625477,9.123714027,60.416666667));
#2910=CARTESIAN_POINT('',(2.921062656,9.586227684,64.583333333));
#2911=CARTESIAN_POINT('',(2.286020138,9.75717583,66.666666667));
#2912=CARTESIAN_POINT('',(0.99475501,9.971902061,70.833333333));
#2913=CARTESIAN_POINT('',(0.338564328,10.015674837,72.916666667));
#2914=CARTESIAN_POINT('',(-0.969780513,9.974361834,77.083333333));
#2915=CARTESIAN_POINT('',(-1.62190232,9.889277077,79.166666667));
#2916=CARTESIAN_POINT('',(-2.897047914,9.593512476,83.333333333));
#2917=CARTESIAN_POINT('',(-3.520040171,9.382839945,85.416666667));
#2918=CARTESIAN_POINT('',(-4.712983389,8.843989813,89.583333333));
#2919=CARTESIAN_POINT('',(-5.282904853,8.515825536,91.666666667));
#2920=CARTESIAN_POINT('',(-6.347801556,7.754597582,95.833333333));
#2921=CARTESIAN_POINT('',(-6.842750007,7.321553214,97.916664544));
#2922=CARTESIAN_POINT('',(-7.290713866,6.844376621,100.));
#2923=B_SPLINE_CURVE_WITH_KNOTS('',3,(#2889,#2890,#2891,#2892,#2893,#2894,#2895,#2896,#2897,#2898,#2899,#2900,#2901,#2902,#2903,#2904,#2905,#2906,#2907,#2908,#2909,#2910,#2911,#2912,#2913,#2914,
#2915,#2916,#2917,#2918,#2919,#2920,#2921,#2922),.UNSPECIFIED.,.F.,.F.,(4,2,2,2,2,2,2,2,2,2,2,2,2,2,2,2,4),(0.,0.0625,0.125,0.1875,0.25,0.3125,0.375,0.4375,0.5,0.5625,0.625,0.6875,0.75,0.8125,0.875,0.9375,1.),.UNSPECIFIED.);
#2924=EDGE_CURVE('',#135,#2888,#2923,.T.);
#2925=ORIENTED_EDGE('',*,*,#2924,.T.);
#2926=CARTESIAN_POINT('',(-1.75202638,9.845323944,100.));
#2927=CARTESIAN_POINT('',(-2.806037091,9.65775728,100.));
#2928=CARTESIAN_POINT('',(-3.823868015,9.301904755,100.));
#2929=CARTESIAN_POINT('',(-4.765577139,8.791431882,100.));
#2930=CARTESIAN_POINT('',(-5.236431701,8.536195445,100.));
#2931=CARTESIAN_POINT('',(-5.682651149,8.245684394,100.));
#2932=CARTESIAN_POINT('',(-6.104622792,7.920453306,100.));
#2933=CARTESIAN_POINT('',(-6.526594434,7.595222218,100.));
#2934=CARTESIAN_POINT('',(-6.924821773,7.234129363,100.));
#2935=CARTESIAN_POINT('',(-7.290713866,6.844376621,100.));
#2936=B_SPLINE_CURVE_WITH_KNOTS('',3,(#2926,#2927,#2928,#2929,#2930,#2931,#2932,#2933,#2934,#2935),.UNSPECIFIED.,.F.,.F.,(4,3,3,4),(0.025197696,0.028405224,0.030008987,0.031612751),.UNSPECIFIED.);
#2937=EDGE_CURVE('',#2607,#2888,#2936,.T.);
#2938=ORIENTED_EDGE('',*,*,#2937,.F.);
#2939=ORIENTED_EDGE('',*,*,#2643,.F.);
#2940=ORIENTED_EDGE('',*,*,#149,.T.);
#2941=EDGE_LOOP('',(#2925,#2938,#2939,#2940));
#2942=FACE_BOUND('',#2941,.T.);
#2943=ADVANCED_FACE('',(#2942),#2886,.T.);
#2944=CARTESIAN_POINT('',(7.290713866,-6.844376621,0.));
#2945=CARTESIAN_POINT('',(7.738677725,-6.367200028,2.083335456));
#2946=CARTESIAN_POINT('',(8.139633011,-5.845916753,4.166666667));
#2947=CARTESIAN_POINT('',(8.832159953,-4.735115502,8.333333333));
#2948=CARTESIAN_POINT('',(9.123714027,-4.145625477,10.416666667));
#2949=CARTESIAN_POINT('',(9.586227684,-2.921062656,14.583333333));
#2950=CARTESIAN_POINT('',(9.75717583,-2.286020138,16.666666667));
#2951=CARTESIAN_POINT('',(9.971902061,-0.99475501,20.833333333));
#2952=CARTESIAN_POINT('',(10.015674837,-0.338564328,22.916666667));
#2953=CARTESIAN_POINT('',(9.974361834,0.969780513,27.083333333));
#2954=CARTESIAN_POINT('',(9.889277077,1.62190232,29.166666667));
#2955=CARTESIAN_POINT('',(9.593512476,2.897047914,33.333333333));
#2956=CARTESIAN_POINT('',(9.382839945,3.520040171,35.416666667));
#2957=CARTESIAN_POINT('',(8.843989813,4.712983389,39.583333333));
#2958=CARTESIAN_POINT('',(8.515825536,5.282904853,41.666666667));
#2959=CARTESIAN_POINT('',(7.754597582,6.347801556,45.833333333));
#2960=CARTESIAN_POINT('',(7.321552728,6.842750463,47.916666667));
#2961=CARTESIAN_POINT('',(6.367200514,7.738677268,52.083333333));
#2962=CARTESIAN_POINT('',(5.845916753,8.139633011,54.166666667));
#2963=CARTESIAN_POINT('',(4.735115502,8.832159953,58.333333333));
#2964=CARTESIAN_POINT('',(4.145625477,9.123714027,60.416666667));
#2965=CARTESIAN_POINT('',(2.921062656,9.586227684,64.583333333));
#2966=CARTESIAN_POINT('',(2.286020138,9.75717583,66.666666667));
#2967=CARTESIAN_POINT('',(0.99475501,9.971902061,70.833333333));
#2968=CARTESIAN_POINT('',(0.338564328,10.015674837,72.916666667));
#2969=CARTESIAN_POINT('',(-0.969780513,9.974361834,77.083333333));
#2970=CARTESIAN_POINT('',(-1.62190232,9.889277077,79.166666667));
#2971=CARTESIAN_POINT('',(-2.897047914,9.593512476,83.333333333));
#2972=CARTESIAN_POINT('',(-3.520040171,9.382839945,85.416666667));
#2973=CARTESIAN_POINT('',(-4.712983389,8.843989813,89.583333333));
#2974=CARTESIAN_POINT('',(-5.282904853,8.515825536,91.666666667));
#2975=CARTESIAN_POINT('',(-6.347801556,7.754597582,95.833333333));
#2976=CARTESIAN_POINT('',(-6.842750007,7.321553214,97.916664544));
#2977=CARTESIAN_POINT('',(-7.290713866,6.844376621,100.));
#2978=CARTESIAN_POINT('',(40.944814527,-36.220741894,0.));
#2979=CARTESIAN_POINT('',(43.315476623,-33.540887347,2.083350982));
#2980=CARTESIAN_POINT('',(45.422106062,-30.627662384,4.166666667));
#2981=CARTESIAN_POINT('',(49.026669131,-24.446004503,8.333333333));
#2982=CARTESIAN_POINT('',(50.524493548,-21.177747141,10.416666667));
#2983=CARTESIAN_POINT('',(52.853814321,-14.411652714,14.583333333));
#2984=CARTESIAN_POINT('',(53.685253081,-10.913982952,16.666666667));
#2985=CARTESIAN_POINT('',(54.649817068,-3.823469192,20.833333333));
#2986=CARTESIAN_POINT('',(54.782918445,-0.230800519,22.916666667));
#2987=CARTESIAN_POINT('',(54.345657993,6.911648106,27.083333333));
#2988=CARTESIAN_POINT('',(53.775306976,10.461251448,29.166666667));
#2989=CARTESIAN_POINT('',(51.953025758,17.381154644,33.333333333));
#2990=CARTESIAN_POINT('',(50.701140617,20.75128339,35.416666667));
#2991=CARTESIAN_POINT('',(47.56386788,27.182713156,39.583333333));
#2992=CARTESIAN_POINT('',(45.678557858,30.243855148,41.666666667));
#2993=CARTESIAN_POINT('',(41.346857233,35.939655246,45.833333333));
#2994=CARTESIAN_POINT('',(38.900573738,38.574172513,47.916666667));
#2995=CARTESIAN_POINT('',(33.54091005,43.31545654,52.083333333));
#2996=CARTESIAN_POINT('',(30.627662384,45.422106062,54.166666667));
#2997=CARTESIAN_POINT('',(24.446004503,49.026669131,58.333333333));
#2998=CARTESIAN_POINT('',(21.177747141,50.524493548,60.416666667));
#2999=CARTESIAN_POINT('',(14.411652714,52.853814321,64.583333333));
#3000=CARTESIAN_POINT('',(10.913982952,53.685253081,66.666666667));
#3001=CARTESIAN_POINT('',(3.823469192,54.649817068,70.833333333));
#3002=CARTESIAN_POINT('',(0.230800519,54.782918445,72.916666667));
#3003=CARTESIAN_POINT('',(-6.911648106,54.345657993,77.083333333));
#3004=CARTESIAN_POINT('',(-10.461251448,53.775306976,79.166666667));
#3005=CARTESIAN_POINT('',(-17.381154644,51.953025758,83.333333333));
#3006=CARTESIAN_POINT('',(-20.75128339,50.701140617,85.416666667));
#3007=CARTESIAN_POINT('',(-27.182713156,47.56386788,89.583333333));
#3008=CARTESIAN_POINT('',(-30.243855148,45.678557858,91.666666667));
#3009=CARTESIAN_POINT('',(-35.939655246,41.346857233,95.833333333));
#3010=CARTESIAN_POINT('',(-38.57415243,38.90059644,97.916649018));
#3011=CARTESIAN_POINT('',(-40.944814527,36.220741894,100.));
#3012=CARTESIAN_POINT('',(50.,0.,0.));
#3013=CARTESIAN_POINT('',(50.,3.272518764,2.08335015));
#3014=CARTESIAN_POINT('',(49.677695606,6.544903776,4.166666667));
#3015=CARTESIAN_POINT('',(48.400832434,12.964128425,8.333333333));
#3016=CARTESIAN_POINT('',(47.446305229,16.110782918,10.416666667));
#3017=CARTESIAN_POINT('',(44.941648022,22.157560318,14.583333333));
#3018=CARTESIAN_POINT('',(43.391579951,25.057533708,16.666666667));
#3019=CARTESIAN_POINT('',(39.755381279,30.499489594,20.833333333));
#3020=CARTESIAN_POINT('',(37.66934059,33.041337529,22.916666667));
#3021=CARTESIAN_POINT('',(33.041337529,37.66934059,27.083333333));
#3022=CARTESIAN_POINT('',(30.499489594,39.755381279,29.166666667));
#3023=CARTESIAN_POINT('',(25.057533708,43.391579951,33.333333333));
#3024=CARTESIAN_POINT('',(22.157560318,44.941648022,35.416666667));
#3025=CARTESIAN_POINT('',(16.110782918,47.446305229,39.583333333));
#3026=CARTESIAN_POINT('',(12.964128425,48.400832434,41.666666667));
#3027=CARTESIAN_POINT('',(6.544903776,49.677695606,45.833333333));
#3028=CARTESIAN_POINT('',(3.272492347,50.,47.916666667));
#3029=CARTESIAN_POINT('',(-3.272492347,50.,52.083333333));
#3030=CARTESIAN_POINT('',(-6.544903776,49.677695606,54.166666667));
#3031=CARTESIAN_POINT('',(-12.964128425,48.400832434,58.333333333));
#3032=CARTESIAN_POINT('',(-16.110782918,47.446305229,60.416666667));
#3033=CARTESIAN_POINT('',(-22.157560318,44.941648022,64.583333333));
#3034=CARTESIAN_POINT('',(-25.057533708,43.391579951,66.666666667));
#3035=CARTESIAN_POINT('',(-30.499489594,39.755381279,70.833333333));
#3036=CARTESIAN_POINT('',(-33.041337529,37.66934059,72.916666667));
#3037=CARTESIAN_POINT('',(-37.66934059,33.041337529,77.083333333));
#3038=CARTESIAN_POINT('',(-39.755381279,30.499489594,79.166666667));
#3039=CARTESIAN_POINT('',(-43.391579951,25.057533708,83.333333333));
#3040=CARTESIAN_POINT('',(-44.941648022,22.157560318,85.416666667));
#3041=CARTESIAN_POINT('',(-47.446305229,16.110782918,89.583333333));
#3042=CARTESIAN_POINT('',(-48.400832434,12.964128425,91.666666667));
#3043=CARTESIAN_POINT('',(-49.677695606,6.544903776,95.833333333));
#3044=CARTESIAN_POINT('',(-50.,3.272518764,97.91664985));
#3045=CARTESIAN_POINT('',(-50.,0.,100.));
#3046=B_SPLINE_SURFACE_WITH_KNOTS('',2,3,((#2944,#2945,#2946,#2947,#2948,#2949,#2950,#2951,#2952,#2953,#2954,#2955,#2956,#2957,#2958,#2959,#2960,#2961,#2962,#2963,#2964,#2965,#2966,#2967,#2968,#2969,
#2970,#2971,#2972,#2973,#2974,#2975,#2976,#2977),(#2978,#2979,#2980,#2981,#2982,#2983,#2984,#2985,#2986,#2987,#2988,#2989,#2990,#2991,#2992,#2993,#2994,#2995,#2996,#2997,#2998,#2999,#3000,#3001,#3002,#3003,
#3004,#3005,#3006,#3007,#3008,#3009,#3010,#3011),(#3012,#3013,#3014,#3015,#3016,#3017,#3018,#3019,#3020,#3021,#3022,#3023,#3024,#3025,#3026,#3027,#3028,#3029,#3030,#3031,#3032,#3033,#3034,#3035,#3036,#3037,
#3038,#3039,#3040,#3041,#3042,#3043,#3044,#3045)),.UNSPECIFIED.,.F.,.F.,.U.,(3,3),(4,2,2,2,2,2,2,2,2,2,2,2,2,2,2,2,4),(0.,1.),(0.,0.0625,0.125,0.1875,0.25,0.3125,0.375,0.4375,0.5,0.5625,0.625,0.6875,0.75,0.8125,0.875,0.9375,1.),.UNSPECIFIED.);
#3047=CARTESIAN_POINT('',(49.148639219,9.187509,5.882375089));
#3048=VERTEX_POINT('',#3047);
#3049=CARTESIAN_POINT('',(50.,0.,0.));
#3050=CARTESIAN_POINT('',(50.,3.080029174,1.960807472));
#3051=CARTESIAN_POINT('',(49.714496395,6.159939869,3.92158515));
#3052=CARTESIAN_POINT('',(49.148639217,9.187509011,5.882375096));
#3053=B_SPLINE_CURVE_WITH_KNOTS('',3,(#3049,#3050,#3051,#3052),.UNSPECIFIED.,.F.,.F.,(4,4),(0.,0.058823749),.UNSPECIFIED.);
#3054=EDGE_CURVE('',#127,#3048,#3053,.T.);
#3055=ORIENTED_EDGE('',*,*,#3054,.T.);
#3056=CARTESIAN_POINT('',(49.148639219,9.187509,5.882375089));
#3057=CARTESIAN_POINT('',(48.921960181,9.069396095,6.457722474));
#3058=CARTESIAN_POINT('',(48.705148054,8.914451751,7.025778864));
#3059=CARTESIAN_POINT('',(48.493382657,8.738663736,7.589505952));
#3060=CARTESIAN_POINT('',(48.281617259,8.562875721,8.15323304));
#3061=CARTESIAN_POINT('',(48.074826682,8.366298388,8.712619894));
#3062=CARTESIAN_POINT('',(47.865842652,8.17550744,9.272908864));
#3063=CARTESIAN_POINT('',(47.656858622,7.984716492,9.833197834));
#3064=CARTESIAN_POINT('',(47.445684756,7.80082314,10.393939741));
#3065=CARTESIAN_POINT('',(47.226422969,7.655392514,10.9579566));
#3066=CARTESIAN_POINT('',(47.007161183,7.509961888,11.52197346));
#3067=CARTESIAN_POINT('',(46.779697775,7.40389147,12.089446256));
#3068=CARTESIAN_POINT('',(46.540549472,7.357183182,12.662406692));
#3069=CARTESIAN_POINT('',(46.42097532,7.333829038,12.94888691));
#3070=CARTESIAN_POINT('',(46.298531844,7.325017777,13.23670883));
#3071=CARTESIAN_POINT('',(46.173049985,7.331467041,13.525927608));
#3072=CARTESIAN_POINT('',(46.047568125,7.337916305,13.815146386));
#3073=CARTESIAN_POINT('',(45.918338239,7.359925283,14.107295734));
#3074=CARTESIAN_POINT('',(45.789117029,7.39583332,14.393983658));
#3075=CARTESIAN_POINT('',(45.530674609,7.467649394,14.967359507));
#3076=CARTESIAN_POINT('',(45.270113822,7.594183878,15.524235202));
#3077=CARTESIAN_POINT('',(45.006787928,7.758882677,16.068982868));
#3078=CARTESIAN_POINT('',(44.743462035,7.923581476,16.613730534));
#3079=CARTESIAN_POINT('',(44.477348198,8.126324996,17.146373015));
#3080=CARTESIAN_POINT('',(44.207702069,8.354396963,17.670149686));
#3081=CARTESIAN_POINT('',(44.072879005,8.468432946,17.932038021));
#3082=CARTESIAN_POINT('',(43.937194947,8.588865265,18.191635061));
#3083=CARTESIAN_POINT('',(43.801365305,8.713693948,18.447784181));
#3084=CARTESIAN_POINT('',(43.665535663,8.838522631,18.703933302));
#3085=CARTESIAN_POINT('',(43.529329761,8.967944973,18.957083415));
#3086=CARTESIAN_POINT('',(43.392583945,9.100963687,19.207740437));
#3087=CARTESIAN_POINT('',(43.119092315,9.367001114,19.709054481));
#3088=CARTESIAN_POINT('',(42.843417559,9.647271186,20.200474642));
#3089=CARTESIAN_POINT('',(42.564595615,9.936067969,20.684879072));
#3090=CARTESIAN_POINT('',(42.285773671,10.224864753,21.169283502));
#3091=CARTESIAN_POINT('',(42.003813872,10.522258286,21.646635394));
#3092=CARTESIAN_POINT('',(41.718069334,10.824480986,22.118829062));
#3093=CARTESIAN_POINT('',(41.146580257,11.428926388,23.063216398));
#3094=CARTESIAN_POINT('',(40.559832157,12.052095819,23.987257978));
#3095=CARTESIAN_POINT('',(39.95488097,12.676082271,24.900034554));
#3096=CARTESIAN_POINT('',(39.349929783,13.300068723,25.812811131));
#3097=CARTESIAN_POINT('',(38.7276163,13.92446268,26.712965254));
#3098=CARTESIAN_POINT('',(38.086729388,14.53889948,27.606185439));
#3099=CARTESIAN_POINT('',(37.445842477,15.15333628,28.499405625));
#3100=CARTESIAN_POINT('',(36.786369263,15.75805814,29.385670744));
#3101=CARTESIAN_POINT('',(36.107811474,16.346713802,30.268929688));
#3102=CARTESIAN_POINT('',(35.429253684,16.935369464,31.152188631));
#3103=CARTESIAN_POINT('',(34.731189436,17.508363206,32.032861508));
#3104=CARTESIAN_POINT('',(34.016490903,18.058983212,32.910668911));
#3105=CARTESIAN_POINT('',(33.301792371,18.609603218,33.788476313));
#3106=CARTESIAN_POINT('',(32.570029317,19.138285658,34.664015496));
#3107=CARTESIAN_POINT('',(31.821915873,19.641698861,35.53977211));
#3108=CARTESIAN_POINT('',(31.073802429,20.145112064,36.415528724));
#3109=CARTESIAN_POINT('',(30.309338752,20.623295616,37.291480634));
#3110=CARTESIAN_POINT('',(29.529382663,21.073544685,38.169883871));
#3111=CARTESIAN_POINT('',(28.749426573,21.523793754,39.048287107));
#3112=CARTESIAN_POINT('',(27.952994888,21.946563067,39.930235319));
#3113=CARTESIAN_POINT('',(27.144488964,22.337744645,40.814305026));
#3114=CARTESIAN_POINT('',(25.527477116,23.1201078,42.582444441));
#3115=CARTESIAN_POINT('',(23.866859468,23.77422498,44.353869375));
#3116=CARTESIAN_POINT('',(22.175529481,24.28775126,46.144865539));
#3117=CARTESIAN_POINT('',(21.752696984,24.41613283,46.59261458));
#3118=CARTESIAN_POINT('',(21.327953232,24.535725311,47.041595287));
#3119=CARTESIAN_POINT('',(20.90151728,24.646334337,47.49207907));
#3120=CARTESIAN_POINT('',(20.475081327,24.756943364,47.942562854));
#3121=CARTESIAN_POINT('',(20.046694428,24.858612124,48.394822398));
#3122=CARTESIAN_POINT('',(19.618173066,24.950835491,48.847455202));
#3123=CARTESIAN_POINT('',(18.761130342,25.135282224,49.752720811));
#3124=CARTESIAN_POINT('',(17.902466101,25.282285173,50.660589779));
#3125=CARTESIAN_POINT('',(17.044311568,25.391234895,51.573124906));
#3126=CARTESIAN_POINT('',(16.186157035,25.500184618,52.485660034));
#3127=CARTESIAN_POINT('',(15.328511374,25.571074554,53.402861259));
#3128=CARTESIAN_POINT('',(14.473642753,25.603199053,54.326930209));
#3129=CARTESIAN_POINT('',(13.618774132,25.635323552,55.250999159));
#3130=CARTESIAN_POINT('',(12.765770496,25.628517903,56.182969174));
#3131=CARTESIAN_POINT('',(11.923710816,25.582670631,57.117759966));
#3132=CARTESIAN_POINT('',(10.239591456,25.490976087,58.98734155));
#3133=CARTESIAN_POINT('',(8.593894764,25.243710314,60.87352658));
#3134=CARTESIAN_POINT('',(7.007838346,24.842599591,62.795056713));
#3135=CARTESIAN_POINT('',(5.421781928,24.441488867,64.716586847));
#3136=CARTESIAN_POINT('',(3.921364455,23.89295413,66.642443365));
#3137=CARTESIAN_POINT('',(2.526222781,23.21264265,68.58893663));
#3138=CARTESIAN_POINT('',(1.131081108,22.53233117,70.535429894));
#3139=CARTESIAN_POINT('',(-0.159439016,21.719971489,72.502951981));
#3140=CARTESIAN_POINT('',(-1.32312988,20.790324531,74.512035182));
#3141=CARTESIAN_POINT('',(-1.904975313,20.325501052,75.516576782));
#3142=CARTESIAN_POINT('',(-2.455048968,19.831363101,76.53155493));
#3143=CARTESIAN_POINT('',(-2.969976193,19.309932668,77.56000667));
#3144=CARTESIAN_POINT('',(-3.484903419,18.788502235,78.588458411));
#3145=CARTESIAN_POINT('',(-3.959923344,18.244569758,79.620974477));
#3146=CARTESIAN_POINT('',(-4.393140355,17.68203682,80.65974636));
#3147=CARTESIAN_POINT('',(-4.826357365,17.119503882,81.698518243));
#3148=CARTESIAN_POINT('',(-5.217856904,16.538278611,82.743690516));
#3149=CARTESIAN_POINT('',(-5.565714125,15.942181904,83.798110962));
#3150=CARTESIAN_POINT('',(-5.739642736,15.644133551,84.325321185));
#3151=CARTESIAN_POINT('',(-5.902844392,15.341985091,84.855518137));
#3152=CARTESIAN_POINT('',(-6.054421026,15.037534494,85.386830404));
#3153=CARTESIAN_POINT('',(-6.20599766,14.733083898,85.918142672));
#3154=CARTESIAN_POINT('',(-6.34568959,14.426924307,86.449547384));
#3155=CARTESIAN_POINT('',(-6.473553979,14.11965223,86.981374061));
#3156=CARTESIAN_POINT('',(-6.985011536,12.890563921,89.108680769));
#3157=CARTESIAN_POINT('',(-7.307337315,11.643477024,91.242617778));
#3158=CARTESIAN_POINT('',(-7.442879214,10.417269762,93.40478387));
#3159=CARTESIAN_POINT('',(-7.578421113,9.191062501,95.566949963));
#3160=CARTESIAN_POINT('',(-7.527037417,7.985342246,97.757137449));
#3161=CARTESIAN_POINT('',(-7.290713866,6.844376621,100.));
#3162=B_SPLINE_CURVE_WITH_KNOTS('',3,(#3056,#3057,#3058,#3059,#3060,#3061,#3062,#3063,#3064,#3065,#3066,#3067,#3068,#3069,#3070,#3071,#3072,#3073,#3074,#3075,#3076,#3077,#3078,#3079,#3080,#3081,
#3082,#3083,#3084,#3085,#3086,#3087,#3088,#3089,#3090,#3091,#3092,#3093,#3094,#3095,#3096,#3097,#3098,#3099,#3100,#3101,#3102,#3103,#3104,#3105,#3106,
#3107,#3108,#3109,#3110,#3111,#3112,#3113,#3114,#3115,#3116,#3117,#3118,#3119,#3120,#3121,#3122,#3123,#3124,#3125,#3126,#3127,#3128,#3129,#3130,#3131,
#3132,#3133,#3134,#3135,#3136,#3137,#3138,#3139,#3140,#3141,#3142,#3143,#3144,#3145,#3146,#3147,#3148,#3149,#3150,#3151,#3152,#3153,#3154,#3155,#3156,
#3157,#3158,#3159,#3160,#3161),.UNSPECIFIED.,.F.,.F.,(4,3,3,3,3,3,3,3,3,3,3,3,3,3,3,3,3,3,3,3,3,3,3,3,3,3,
3,3,3,3,3,3,3,3,3,4),(0.,0.001881849,0.003763698,0.005645548,0.007527397,0.008468322,0.009409246,0.011291095,0.013172945,0.014113869,0.015054794,0.016936643,0.018818492,0.022582191,0.026345889,0.030109588,0.033873286,0.037636985,0.041400683,0.045164382,0.052691779,0.054573628,0.056455477,0.060219176,0.063982874,0.067746573,
0.07527397,0.082801367,0.090328764,0.094092462,0.09785616,0.101619859,0.103501708,0.105383557,0.112910954,0.120438351),.UNSPECIFIED.);
#3163=EDGE_CURVE('',#3048,#2888,#3162,.T.);
#3164=ORIENTED_EDGE('',*,*,#3163,.T.);
#3165=ORIENTED_EDGE('',*,*,#2924,.F.);
#3166=ORIENTED_EDGE('',*,*,#140,.T.);
#3167=EDGE_LOOP('',(#3055,#3164,#3165,#3166));
#3168=FACE_BOUND('',#3167,.T.);
#3169=ADVANCED_FACE('',(#3168),#3046,.T.);
#3170=CARTESIAN_POINT('',(50.,0.,0.));
#3171=CARTESIAN_POINT('',(50.,3.272518764,2.08335015));
#3172=CARTESIAN_POINT('',(49.677695606,6.544903776,4.166666667));
#3173=CARTESIAN_POINT('',(48.400832434,12.964128425,8.333333333));
#3174=CARTESIAN_POINT('',(47.446305229,16.110782918,10.416666667));
#3175=CARTESIAN_POINT('',(44.941648022,22.157560318,14.583333333));
#3176=CARTESIAN_POINT('',(43.391579951,25.057533708,16.666666667));
#3177=CARTESIAN_POINT('',(39.755381279,30.499489594,20.833333333));
#3178=CARTESIAN_POINT('',(37.66934059,33.041337529,22.916666667));
#3179=CARTESIAN_POINT('',(33.041337529,37.66934059,27.083333333));
#3180=CARTESIAN_POINT('',(30.499489594,39.755381279,29.166666667));
#3181=CARTESIAN_POINT('',(25.057533708,43.391579951,33.333333333));
#3182=CARTESIAN_POINT('',(22.157560318,44.941648022,35.416666667));
#3183=CARTESIAN_POINT('',(16.110782918,47.446305229,39.583333333));
#3184=CARTESIAN_POINT('',(12.964128425,48.400832434,41.666666667));
#3185=CARTESIAN_POINT('',(6.544903776,49.677695606,45.833333333));
#3186=CARTESIAN_POINT('',(3.272492347,50.,47.916666667));
#3187=CARTESIAN_POINT('',(-3.272492347,50.,52.083333333));
#3188=CARTESIAN_POINT('',(-6.544903776,49.677695606,54.166666667));
#3189=CARTESIAN_POINT('',(-12.964128425,48.400832434,58.333333333));
#3190=CARTESIAN_POINT('',(-16.110782918,47.446305229,60.416666667));
#3191=CARTESIAN_POINT('',(-22.157560318,44.941648022,64.583333333));
#3192=CARTESIAN_POINT('',(-25.057533708,43.391579951,66.666666667));
#3193=CARTESIAN_POINT('',(-30.499489594,39.755381279,70.833333333));
#3194=CARTESIAN_POINT('',(-33.041337529,37.66934059,72.916666667));
#3195=CARTESIAN_POINT('',(-37.66934059,33.041337529,77.083333333));
#3196=CARTESIAN_POINT('',(-39.755381279,30.499489594,79.166666667));
#3197=CARTESIAN_POINT('',(-43.391579951,25.057533708,83.333333333));
#3198=CARTESIAN_POINT('',(-44.941648022,22.157560318,85.416666667));
#3199=CARTESIAN_POINT('',(-47.446305229,16.110782918,89.583333333));
#3200=CARTESIAN_POINT('',(-48.400832434,12.964128425,91.666666667));
#3201=CARTESIAN_POINT('',(-49.677695606,6.544903776,95.833333333));
#3202=CARTESIAN_POINT('',(-50.,3.272518764,97.91664985));
#3203=CARTESIAN_POINT('',(-50.,0.,100.));
#3204=CARTESIAN_POINT('',(41.067830453,-26.796508642,0.));
#3205=CARTESIAN_POINT('',(42.821671839,-24.108603973,2.08334996));
#3206=CARTESIAN_POINT('',(44.310715021,-21.248076021,4.166666667));
#3207=CARTESIAN_POINT('',(46.702211191,-15.29129393,8.333333333));
#3208=CARTESIAN_POINT('',(47.604591049,-12.195208536,10.416666667));
#3209=CARTESIAN_POINT('',(48.788024756,-5.886326584,14.583333333));
#3210=CARTESIAN_POINT('',(49.069049341,-2.673686026,16.666666667));
#3211=CARTESIAN_POINT('',(48.998941889,3.74484899,20.833333333));
#3212=CARTESIAN_POINT('',(48.647811585,6.950584738,22.916666667));
#3213=CARTESIAN_POINT('',(47.326857165,13.232112119,27.083333333));
#3214=CARTESIAN_POINT('',(46.357065711,16.307748429,29.166666667));
#3215=CARTESIAN_POINT('',(43.836027861,22.210872599,33.333333333));
#3216=CARTESIAN_POINT('',(42.2848438,25.038214493,35.416666667));
#3217=CARTESIAN_POINT('',(38.660604589,30.336081701,39.583333333));
#3218=CARTESIAN_POINT('',(36.587639055,32.806476016,41.666666667));
#3219=CARTESIAN_POINT('',(31.999475965,37.295492196,45.833333333));
#3220=CARTESIAN_POINT('',(29.48439186,39.314003063,47.916666667));
#3221=CARTESIAN_POINT('',(24.108625425,42.821657842,52.083333333));
#3222=CARTESIAN_POINT('',(21.248076021,44.31071502,54.166666667));
#3223=CARTESIAN_POINT('',(15.29129393,46.702211191,58.333333333));
#3224=CARTESIAN_POINT('',(12.195208536,47.604591049,60.416666667));
#3225=CARTESIAN_POINT('',(5.886326584,48.788024756,64.583333333));
#3226=CARTESIAN_POINT('',(2.673686026,49.069049341,66.666666667));
#3227=CARTESIAN_POINT('',(-3.74484899,48.998941889,70.833333333));
#3228=CARTESIAN_POINT('',(-6.950584738,48.647811585,72.916666667));
#3229=CARTESIAN_POINT('',(-13.232112119,47.326857165,77.083333333));
#3230=CARTESIAN_POINT('',(-16.307748429,46.357065712,79.166666667));
#3231=CARTESIAN_POINT('',(-22.210872599,43.836027861,83.333333333));
#3232=CARTESIAN_POINT('',(-25.038214493,42.2848438,85.416666667));
#3233=CARTESIAN_POINT('',(-30.336081701,38.660604589,89.583333333));
#3234=CARTESIAN_POINT('',(-32.806476016,36.587639055,91.666666667));
#3235=CARTESIAN_POINT('',(-37.295492196,31.999475965,95.833333333));
#3236=CARTESIAN_POINT('',(-39.313989066,29.484413312,97.91665004));
#3237=CARTESIAN_POINT('',(-41.067830453,26.796508642,100.));
#3238=CARTESIAN_POINT('',(8.200565058,-5.72282559,0.));
#3239=CARTESIAN_POINT('',(8.575123498,-5.186099315,2.083335456));
#3240=CARTESIAN_POINT('',(8.896810351,-4.612497569,4.166666667));
#3241=CARTESIAN_POINT('',(9.422112423,-3.413526877,8.333333333));
#3242=CARTESIAN_POINT('',(9.625714271,-2.788188125,10.416666667));
#3243=CARTESIAN_POINT('',(9.907015232,-1.509773969,14.583333333));
#3244=CARTESIAN_POINT('',(9.984707389,-0.856730176,16.666666667));
#3245=CARTESIAN_POINT('',(10.011197002,0.451998706,20.833333333));
#3246=CARTESIAN_POINT('',(9.959993803,1.107651434,22.916666667));
#3247=CARTESIAN_POINT('',(9.730654086,2.396401325,27.083333333));
#3248=CARTESIAN_POINT('',(9.552523239,3.029466621,29.166666667));
#3249=CARTESIAN_POINT('',(9.07616759,4.248711584,33.333333333));
#3250=CARTESIAN_POINT('',(8.777954565,4.834861104,35.416666667));
#3251=CARTESIAN_POINT('',(8.072889063,5.93774624,39.583333333));
#3252=CARTESIAN_POINT('',(7.66605402,6.454454586,41.666666667));
#3253=CARTESIAN_POINT('',(6.759373938,7.398596638,45.833333333));
#3254=CARTESIAN_POINT('',(6.259551318,7.826006999,47.916666667));
#3255=CARTESIAN_POINT('',(5.186099862,8.575123117,52.083333333));
#3256=CARTESIAN_POINT('',(4.612497569,8.896810351,54.166666667));
#3257=CARTESIAN_POINT('',(3.413526877,9.422112423,58.333333333));
#3258=CARTESIAN_POINT('',(2.788188125,9.625714271,60.416666667));
#3259=CARTESIAN_POINT('',(1.509773969,9.907015232,64.583333333));
#3260=CARTESIAN_POINT('',(0.856730176,9.984707389,66.666666667));
#3261=CARTESIAN_POINT('',(-0.451998706,10.011197002,70.833333333));
#3262=CARTESIAN_POINT('',(-1.107651434,9.959993803,72.916666667));
#3263=CARTESIAN_POINT('',(-2.396401325,9.730654086,77.083333333));
#3264=CARTESIAN_POINT('',(-3.029466621,9.552523239,79.166666667));
#3265=CARTESIAN_POINT('',(-4.248711584,9.07616759,83.333333333));
#3266=CARTESIAN_POINT('',(-4.834861104,8.777954565,85.416666667));
#3267=CARTESIAN_POINT('',(-5.93774624,8.072889063,89.583333333));
#3268=CARTESIAN_POINT('',(-6.454454586,7.66605402,91.666666667));
#3269=CARTESIAN_POINT('',(-7.398596638,6.759373938,95.833333333));
#3270=CARTESIAN_POINT('',(-7.826006617,6.259551865,97.916664544));
#3271=CARTESIAN_POINT('',(-8.200565058,5.72282559,100.));
#3272=B_SPLINE_SURFACE_WITH_KNOTS('',2,3,((#3170,#3171,#3172,#3173,#3174,#3175,#3176,#3177,#3178,#3179,#3180,#3181,#3182,#3183,#3184,#3185,#3186,#3187,#3188,#3189,#3190,#3191,#3192,#3193,#3194,#3195,
#3196,#3197,#3198,#3199,#3200,#3201,#3202,#3203),(#3204,#3205,#3206,#3207,#3208,#3209,#3210,#3211,#3212,#3213,#3214,#3215,#3216,#3217,#3218,#3219,#3220,#3221,#3222,#3223,#3224,#3225,#3226,#3227,#3228,#3229,
#3230,#3231,#3232,#3233,#3234,#3235,#3236,#3237),(#3238,#3239,#3240,#3241,#3242,#3243,#3244,#3245,#3246,#3247,#3248,#3249,#3250,#3251,#3252,#3253,#3254,#3255,#3256,#3257,#3258,#3259,#3260,#3261,#3262,#3263,
#3264,#3265,#3266,#3267,#3268,#3269,#3270,#3271)),.UNSPECIFIED.,.F.,.F.,.U.,(3,3),(4,2,2,2,2,2,2,2,2,2,2,2,2,2,2,2,4),(0.,1.),(0.,0.0625,0.125,0.1875,0.25,0.3125,0.375,0.4375,0.5,0.5625,0.625,0.6875,0.75,0.8125,0.875,0.9375,1.),.UNSPECIFIED.);
#3273=CARTESIAN_POINT('',(-8.200565058,5.72282559,100.));
#3274=VERTEX_POINT('',#3273);
#3275=CARTESIAN_POINT('',(8.200565058,-5.72282559,0.));
#3276=CARTESIAN_POINT('',(8.575123498,-5.186099315,2.083335456));
#3277=CARTESIAN_POINT('',(8.896810351,-4.612497569,4.166666667));
#3278=CARTESIAN_POINT('',(9.422112423,-3.413526877,8.333333333));
#3279=CARTESIAN_POINT('',(9.625714271,-2.788188125,10.416666667));
#3280=CARTESIAN_POINT('',(9.907015232,-1.509773969,14.583333333));
#3281=CARTESIAN_POINT('',(9.984707389,-0.856730176,16.666666667));
#3282=CARTESIAN_POINT('',(10.011197002,0.451998706,20.833333333));
#3283=CARTESIAN_POINT('',(9.959993803,1.107651434,22.916666667));
#3284=CARTESIAN_POINT('',(9.730654086,2.396401325,27.083333333));
#3285=CARTESIAN_POINT('',(9.552523239,3.029466621,29.166666667));
#3286=CARTESIAN_POINT('',(9.07616759,4.248711584,33.333333333));
#3287=CARTESIAN_POINT('',(8.777954565,4.834861104,35.416666667));
#3288=CARTESIAN_POINT('',(8.072889063,5.93774624,39.583333333));
#3289=CARTESIAN_POINT('',(7.66605402,6.454454586,41.666666667));
#3290=CARTESIAN_POINT('',(6.759373938,7.398596638,45.833333333));
#3291=CARTESIAN_POINT('',(6.259551318,7.826006999,47.916666667));
#3292=CARTESIAN_POINT('',(5.186099862,8.575123117,52.083333333));
#3293=CARTESIAN_POINT('',(4.612497569,8.896810351,54.166666667));
#3294=CARTESIAN_POINT('',(3.413526877,9.422112423,58.333333333));
#3295=CARTESIAN_POINT('',(2.788188125,9.625714271,60.416666667));
#3296=CARTESIAN_POINT('',(1.509773969,9.907015232,64.583333333));
#3297=CARTESIAN_POINT('',(0.856730176,9.984707389,66.666666667));
#3298=CARTESIAN_POINT('',(-0.451998706,10.011197002,70.833333333));
#3299=CARTESIAN_POINT('',(-1.107651434,9.959993803,72.916666667));
#3300=CARTESIAN_POINT('',(-2.396401325,9.730654086,77.083333333));
#3301=CARTESIAN_POINT('',(-3.029466621,9.552523239,79.166666667));
#3302=CARTESIAN_POINT('',(-4.248711584,9.07616759,83.333333333));
#3303=CARTESIAN_POINT('',(-4.834861104,8.777954565,85.416666667));
#3304=CARTESIAN_POINT('',(-5.93774624,8.072889063,89.583333333));
#3305=CARTESIAN_POINT('',(-6.454454586,7.66605402,91.666666667));
#3306=CARTESIAN_POINT('',(-7.398596638,6.759373938,95.833333333));
#3307=CARTESIAN_POINT('',(-7.826006617,6.259551865,97.916664544));
#3308=CARTESIAN_POINT('',(-8.200565058,5.72282559,100.));
#3309=B_SPLINE_CURVE_WITH_KNOTS('',3,(#3275,#3276,#3277,#3278,#3279,#3280,#3281,#3282,#3283,#3284,#3285,#3286,#3287,#3288,#3289,#3290,#3291,#3292,#3293,#3294,#3295,#3296,#3297,#3298,#3299,#3300,
#3301,#3302,#3303,#3304,#3305,#3306,#3307,#3308),.UNSPECIFIED.,.F.,.F.,(4,2,2,2,2,2,2,2,2,2,2,2,2,2,2,2,4),(0.,0.0625,0.125,0.1875,0.25,0.3125,0.375,0.4375,0.5,0.5625,0.625,0.6875,0.75,0.8125,0.875,0.9375,1.),.UNSPECIFIED.);
#3310=EDGE_CURVE('',#118,#3274,#3309,.T.);
#3311=ORIENTED_EDGE('',*,*,#3310,.T.);
#3312=CARTESIAN_POINT('',(-8.200565058,5.72282559,100.));
#3313=CARTESIAN_POINT('',(-8.606734122,6.832917402,97.72148761));
#3314=CARTESIAN_POINT('',(-8.835548475,8.038846699,95.492265443));
#3315=CARTESIAN_POINT('',(-8.875997179,9.296012937,93.287097869));
#3316=CARTESIAN_POINT('',(-8.896221531,9.924596056,92.184514082));
#3317=CARTESIAN_POINT('',(-8.869397924,10.566124426,91.088021146));
#3318=CARTESIAN_POINT('',(-8.794201678,11.215530107,89.994749742));
#3319=CARTESIAN_POINT('',(-8.756603555,11.540232947,89.44811404));
#3320=CARTESIAN_POINT('',(-8.706914341,11.866910562,88.90228682));
#3321=CARTESIAN_POINT('',(-8.644962508,12.194942061,88.356916327));
#3322=CARTESIAN_POINT('',(-8.583010675,12.522973559,87.811545834));
#3323=CARTESIAN_POINT('',(-8.508622187,12.852957902,87.265649031));
#3324=CARTESIAN_POINT('',(-8.422332852,13.181763697,86.7230196));
#3325=CARTESIAN_POINT('',(-8.07717551,14.496986874,84.552501875));
#3326=CARTESIAN_POINT('',(-7.542394034,15.794620863,82.430846048));
#3327=CARTESIAN_POINT('',(-6.829867052,17.040278743,80.333988225));
#3328=CARTESIAN_POINT('',(-6.47360356,17.663107682,79.285559313));
#3329=CARTESIAN_POINT('',(-6.072842916,18.273053263,78.243414396));
#3330=CARTESIAN_POINT('',(-5.628720458,18.866166656,77.20486159));
#3331=CARTESIAN_POINT('',(-5.406659228,19.162723352,76.685585187));
#3332=CARTESIAN_POINT('',(-5.173755739,19.455076019,76.167209755));
#3333=CARTESIAN_POINT('',(-4.930133454,19.742736685,75.649407909));
#3334=CARTESIAN_POINT('',(-4.686511169,20.030397351,75.131606063));
#3335=CARTESIAN_POINT('',(-4.432353748,20.313079196,74.614859025));
#3336=CARTESIAN_POINT('',(-4.169574082,20.588690518,74.101989859));
#3337=CARTESIAN_POINT('',(-3.118455418,21.691135809,72.050513198));
#3338=CARTESIAN_POINT('',(-1.923250854,22.688253453,70.046516732));
#3339=CARTESIAN_POINT('',(-0.606540403,23.563337156,68.067900478));
#3340=CARTESIAN_POINT('',(0.710170047,24.438420859,66.089284224));
#3341=CARTESIAN_POINT('',(2.148614403,25.191645639,64.136274142));
#3342=CARTESIAN_POINT('',(3.690930471,25.806644449,62.189996845));
#3343=CARTESIAN_POINT('',(4.076509488,25.960394152,61.70342752));
#3344=CARTESIAN_POINT('',(4.468877605,26.105556587,61.216970941));
#3345=CARTESIAN_POINT('',(4.864753216,26.240940376,60.733966372));
#3346=CARTESIAN_POINT('',(5.260628828,26.376324164,60.250961803));
#3347=CARTESIAN_POINT('',(5.660644228,26.502202057,59.770597282));
#3348=CARTESIAN_POINT('',(6.06442985,26.618588893,59.292541108));
#3349=CARTESIAN_POINT('',(6.872001093,26.851362563,58.336428759));
#3350=CARTESIAN_POINT('',(7.69463553,27.046179209,57.389534662));
#3351=CARTESIAN_POINT('',(8.529613874,27.203101716,56.449412804));
#3352=CARTESIAN_POINT('',(10.199570561,27.516946731,54.569169089));
#3353=CARTESIAN_POINT('',(11.918764346,27.679311086,52.715900399));
#3354=CARTESIAN_POINT('',(13.668382244,27.689323867,50.872533958));
#3355=CARTESIAN_POINT('',(14.543191193,27.694330257,49.950850737));
#3356=CARTESIAN_POINT('',(15.42562908,27.661242371,49.031663012));
#3357=CARTESIAN_POINT('',(16.313535452,27.589814127,48.112993352));
#3358=CARTESIAN_POINT('',(16.757488639,27.554100005,47.653658522));
#3359=CARTESIAN_POINT('',(17.202029661,27.508837816,47.195266252));
#3360=CARTESIAN_POINT('',(17.645187008,27.454371804,46.739304424));
#3361=CARTESIAN_POINT('',(18.088344356,27.399905793,46.283342597));
#3362=CARTESIAN_POINT('',(18.530633663,27.336199351,45.829279504));
#3363=CARTESIAN_POINT('',(18.971819692,27.26345869,45.376828429));
#3364=CARTESIAN_POINT('',(20.736563808,26.972496048,43.567024131));
#3365=CARTESIAN_POINT('',(22.483459866,26.537125649,41.782783087));
#3366=CARTESIAN_POINT('',(24.199130544,25.969629713,40.007636257));
#3367=CARTESIAN_POINT('',(25.914801221,25.402133776,38.232489427));
#3368=CARTESIAN_POINT('',(27.59925895,24.702318655,36.466505989));
#3369=CARTESIAN_POINT('',(29.240329359,23.884107476,34.69388625));
#3370=CARTESIAN_POINT('',(30.060864563,23.475001886,33.807576381));
#3371=CARTESIAN_POINT('',(30.871185361,23.035860717,32.918897299));
#3372=CARTESIAN_POINT('',(31.664357443,22.572567739,32.031992689));
#3373=CARTESIAN_POINT('',(32.457529526,22.109274761,31.14508808));
#3374=CARTESIAN_POINT('',(33.23480634,21.621295911,30.25859373));
#3375=CARTESIAN_POINT('',(33.995575215,21.112090047,29.37002454));
#3376=CARTESIAN_POINT('',(34.756344089,20.602884182,28.48145535));
#3377=CARTESIAN_POINT('',(35.500605341,20.072393166,27.590844557));
#3378=CARTESIAN_POINT('',(36.227946833,19.525052209,26.695324841));
#3379=CARTESIAN_POINT('',(36.955288325,18.977711252,25.799805126));
#3380=CARTESIAN_POINT('',(37.665997157,18.413219649,24.898950084));
#3381=CARTESIAN_POINT('',(38.358137217,17.839295977,23.991735242));
#3382=CARTESIAN_POINT('',(39.050277277,17.265372305,23.084520399));
#3383=CARTESIAN_POINT('',(39.724210095,16.681617548,22.170608335));
#3384=CARTESIAN_POINT('',(40.380779595,16.096394246,21.245425028));
#3385=CARTESIAN_POINT('',(41.037349095,15.511170944,20.32024172));
#3386=CARTESIAN_POINT('',(41.676523111,14.924332754,19.38385501));
#3387=CARTESIAN_POINT('',(42.300058539,14.348532518,18.429680901));
#3388=CARTESIAN_POINT('',(42.611826254,14.0606324,17.952593847));
#3389=CARTESIAN_POINT('',(42.919703016,13.775560379,17.471030672));
#3390=CARTESIAN_POINT('',(43.224040391,13.495342102,16.983986621));
#3391=CARTESIAN_POINT('',(43.528377766,13.215123825,16.49694257));
#3392=CARTESIAN_POINT('',(43.829303748,12.939649875,16.004178909));
#3393=CARTESIAN_POINT('',(44.126036943,12.672454529,15.506647533));
#3394=CARTESIAN_POINT('',(44.719503333,12.138063838,14.511584782));
#3395=CARTESIAN_POINT('',(45.297042315,11.635950709,13.495910059));
#3396=CARTESIAN_POINT('',(45.862377348,11.188494992,12.45314005));
#3397=CARTESIAN_POINT('',(46.145044864,10.964767133,11.931755045));
#3398=CARTESIAN_POINT('',(46.424688739,10.754767074,11.403586717));
#3399=CARTESIAN_POINT('',(46.701922013,10.560124197,10.868343853));
#3400=CARTESIAN_POINT('',(46.979155287,10.36548132,10.333100989));
#3401=CARTESIAN_POINT('',(47.253982716,10.186278335,9.790754867));
#3402=CARTESIAN_POINT('',(47.527039674,10.022121495,9.241790154));
#3403=CARTESIAN_POINT('',(47.800096632,9.857964654,8.69282544));
#3404=CARTESIAN_POINT('',(48.071389758,9.708899339,8.137228508));
#3405=CARTESIAN_POINT('',(48.34149009,9.571473394,7.576605064));
#3406=CARTESIAN_POINT('',(48.611590423,9.434047448,7.01598162));
#3407=CARTESIAN_POINT('',(48.880503695,9.308215949,6.450351664));
#3408=CARTESIAN_POINT('',(49.148639219,9.187509,5.882375089));
#3409=B_SPLINE_CURVE_WITH_KNOTS('',3,(#3312,#3313,#3314,#3315,#3316,#3317,#3318,#3319,#3320,#3321,#3322,#3323,#3324,#3325,#3326,#3327,#3328,#3329,#3330,#3331,#3332,#3333,#3334,#3335,#3336,#3337,
#3338,#3339,#3340,#3341,#3342,#3343,#3344,#3345,#3346,#3347,#3348,#3349,#3350,#3351,#3352,#3353,#3354,#3355,#3356,#3357,#3358,#3359,#3360,#3361,#3362,
#3363,#3364,#3365,#3366,#3367,#3368,#3369,#3370,#3371,#3372,#3373,#3374,#3375,#3376,#3377,#3378,#3379,#3380,#3381,#3382,#3383,#3384,#3385,#3386,#3387,
#3388,#3389,#3390,#3391,#3392,#3393,#3394,#3395,#3396,#3397,#3398,#3399,#3400,#3401,#3402,#3403,#3404,#3405,#3406,#3407,#3408),.UNSPECIFIED.,.F.,.F.,(4,3,3,3,3,3,3,3,3,3,3,3,3,3,3,3,3,3,3,3,3,3,3,3,3,3,
3,3,3,3,3,3,4),(0.,0.007615674,0.011423511,0.013327429,0.015231348,0.022847021,0.026654858,0.028558777,0.030462695,0.038078369,0.045694043,0.047597961,0.04950188,0.053309717,0.06092539,0.064733227,0.066637146,0.068541064,0.076156738,0.083772412,0.087580249,0.091388086,0.095195923,0.099003759,0.102811596,0.106619433,
0.108523352,0.11042727,0.114235107,0.116139026,0.118042944,0.119946862,0.121850781),.UNSPECIFIED.);
#3410=EDGE_CURVE('',#3274,#3048,#3409,.T.);
#3411=ORIENTED_EDGE('',*,*,#3410,.T.);
#3412=ORIENTED_EDGE('',*,*,#3054,.F.);
#3413=ORIENTED_EDGE('',*,*,#132,.T.);
#3414=EDGE_LOOP('',(#3311,#3411,#3412,#3413));
#3415=FACE_BOUND('',#3414,.T.);
#3416=ADVANCED_FACE('',(#3415),#3272,.T.);
#3417=CARTESIAN_POINT('',(8.200565058,-5.72282559,0.));
#3418=CARTESIAN_POINT('',(8.575123498,-5.186099315,2.083335456));
#3419=CARTESIAN_POINT('',(8.896810351,-4.612497569,4.166666667));
#3420=CARTESIAN_POINT('',(9.422112423,-3.413526877,8.333333333));
#3421=CARTESIAN_POINT('',(9.625714271,-2.788188125,10.416666667));
#3422=CARTESIAN_POINT('',(9.907015232,-1.509773969,14.583333333));
#3423=CARTESIAN_POINT('',(9.984707389,-0.856730176,16.666666667));
#3424=CARTESIAN_POINT('',(10.011197002,0.451998706,20.833333333));
#3425=CARTESIAN_POINT('',(9.959993803,1.107651434,22.916666667));
#3426=CARTESIAN_POINT('',(9.730654086,2.396401325,27.083333333));
#3427=CARTESIAN_POINT('',(9.552523239,3.029466621,29.166666667));
#3428=CARTESIAN_POINT('',(9.07616759,4.248711584,33.333333333));
#3429=CARTESIAN_POINT('',(8.777954565,4.834861104,35.416666667));
#3430=CARTESIAN_POINT('',(8.072889063,5.93774624,39.583333333));
#3431=CARTESIAN_POINT('',(7.66605402,6.454454586,41.666666667));
#3432=CARTESIAN_POINT('',(6.759373938,7.398596638,45.833333333));
#3433=CARTESIAN_POINT('',(6.259551318,7.826006999,47.916666667));
#3434=CARTESIAN_POINT('',(5.186099862,8.575123117,52.083333333));
#3435=CARTESIAN_POINT('',(4.612497569,8.896810351,54.166666667));
#3436=CARTESIAN_POINT('',(3.413526877,9.422112423,58.333333333));
#3437=CARTESIAN_POINT('',(2.788188125,9.625714271,60.416666667));
#3438=CARTESIAN_POINT('',(1.509773969,9.907015232,64.583333333));
#3439=CARTESIAN_POINT('',(0.856730176,9.984707389,66.666666667));
#3440=CARTESIAN_POINT('',(-0.451998706,10.011197002,70.833333333));
#3441=CARTESIAN_POINT('',(-1.107651434,9.959993803,72.916666667));
#3442=CARTESIAN_POINT('',(-2.396401325,9.730654086,77.083333333));
#3443=CARTESIAN_POINT('',(-3.029466621,9.552523239,79.166666667));
#3444=CARTESIAN_POINT('',(-4.248711584,9.07616759,83.333333333));
#3445=CARTESIAN_POINT('',(-4.834861104,8.777954565,85.416666667));
#3446=CARTESIAN_POINT('',(-5.93774624,8.072889063,89.583333333));
#3447=CARTESIAN_POINT('',(-6.454454586,7.66605402,91.666666667));
#3448=CARTESIAN_POINT('',(-7.398596638,6.759373938,95.833333333));
#3449=CARTESIAN_POINT('',(-7.826006617,6.259551865,97.916664544));
#3450=CARTESIAN_POINT('',(-8.200565058,5.72282559,100.));
#3451=CARTESIAN_POINT('',(9.444456951,-3.940381544,0.));
#3452=CARTESIAN_POINT('',(9.702354594,-3.322242625,2.083335547));
#3453=CARTESIAN_POINT('',(9.899365513,-2.678720259,4.166666667));
#3454=CARTESIAN_POINT('',(10.164063814,-1.36557188,8.333333333));
#3455=CARTESIAN_POINT('',(10.231744378,-0.695978995,10.416666667));
#3456=CARTESIAN_POINT('',(10.235174036,0.643577683,14.583333333));
#3457=CARTESIAN_POINT('',(10.170923045,1.313508352,16.666666667));
#3458=CARTESIAN_POINT('',(9.91295226,2.627994917,20.833333333));
#3459=CARTESIAN_POINT('',(9.719238844,3.272518309,22.916666667));
#3460=CARTESIAN_POINT('',(9.209781287,4.51141978,27.083333333));
#3461=CARTESIAN_POINT('',(8.894049744,5.105767224,29.166666667));
#3462=CARTESIAN_POINT('',(8.152683584,6.221473311,33.333333333));
#3463=CARTESIAN_POINT('',(7.7270673,6.742804367,35.416666667));
#3464=CARTESIAN_POINT('',(6.782282824,7.692439111,39.583333333));
#3465=CARTESIAN_POINT('',(6.263137993,8.120719319,41.666666667));
#3466=CARTESIAN_POINT('',(5.151242738,8.867788791,45.833333333));
#3467=CARTESIAN_POINT('',(4.558519806,9.186559582,47.916666667));
#3468=CARTESIAN_POINT('',(3.322243282,9.70235432,52.083333333));
#3469=CARTESIAN_POINT('',(2.678720259,9.899365513,54.166666667));
#3470=CARTESIAN_POINT('',(1.36557188,10.164063814,58.333333333));
#3471=CARTESIAN_POINT('',(0.695978995,10.231744378,60.416666667));
#3472=CARTESIAN_POINT('',(-0.643577683,10.235174036,64.583333333));
#3473=CARTESIAN_POINT('',(-1.313508352,10.170923045,66.666666667));
#3474=CARTESIAN_POINT('',(-2.627994917,9.91295226,70.833333333));
#3475=CARTESIAN_POINT('',(-3.272518309,9.719238844,72.916666667));
#3476=CARTESIAN_POINT('',(-4.51141978,9.209781287,77.083333333));
#3477=CARTESIAN_POINT('',(-5.105767224,8.894049744,79.166666667));
#3478=CARTESIAN_POINT('',(-6.221473311,8.152683584,83.333333333));
#3479=CARTESIAN_POINT('',(-6.742804367,7.7270673,85.416666667));
#3480=CARTESIAN_POINT('',(-7.692439111,6.782282824,89.583333333));
#3481=CARTESIAN_POINT('',(-8.120719319,6.263137993,91.666666667));
#3482=CARTESIAN_POINT('',(-8.867788791,5.151242738,95.833333333));
#3483=CARTESIAN_POINT('',(-9.186559308,4.558520463,97.916664453));
#3484=CARTESIAN_POINT('',(-9.444456951,3.940381544,100.));
#3485=CARTESIAN_POINT('',(10.063617726,-1.856871584,0.));
#3486=CARTESIAN_POINT('',(10.185149816,-1.198208644,2.083335547));
#3487=CARTESIAN_POINT('',(10.241807679,-0.527593833,4.166666667));
#3488=CARTESIAN_POINT('',(10.223203939,0.811838045,8.333333333));
#3489=CARTESIAN_POINT('',(10.147942667,1.480621293,10.416666667));
#3490=CARTESIAN_POINT('',(9.868386196,2.790686953,14.583333333));
#3491=CARTESIAN_POINT('',(9.664097909,3.431936972,16.666666667));
#3492=CARTESIAN_POINT('',(9.134331906,4.662291327,20.833333333));
#3493=CARTESIAN_POINT('',(8.808867289,5.251365239,22.916666667));
#3494=CARTESIAN_POINT('',(8.049250364,6.354726459,27.083333333));
#3495=CARTESIAN_POINT('',(7.615116838,6.868986484,29.166666667));
#3496=CARTESIAN_POINT('',(6.654840644,7.802953017,33.333333333));
#3497=CARTESIAN_POINT('',(6.128721719,8.222636431,35.416666667));
#3498=CARTESIAN_POINT('',(5.00468913,8.951316467,39.583333333));
#3499=CARTESIAN_POINT('',(4.40680326,9.260295071,41.666666667));
#3500=CARTESIAN_POINT('',(3.16221022,9.755685845,45.833333333));
#3501=CARTESIAN_POINT('',(2.515533824,9.942085765,47.916666667));
#3502=CARTESIAN_POINT('',(1.198209344,10.185149687,52.083333333));
#3503=CARTESIAN_POINT('',(0.527593833,10.241807679,54.166666667));
#3504=CARTESIAN_POINT('',(-0.811838045,10.223203939,58.333333333));
#3505=CARTESIAN_POINT('',(-1.480621293,10.147942667,60.416666667));
#3506=CARTESIAN_POINT('',(-2.790686953,9.868386196,64.583333333));
#3507=CARTESIAN_POINT('',(-3.431936972,9.664097909,66.666666667));
#3508=CARTESIAN_POINT('',(-4.662291327,9.134331906,70.833333333));
#3509=CARTESIAN_POINT('',(-5.251365239,8.808867289,72.916666667));
#3510=CARTESIAN_POINT('',(-6.354726459,8.049250364,77.083333333));
#3511=CARTESIAN_POINT('',(-6.868986484,7.615116838,79.166666667));
#3512=CARTESIAN_POINT('',(-7.802953017,6.654840644,83.333333333));
#3513=CARTESIAN_POINT('',(-8.222636431,6.128721719,85.416666667));
#3514=CARTESIAN_POINT('',(-8.951316467,5.00468913,89.583333333));
#3515=CARTESIAN_POINT('',(-9.260295071,4.40680326,91.666666667));
#3516=CARTESIAN_POINT('',(-9.755685845,3.16221022,95.833333333));
#3517=CARTESIAN_POINT('',(-9.942085636,2.515534524,97.916664453));
#3518=CARTESIAN_POINT('',(-10.063617726,1.856871584,100.));
#3519=CARTESIAN_POINT('',(9.995018336,0.315608093,0.));
#3520=CARTESIAN_POINT('',(9.974361813,0.969781179,2.083335456));
#3521=CARTESIAN_POINT('',(9.889277077,1.62190232,4.166666667));
#3522=CARTESIAN_POINT('',(9.593512476,2.897047914,8.333333333));
#3523=CARTESIAN_POINT('',(9.382839945,3.520040171,10.416666667));
#3524=CARTESIAN_POINT('',(8.843989813,4.712983389,14.583333333));
#3525=CARTESIAN_POINT('',(8.515825536,5.282904853,16.666666667));
#3526=CARTESIAN_POINT('',(7.754597582,6.347801556,20.833333333));
#3527=CARTESIAN_POINT('',(7.321552728,6.842750463,22.916666667));
#3528=CARTESIAN_POINT('',(6.367200514,7.738677268,27.083333333));
#3529=CARTESIAN_POINT('',(5.845916753,8.139633011,29.166666667));
#3530=CARTESIAN_POINT('',(4.735115502,8.832159953,33.333333333));
#3531=CARTESIAN_POINT('',(4.145625477,9.123714027,35.416666667));
#3532=CARTESIAN_POINT('',(2.921062656,9.586227684,39.583333333));
#3533=CARTESIAN_POINT('',(2.286020138,9.75717583,41.666666667));
#3534=CARTESIAN_POINT('',(0.99475501,9.971902061,45.833333333));
#3535=CARTESIAN_POINT('',(0.338564328,10.015674837,47.916666667));
#3536=CARTESIAN_POINT('',(-0.969780513,9.974361834,52.083333333));
#3537=CARTESIAN_POINT('',(-1.62190232,9.889277077,54.166666667));
#3538=CARTESIAN_POINT('',(-2.897047914,9.593512476,58.333333333));
#3539=CARTESIAN_POINT('',(-3.520040171,9.382839945,60.416666667));
#3540=CARTESIAN_POINT('',(-4.712983389,8.843989813,64.583333333));
#3541=CARTESIAN_POINT('',(-5.282904853,8.515825536,66.666666667));
#3542=CARTESIAN_POINT('',(-6.347801556,7.754597582,70.833333333));
#3543=CARTESIAN_POINT('',(-6.842750463,7.321552728,72.916666667));
#3544=CARTESIAN_POINT('',(-7.738677268,6.367200514,77.083333333));
#3545=CARTESIAN_POINT('',(-8.139633011,5.845916753,79.166666667));
#3546=CARTESIAN_POINT('',(-8.832159953,4.735115502,83.333333333));
#3547=CARTESIAN_POINT('',(-9.123714027,4.145625477,85.416666667));
#3548=CARTESIAN_POINT('',(-9.586227684,2.921062656,89.583333333));
#3549=CARTESIAN_POINT('',(-9.75717583,2.286020138,91.666666667));
#3550=CARTESIAN_POINT('',(-9.971902061,0.99475501,95.833333333));
#3551=CARTESIAN_POINT('',(-10.015674858,0.338564994,97.916664544));
#3552=CARTESIAN_POINT('',(-9.995018336,-0.315608093,100.));
#3553=(BOUNDED_SURFACE()
B_SPLINE_SURFACE(3,3,((#3417,#3418,#3419,#3420,#3421,#3422,#3423,#3424,#3425,#3426,#3427,#3428,#3429,#3430,#3431,#3432,#3433,#3434,#3435,#3436,#3437,#3438,#3439,#3440,#3441,#3442,
#3443,#3444,#3445,#3446,#3447,#3448,#3449,#3450),(#3451,#3452,#3453,#3454,#3455,#3456,#3457,#3458,#3459,#3460,#3461,#3462,#3463,#3464,#3465,#3466,#3467,#3468,#3469,#3470,#3471,#3472,#3473,#3474,#3475,#3476,
#3477,#3478,#3479,#3480,#3481,#3482,#3483,#3484),(#3485,#3486,#3487,#3488,#3489,#3490,#3491,#3492,#3493,#3494,#3495,#3496,#3497,#3498,#3499,#3500,#3501,#3502,#3503,#3504,#3505,#3506,#3507,#3508,#3509,#3510,
#3511,#3512,#3513,#3514,#3515,#3516,#3517,#3518),(#3519,#3520,#3521,#3522,#3523,#3524,#3525,#3526,#3527,#3528,#3529,#3530,#3531,#3532,#3533,#3534,#3535,#3536,#3537,#3538,#3539,#3540,#3541,#3542,#3543,#3544,
#3545,#3546,#3547,#3548,#3549,#3550,#3551,#3552)),.UNSPECIFIED.,.F.,.F.,.U.)
B_SPLINE_SURFACE_WITH_KNOTS((4,4),(4,2,2,2,2,2,2,2,2,2,2,2,2,2,2,2,4),(0.,1.),(0.,0.0625,0.125,0.1875,0.25,0.3125,0.375,0.4375,0.5,0.5625,0.625,0.6875,0.75,0.8125,0.875,0.9375,1.),.UNSPECIFIED.)
GEOMETRIC_REPRESENTATION_ITEM()
RATIONAL_B_SPLINE_SURFACE(((1.,1.,1.,1.,1.,1.,1.,1.,1.,1.,1.,1.,1.,1.,1.,1.,1.,1.,1.,1.,1.,1.,1.,1.,1.,1.,
1.,1.,1.,1.,1.,1.,1.,1.),(0.966067485,0.966067485,0.966067485,0.966067485,0.966067485,0.966067485,0.966067485,0.966067485,0.966067485,0.966067485,0.966067485,0.966067485,0.966067485,0.966067485,0.966067485,0.966067485,0.966067485,0.966067485,0.966067485,0.966067485,0.966067485,0.966067485,0.966067485,0.966067485,0.966067485,0.966067485,
0.966067485,0.966067485,0.966067485,0.966067485,0.966067485,0.966067485,0.966067485,0.966067485),(0.966067485,0.966067485,0.966067485,0.966067485,0.966067485,0.966067485,0.966067485,0.966067485,0.966067485,0.966067485,0.966067485,0.966067485,0.966067485,0.966067485,0.966067485,0.966067485,0.966067485,0.966067485,0.966067485,0.966067485,0.966067485,0.966067485,0.966067485,0.966067485,0.966067485,0.966067485,
0.966067485,0.966067485,0.966067485,0.966067485,0.966067485,0.966067485,0.966067485,0.966067485),(1.,1.,1.,1.,1.,1.,1.,1.,1.,1.,1.,1.,1.,1.,1.,1.,1.,1.,1.,1.,1.,1.,1.,1.,1.,1.,
1.,1.,1.,1.,1.,1.,1.,1.)))
REPRESENTATION_ITEM('')
SURFACE()
);
#3554=CARTESIAN_POINT('',(-9.995018336,-0.315608093,100.));
#3555=VERTEX_POINT('',#3554);
#3556=CARTESIAN_POINT('',(9.995018336,0.315608093,0.));
#3557=CARTESIAN_POINT('',(9.974361813,0.969781179,2.083335456));
#3558=CARTESIAN_POINT('',(9.889277077,1.62190232,4.166666667));
#3559=CARTESIAN_POINT('',(9.593512476,2.897047914,8.333333333));
#3560=CARTESIAN_POINT('',(9.382839945,3.520040171,10.416666667));
#3561=CARTESIAN_POINT('',(8.843989813,4.712983389,14.583333333));
#3562=CARTESIAN_POINT('',(8.515825536,5.282904853,16.666666667));
#3563=CARTESIAN_POINT('',(7.754597582,6.347801556,20.833333333));
#3564=CARTESIAN_POINT('',(7.321552728,6.842750463,22.916666667));
#3565=CARTESIAN_POINT('',(6.367200514,7.738677268,27.083333333));
#3566=CARTESIAN_POINT('',(5.845916753,8.139633011,29.166666667));
#3567=CARTESIAN_POINT('',(4.735115502,8.832159953,33.333333333));
#3568=CARTESIAN_POINT('',(4.145625477,9.123714027,35.416666667));
#3569=CARTESIAN_POINT('',(2.921062656,9.586227684,39.583333333));
#3570=CARTESIAN_POINT('',(2.286020138,9.75717583,41.666666667));
#3571=CARTESIAN_POINT('',(0.99475501,9.971902061,45.833333333));
#3572=CARTESIAN_POINT('',(0.338564328,10.015674837,47.916666667));
#3573=CARTESIAN_POINT('',(-0.969780513,9.974361834,52.083333333));
#3574=CARTESIAN_POINT('',(-1.62190232,9.889277077,54.166666667));
#3575=CARTESIAN_POINT('',(-2.897047914,9.593512476,58.333333333));
#3576=CARTESIAN_POINT('',(-3.520040171,9.382839945,60.416666667));
#3577=CARTESIAN_POINT('',(-4.712983389,8.843989813,64.583333333));
#3578=CARTESIAN_POINT('',(-5.282904853,8.515825536,66.666666667));
#3579=CARTESIAN_POINT('',(-6.347801556,7.754597582,70.833333333));
#3580=CARTESIAN_POINT('',(-6.842750463,7.321552728,72.916666667));
#3581=CARTESIAN_POINT('',(-7.738677268,6.367200514,77.083333333));
#3582=CARTESIAN_POINT('',(-8.139633011,5.845916753,79.166666667));
#3583=CARTESIAN_POINT('',(-8.832159953,4.735115502,83.333333333));
#3584=CARTESIAN_POINT('',(-9.123714027,4.145625477,85.416666667));
#3585=CARTESIAN_POINT('',(-9.586227684,2.921062656,89.583333333));
#3586=CARTESIAN_POINT('',(-9.75717583,2.286020138,91.666666667));
#3587=CARTESIAN_POINT('',(-9.971902061,0.99475501,95.833333333));
#3588=CARTESIAN_POINT('',(-10.015674858,0.338564994,97.916664544));
#3589=CARTESIAN_POINT('',(-9.995018336,-0.315608093,100.));
#3590=B_SPLINE_CURVE_WITH_KNOTS('',3,(#3556,#3557,#3558,#3559,#3560,#3561,#3562,#3563,#3564,#3565,#3566,#3567,#3568,#3569,#3570,#3571,#3572,#3573,#3574,#3575,#3576,#3577,#3578,#3579,#3580,#3581,
#3582,#3583,#3584,#3585,#3586,#3587,#3588,#3589),.UNSPECIFIED.,.F.,.F.,(4,2,2,2,2,2,2,2,2,2,2,2,2,2,2,2,4),(0.,0.0625,0.125,0.1875,0.25,0.3125,0.375,0.4375,0.5,0.5625,0.625,0.6875,0.75,0.8125,0.875,0.9375,1.),.UNSPECIFIED.);
#3591=EDGE_CURVE('',#110,#3555,#3590,.T.);
#3592=ORIENTED_EDGE('',*,*,#3591,.T.);
#3593=CARTESIAN_POINT('',(-8.200565058,5.72282559,100.));
#3594=CARTESIAN_POINT('',(-8.812564146,4.845856992,100.));
#3595=CARTESIAN_POINT('',(-9.280953875,3.874082123,100.));
#3596=CARTESIAN_POINT('',(-9.585709774,2.848537894,100.));
#3597=CARTESIAN_POINT('',(-9.890465673,1.822993665,100.));
#3598=CARTESIAN_POINT('',(-10.028804818,0.75437876,100.));
#3599=CARTESIAN_POINT('',(-9.995018336,-0.315608093,100.));
#3600=B_SPLINE_CURVE_WITH_KNOTS('',3,(#3593,#3594,#3595,#3596,#3597,#3598,#3599),.UNSPECIFIED.,.F.,.F.,(4,3,4),(0.025197696,0.028409257,0.031620817),.UNSPECIFIED.);
#3601=EDGE_CURVE('',#3274,#3555,#3600,.T.);
#3602=ORIENTED_EDGE('',*,*,#3601,.F.);
#3603=ORIENTED_EDGE('',*,*,#3310,.F.);
#3604=ORIENTED_EDGE('',*,*,#124,.T.);
#3605=EDGE_LOOP('',(#3592,#3602,#3603,#3604));
#3606=FACE_BOUND('',#3605,.T.);
#3607=ADVANCED_FACE('',(#3606),#3553,.T.);
#3608=CARTESIAN_POINT('',(9.995018336,0.315608093,0.));
#3609=CARTESIAN_POINT('',(9.974361813,0.969781179,2.083335456));
#3610=CARTESIAN_POINT('',(9.889277077,1.62190232,4.166666667));
#3611=CARTESIAN_POINT('',(9.593512476,2.897047914,8.333333333));
#3612=CARTESIAN_POINT('',(9.382839945,3.520040171,10.416666667));
#3613=CARTESIAN_POINT('',(8.843989813,4.712983389,14.583333333));
#3614=CARTESIAN_POINT('',(8.515825536,5.282904853,16.666666667));
#3615=CARTESIAN_POINT('',(7.754597582,6.347801556,20.833333333));
#3616=CARTESIAN_POINT('',(7.321552728,6.842750463,22.916666667));
#3617=CARTESIAN_POINT('',(6.367200514,7.738677268,27.083333333));
#3618=CARTESIAN_POINT('',(5.845916753,8.139633011,29.166666667));
#3619=CARTESIAN_POINT('',(4.735115502,8.832159953,33.333333333));
#3620=CARTESIAN_POINT('',(4.145625477,9.123714027,35.416666667));
#3621=CARTESIAN_POINT('',(2.921062656,9.586227684,39.583333333));
#3622=CARTESIAN_POINT('',(2.286020138,9.75717583,41.666666667));
#3623=CARTESIAN_POINT('',(0.99475501,9.971902061,45.833333333));
#3624=CARTESIAN_POINT('',(0.338564328,10.015674837,47.916666667));
#3625=CARTESIAN_POINT('',(-0.969780513,9.974361834,52.083333333));
#3626=CARTESIAN_POINT('',(-1.62190232,9.889277077,54.166666667));
#3627=CARTESIAN_POINT('',(-2.897047914,9.593512476,58.333333333));
#3628=CARTESIAN_POINT('',(-3.520040171,9.382839945,60.416666667));
#3629=CARTESIAN_POINT('',(-4.712983389,8.843989813,64.583333333));
#3630=CARTESIAN_POINT('',(-5.282904853,8.515825536,66.666666667));
#3631=CARTESIAN_POINT('',(-6.347801556,7.754597582,70.833333333));
#3632=CARTESIAN_POINT('',(-6.842750463,7.321552728,72.916666667));
#3633=CARTESIAN_POINT('',(-7.738677268,6.367200514,77.083333333));
#3634=CARTESIAN_POINT('',(-8.139633011,5.845916753,79.166666667));
#3635=CARTESIAN_POINT('',(-8.832159953,4.735115502,83.333333333));
#3636=CARTESIAN_POINT('',(-9.123714027,4.145625477,85.416666667));
#3637=CARTESIAN_POINT('',(-9.586227684,2.921062656,89.583333333));
#3638=CARTESIAN_POINT('',(-9.75717583,2.286020138,91.666666667));
#3639=CARTESIAN_POINT('',(-9.971902061,0.99475501,95.833333333));
#3640=CARTESIAN_POINT('',(-10.015674858,0.338564994,97.916664544));
#3641=CARTESIAN_POINT('',(-9.995018336,-0.315608093,100.));
#3642=CARTESIAN_POINT('',(54.564288219,3.340423794,0.));
#3643=CARTESIAN_POINT('',(54.345656141,6.91167836,2.083350982));
#3644=CARTESIAN_POINT('',(53.775306976,10.461251448,4.166666667));
#3645=CARTESIAN_POINT('',(51.953025758,17.381154644,8.333333333));
#3646=CARTESIAN_POINT('',(50.701140617,20.75128339,10.416666667));
#3647=CARTESIAN_POINT('',(47.56386788,27.182713156,14.583333333));
#3648=CARTESIAN_POINT('',(45.678557858,30.243855148,16.666666667));
#3649=CARTESIAN_POINT('',(41.346857233,35.939655246,20.833333333));
#3650=CARTESIAN_POINT('',(38.900573738,38.574172513,22.916666667));
#3651=CARTESIAN_POINT('',(33.54091005,43.31545654,27.083333333));
#3652=CARTESIAN_POINT('',(30.627662384,45.422106062,29.166666667));
#3653=CARTESIAN_POINT('',(24.446004503,49.026669131,33.333333333));
#3654=CARTESIAN_POINT('',(21.177747141,50.524493548,35.416666667));
#3655=CARTESIAN_POINT('',(14.411652714,52.853814321,39.583333333));
#3656=CARTESIAN_POINT('',(10.913982952,53.685253081,41.666666667));
#3657=CARTESIAN_POINT('',(3.823469192,54.649817068,45.833333333));
#3658=CARTESIAN_POINT('',(0.230800519,54.782918445,47.916666667));
#3659=CARTESIAN_POINT('',(-6.911648106,54.345657993,52.083333333));
#3660=CARTESIAN_POINT('',(-10.461251448,53.775306976,54.166666667));
#3661=CARTESIAN_POINT('',(-17.381154644,51.953025758,58.333333333));
#3662=CARTESIAN_POINT('',(-20.75128339,50.701140617,60.416666667));
#3663=CARTESIAN_POINT('',(-27.182713156,47.56386788,64.583333333));
#3664=CARTESIAN_POINT('',(-30.243855148,45.678557858,66.666666667));
#3665=CARTESIAN_POINT('',(-35.939655246,41.346857233,70.833333333));
#3666=CARTESIAN_POINT('',(-38.574172513,38.900573738,72.916666667));
#3667=CARTESIAN_POINT('',(-43.31545654,33.54091005,77.083333333));
#3668=CARTESIAN_POINT('',(-45.422106062,30.627662384,79.166666667));
#3669=CARTESIAN_POINT('',(-49.026669131,24.446004503,83.333333333));
#3670=CARTESIAN_POINT('',(-50.524493548,21.177747141,85.416666667));
#3671=CARTESIAN_POINT('',(-52.853814321,14.411652714,89.583333333));
#3672=CARTESIAN_POINT('',(-53.685253081,10.913982952,91.666666667));
#3673=CARTESIAN_POINT('',(-54.649817068,3.823469192,95.833333333));
#3674=CARTESIAN_POINT('',(-54.782920297,0.230830773,97.916649018));
#3675=CARTESIAN_POINT('',(-54.564288219,-3.340423794,100.));
#3676=CARTESIAN_POINT('',(35.355339059,35.355339059,0.));
#3677=CARTESIAN_POINT('',(33.04131885,37.669359269,2.08335015));
#3678=CARTESIAN_POINT('',(30.499489594,39.755381279,4.166666667));
#3679=CARTESIAN_POINT('',(25.057533708,43.391579951,8.333333333));
#3680=CARTESIAN_POINT('',(22.157560318,44.941648022,10.416666667));
#3681=CARTESIAN_POINT('',(16.110782918,47.446305229,14.583333333));
#3682=CARTESIAN_POINT('',(12.964128425,48.400832434,16.666666667));
#3683=CARTESIAN_POINT('',(6.544903776,49.677695606,20.833333333));
#3684=CARTESIAN_POINT('',(3.272492347,50.,22.916666667));
#3685=CARTESIAN_POINT('',(-3.272492347,50.,27.083333333));
#3686=CARTESIAN_POINT('',(-6.544903776,49.677695606,29.166666667));
#3687=CARTESIAN_POINT('',(-12.964128425,48.400832434,33.333333333));
#3688=CARTESIAN_POINT('',(-16.110782918,47.446305229,35.416666667));
#3689=CARTESIAN_POINT('',(-22.157560318,44.941648022,39.583333333));
#3690=CARTESIAN_POINT('',(-25.057533708,43.391579951,41.666666667));
#3691=CARTESIAN_POINT('',(-30.499489594,39.755381279,45.833333333));
#3692=CARTESIAN_POINT('',(-33.041337529,37.66934059,47.916666667));
#3693=CARTESIAN_POINT('',(-37.66934059,33.041337529,52.083333333));
#3694=CARTESIAN_POINT('',(-39.755381279,30.499489594,54.166666667));
#3695=CARTESIAN_POINT('',(-43.391579951,25.057533708,58.333333333));
#3696=CARTESIAN_POINT('',(-44.941648022,22.157560318,60.416666667));
#3697=CARTESIAN_POINT('',(-47.446305229,16.110782918,64.583333333));
#3698=CARTESIAN_POINT('',(-48.400832434,12.964128425,66.666666667));
#3699=CARTESIAN_POINT('',(-49.677695606,6.544903776,70.833333333));
#3700=CARTESIAN_POINT('',(-50.,3.272492347,72.916666667));
#3701=CARTESIAN_POINT('',(-50.,-3.272492347,77.083333333));
#3702=CARTESIAN_POINT('',(-49.677695606,-6.544903776,79.166666667));
#3703=CARTESIAN_POINT('',(-48.400832434,-12.964128425,83.333333333));
#3704=CARTESIAN_POINT('',(-47.446305229,-16.110782918,85.416666667));
#3705=CARTESIAN_POINT('',(-44.941648022,-22.157560318,89.583333333));
#3706=CARTESIAN_POINT('',(-43.391579951,-25.057533708,91.666666667));
#3707=CARTESIAN_POINT('',(-39.755381279,-30.499489594,95.833333333));
#3708=CARTESIAN_POINT('',(-37.669359269,-33.04131885,97.91664985));
#3709=CARTESIAN_POINT('',(-35.355339059,-35.355339059,100.));
#3710=B_SPLINE_SURFACE_WITH_KNOTS('',2,3,((#3608,#3609,#3610,#3611,#3612,#3613,#3614,#3615,#3616,#3617,#3618,#3619,#3620,#3621,#3622,#3623,#3624,#3625,#3626,#3627,#3628,#3629,#3630,#3631,#3632,#3633,
#3634,#3635,#3636,#3637,#3638,#3639,#3640,#3641),(#3642,#3643,#3644,#3645,#3646,#3647,#3648,#3649,#3650,#3651,#3652,#3653,#3654,#3655,#3656,#3657,#3658,#3659,#3660,#3661,#3662,#3663,#3664,#3665,#3666,#3667,
#3668,#3669,#3670,#3671,#3672,#3673,#3674,#3675),(#3676,#3677,#3678,#3679,#3680,#3681,#3682,#3683,#3684,#3685,#3686,#3687,#3688,#3689,#3690,#3691,#3692,#3693,#3694,#3695,#3696,#3697,#3698,#3699,#3700,#3701,
#3702,#3703,#3704,#3705,#3706,#3707,#3708,#3709)),.UNSPECIFIED.,.F.,.F.,.U.,(3,3),(4,2,2,2,2,2,2,2,2,2,2,2,2,2,2,2,4),(0.,1.),(0.,0.0625,0.125,0.1875,0.25,0.3125,0.375,0.4375,0.5,0.5625,0.625,0.6875,0.75,0.8125,0.875,0.9375,1.),.UNSPECIFIED.);
#3711=CARTESIAN_POINT('',(28.256786162,41.249885994,5.882375089));
#3712=VERTEX_POINT('',#3711);
#3713=CARTESIAN_POINT('',(35.355339059,35.355339059,0.));
#3714=CARTESIAN_POINT('',(33.177429544,37.533248575,1.960807472));
#3715=CARTESIAN_POINT('',(30.797722271,39.509192778,3.92158515));
#3716=CARTESIAN_POINT('',(28.256786153,41.249886,5.882375096));
#3717=B_SPLINE_CURVE_WITH_KNOTS('',3,(#3713,#3714,#3715,#3716),.UNSPECIFIED.,.F.,.F.,(4,4),(0.,0.058823749),.UNSPECIFIED.);
#3718=EDGE_CURVE('',#102,#3712,#3717,.T.);
#3719=ORIENTED_EDGE('',*,*,#3718,.T.);
#3720=CARTESIAN_POINT('',(-10.449189053,-0.000000007,98.942989539));
#3721=VERTEX_POINT('',#3720);
#3722=CARTESIAN_POINT('',(28.256786162,41.249885994,5.882375089));
#3723=CARTESIAN_POINT('',(28.180018313,41.006081273,6.457722474));
#3724=CARTESIAN_POINT('',(28.136271184,40.743209752,7.025778864));
#3725=CARTESIAN_POINT('',(28.110831333,40.469168105,7.589505952));
#3726=CARTESIAN_POINT('',(28.085391482,40.195126459,8.15323304));
#3727=CARTESIAN_POINT('',(28.078169628,39.909902275,8.712619894));
#3728=CARTESIAN_POINT('',(28.065305176,39.627218677,9.272908864));
#3729=CARTESIAN_POINT('',(28.052440724,39.344535079,9.833197834));
#3730=CARTESIAN_POINT('',(28.033150488,39.06518037,10.393939741));
#3731=CARTESIAN_POINT('',(27.980943974,38.807303892,10.9579566));
#3732=CARTESIAN_POINT('',(27.92873746,38.549427414,11.52197346));
#3733=CARTESIAN_POINT('',(27.842899653,38.313583384,12.089446256));
#3734=CARTESIAN_POINT('',(27.706824013,38.11145225,12.662406692));
#3735=CARTESIAN_POINT('',(27.638786193,38.010386683,12.94888691));
#3736=CARTESIAN_POINT('',(27.558436083,37.917575569,13.23670883));
#3737=CARTESIAN_POINT('',(27.465146691,37.833406813,13.525927608));
#3738=CARTESIAN_POINT('',(27.371857299,37.749238058,13.815146386));
#3739=CARTESIAN_POINT('',(27.264915273,37.673421427,14.107295734));
#3740=CARTESIAN_POINT('',(27.148151262,37.607439049,14.393983658));
#3741=CARTESIAN_POINT('',(26.914623242,37.475474294,14.967359507));
#3742=CARTESIAN_POINT('',(26.640905551,37.380703386,15.524235202));
#3743=CARTESIAN_POINT('',(26.338246388,37.310963499,16.068982868));
#3744=CARTESIAN_POINT('',(26.035587226,37.241223612,16.613730534));
#3745=CARTESIAN_POINT('',(25.704055009,37.196414031,17.146373015));
#3746=CARTESIAN_POINT('',(25.352115168,37.167016659,17.670149686));
#3747=CARTESIAN_POINT('',(25.176145248,37.152317973,17.932038021));
#3748=CARTESIAN_POINT('',(24.995043621,37.141533365,18.191635061));
#3749=CARTESIAN_POINT('',(24.810730353,37.133754512,18.447784181));
#3750=CARTESIAN_POINT('',(24.626417084,37.125975659,18.703933302));
#3751=CARTESIAN_POINT('',(24.43858955,37.121178958,18.957083415));
#3752=CARTESIAN_POINT('',(24.247837223,37.118543499,19.207740437));
#3753=CARTESIAN_POINT('',(23.866332568,37.113272581,19.709054481));
#3754=CARTESIAN_POINT('',(23.47322021,37.116521961,20.200474642));
#3755=CARTESIAN_POINT('',(23.071853158,37.123575237,20.684879072));
#3756=CARTESIAN_POINT('',(22.670486107,37.130628514,21.169283502));
#3757=CARTESIAN_POINT('',(22.260821437,37.141541812,21.646635394));
#3758=CARTESIAN_POINT('',(21.845065816,37.153193632,22.118829062));
#3759=CARTESIAN_POINT('',(21.013554572,37.176497273,23.063216398));
#3760=CARTESIAN_POINT('',(20.158013681,37.202251043,23.987257978));
#3761=CARTESIAN_POINT('',(19.289023543,37.215711008,24.900034554));
#3762=CARTESIAN_POINT('',(18.420033404,37.229170973,25.812811131));
#3763=CARTESIAN_POINT('',(17.538478119,37.230642091,26.712965254));
#3764=CARTESIAN_POINT('',(16.65083021,37.211939037,27.606185439));
#3765=CARTESIAN_POINT('',(15.763182301,37.193235983,28.499405625));
#3766=CARTESIAN_POINT('',(14.869261392,37.154520931,29.385670744));
#3767=CARTESIAN_POINT('',(13.973206167,37.090950526,30.268929688));
#3768=CARTESIAN_POINT('',(13.077150943,37.027380122,31.152188631));
#3769=CARTESIAN_POINT('',(12.178377218,36.938941919,32.032861508));
#3770=CARTESIAN_POINT('',(11.283661899,36.82292088,32.910668911));
#3771=CARTESIAN_POINT('',(10.388946581,36.706899841,33.788476313));
#3772=CARTESIAN_POINT('',(9.497677024,36.563300163,34.664015496));
#3773=CARTESIAN_POINT('',(8.612714045,36.390270963,35.53977211));
#3774=CARTESIAN_POINT('',(7.727751066,36.217241763,36.415528724));
#3775=CARTESIAN_POINT('',(6.849066785,36.014811146,37.291480634));
#3776=CARTESIAN_POINT('',(5.979180375,35.781673076,38.169883871));
#3777=CARTESIAN_POINT('',(5.109293965,35.548535006,39.048287107));
#3778=CARTESIAN_POINT('',(4.247188671,35.284315809,39.930235319));
#3779=CARTESIAN_POINT('',(3.398881504,34.989222933,40.814305026));
#3780=CARTESIAN_POINT('',(1.702267168,34.399037182,42.582444441));
#3781=CARTESIAN_POINT('',(0.065502475,33.687333876,44.353869375));
#3782=CARTESIAN_POINT('',(-1.493566343,32.854500888,46.144865539));
#3783=CARTESIAN_POINT('',(-1.883333548,32.646292641,46.59261458));
#3784=CARTESIAN_POINT('',(-2.268237389,32.430518108,47.041595287));
#3785=CARTESIAN_POINT('',(-2.647985536,32.207194747,47.49207907));
#3786=CARTESIAN_POINT('',(-3.027733682,31.983871386,47.942562854));
#3787=CARTESIAN_POINT('',(-3.402539634,31.752846774,48.394822398));
#3788=CARTESIAN_POINT('',(-3.770761762,31.515048181,48.847455202));
#3789=CARTESIAN_POINT('',(-4.50720602,31.039450995,49.752720811));
#3790=CARTESIAN_POINT('',(-5.21832011,30.536230469,50.660589779));
#3791=CARTESIAN_POINT('',(-5.902166087,30.006462668,51.573124906));
#3792=CARTESIAN_POINT('',(-6.586012064,29.476694866,52.485660034));
#3793=CARTESIAN_POINT('',(-7.242585882,28.920374557,53.402861259));
#3794=CARTESIAN_POINT('',(-7.869784732,28.338606609,54.326930209));
#3795=CARTESIAN_POINT('',(-8.496983581,27.756838661,55.250999159));
#3796=CARTESIAN_POINT('',(-9.095335916,27.148861686,56.182969174));
#3797=CARTESIAN_POINT('',(-9.658343109,26.521016659,57.117759966));
#3798=CARTESIAN_POINT('',(-10.784357495,25.265326605,58.98734155));
#3799=CARTESIAN_POINT('',(-11.773197481,23.92680001,60.87352658));
#3800=CARTESIAN_POINT('',(-12.611080617,22.521660649,62.795056713));
#3801=CARTESIAN_POINT('',(-13.448963753,21.116521288,64.716586847));
#3802=CARTESIAN_POINT('',(-14.122046491,19.667693285,66.642443365));
#3803=CARTESIAN_POINT('',(-14.627507767,18.200126287,68.58893663));
#3804=CARTESIAN_POINT('',(-15.132969044,16.732559288,70.535429894));
#3805=CARTESIAN_POINT('',(-15.471079536,15.245598718,72.502951981));
#3806=CARTESIAN_POINT('',(-15.63657357,13.765385348,74.512035182));
#3807=CARTESIAN_POINT('',(-15.719320586,13.025278663,75.516576782));
#3808=CARTESIAN_POINT('',(-15.758873102,12.286909556,76.53155493));
#3809=CARTESIAN_POINT('',(-15.75427464,11.554094028,77.56000667));
#3810=CARTESIAN_POINT('',(-15.749676178,10.8212785,78.588458411));
#3811=CARTESIAN_POINT('',(-15.700947646,10.100770346,79.620974477));
#3812=CARTESIAN_POINT('',(-15.609507476,9.396668805,80.65974636));
#3813=CARTESIAN_POINT('',(-15.518067307,8.692567264,81.698518243));
#3814=CARTESIAN_POINT('',(-15.383910955,8.004746955,82.743690516));
#3815=CARTESIAN_POINT('',(-15.208379131,7.337270732,83.798110962));
#3816=CARTESIAN_POINT('',(-15.12061322,7.00353262,84.325321185));
#3817=CARTESIAN_POINT('',(-15.022362993,6.674480396,84.855518137));
#3818=CARTESIAN_POINT('',(-14.914264777,6.352020449,85.386830404));
#3819=CARTESIAN_POINT('',(-14.806166561,6.029560502,85.918142672));
#3820=CARTESIAN_POINT('',(-14.688456149,5.714295869,86.449547384));
#3821=CARTESIAN_POINT('',(-14.561595757,5.406607923,86.981374061));
#3822=CARTESIAN_POINT('',(-14.054154186,4.175856138,89.108680769));
#3823=CARTESIAN_POINT('',(-13.400249328,3.066113793,91.242617778));
#3824=CARTESIAN_POINT('',(-12.629032454,2.103211727,93.40478387));
#3825=CARTESIAN_POINT('',(-11.85781558,1.140309661,95.566949963));
#3826=CARTESIAN_POINT('',(-10.968908852,0.324070453,97.757137449));
#3827=CARTESIAN_POINT('',(-9.995018336,-0.315608093,100.));
#3828=B_SPLINE_CURVE_WITH_KNOTS('',3,(#3722,#3723,#3724,#3725,#3726,#3727,#3728,#3729,#3730,#3731,#3732,#3733,#3734,#3735,#3736,#3737,#3738,#3739,#3740,#3741,#3742,#3743,#3744,#3745,#3746,#3747,
#3748,#3749,#3750,#3751,#3752,#3753,#3754,#3755,#3756,#3757,#3758,#3759,#3760,#3761,#3762,#3763,#3764,#3765,#3766,#3767,#3768,#3769,#3770,#3771,#3772,
#3773,#3774,#3775,#3776,#3777,#3778,#3779,#3780,#3781,#3782,#3783,#3784,#3785,#3786,#3787,#3788,#3789,#3790,#3791,#3792,#3793,#3794,#3795,#3796,#3797,
#3798,#3799,#3800,#3801,#3802,#3803,#3804,#3805,#3806,#3807,#3808,#3809,#3810,#3811,#3812,#3813,#3814,#3815,#3816,#3817,#3818,#3819,#3820,#3821,#3822,
#3823,#3824,#3825,#3826,#3827),.UNSPECIFIED.,.F.,.F.,(4,3,3,3,3,3,3,3,3,3,3,3,3,3,3,3,3,3,3,3,3,3,3,3,3,3,
3,3,3,3,3,3,3,3,3,4),(0.,0.001881849,0.003763698,0.005645548,0.007527397,0.008468322,0.009409246,0.011291095,0.013172945,0.014113869,0.015054794,0.016936643,0.018818492,0.022582191,0.026345889,0.030109588,0.033873286,0.037636985,0.041400683,0.045164382,0.052691779,0.054573628,0.056455477,0.060219176,0.063982874,0.067746573,
0.07527397,0.082801367,0.090328764,0.094092462,0.09785616,0.101619859,0.103501708,0.105383557,0.112910954,0.120438351),.UNSPECIFIED.);
#3829=EDGE_CURVE('',#3712,#3721,#3828,.T.);
#3830=ORIENTED_EDGE('',*,*,#3829,.T.);
#3831=CARTESIAN_POINT('',(28.256786162,41.249885994,5.882375089));
#3832=CARTESIAN_POINT('',(28.180018313,41.006081273,6.457722474));
#3833=CARTESIAN_POINT('',(28.136271184,40.743209752,7.025778864));
#3834=CARTESIAN_POINT('',(28.110831333,40.469168105,7.589505952));
#3835=CARTESIAN_POINT('',(28.085391482,40.195126459,8.15323304));
#3836=CARTESIAN_POINT('',(28.078169628,39.909902275,8.712619894));
#3837=CARTESIAN_POINT('',(28.065305176,39.627218677,9.272908864));
#3838=CARTESIAN_POINT('',(28.052440724,39.344535079,9.833197834));
#3839=CARTESIAN_POINT('',(28.033150488,39.06518037,10.393939741));
#3840=CARTESIAN_POINT('',(27.980943974,38.807303892,10.9579566));
#3841=CARTESIAN_POINT('',(27.92873746,38.549427414,11.52197346));
#3842=CARTESIAN_POINT('',(27.842899653,38.313583384,12.089446256));
#3843=CARTESIAN_POINT('',(27.706824013,38.11145225,12.662406692));
#3844=CARTESIAN_POINT('',(27.638786193,38.010386683,12.94888691));
#3845=CARTESIAN_POINT('',(27.558436083,37.917575569,13.23670883));
#3846=CARTESIAN_POINT('',(27.465146691,37.833406813,13.525927608));
#3847=CARTESIAN_POINT('',(27.371857299,37.749238058,13.815146386));
#3848=CARTESIAN_POINT('',(27.264915273,37.673421427,14.107295734));
#3849=CARTESIAN_POINT('',(27.148151262,37.607439049,14.393983658));
#3850=CARTESIAN_POINT('',(26.914623242,37.475474294,14.967359507));
#3851=CARTESIAN_POINT('',(26.640905551,37.380703386,15.524235202));
#3852=CARTESIAN_POINT('',(26.338246388,37.310963499,16.068982868));
#3853=CARTESIAN_POINT('',(26.035587226,37.241223612,16.613730534));
#3854=CARTESIAN_POINT('',(25.704055009,37.196414031,17.146373015));
#3855=CARTESIAN_POINT('',(25.352115168,37.167016659,17.670149686));
#3856=CARTESIAN_POINT('',(25.176145248,37.152317973,17.932038021));
#3857=CARTESIAN_POINT('',(24.995043621,37.141533365,18.191635061));
#3858=CARTESIAN_POINT('',(24.810730353,37.133754512,18.447784181));
#3859=CARTESIAN_POINT('',(24.626417084,37.125975659,18.703933302));
#3860=CARTESIAN_POINT('',(24.43858955,37.121178958,18.957083415));
#3861=CARTESIAN_POINT('',(24.247837223,37.118543499,19.207740437));
#3862=CARTESIAN_POINT('',(23.866332568,37.113272581,19.709054481));
#3863=CARTESIAN_POINT('',(23.47322021,37.116521961,20.200474642));
#3864=CARTESIAN_POINT('',(23.071853158,37.123575237,20.684879072));
#3865=CARTESIAN_POINT('',(22.670486107,37.130628514,21.169283502));
#3866=CARTESIAN_POINT('',(22.260821437,37.141541812,21.646635394));
#3867=CARTESIAN_POINT('',(21.845065816,37.153193632,22.118829062));
#3868=CARTESIAN_POINT('',(21.013554572,37.176497273,23.063216398));
#3869=CARTESIAN_POINT('',(20.158013681,37.202251043,23.987257978));
#3870=CARTESIAN_POINT('',(19.289023543,37.215711008,24.900034554));
#3871=CARTESIAN_POINT('',(18.420033404,37.229170973,25.812811131));
#3872=CARTESIAN_POINT('',(17.538478119,37.230642091,26.712965254));
#3873=CARTESIAN_POINT('',(16.65083021,37.211939037,27.606185439));
#3874=CARTESIAN_POINT('',(15.763182301,37.193235983,28.499405625));
#3875=CARTESIAN_POINT('',(14.869261392,37.154520931,29.385670744));
#3876=CARTESIAN_POINT('',(13.973206167,37.090950526,30.268929688));
#3877=CARTESIAN_POINT('',(13.077150943,37.027380122,31.152188631));
#3878=CARTESIAN_POINT('',(12.178377218,36.938941919,32.032861508));
#3879=CARTESIAN_POINT('',(11.283661899,36.82292088,32.910668911));
#3880=CARTESIAN_POINT('',(10.388946581,36.706899841,33.788476313));
#3881=CARTESIAN_POINT('',(9.497677024,36.563300163,34.664015496));
#3882=CARTESIAN_POINT('',(8.612714045,36.390270963,35.53977211));
#3883=CARTESIAN_POINT('',(7.727751066,36.217241763,36.415528724));
#3884=CARTESIAN_POINT('',(6.849066785,36.014811146,37.291480634));
#3885=CARTESIAN_POINT('',(5.979180375,35.781673076,38.169883871));
#3886=CARTESIAN_POINT('',(5.109293965,35.548535006,39.048287107));
#3887=CARTESIAN_POINT('',(4.247188671,35.284315809,39.930235319));
#3888=CARTESIAN_POINT('',(3.398881504,34.989222933,40.814305026));
#3889=CARTESIAN_POINT('',(1.702267168,34.399037182,42.582444441));
#3890=CARTESIAN_POINT('',(0.065502475,33.687333876,44.353869375));
#3891=CARTESIAN_POINT('',(-1.493566343,32.854500888,46.144865539));
#3892=CARTESIAN_POINT('',(-1.883333548,32.646292641,46.59261458));
#3893=CARTESIAN_POINT('',(-2.268237389,32.430518108,47.041595287));
#3894=CARTESIAN_POINT('',(-2.647985536,32.207194747,47.49207907));
#3895=CARTESIAN_POINT('',(-3.027733682,31.983871386,47.942562854));
#3896=CARTESIAN_POINT('',(-3.402539634,31.752846774,48.394822398));
#3897=CARTESIAN_POINT('',(-3.770761762,31.515048181,48.847455202));
#3898=CARTESIAN_POINT('',(-4.50720602,31.039450995,49.752720811));
#3899=CARTESIAN_POINT('',(-5.21832011,30.536230469,50.660589779));
#3900=CARTESIAN_POINT('',(-5.902166087,30.006462668,51.573124906));
#3901=CARTESIAN_POINT('',(-6.586012064,29.476694866,52.485660034));
#3902=CARTESIAN_POINT('',(-7.242585882,28.920374557,53.402861259));
#3903=CARTESIAN_POINT('',(-7.869784732,28.338606609,54.326930209));
#3904=CARTESIAN_POINT('',(-8.496983581,27.756838661,55.250999159));
#3905=CARTESIAN_POINT('',(-9.095335916,27.148861686,56.182969174));
#3906=CARTESIAN_POINT('',(-9.658343109,26.521016659,57.117759966));
#3907=CARTESIAN_POINT('',(-10.784357495,25.265326605,58.98734155));
#3908=CARTESIAN_POINT('',(-11.773197481,23.92680001,60.87352658));
#3909=CARTESIAN_POINT('',(-12.611080617,22.521660649,62.795056713));
#3910=CARTESIAN_POINT('',(-13.448963753,21.116521288,64.716586847));
#3911=CARTESIAN_POINT('',(-14.122046491,19.667693285,66.642443365));
#3912=CARTESIAN_POINT('',(-14.627507767,18.200126287,68.58893663));
#3913=CARTESIAN_POINT('',(-15.132969044,16.732559288,70.535429894));
#3914=CARTESIAN_POINT('',(-15.471079536,15.245598718,72.502951981));
#3915=CARTESIAN_POINT('',(-15.63657357,13.765385348,74.512035182));
#3916=CARTESIAN_POINT('',(-15.719320586,13.025278663,75.516576782));
#3917=CARTESIAN_POINT('',(-15.758873102,12.286909556,76.53155493));
#3918=CARTESIAN_POINT('',(-15.75427464,11.554094028,77.56000667));
#3919=CARTESIAN_POINT('',(-15.749676178,10.8212785,78.588458411));
#3920=CARTESIAN_POINT('',(-15.700947646,10.100770346,79.620974477));
#3921=CARTESIAN_POINT('',(-15.609507476,9.396668805,80.65974636));
#3922=CARTESIAN_POINT('',(-15.518067307,8.692567264,81.698518243));
#3923=CARTESIAN_POINT('',(-15.383910955,8.004746955,82.743690516));
#3924=CARTESIAN_POINT('',(-15.208379131,7.337270732,83.798110962));
#3925=CARTESIAN_POINT('',(-15.12061322,7.00353262,84.325321185));
#3926=CARTESIAN_POINT('',(-15.022362993,6.674480396,84.855518137));
#3927=CARTESIAN_POINT('',(-14.914264777,6.352020449,85.386830404));
#3928=CARTESIAN_POINT('',(-14.806166561,6.029560502,85.918142672));
#3929=CARTESIAN_POINT('',(-14.688456149,5.714295869,86.449547384));
#3930=CARTESIAN_POINT('',(-14.561595757,5.406607923,86.981374061));
#3931=CARTESIAN_POINT('',(-14.054154186,4.175856138,89.108680769));
#3932=CARTESIAN_POINT('',(-13.400249328,3.066113793,91.242617778));
#3933=CARTESIAN_POINT('',(-12.629032454,2.103211727,93.40478387));
#3934=CARTESIAN_POINT('',(-11.85781558,1.140309661,95.566949963));
#3935=CARTESIAN_POINT('',(-10.968908852,0.324070453,97.757137449));
#3936=CARTESIAN_POINT('',(-9.995018336,-0.315608093,100.));
#3937=B_SPLINE_CURVE_WITH_KNOTS('',3,(#3831,#3832,#3833,#3834,#3835,#3836,#3837,#3838,#3839,#3840,#3841,#3842,#3843,#3844,#3845,#3846,#3847,#3848,#3849,#3850,#3851,#3852,#3853,#3854,#3855,#3856,
#3857,#3858,#3859,#3860,#3861,#3862,#3863,#3864,#3865,#3866,#3867,#3868,#3869,#3870,#3871,#3872,#3873,#3874,#3875,#3876,#3877,#3878,#3879,#3880,#3881,
#3882,#3883,#3884,#3885,#3886,#3887,#3888,#3889,#3890,#3891,#3892,#3893,#3894,#3895,#3896,#3897,#3898,#3899,#3900,#3901,#3902,#3903,#3904,#3905,#3906,
#3907,#3908,#3909,#3910,#3911,#3912,#3913,#3914,#3915,#3916,#3917,#3918,#3919,#3920,#3921,#3922,#3923,#3924,#3925,#3926,#3927,#3928,#3929,#3930,#3931,
#3932,#3933,#3934,#3935,#3936),.UNSPECIFIED.,.F.,.F.,(4,3,3,3,3,3,3,3,3,3,3,3,3,3,3,3,3,3,3,3,3,3,3,3,3,3,
3,3,3,3,3,3,3,3,3,4),(0.,0.001881849,0.003763698,0.005645548,0.007527397,0.008468322,0.009409246,0.011291095,0.013172945,0.014113869,0.015054794,0.016936643,0.018818492,0.022582191,0.026345889,0.030109588,0.033873286,0.037636985,0.041400683,0.045164382,0.052691779,0.054573628,0.056455477,0.060219176,0.063982874,0.067746573,
0.07527397,0.082801367,0.090328764,0.094092462,0.09785616,0.101619859,0.103501708,0.105383557,0.112910954,0.120438351),.UNSPECIFIED.);
#3938=EDGE_CURVE('',#3721,#3555,#3937,.T.);
#3939=ORIENTED_EDGE('',*,*,#3938,.T.);
#3940=ORIENTED_EDGE('',*,*,#3591,.F.);
#3941=ORIENTED_EDGE('',*,*,#115,.T.);
#3942=EDGE_LOOP('',(#3719,#3830,#3939,#3940,#3941));
#3943=FACE_BOUND('',#3942,.T.);
#3944=ADVANCED_FACE('',(#3943),#3710,.T.);
#3945=CARTESIAN_POINT('',(35.355339059,35.355339059,0.));
#3946=CARTESIAN_POINT('',(33.04131885,37.669359269,2.08335015));
#3947=CARTESIAN_POINT('',(30.499489594,39.755381279,4.166666667));
#3948=CARTESIAN_POINT('',(25.057533708,43.391579951,8.333333333));
#3949=CARTESIAN_POINT('',(22.157560318,44.941648022,10.416666667));
#3950=CARTESIAN_POINT('',(16.110782918,47.446305229,14.583333333));
#3951=CARTESIAN_POINT('',(12.964128425,48.400832434,16.666666667));
#3952=CARTESIAN_POINT('',(6.544903776,49.677695606,20.833333333));
#3953=CARTESIAN_POINT('',(3.272492347,50.,22.916666667));
#3954=CARTESIAN_POINT('',(-3.272492347,50.,27.083333333));
#3955=CARTESIAN_POINT('',(-6.544903776,49.677695606,29.166666667));
#3956=CARTESIAN_POINT('',(-12.964128425,48.400832434,33.333333333));
#3957=CARTESIAN_POINT('',(-16.110782918,47.446305229,35.416666667));
#3958=CARTESIAN_POINT('',(-22.157560318,44.941648022,39.583333333));
#3959=CARTESIAN_POINT('',(-25.057533708,43.391579951,41.666666667));
#3960=CARTESIAN_POINT('',(-30.499489594,39.755381279,45.833333333));
#3961=CARTESIAN_POINT('',(-33.041337529,37.66934059,47.916666667));
#3962=CARTESIAN_POINT('',(-37.66934059,33.041337529,52.083333333));
#3963=CARTESIAN_POINT('',(-39.755381279,30.499489594,54.166666667));
#3964=CARTESIAN_POINT('',(-43.391579951,25.057533708,58.333333333));
#3965=CARTESIAN_POINT('',(-44.941648022,22.157560318,60.416666667));
#3966=CARTESIAN_POINT('',(-47.446305229,16.110782918,64.583333333));
#3967=CARTESIAN_POINT('',(-48.400832434,12.964128425,66.666666667));
#3968=CARTESIAN_POINT('',(-49.677695606,6.544903776,70.833333333));
#3969=CARTESIAN_POINT('',(-50.,3.272492347,72.916666667));
#3970=CARTESIAN_POINT('',(-50.,-3.272492347,77.083333333));
#3971=CARTESIAN_POINT('',(-49.677695606,-6.544903776,79.166666667));
#3972=CARTESIAN_POINT('',(-48.400832434,-12.964128425,83.333333333));
#3973=CARTESIAN_POINT('',(-47.446305229,-16.110782918,85.416666667));
#3974=CARTESIAN_POINT('',(-44.941648022,-22.157560318,89.583333333));
#3975=CARTESIAN_POINT('',(-43.391579951,-25.057533708,91.666666667));
#3976=CARTESIAN_POINT('',(-39.755381279,-30.499489594,95.833333333));
#3977=CARTESIAN_POINT('',(-37.669359269,-33.04131885,97.91664985));
#3978=CARTESIAN_POINT('',(-35.355339059,-35.355339059,100.));
#3979=CARTESIAN_POINT('',(47.987334375,10.091348428,0.));
#3980=CARTESIAN_POINT('',(47.326851893,13.232137185,2.08334996));
#3981=CARTESIAN_POINT('',(46.357065712,16.307748429,4.166666667));
#3982=CARTESIAN_POINT('',(43.836027861,22.210872599,8.333333333));
#3983=CARTESIAN_POINT('',(42.2848438,25.038214493,10.416666667));
#3984=CARTESIAN_POINT('',(38.660604589,30.336081701,14.583333333));
#3985=CARTESIAN_POINT('',(36.587639055,32.806476016,16.666666667));
#3986=CARTESIAN_POINT('',(31.999475965,37.295492196,20.833333333));
#3987=CARTESIAN_POINT('',(29.48439186,39.314003063,22.916666667));
#3988=CARTESIAN_POINT('',(24.108625425,42.821657842,27.083333333));
#3989=CARTESIAN_POINT('',(21.248076021,44.31071502,29.166666667));
#3990=CARTESIAN_POINT('',(15.29129393,46.702211191,33.333333333));
#3991=CARTESIAN_POINT('',(12.195208536,47.604591049,35.416666667));
#3992=CARTESIAN_POINT('',(5.886326584,48.788024756,39.583333333));
#3993=CARTESIAN_POINT('',(2.673686026,49.069049341,41.666666667));
#3994=CARTESIAN_POINT('',(-3.74484899,48.998941889,45.833333333));
#3995=CARTESIAN_POINT('',(-6.950584738,48.647811585,47.916666667));
#3996=CARTESIAN_POINT('',(-13.232112119,47.326857165,52.083333333));
#3997=CARTESIAN_POINT('',(-16.307748429,46.357065711,54.166666667));
#3998=CARTESIAN_POINT('',(-22.210872599,43.836027861,58.333333333));
#3999=CARTESIAN_POINT('',(-25.038214493,42.2848438,60.416666667));
#4000=CARTESIAN_POINT('',(-30.336081701,38.660604589,64.583333333));
#4001=CARTESIAN_POINT('',(-32.806476016,36.587639055,66.666666667));
#4002=CARTESIAN_POINT('',(-37.295492196,31.999475965,70.833333333));
#4003=CARTESIAN_POINT('',(-39.314003063,29.48439186,72.916666667));
#4004=CARTESIAN_POINT('',(-42.821657842,24.108625425,77.083333333));
#4005=CARTESIAN_POINT('',(-44.31071502,21.248076021,79.166666667));
#4006=CARTESIAN_POINT('',(-46.702211191,15.29129393,83.333333333));
#4007=CARTESIAN_POINT('',(-47.604591049,12.195208536,85.416666667));
#4008=CARTESIAN_POINT('',(-48.788024756,5.886326584,89.583333333));
#4009=CARTESIAN_POINT('',(-49.069049341,2.673686026,91.666666667));
#4010=CARTESIAN_POINT('',(-48.998941889,-3.74484899,95.833333333));
#4011=CARTESIAN_POINT('',(-48.647816856,-6.950559672,97.91665004));
#4012=CARTESIAN_POINT('',(-47.987334375,-10.091348428,100.));
#4013=CARTESIAN_POINT('',(9.845323944,1.75202638,0.));
#4014=CARTESIAN_POINT('',(9.730653969,2.396401982,2.083335456));
#4015=CARTESIAN_POINT('',(9.552523239,3.029466621,4.166666667));
#4016=CARTESIAN_POINT('',(9.07616759,4.248711584,8.333333333));
#4017=CARTESIAN_POINT('',(8.777954565,4.834861104,10.416666667));
#4018=CARTESIAN_POINT('',(8.072889063,5.93774624,14.583333333));
#4019=CARTESIAN_POINT('',(7.66605402,6.454454586,16.666666667));
#4020=CARTESIAN_POINT('',(6.759373938,7.398596638,20.833333333));
#4021=CARTESIAN_POINT('',(6.259551318,7.826006999,22.916666667));
#4022=CARTESIAN_POINT('',(5.186099862,8.575123117,27.083333333));
#4023=CARTESIAN_POINT('',(4.612497569,8.896810351,29.166666667));
#4024=CARTESIAN_POINT('',(3.413526877,9.422112423,33.333333333));
#4025=CARTESIAN_POINT('',(2.788188125,9.625714271,35.416666667));
#4026=CARTESIAN_POINT('',(1.509773969,9.907015232,39.583333333));
#4027=CARTESIAN_POINT('',(0.856730176,9.984707389,41.666666667));
#4028=CARTESIAN_POINT('',(-0.451998706,10.011197002,45.833333333));
#4029=CARTESIAN_POINT('',(-1.107651434,9.959993803,47.916666667));
#4030=CARTESIAN_POINT('',(-2.396401325,9.730654086,52.083333333));
#4031=CARTESIAN_POINT('',(-3.029466621,9.552523239,54.166666667));
#4032=CARTESIAN_POINT('',(-4.248711584,9.07616759,58.333333333));
#4033=CARTESIAN_POINT('',(-4.834861104,8.777954565,60.416666667));
#4034=CARTESIAN_POINT('',(-5.93774624,8.072889063,64.583333333));
#4035=CARTESIAN_POINT('',(-6.454454586,7.66605402,66.666666667));
#4036=CARTESIAN_POINT('',(-7.398596638,6.759373938,70.833333333));
#4037=CARTESIAN_POINT('',(-7.826006999,6.259551318,72.916666667));
#4038=CARTESIAN_POINT('',(-8.575123117,5.186099862,77.083333333));
#4039=CARTESIAN_POINT('',(-8.896810351,4.612497569,79.166666667));
#4040=CARTESIAN_POINT('',(-9.422112423,3.413526877,83.333333333));
#4041=CARTESIAN_POINT('',(-9.625714271,2.788188125,85.416666667));
#4042=CARTESIAN_POINT('',(-9.907015232,1.509773969,89.583333333));
#4043=CARTESIAN_POINT('',(-9.984707389,0.856730176,91.666666667));
#4044=CARTESIAN_POINT('',(-10.011197002,-0.451998706,95.833333333));
#4045=CARTESIAN_POINT('',(-9.959993919,-1.107650778,97.916664544));
#4046=CARTESIAN_POINT('',(-9.845323944,-1.75202638,100.));
#4047=B_SPLINE_SURFACE_WITH_KNOTS('',2,3,((#3945,#3946,#3947,#3948,#3949,#3950,#3951,#3952,#3953,#3954,#3955,#3956,#3957,#3958,#3959,#3960,#3961,#3962,#3963,#3964,#3965,#3966,#3967,#3968,#3969,#3970,
#3971,#3972,#3973,#3974,#3975,#3976,#3977,#3978),(#3979,#3980,#3981,#3982,#3983,#3984,#3985,#3986,#3987,#3988,#3989,#3990,#3991,#3992,#3993,#3994,#3995,#3996,#3997,#3998,#3999,#4000,#4001,#4002,#4003,#4004,
#4005,#4006,#4007,#4008,#4009,#4010,#4011,#4012),(#4013,#4014,#4015,#4016,#4017,#4018,#4019,#4020,#4021,#4022,#4023,#4024,#4025,#4026,#4027,#4028,#4029,#4030,#4031,#4032,#4033,#4034,#4035,#4036,#4037,#4038,
#4039,#4040,#4041,#4042,#4043,#4044,#4045,#4046)),.UNSPECIFIED.,.F.,.F.,.U.,(3,3),(4,2,2,2,2,2,2,2,2,2,2,2,2,2,2,2,4),(0.,1.),(0.,0.0625,0.125,0.1875,0.25,0.3125,0.375,0.4375,0.5,0.5625,0.625,0.6875,0.75,0.8125,0.875,0.9375,1.),.UNSPECIFIED.);
#4048=CARTESIAN_POINT('',(-9.845323944,-1.75202638,100.));
#4049=VERTEX_POINT('',#4048);
#4050=CARTESIAN_POINT('',(9.845323944,1.75202638,0.));
#4051=CARTESIAN_POINT('',(9.730653969,2.396401982,2.083335456));
#4052=CARTESIAN_POINT('',(9.552523239,3.029466621,4.166666667));
#4053=CARTESIAN_POINT('',(9.07616759,4.248711584,8.333333333));
#4054=CARTESIAN_POINT('',(8.777954565,4.834861104,10.416666667));
#4055=CARTESIAN_POINT('',(8.072889063,5.93774624,14.583333333));
#4056=CARTESIAN_POINT('',(7.66605402,6.454454586,16.666666667));
#4057=CARTESIAN_POINT('',(6.759373938,7.398596638,20.833333333));
#4058=CARTESIAN_POINT('',(6.259551318,7.826006999,22.916666667));
#4059=CARTESIAN_POINT('',(5.186099862,8.575123117,27.083333333));
#4060=CARTESIAN_POINT('',(4.612497569,8.896810351,29.166666667));
#4061=CARTESIAN_POINT('',(3.413526877,9.422112423,33.333333333));
#4062=CARTESIAN_POINT('',(2.788188125,9.625714271,35.416666667));
#4063=CARTESIAN_POINT('',(1.509773969,9.907015232,39.583333333));
#4064=CARTESIAN_POINT('',(0.856730176,9.984707389,41.666666667));
#4065=CARTESIAN_POINT('',(-0.451998706,10.011197002,45.833333333));
#4066=CARTESIAN_POINT('',(-1.107651434,9.959993803,47.916666667));
#4067=CARTESIAN_POINT('',(-2.396401325,9.730654086,52.083333333));
#4068=CARTESIAN_POINT('',(-3.029466621,9.552523239,54.166666667));
#4069=CARTESIAN_POINT('',(-4.248711584,9.07616759,58.333333333));
#4070=CARTESIAN_POINT('',(-4.834861104,8.777954565,60.416666667));
#4071=CARTESIAN_POINT('',(-5.93774624,8.072889063,64.583333333));
#4072=CARTESIAN_POINT('',(-6.454454586,7.66605402,66.666666667));
#4073=CARTESIAN_POINT('',(-7.398596638,6.759373938,70.833333333));
#4074=CARTESIAN_POINT('',(-7.826006999,6.259551318,72.916666667));
#4075=CARTESIAN_POINT('',(-8.575123117,5.186099862,77.083333333));
#4076=CARTESIAN_POINT('',(-8.896810351,4.612497569,79.166666667));
#4077=CARTESIAN_POINT('',(-9.422112423,3.413526877,83.333333333));
#4078=CARTESIAN_POINT('',(-9.625714271,2.788188125,85.416666667));
#4079=CARTESIAN_POINT('',(-9.907015232,1.509773969,89.583333333));
#4080=CARTESIAN_POINT('',(-9.984707389,0.856730176,91.666666667));
#4081=CARTESIAN_POINT('',(-10.011197002,-0.451998706,95.833333333));
#4082=CARTESIAN_POINT('',(-9.959993919,-1.107650778,97.916664544));
#4083=CARTESIAN_POINT('',(-9.845323944,-1.75202638,100.));
#4084=B_SPLINE_CURVE_WITH_KNOTS('',3,(#4050,#4051,#4052,#4053,#4054,#4055,#4056,#4057,#4058,#4059,#4060,#4061,#4062,#4063,#4064,#4065,#4066,#4067,#4068,#4069,#4070,#4071,#4072,#4073,#4074,#4075,
#4076,#4077,#4078,#4079,#4080,#4081,#4082,#4083),.UNSPECIFIED.,.F.,.F.,(4,2,2,2,2,2,2,2,2,2,2,2,2,2,2,2,4),(0.,0.0625,0.125,0.1875,0.25,0.3125,0.375,0.4375,0.5,0.5625,0.625,0.6875,0.75,0.8125,0.875,0.9375,1.),.UNSPECIFIED.);
#4085=EDGE_CURVE('',#93,#4049,#4084,.T.);
#4086=ORIENTED_EDGE('',*,*,#4085,.T.);
#4087=CARTESIAN_POINT('',(-12.521269613,0.000000002,94.067556311));
#4088=VERTEX_POINT('',#4087);
#4089=CARTESIAN_POINT('',(-9.845323944,-1.75202638,100.));
#4090=CARTESIAN_POINT('',(-10.917482291,-1.254277831,97.72148761));
#4091=CARTESIAN_POINT('',(-11.931999257,-0.563353228,95.492265443));
#4092=CARTESIAN_POINT('',(-12.849551581,0.296995991,93.287097869));
#4093=CARTESIAN_POINT('',(-13.308327743,0.7271706,92.184514082));
#4094=CARTESIAN_POINT('',(-13.74298965,1.199766816,91.088021146));
#4095=CARTESIAN_POINT('',(-14.149017035,1.712137751,89.994749742));
#4096=CARTESIAN_POINT('',(-14.352030727,1.968323219,89.44811404));
#4097=CARTESIAN_POINT('',(-14.547891104,2.234454756,88.90228682));
#4098=CARTESIAN_POINT('',(-14.73603784,2.510214615,88.356916327));
#4099=CARTESIAN_POINT('',(-14.924184576,2.785974473,87.811545834));
#4100=CARTESIAN_POINT('',(-15.104918138,3.071909244,87.265649031));
#4101=CARTESIAN_POINT('',(-15.276403171,3.365425825,86.7230196));
#4102=CARTESIAN_POINT('',(-15.962343301,4.53949215,84.552501875));
#4103=CARTESIAN_POINT('',(-16.501761487,5.835205551,82.430846048));
#4104=CARTESIAN_POINT('',(-16.878741959,7.219851345,80.333988225));
#4105=CARTESIAN_POINT('',(-17.067232195,7.912174243,79.285559313));
#4106=CARTESIAN_POINT('',(-17.215148283,8.626851468,78.243414396));
#4107=CARTESIAN_POINT('',(-17.320500782,9.360287972,77.20486159));
#4108=CARTESIAN_POINT('',(-17.373177032,9.727006224,76.685585187));
#4109=CARTESIAN_POINT('',(-17.415213949,10.098418414,76.167209755));
#4110=CARTESIAN_POINT('',(-17.446353787,10.474092192,75.649407909));
#4111=CARTESIAN_POINT('',(-17.477493624,10.849765969,75.131606063));
#4112=CARTESIAN_POINT('',(-17.497663438,11.229368655,74.614859025));
#4113=CARTESIAN_POINT('',(-17.506736789,11.610068573,74.101989859));
#4114=CARTESIAN_POINT('',(-17.543030195,13.132868249,72.050513198));
#4115=CARTESIAN_POINT('',(-17.402961591,14.683074149,70.046516732));
#4116=CARTESIAN_POINT('',(-17.090684323,16.232906658,68.067900478));
#4117=CARTESIAN_POINT('',(-16.778407055,17.782739167,66.089284224));
#4118=CARTESIAN_POINT('',(-16.293883646,19.332483275,64.136274142));
#4119=CARTESIAN_POINT('',(-15.638171325,20.857935255,62.189996845));
#4120=CARTESIAN_POINT('',(-15.474243245,21.23929825,61.70342752));
#4121=CARTESIAN_POINT('',(-15.299442431,21.619389748,61.216970941));
#4122=CARTESIAN_POINT('',(-15.115246896,21.995046872,60.733966372));
#4123=CARTESIAN_POINT('',(-14.931051362,22.370703997,60.250961803));
#4124=CARTESIAN_POINT('',(-14.737206872,22.742566711,59.770597282));
#4125=CARTESIAN_POINT('',(-14.533985241,23.110384182,59.292541108));
#4126=CARTESIAN_POINT('',(-14.127541979,23.846019126,58.336428759));
#4127=CARTESIAN_POINT('',(-13.683607762,24.565465686,57.389534662));
#4128=CARTESIAN_POINT('',(-13.204149882,25.266845504,56.449412804));
#4129=CARTESIAN_POINT('',(-12.245234122,26.66960514,54.569169089));
#4130=CARTESIAN_POINT('',(-11.144389476,28.00006766,52.715900399));
#4131=CARTESIAN_POINT('',(-9.9143029,29.244314445,50.872533958));
#4132=CARTESIAN_POINT('',(-9.299259613,29.866437838,49.950850737));
#4133=CARTESIAN_POINT('',(-8.651885131,30.467018983,49.031663012));
#4134=CARTESIAN_POINT('',(-7.973533117,31.044356204,48.112993352));
#4135=CARTESIAN_POINT('',(-7.634357111,31.333024815,47.653658522));
#4136=CARTESIAN_POINT('',(-7.288013939,31.615357585,47.195266252));
#4137=CARTESIAN_POINT('',(-6.936141087,31.890203865,46.739304424));
#4138=CARTESIAN_POINT('',(-6.584268235,32.165050144,46.283342597));
#4139=CARTESIAN_POINT('',(-6.22647521,32.432748656,45.829279504));
#4140=CARTESIAN_POINT('',(-5.863074163,32.693278874,45.376828429));
#4141=CARTESIAN_POINT('',(-4.409469974,33.735399748,43.567024131));
#4142=CARTESIAN_POINT('',(-2.866374564,34.662788436,41.782783087));
#4143=CARTESIAN_POINT('',(-1.251931969,35.474670581,40.007636257));
#4144=CARTESIAN_POINT('',(0.362510627,36.286552726,38.232489427));
#4145=CARTESIAN_POINT('',(2.048446127,36.982800191,36.466505989));
#4146=CARTESIAN_POINT('',(3.787420815,37.564649533,34.69388625));
#4147=CARTESIAN_POINT('',(4.656908159,37.855574203,33.807576381));
#4148=CARTESIAN_POINT('',(5.540411188,38.118037835,32.918897299));
#4149=CARTESIAN_POINT('',(6.428866153,38.351297587,32.031992689));
#4150=CARTESIAN_POINT('',(7.317321118,38.584557339,31.14508808));
#4151=CARTESIAN_POINT('',(8.211991978,38.789121891,30.25859373));
#4152=CARTESIAN_POINT('',(9.109999728,38.967003802,29.37002454));
#4153=CARTESIAN_POINT('',(10.008007478,39.144885712,28.48145535));
#4154=CARTESIAN_POINT('',(10.90939345,39.296044095,27.590844557));
#4155=CARTESIAN_POINT('',(11.810730054,39.423323694,26.695324841));
#4156=CARTESIAN_POINT('',(12.712066658,39.550603293,25.799805126));
#4157=CARTESIAN_POINT('',(13.613769532,39.653994487,24.898950084));
#4158=CARTESIAN_POINT('',(14.509011783,39.737586097,23.991735242));
#4159=CARTESIAN_POINT('',(15.404254033,39.821177707,23.084520399));
#4160=CARTESIAN_POINT('',(16.293573446,39.884943225,22.170608335));
#4161=CARTESIAN_POINT('',(17.171653557,39.935392605,21.245425028));
#4162=CARTESIAN_POINT('',(18.049733668,39.985841986,20.32024172));
#4163=CARTESIAN_POINT('',(18.916655213,40.022849003,19.38385501));
#4164=CARTESIAN_POINT('',(19.764713594,40.056602881,18.429680901));
#4165=CARTESIAN_POINT('',(20.188742785,40.07347982,17.952593847));
#4166=CARTESIAN_POINT('',(20.608020891,40.089605208,17.471030672));
#4167=CARTESIAN_POINT('',(21.021364156,40.106659986,16.983986621));
#4168=CARTESIAN_POINT('',(21.434707422,40.123714763,16.49694257));
#4169=CARTESIAN_POINT('',(21.842283722,40.141712068,16.004178909));
#4170=CARTESIAN_POINT('',(22.241041418,40.162598481,15.506647533));
#4171=CARTESIAN_POINT('',(23.038556808,40.204371308,14.511584782));
#4172=CARTESIAN_POINT('',(23.801986137,40.257705441,13.495910059));
#4173=CARTESIAN_POINT('',(24.518137344,40.341058704,12.45314005));
#4174=CARTESIAN_POINT('',(24.876212948,40.382735336,11.931755045));
#4175=CARTESIAN_POINT('',(25.222443494,40.43198095,11.403586717));
#4176=CARTESIAN_POINT('',(25.55611032,40.49038118,10.868343853));
#4177=CARTESIAN_POINT('',(25.889777146,40.54878141,10.333100989));
#4178=CARTESIAN_POINT('',(26.210825131,40.616398102,9.790754867));
#4179=CARTESIAN_POINT('',(26.519981972,40.693402114,9.241790154));
#4180=CARTESIAN_POINT('',(26.829138814,40.770406126,8.69282544));
#4181=CARTESIAN_POINT('',(27.126377118,40.85683424,8.137228508));
#4182=CARTESIAN_POINT('',(27.414541713,40.950649198,7.576605064));
#4183=CARTESIAN_POINT('',(27.702706308,41.044464157,7.01598162));
#4184=CARTESIAN_POINT('',(27.981833012,41.145638249,6.450351664));
#4185=CARTESIAN_POINT('',(28.256786162,41.249885994,5.882375089));
#4186=B_SPLINE_CURVE_WITH_KNOTS('',3,(#4089,#4090,#4091,#4092,#4093,#4094,#4095,#4096,#4097,#4098,#4099,#4100,#4101,#4102,#4103,#4104,#4105,#4106,#4107,#4108,#4109,#4110,#4111,#4112,#4113,#4114,
#4115,#4116,#4117,#4118,#4119,#4120,#4121,#4122,#4123,#4124,#4125,#4126,#4127,#4128,#4129,#4130,#4131,#4132,#4133,#4134,#4135,#4136,#4137,#4138,#4139,
#4140,#4141,#4142,#4143,#4144,#4145,#4146,#4147,#4148,#4149,#4150,#4151,#4152,#4153,#4154,#4155,#4156,#4157,#4158,#4159,#4160,#4161,#4162,#4163,#4164,
#4165,#4166,#4167,#4168,#4169,#4170,#4171,#4172,#4173,#4174,#4175,#4176,#4177,#4178,#4179,#4180,#4181,#4182,#4183,#4184,#4185),.UNSPECIFIED.,.F.,.F.,(4,3,3,3,3,3,3,3,3,3,3,3,3,3,3,3,3,3,3,3,3,3,3,3,3,3,
3,3,3,3,3,3,4),(0.,0.007615674,0.011423511,0.013327429,0.015231348,0.022847021,0.026654858,0.028558777,0.030462695,0.038078369,0.045694043,0.047597961,0.04950188,0.053309717,0.06092539,0.064733227,0.066637146,0.068541064,0.076156738,0.083772412,0.087580249,0.091388086,0.095195923,0.099003759,0.102811596,0.106619433,
0.108523352,0.11042727,0.114235107,0.116139026,0.118042944,0.119946862,0.121850781),.UNSPECIFIED.);
#4187=EDGE_CURVE('',#4049,#4088,#4186,.T.);
#4188=ORIENTED_EDGE('',*,*,#4187,.T.);
#4189=CARTESIAN_POINT('',(-9.845323944,-1.75202638,100.));
#4190=CARTESIAN_POINT('',(-10.917482291,-1.254277831,97.72148761));
#4191=CARTESIAN_POINT('',(-11.931999257,-0.563353228,95.492265443));
#4192=CARTESIAN_POINT('',(-12.849551581,0.296995991,93.287097869));
#4193=CARTESIAN_POINT('',(-13.308327743,0.7271706,92.184514082));
#4194=CARTESIAN_POINT('',(-13.74298965,1.199766816,91.088021146));
#4195=CARTESIAN_POINT('',(-14.149017035,1.712137751,89.994749742));
#4196=CARTESIAN_POINT('',(-14.352030727,1.968323219,89.44811404));
#4197=CARTESIAN_POINT('',(-14.547891104,2.234454756,88.90228682));
#4198=CARTESIAN_POINT('',(-14.73603784,2.510214615,88.356916327));
#4199=CARTESIAN_POINT('',(-14.924184576,2.785974473,87.811545834));
#4200=CARTESIAN_POINT('',(-15.104918138,3.071909244,87.265649031));
#4201=CARTESIAN_POINT('',(-15.276403171,3.365425825,86.7230196));
#4202=CARTESIAN_POINT('',(-15.962343301,4.53949215,84.552501875));
#4203=CARTESIAN_POINT('',(-16.501761487,5.835205551,82.430846048));
#4204=CARTESIAN_POINT('',(-16.878741959,7.219851345,80.333988225));
#4205=CARTESIAN_POINT('',(-17.067232195,7.912174243,79.285559313));
#4206=CARTESIAN_POINT('',(-17.215148283,8.626851468,78.243414396));
#4207=CARTESIAN_POINT('',(-17.320500782,9.360287972,77.20486159));
#4208=CARTESIAN_POINT('',(-17.373177032,9.727006224,76.685585187));
#4209=CARTESIAN_POINT('',(-17.415213949,10.098418414,76.167209755));
#4210=CARTESIAN_POINT('',(-17.446353787,10.474092192,75.649407909));
#4211=CARTESIAN_POINT('',(-17.477493624,10.849765969,75.131606063));
#4212=CARTESIAN_POINT('',(-17.497663438,11.229368655,74.614859025));
#4213=CARTESIAN_POINT('',(-17.506736789,11.610068573,74.101989859));
#4214=CARTESIAN_POINT('',(-17.543030195,13.132868249,72.050513198));
#4215=CARTESIAN_POINT('',(-17.402961591,14.683074149,70.046516732));
#4216=CARTESIAN_POINT('',(-17.090684323,16.232906658,68.067900478));
#4217=CARTESIAN_POINT('',(-16.778407055,17.782739167,66.089284224));
#4218=CARTESIAN_POINT('',(-16.293883646,19.332483275,64.136274142));
#4219=CARTESIAN_POINT('',(-15.638171325,20.857935255,62.189996845));
#4220=CARTESIAN_POINT('',(-15.474243245,21.23929825,61.70342752));
#4221=CARTESIAN_POINT('',(-15.299442431,21.619389748,61.216970941));
#4222=CARTESIAN_POINT('',(-15.115246896,21.995046872,60.733966372));
#4223=CARTESIAN_POINT('',(-14.931051362,22.370703997,60.250961803));
#4224=CARTESIAN_POINT('',(-14.737206872,22.742566711,59.770597282));
#4225=CARTESIAN_POINT('',(-14.533985241,23.110384182,59.292541108));
#4226=CARTESIAN_POINT('',(-14.127541979,23.846019126,58.336428759));
#4227=CARTESIAN_POINT('',(-13.683607762,24.565465686,57.389534662));
#4228=CARTESIAN_POINT('',(-13.204149882,25.266845504,56.449412804));
#4229=CARTESIAN_POINT('',(-12.245234122,26.66960514,54.569169089));
#4230=CARTESIAN_POINT('',(-11.144389476,28.00006766,52.715900399));
#4231=CARTESIAN_POINT('',(-9.9143029,29.244314445,50.872533958));
#4232=CARTESIAN_POINT('',(-9.299259613,29.866437838,49.950850737));
#4233=CARTESIAN_POINT('',(-8.651885131,30.467018983,49.031663012));
#4234=CARTESIAN_POINT('',(-7.973533117,31.044356204,48.112993352));
#4235=CARTESIAN_POINT('',(-7.634357111,31.333024815,47.653658522));
#4236=CARTESIAN_POINT('',(-7.288013939,31.615357585,47.195266252));
#4237=CARTESIAN_POINT('',(-6.936141087,31.890203865,46.739304424));
#4238=CARTESIAN_POINT('',(-6.584268235,32.165050144,46.283342597));
#4239=CARTESIAN_POINT('',(-6.22647521,32.432748656,45.829279504));
#4240=CARTESIAN_POINT('',(-5.863074163,32.693278874,45.376828429));
#4241=CARTESIAN_POINT('',(-4.409469974,33.735399748,43.567024131));
#4242=CARTESIAN_POINT('',(-2.866374564,34.662788436,41.782783087));
#4243=CARTESIAN_POINT('',(-1.251931969,35.474670581,40.007636257));
#4244=CARTESIAN_POINT('',(0.362510627,36.286552726,38.232489427));
#4245=CARTESIAN_POINT('',(2.048446127,36.982800191,36.466505989));
#4246=CARTESIAN_POINT('',(3.787420815,37.564649533,34.69388625));
#4247=CARTESIAN_POINT('',(4.656908159,37.855574203,33.807576381));
#4248=CARTESIAN_POINT('',(5.540411188,38.118037835,32.918897299));
#4249=CARTESIAN_POINT('',(6.428866153,38.351297587,32.031992689));
#4250=CARTESIAN_POINT('',(7.317321118,38.584557339,31.14508808));
#4251=CARTESIAN_POINT('',(8.211991978,38.789121891,30.25859373));
#4252=CARTESIAN_POINT('',(9.109999728,38.967003802,29.37002454));
#4253=CARTESIAN_POINT('',(10.008007478,39.144885712,28.48145535));
#4254=CARTESIAN_POINT('',(10.90939345,39.296044095,27.590844557));
#4255=CARTESIAN_POINT('',(11.810730054,39.423323694,26.695324841));
#4256=CARTESIAN_POINT('',(12.712066658,39.550603293,25.799805126));
#4257=CARTESIAN_POINT('',(13.613769532,39.653994487,24.898950084));
#4258=CARTESIAN_POINT('',(14.509011783,39.737586097,23.991735242));
#4259=CARTESIAN_POINT('',(15.404254033,39.821177707,23.084520399));
#4260=CARTESIAN_POINT('',(16.293573446,39.884943225,22.170608335));
#4261=CARTESIAN_POINT('',(17.171653557,39.935392605,21.245425028));
#4262=CARTESIAN_POINT('',(18.049733668,39.985841986,20.32024172));
#4263=CARTESIAN_POINT('',(18.916655213,40.022849003,19.38385501));
#4264=CARTESIAN_POINT('',(19.764713594,40.056602881,18.429680901));
#4265=CARTESIAN_POINT('',(20.188742785,40.07347982,17.952593847));
#4266=CARTESIAN_POINT('',(20.608020891,40.089605208,17.471030672));
#4267=CARTESIAN_POINT('',(21.021364156,40.106659986,16.983986621));
#4268=CARTESIAN_POINT('',(21.434707422,40.123714763,16.49694257));
#4269=CARTESIAN_POINT('',(21.842283722,40.141712068,16.004178909));
#4270=CARTESIAN_POINT('',(22.241041418,40.162598481,15.506647533));
#4271=CARTESIAN_POINT('',(23.038556808,40.204371308,14.511584782));
#4272=CARTESIAN_POINT('',(23.801986137,40.257705441,13.495910059));
#4273=CARTESIAN_POINT('',(24.518137344,40.341058704,12.45314005));
#4274=CARTESIAN_POINT('',(24.876212948,40.382735336,11.931755045));
#4275=CARTESIAN_POINT('',(25.222443494,40.43198095,11.403586717));
#4276=CARTESIAN_POINT('',(25.55611032,40.49038118,10.868343853));
#4277=CARTESIAN_POINT('',(25.889777146,40.54878141,10.333100989));
#4278=CARTESIAN_POINT('',(26.210825131,40.616398102,9.790754867));
#4279=CARTESIAN_POINT('',(26.519981972,40.693402114,9.241790154));
#4280=CARTESIAN_POINT('',(26.829138814,40.770406126,8.69282544));
#4281=CARTESIAN_POINT('',(27.126377118,40.85683424,8.137228508));
#4282=CARTESIAN_POINT('',(27.414541713,40.950649198,7.576605064));
#4283=CARTESIAN_POINT('',(27.702706308,41.044464157,7.01598162));
#4284=CARTESIAN_POINT('',(27.981833012,41.145638249,6.450351664));
#4285=CARTESIAN_POINT('',(28.256786162,41.249885994,5.882375089));
#4286=B_SPLINE_CURVE_WITH_KNOTS('',3,(#4189,#4190,#4191,#4192,#4193,#4194,#4195,#4196,#4197,#4198,#4199,#4200,#4201,#4202,#4203,#4204,#4205,#4206,#4207,#4208,#4209,#4210,#4211,#4212,#4213,#4214,
#4215,#4216,#4217,#4218,#4219,#4220,#4221,#4222,#4223,#4224,#4225,#4226,#4227,#4228,#4229,#4230,#4231,#4232,#4233,#4234,#4235,#4236,#4237,#4238,#4239,
#4240,#4241,#4242,#4243,#4244,#4245,#4246,#4247,#4248,#4249,#4250,#4251,#4252,#4253,#4254,#4255,#4256,#4257,#4258,#4259,#4260,#4261,#4262,#4263,#4264,
#4265,#4266,#4267,#4268,#4269,#4270,#4271,#4272,#4273,#4274,#4275,#4276,#4277,#4278,#4279,#4280,#4281,#4282,#4283,#4284,#4285),.UNSPECIFIED.,.F.,.F.,(4,3,3,3,3,3,3,3,3,3,3,3,3,3,3,3,3,3,3,3,3,3,3,3,3,3,
3,3,3,3,3,3,4),(0.,0.007615674,0.011423511,0.013327429,0.015231348,0.022847021,0.026654858,0.028558777,0.030462695,0.038078369,0.045694043,0.047597961,0.04950188,0.053309717,0.06092539,0.064733227,0.066637146,0.068541064,0.076156738,0.083772412,0.087580249,0.091388086,0.095195923,0.099003759,0.102811596,0.106619433,
0.108523352,0.11042727,0.114235107,0.116139026,0.118042944,0.119946862,0.121850781),.UNSPECIFIED.);
#4287=EDGE_CURVE('',#4088,#3712,#4286,.T.);
#4288=ORIENTED_EDGE('',*,*,#4287,.T.);
#4289=ORIENTED_EDGE('',*,*,#3718,.F.);
#4290=ORIENTED_EDGE('',*,*,#107,.T.);
#4291=EDGE_LOOP('',(#4086,#4188,#4288,#4289,#4290));
#4292=FACE_BOUND('',#4291,.T.);
#4293=ADVANCED_FACE('',(#4292),#4047,.T.);
#4294=CARTESIAN_POINT('',(9.845323944,1.75202638,0.));
#4295=CARTESIAN_POINT('',(9.730653969,2.396401982,2.083335456));
#4296=CARTESIAN_POINT('',(9.552523239,3.029466621,4.166666667));
#4297=CARTESIAN_POINT('',(9.07616759,4.248711584,8.333333333));
#4298=CARTESIAN_POINT('',(8.777954565,4.834861104,10.416666667));
#4299=CARTESIAN_POINT('',(8.072889063,5.93774624,14.583333333));
#4300=CARTESIAN_POINT('',(7.66605402,6.454454586,16.666666667));
#4301=CARTESIAN_POINT('',(6.759373938,7.398596638,20.833333333));
#4302=CARTESIAN_POINT('',(6.259551318,7.826006999,22.916666667));
#4303=CARTESIAN_POINT('',(5.186099862,8.575123117,27.083333333));
#4304=CARTESIAN_POINT('',(4.612497569,8.896810351,29.166666667));
#4305=CARTESIAN_POINT('',(3.413526877,9.422112423,33.333333333));
#4306=CARTESIAN_POINT('',(2.788188125,9.625714271,35.416666667));
#4307=CARTESIAN_POINT('',(1.509773969,9.907015232,39.583333333));
#4308=CARTESIAN_POINT('',(0.856730176,9.984707389,41.666666667));
#4309=CARTESIAN_POINT('',(-0.451998706,10.011197002,45.833333333));
#4310=CARTESIAN_POINT('',(-1.107651434,9.959993803,47.916666667));
#4311=CARTESIAN_POINT('',(-2.396401325,9.730654086,52.083333333));
#4312=CARTESIAN_POINT('',(-3.029466621,9.552523239,54.166666667));
#4313=CARTESIAN_POINT('',(-4.248711584,9.07616759,58.333333333));
#4314=CARTESIAN_POINT('',(-4.834861104,8.777954565,60.416666667));
#4315=CARTESIAN_POINT('',(-5.93774624,8.072889063,64.583333333));
#4316=CARTESIAN_POINT('',(-6.454454586,7.66605402,66.666666667));
#4317=CARTESIAN_POINT('',(-7.398596638,6.759373938,70.833333333));
#4318=CARTESIAN_POINT('',(-7.826006999,6.259551318,72.916666667));
#4319=CARTESIAN_POINT('',(-8.575123117,5.186099862,77.083333333));
#4320=CARTESIAN_POINT('',(-8.896810351,4.612497569,79.166666667));
#4321=CARTESIAN_POINT('',(-9.422112423,3.413526877,83.333333333));
#4322=CARTESIAN_POINT('',(-9.625714271,2.788188125,85.416666667));
#4323=CARTESIAN_POINT('',(-9.907015232,1.509773969,89.583333333));
#4324=CARTESIAN_POINT('',(-9.984707389,0.856730176,91.666666667));
#4325=CARTESIAN_POINT('',(-10.011197002,-0.451998706,95.833333333));
#4326=CARTESIAN_POINT('',(-9.959993919,-1.107650778,97.916664544));
#4327=CARTESIAN_POINT('',(-9.845323944,-1.75202638,100.));
#4328=CARTESIAN_POINT('',(9.464510065,3.891969045,0.));
#4329=CARTESIAN_POINT('',(9.209781016,4.511420438,2.083335547));
#4330=CARTESIAN_POINT('',(8.894049744,5.105767224,4.166666667));
#4331=CARTESIAN_POINT('',(8.152683584,6.221473311,8.333333333));
#4332=CARTESIAN_POINT('',(7.7270673,6.742804367,10.416666667));
#4333=CARTESIAN_POINT('',(6.782282824,7.692439111,14.583333333));
#4334=CARTESIAN_POINT('',(6.263137993,8.120719319,16.666666667));
#4335=CARTESIAN_POINT('',(5.151242738,8.867788791,20.833333333));
#4336=CARTESIAN_POINT('',(4.558519806,9.186559582,22.916666667));
#4337=CARTESIAN_POINT('',(3.322243282,9.70235432,27.083333333));
#4338=CARTESIAN_POINT('',(2.678720259,9.899365513,29.166666667));
#4339=CARTESIAN_POINT('',(1.36557188,10.164063814,33.333333333));
#4340=CARTESIAN_POINT('',(0.695978995,10.231744378,35.416666667));
#4341=CARTESIAN_POINT('',(-0.643577683,10.235174036,39.583333333));
#4342=CARTESIAN_POINT('',(-1.313508352,10.170923045,41.666666667));
#4343=CARTESIAN_POINT('',(-2.627994917,9.91295226,45.833333333));
#4344=CARTESIAN_POINT('',(-3.272518309,9.719238844,47.916666667));
#4345=CARTESIAN_POINT('',(-4.51141978,9.209781287,52.083333333));
#4346=CARTESIAN_POINT('',(-5.105767224,8.894049744,54.166666667));
#4347=CARTESIAN_POINT('',(-6.221473311,8.152683584,58.333333333));
#4348=CARTESIAN_POINT('',(-6.742804367,7.7270673,60.416666667));
#4349=CARTESIAN_POINT('',(-7.692439111,6.782282824,64.583333333));
#4350=CARTESIAN_POINT('',(-8.120719319,6.263137993,66.666666667));
#4351=CARTESIAN_POINT('',(-8.867788791,5.151242738,70.833333333));
#4352=CARTESIAN_POINT('',(-9.186559582,4.558519806,72.916666667));
#4353=CARTESIAN_POINT('',(-9.70235432,3.322243282,77.083333333));
#4354=CARTESIAN_POINT('',(-9.899365513,2.678720259,79.166666667));
#4355=CARTESIAN_POINT('',(-10.164063814,1.36557188,83.333333333));
#4356=CARTESIAN_POINT('',(-10.231744378,0.695978995,85.416666667));
#4357=CARTESIAN_POINT('',(-10.235174036,-0.643577683,89.583333333));
#4358=CARTESIAN_POINT('',(-10.170923045,-1.313508352,91.666666667));
#4359=CARTESIAN_POINT('',(-9.91295226,-2.627994917,95.833333333));
#4360=CARTESIAN_POINT('',(-9.719239114,-3.272517651,97.916664453));
#4361=CARTESIAN_POINT('',(-9.464510065,-3.891969045,100.));
#4362=CARTESIAN_POINT('',(8.429058826,5.803045849,0.));
#4363=CARTESIAN_POINT('',(8.04924996,6.354727045,2.083335547));
#4364=CARTESIAN_POINT('',(7.615116838,6.868986484,4.166666667));
#4365=CARTESIAN_POINT('',(6.654840644,7.802953017,8.333333333));
#4366=CARTESIAN_POINT('',(6.128721719,8.222636431,10.416666667));
#4367=CARTESIAN_POINT('',(5.00468913,8.951316467,14.583333333));
#4368=CARTESIAN_POINT('',(4.40680326,9.260295071,16.666666667));
#4369=CARTESIAN_POINT('',(3.16221022,9.755685845,20.833333333));
#4370=CARTESIAN_POINT('',(2.515533824,9.942085765,22.916666667));
#4371=CARTESIAN_POINT('',(1.198209344,10.185149687,27.083333333));
#4372=CARTESIAN_POINT('',(0.527593833,10.241807679,29.166666667));
#4373=CARTESIAN_POINT('',(-0.811838045,10.223203939,33.333333333));
#4374=CARTESIAN_POINT('',(-1.480621293,10.147942667,35.416666667));
#4375=CARTESIAN_POINT('',(-2.790686953,9.868386196,39.583333333));
#4376=CARTESIAN_POINT('',(-3.431936972,9.664097909,41.666666667));
#4377=CARTESIAN_POINT('',(-4.662291327,9.134331906,45.833333333));
#4378=CARTESIAN_POINT('',(-5.251365239,8.808867289,47.916666667));
#4379=CARTESIAN_POINT('',(-6.354726459,8.049250364,52.083333333));
#4380=CARTESIAN_POINT('',(-6.868986484,7.615116838,54.166666667));
#4381=CARTESIAN_POINT('',(-7.802953017,6.654840644,58.333333333));
#4382=CARTESIAN_POINT('',(-8.222636431,6.128721719,60.416666667));
#4383=CARTESIAN_POINT('',(-8.951316467,5.00468913,64.583333333));
#4384=CARTESIAN_POINT('',(-9.260295071,4.40680326,66.666666667));
#4385=CARTESIAN_POINT('',(-9.755685845,3.16221022,70.833333333));
#4386=CARTESIAN_POINT('',(-9.942085765,2.515533824,72.916666667));
#4387=CARTESIAN_POINT('',(-10.185149687,1.198209344,77.083333333));
#4388=CARTESIAN_POINT('',(-10.241807679,0.527593833,79.166666667));
#4389=CARTESIAN_POINT('',(-10.223203939,-0.811838045,83.333333333));
#4390=CARTESIAN_POINT('',(-10.147942667,-1.480621293,85.416666667));
#4391=CARTESIAN_POINT('',(-9.868386196,-2.790686953,89.583333333));
#4392=CARTESIAN_POINT('',(-9.664097909,-3.431936972,91.666666667));
#4393=CARTESIAN_POINT('',(-9.134331906,-4.662291327,95.833333333));
#4394=CARTESIAN_POINT('',(-8.808867692,-5.251364653,97.916664453));
#4395=CARTESIAN_POINT('',(-8.429058826,-5.803045849,100.));
#4396=CARTESIAN_POINT('',(6.844376621,7.290713866,0.));
#4397=CARTESIAN_POINT('',(6.367200028,7.738677725,2.083335456));
#4398=CARTESIAN_POINT('',(5.845916753,8.139633011,4.166666667));
#4399=CARTESIAN_POINT('',(4.735115502,8.832159953,8.333333333));
#4400=CARTESIAN_POINT('',(4.145625477,9.123714027,10.416666667));
#4401=CARTESIAN_POINT('',(2.921062656,9.586227684,14.583333333));
#4402=CARTESIAN_POINT('',(2.286020138,9.75717583,16.666666667));
#4403=CARTESIAN_POINT('',(0.99475501,9.971902061,20.833333333));
#4404=CARTESIAN_POINT('',(0.338564328,10.015674837,22.916666667));
#4405=CARTESIAN_POINT('',(-0.969780513,9.974361834,27.083333333));
#4406=CARTESIAN_POINT('',(-1.62190232,9.889277077,29.166666667));
#4407=CARTESIAN_POINT('',(-2.897047914,9.593512476,33.333333333));
#4408=CARTESIAN_POINT('',(-3.520040171,9.382839945,35.416666667));
#4409=CARTESIAN_POINT('',(-4.712983389,8.843989813,39.583333333));
#4410=CARTESIAN_POINT('',(-5.282904853,8.515825536,41.666666667));
#4411=CARTESIAN_POINT('',(-6.347801556,7.754597582,45.833333333));
#4412=CARTESIAN_POINT('',(-6.842750463,7.321552728,47.916666667));
#4413=CARTESIAN_POINT('',(-7.738677268,6.367200514,52.083333333));
#4414=CARTESIAN_POINT('',(-8.139633011,5.845916753,54.166666667));
#4415=CARTESIAN_POINT('',(-8.832159953,4.735115502,58.333333333));
#4416=CARTESIAN_POINT('',(-9.123714027,4.145625477,60.416666667));
#4417=CARTESIAN_POINT('',(-9.586227684,2.921062656,64.583333333));
#4418=CARTESIAN_POINT('',(-9.75717583,2.286020138,66.666666667));
#4419=CARTESIAN_POINT('',(-9.971902061,0.99475501,70.833333333));
#4420=CARTESIAN_POINT('',(-10.015674837,0.338564328,72.916666667));
#4421=CARTESIAN_POINT('',(-9.974361834,-0.969780513,77.083333333));
#4422=CARTESIAN_POINT('',(-9.889277077,-1.62190232,79.166666667));
#4423=CARTESIAN_POINT('',(-9.593512476,-2.897047914,83.333333333));
#4424=CARTESIAN_POINT('',(-9.382839945,-3.520040171,85.416666667));
#4425=CARTESIAN_POINT('',(-8.843989813,-4.712983389,89.583333333));
#4426=CARTESIAN_POINT('',(-8.515825536,-5.282904853,91.666666667));
#4427=CARTESIAN_POINT('',(-7.754597582,-6.347801556,95.833333333));
#4428=CARTESIAN_POINT('',(-7.321553214,-6.842750007,97.916664544));
#4429=CARTESIAN_POINT('',(-6.844376621,-7.290713866,100.));
#4430=(BOUNDED_SURFACE()
B_SPLINE_SURFACE(3,3,((#4294,#4295,#4296,#4297,#4298,#4299,#4300,#4301,#4302,#4303,#4304,#4305,#4306,#4307,#4308,#4309,#4310,#4311,#4312,#4313,#4314,#4315,#4316,#4317,#4318,#4319,
#4320,#4321,#4322,#4323,#4324,#4325,#4326,#4327),(#4328,#4329,#4330,#4331,#4332,#4333,#4334,#4335,#4336,#4337,#4338,#4339,#4340,#4341,#4342,#4343,#4344,#4345,#4346,#4347,#4348,#4349,#4350,#4351,#4352,#4353,
#4354,#4355,#4356,#4357,#4358,#4359,#4360,#4361),(#4362,#4363,#4364,#4365,#4366,#4367,#4368,#4369,#4370,#4371,#4372,#4373,#4374,#4375,#4376,#4377,#4378,#4379,#4380,#4381,#4382,#4383,#4384,#4385,#4386,#4387,
#4388,#4389,#4390,#4391,#4392,#4393,#4394,#4395),(#4396,#4397,#4398,#4399,#4400,#4401,#4402,#4403,#4404,#4405,#4406,#4407,#4408,#4409,#4410,#4411,#4412,#4413,#4414,#4415,#4416,#4417,#4418,#4419,#4420,#4421,
#4422,#4423,#4424,#4425,#4426,#4427,#4428,#4429)),.UNSPECIFIED.,.F.,.F.,.U.)
B_SPLINE_SURFACE_WITH_KNOTS((4,4),(4,2,2,2,2,2,2,2,2,2,2,2,2,2,2,2,4),(0.,1.),(0.,0.0625,0.125,0.1875,0.25,0.3125,0.375,0.4375,0.5,0.5625,0.625,0.6875,0.75,0.8125,0.875,0.9375,1.),.UNSPECIFIED.)
GEOMETRIC_REPRESENTATION_ITEM()
RATIONAL_B_SPLINE_SURFACE(((1.,1.,1.,1.,1.,1.,1.,1.,1.,1.,1.,1.,1.,1.,1.,1.,1.,1.,1.,1.,1.,1.,1.,1.,1.,1.,
1.,1.,1.,1.,1.,1.,1.,1.),(0.966067485,0.966067485,0.966067485,0.966067485,0.966067485,0.966067485,0.966067485,0.966067485,0.966067485,0.966067485,0.966067485,0.966067485,0.966067485,0.966067485,0.966067485,0.966067485,0.966067485,0.966067485,0.966067485,0.966067485,0.966067485,0.966067485,0.966067485,0.966067485,0.966067485,0.966067485,
0.966067485,0.966067485,0.966067485,0.966067485,0.966067485,0.966067485,0.966067485,0.966067485),(0.966067485,0.966067485,0.966067485,0.966067485,0.966067485,0.966067485,0.966067485,0.966067485,0.966067485,0.966067485,0.966067485,0.966067485,0.966067485,0.966067485,0.966067485,0.966067485,0.966067485,0.966067485,0.966067485,0.966067485,0.966067485,0.966067485,0.966067485,0.966067485,0.966067485,0.966067485,
0.966067485,0.966067485,0.966067485,0.966067485,0.966067485,0.966067485,0.966067485,0.966067485),(1.,1.,1.,1.,1.,1.,1.,1.,1.,1.,1.,1.,1.,1.,1.,1.,1.,1.,1.,1.,1.,1.,1.,1.,1.,1.,
1.,1.,1.,1.,1.,1.,1.,1.)))
REPRESENTATION_ITEM('')
SURFACE()
);
#4431=CARTESIAN_POINT('',(-6.844376621,-7.290713866,100.));
#4432=VERTEX_POINT('',#4431);
#4433=CARTESIAN_POINT('',(6.844376621,7.290713866,0.));
#4434=CARTESIAN_POINT('',(6.367200028,7.738677725,2.083335456));
#4435=CARTESIAN_POINT('',(5.845916753,8.139633011,4.166666667));
#4436=CARTESIAN_POINT('',(4.735115502,8.832159953,8.333333333));
#4437=CARTESIAN_POINT('',(4.145625477,9.123714027,10.416666667));
#4438=CARTESIAN_POINT('',(2.921062656,9.586227684,14.583333333));
#4439=CARTESIAN_POINT('',(2.286020138,9.75717583,16.666666667));
#4440=CARTESIAN_POINT('',(0.99475501,9.971902061,20.833333333));
#4441=CARTESIAN_POINT('',(0.338564328,10.015674837,22.916666667));
#4442=CARTESIAN_POINT('',(-0.969780513,9.974361834,27.083333333));
#4443=CARTESIAN_POINT('',(-1.62190232,9.889277077,29.166666667));
#4444=CARTESIAN_POINT('',(-2.897047914,9.593512476,33.333333333));
#4445=CARTESIAN_POINT('',(-3.520040171,9.382839945,35.416666667));
#4446=CARTESIAN_POINT('',(-4.712983389,8.843989813,39.583333333));
#4447=CARTESIAN_POINT('',(-5.282904853,8.515825536,41.666666667));
#4448=CARTESIAN_POINT('',(-6.347801556,7.754597582,45.833333333));
#4449=CARTESIAN_POINT('',(-6.842750463,7.321552728,47.916666667));
#4450=CARTESIAN_POINT('',(-7.738677268,6.367200514,52.083333333));
#4451=CARTESIAN_POINT('',(-8.139633011,5.845916753,54.166666667));
#4452=CARTESIAN_POINT('',(-8.832159953,4.735115502,58.333333333));
#4453=CARTESIAN_POINT('',(-9.123714027,4.145625477,60.416666667));
#4454=CARTESIAN_POINT('',(-9.586227684,2.921062656,64.583333333));
#4455=CARTESIAN_POINT('',(-9.75717583,2.286020138,66.666666667));
#4456=CARTESIAN_POINT('',(-9.971902061,0.99475501,70.833333333));
#4457=CARTESIAN_POINT('',(-10.015674837,0.338564328,72.916666667));
#4458=CARTESIAN_POINT('',(-9.974361834,-0.969780513,77.083333333));
#4459=CARTESIAN_POINT('',(-9.889277077,-1.62190232,79.166666667));
#4460=CARTESIAN_POINT('',(-9.593512476,-2.897047914,83.333333333));
#4461=CARTESIAN_POINT('',(-9.382839945,-3.520040171,85.416666667));
#4462=CARTESIAN_POINT('',(-8.843989813,-4.712983389,89.583333333));
#4463=CARTESIAN_POINT('',(-8.515825536,-5.282904853,91.666666667));
#4464=CARTESIAN_POINT('',(-7.754597582,-6.347801556,95.833333333));
#4465=CARTESIAN_POINT('',(-7.321553214,-6.842750007,97.916664544));
#4466=CARTESIAN_POINT('',(-6.844376621,-7.290713866,100.));
#4467=B_SPLINE_CURVE_WITH_KNOTS('',3,(#4433,#4434,#4435,#4436,#4437,#4438,#4439,#4440,#4441,#4442,#4443,#4444,#4445,#4446,#4447,#4448,#4449,#4450,#4451,#4452,#4453,#4454,#4455,#4456,#4457,#4458,
#4459,#4460,#4461,#4462,#4463,#4464,#4465,#4466),.UNSPECIFIED.,.F.,.F.,(4,2,2,2,2,2,2,2,2,2,2,2,2,2,2,2,4),(0.,0.0625,0.125,0.1875,0.25,0.3125,0.375,0.4375,0.5,0.5625,0.625,0.6875,0.75,0.8125,0.875,0.9375,1.),.UNSPECIFIED.);
#4468=EDGE_CURVE('',#85,#4432,#4467,.T.);
#4469=ORIENTED_EDGE('',*,*,#4468,.T.);
#4470=CARTESIAN_POINT('',(-9.845323944,-1.75202638,100.));
#4471=CARTESIAN_POINT('',(-9.657962207,-2.804885527,100.));
#4472=CARTESIAN_POINT('',(-9.302015161,-3.823235681,100.));
#4473=CARTESIAN_POINT('',(-8.792340845,-4.763899922,100.));
#4474=CARTESIAN_POINT('',(-8.282666529,-5.704564164,100.));
#4475=CARTESIAN_POINT('',(-7.624862231,-6.558009557,100.));
#4476=CARTESIAN_POINT('',(-6.844376621,-7.290713866,100.));
#4477=B_SPLINE_CURVE_WITH_KNOTS('',3,(#4470,#4471,#4472,#4473,#4474,#4475,#4476),.UNSPECIFIED.,.F.,.F.,(4,3,4),(0.025197696,0.028409257,0.031620817),.UNSPECIFIED.);
#4478=EDGE_CURVE('',#4049,#4432,#4477,.T.);
#4479=ORIENTED_EDGE('',*,*,#4478,.F.);
#4480=ORIENTED_EDGE('',*,*,#4085,.F.);
#4481=ORIENTED_EDGE('',*,*,#99,.T.);
#4482=EDGE_LOOP('',(#4469,#4479,#4480,#4481));
#4483=FACE_BOUND('',#4482,.T.);
#4484=ADVANCED_FACE('',(#4483),#4430,.T.);
#4485=CARTESIAN_POINT('',(6.844376621,7.290713866,0.));
#4486=CARTESIAN_POINT('',(6.367200028,7.738677725,2.083335456));
#4487=CARTESIAN_POINT('',(5.845916753,8.139633011,4.166666667));
#4488=CARTESIAN_POINT('',(4.735115502,8.832159953,8.333333333));
#4489=CARTESIAN_POINT('',(4.145625477,9.123714027,10.416666667));
#4490=CARTESIAN_POINT('',(2.921062656,9.586227684,14.583333333));
#4491=CARTESIAN_POINT('',(2.286020138,9.75717583,16.666666667));
#4492=CARTESIAN_POINT('',(0.99475501,9.971902061,20.833333333));
#4493=CARTESIAN_POINT('',(0.338564328,10.015674837,22.916666667));
#4494=CARTESIAN_POINT('',(-0.969780513,9.974361834,27.083333333));
#4495=CARTESIAN_POINT('',(-1.62190232,9.889277077,29.166666667));
#4496=CARTESIAN_POINT('',(-2.897047914,9.593512476,33.333333333));
#4497=CARTESIAN_POINT('',(-3.520040171,9.382839945,35.416666667));
#4498=CARTESIAN_POINT('',(-4.712983389,8.843989813,39.583333333));
#4499=CARTESIAN_POINT('',(-5.282904853,8.515825536,41.666666667));
#4500=CARTESIAN_POINT('',(-6.347801556,7.754597582,45.833333333));
#4501=CARTESIAN_POINT('',(-6.842750463,7.321552728,47.916666667));
#4502=CARTESIAN_POINT('',(-7.738677268,6.367200514,52.083333333));
#4503=CARTESIAN_POINT('',(-8.139633011,5.845916753,54.166666667));
#4504=CARTESIAN_POINT('',(-8.832159953,4.735115502,58.333333333));
#4505=CARTESIAN_POINT('',(-9.123714027,4.145625477,60.416666667));
#4506=CARTESIAN_POINT('',(-9.586227684,2.921062656,64.583333333));
#4507=CARTESIAN_POINT('',(-9.75717583,2.286020138,66.666666667));
#4508=CARTESIAN_POINT('',(-9.971902061,0.99475501,70.833333333));
#4509=CARTESIAN_POINT('',(-10.015674837,0.338564328,72.916666667));
#4510=CARTESIAN_POINT('',(-9.974361834,-0.969780513,77.083333333));
#4511=CARTESIAN_POINT('',(-9.889277077,-1.62190232,79.166666667));
#4512=CARTESIAN_POINT('',(-9.593512476,-2.897047914,83.333333333));
#4513=CARTESIAN_POINT('',(-9.382839945,-3.520040171,85.416666667));
#4514=CARTESIAN_POINT('',(-8.843989813,-4.712983389,89.583333333));
#4515=CARTESIAN_POINT('',(-8.515825536,-5.282904853,91.666666667));
#4516=CARTESIAN_POINT('',(-7.754597582,-6.347801556,95.833333333));
#4517=CARTESIAN_POINT('',(-7.321553214,-6.842750007,97.916664544));
#4518=CARTESIAN_POINT('',(-6.844376621,-7.290713866,100.));
#4519=CARTESIAN_POINT('',(36.220741894,40.944814527,0.));
#4520=CARTESIAN_POINT('',(33.540887347,43.315476623,2.083350982));
#4521=CARTESIAN_POINT('',(30.627662384,45.422106062,4.166666667));
#4522=CARTESIAN_POINT('',(24.446004503,49.026669131,8.333333333));
#4523=CARTESIAN_POINT('',(21.177747141,50.524493548,10.416666667));
#4524=CARTESIAN_POINT('',(14.411652714,52.853814321,14.583333333));
#4525=CARTESIAN_POINT('',(10.913982952,53.685253081,16.666666667));
#4526=CARTESIAN_POINT('',(3.823469192,54.649817068,20.833333333));
#4527=CARTESIAN_POINT('',(0.230800519,54.782918445,22.916666667));
#4528=CARTESIAN_POINT('',(-6.911648106,54.345657993,27.083333333));
#4529=CARTESIAN_POINT('',(-10.461251448,53.775306976,29.166666667));
#4530=CARTESIAN_POINT('',(-17.381154644,51.953025758,33.333333333));
#4531=CARTESIAN_POINT('',(-20.75128339,50.701140617,35.416666667));
#4532=CARTESIAN_POINT('',(-27.182713156,47.56386788,39.583333333));
#4533=CARTESIAN_POINT('',(-30.243855148,45.678557858,41.666666667));
#4534=CARTESIAN_POINT('',(-35.939655246,41.346857233,45.833333333));
#4535=CARTESIAN_POINT('',(-38.574172513,38.900573738,47.916666667));
#4536=CARTESIAN_POINT('',(-43.31545654,33.54091005,52.083333333));
#4537=CARTESIAN_POINT('',(-45.422106062,30.627662384,54.166666667));
#4538=CARTESIAN_POINT('',(-49.026669131,24.446004503,58.333333333));
#4539=CARTESIAN_POINT('',(-50.524493548,21.177747141,60.416666667));
#4540=CARTESIAN_POINT('',(-52.853814321,14.411652714,64.583333333));
#4541=CARTESIAN_POINT('',(-53.685253081,10.913982952,66.666666667));
#4542=CARTESIAN_POINT('',(-54.649817068,3.823469192,70.833333333));
#4543=CARTESIAN_POINT('',(-54.782918445,0.230800519,72.916666667));
#4544=CARTESIAN_POINT('',(-54.345657993,-6.911648106,77.083333333));
#4545=CARTESIAN_POINT('',(-53.775306976,-10.461251448,79.166666667));
#4546=CARTESIAN_POINT('',(-51.953025758,-17.381154644,83.333333333));
#4547=CARTESIAN_POINT('',(-50.701140617,-20.75128339,85.416666667));
#4548=CARTESIAN_POINT('',(-47.56386788,-27.182713156,89.583333333));
#4549=CARTESIAN_POINT('',(-45.678557858,-30.243855148,91.666666667));
#4550=CARTESIAN_POINT('',(-41.346857233,-35.939655246,95.833333333));
#4551=CARTESIAN_POINT('',(-38.90059644,-38.57415243,97.916649018));
#4552=CARTESIAN_POINT('',(-36.220741894,-40.944814527,100.));
#4553=CARTESIAN_POINT('',(0.,50.,0.));
#4554=CARTESIAN_POINT('',(-3.272518764,50.,2.08335015));
#4555=CARTESIAN_POINT('',(-6.544903776,49.677695606,4.166666667));
#4556=CARTESIAN_POINT('',(-12.964128425,48.400832434,8.333333333));
#4557=CARTESIAN_POINT('',(-16.110782918,47.446305229,10.416666667));
#4558=CARTESIAN_POINT('',(-22.157560318,44.941648022,14.583333333));
#4559=CARTESIAN_POINT('',(-25.057533708,43.391579951,16.666666667));
#4560=CARTESIAN_POINT('',(-30.499489594,39.755381279,20.833333333));
#4561=CARTESIAN_POINT('',(-33.041337529,37.66934059,22.916666667));
#4562=CARTESIAN_POINT('',(-37.66934059,33.041337529,27.083333333));
#4563=CARTESIAN_POINT('',(-39.755381279,30.499489594,29.166666667));
#4564=CARTESIAN_POINT('',(-43.391579951,25.057533708,33.333333333));
#4565=CARTESIAN_POINT('',(-44.941648022,22.157560318,35.416666667));
#4566=CARTESIAN_POINT('',(-47.446305229,16.110782918,39.583333333));
#4567=CARTESIAN_POINT('',(-48.400832434,12.964128425,41.666666667));
#4568=CARTESIAN_POINT('',(-49.677695606,6.544903776,45.833333333));
#4569=CARTESIAN_POINT('',(-50.,3.272492347,47.916666667));
#4570=CARTESIAN_POINT('',(-50.,-3.272492347,52.083333333));
#4571=CARTESIAN_POINT('',(-49.677695606,-6.544903776,54.166666667));
#4572=CARTESIAN_POINT('',(-48.400832434,-12.964128425,58.333333333));
#4573=CARTESIAN_POINT('',(-47.446305229,-16.110782918,60.416666667));
#4574=CARTESIAN_POINT('',(-44.941648022,-22.157560318,64.583333333));
#4575=CARTESIAN_POINT('',(-43.391579951,-25.057533708,66.666666667));
#4576=CARTESIAN_POINT('',(-39.755381279,-30.499489594,70.833333333));
#4577=CARTESIAN_POINT('',(-37.66934059,-33.041337529,72.916666667));
#4578=CARTESIAN_POINT('',(-33.041337529,-37.66934059,77.083333333));
#4579=CARTESIAN_POINT('',(-30.499489594,-39.755381279,79.166666667));
#4580=CARTESIAN_POINT('',(-25.057533708,-43.391579951,83.333333333));
#4581=CARTESIAN_POINT('',(-22.157560318,-44.941648022,85.416666667));
#4582=CARTESIAN_POINT('',(-16.110782918,-47.446305229,89.583333333));
#4583=CARTESIAN_POINT('',(-12.964128425,-48.400832434,91.666666667));
#4584=CARTESIAN_POINT('',(-6.544903776,-49.677695606,95.833333333));
#4585=CARTESIAN_POINT('',(-3.272518764,-50.,97.91664985));
#4586=CARTESIAN_POINT('',(-0.,-50.,100.));
#4587=B_SPLINE_SURFACE_WITH_KNOTS('',2,3,((#4485,#4486,#4487,#4488,#4489,#4490,#4491,#4492,#4493,#4494,#4495,#4496,#4497,#4498,#4499,#4500,#4501,#4502,#4503,#4504,#4505,#4506,#4507,#4508,#4509,#4510,
#4511,#4512,#4513,#4514,#4515,#4516,#4517,#4518),(#4519,#4520,#4521,#4522,#4523,#4524,#4525,#4526,#4527,#4528,#4529,#4530,#4531,#4532,#4533,#4534,#4535,#4536,#4537,#4538,#4539,#4540,#4541,#4542,#4543,#4544,
#4545,#4546,#4547,#4548,#4549,#4550,#4551,#4552),(#4553,#4554,#4555,#4556,#4557,#4558,#4559,#4560,#4561,#4562,#4563,#4564,#4565,#4566,#4567,#4568,#4569,#4570,#4571,#4572,#4573,#4574,#4575,#4576,#4577,#4578,
#4579,#4580,#4581,#4582,#4583,#4584,#4585,#4586)),.UNSPECIFIED.,.F.,.F.,.U.,(3,3),(4,2,2,2,2,2,2,2,2,2,2,2,2,2,2,2,4),(0.,1.),(0.,0.0625,0.125,0.1875,0.25,0.3125,0.375,0.4375,0.5,0.5625,0.625,0.6875,0.75,0.8125,0.875,0.9375,1.),.UNSPECIFIED.);
#4588=CARTESIAN_POINT('',(-9.187509,49.148639219,5.882375089));
#4589=VERTEX_POINT('',#4588);
#4590=CARTESIAN_POINT('',(0.,50.,0.));
#4591=CARTESIAN_POINT('',(-3.080029174,50.,1.960807472));
#4592=CARTESIAN_POINT('',(-6.159939869,49.714496395,3.92158515));
#4593=CARTESIAN_POINT('',(-9.187509011,49.148639217,5.882375096));
#4594=B_SPLINE_CURVE_WITH_KNOTS('',3,(#4590,#4591,#4592,#4593),.UNSPECIFIED.,.F.,.F.,(4,4),(0.,0.058823749),.UNSPECIFIED.);
#4595=EDGE_CURVE('',#77,#4589,#4594,.T.);
#4596=ORIENTED_EDGE('',*,*,#4595,.T.);
#4597=CARTESIAN_POINT('',(-21.76020813,-0.000000001,72.328843409));
#4598=VERTEX_POINT('',#4597);
#4599=CARTESIAN_POINT('',(-9.187509,49.148639219,5.882375089));
#4600=CARTESIAN_POINT('',(-9.069396095,48.921960181,6.457722474));
#4601=CARTESIAN_POINT('',(-8.914451751,48.705148054,7.025778864));
#4602=CARTESIAN_POINT('',(-8.738663736,48.493382657,7.589505952));
#4603=CARTESIAN_POINT('',(-8.562875721,48.281617259,8.15323304));
#4604=CARTESIAN_POINT('',(-8.366298388,48.074826682,8.712619894));
#4605=CARTESIAN_POINT('',(-8.17550744,47.865842652,9.272908864));
#4606=CARTESIAN_POINT('',(-7.984716492,47.656858622,9.833197834));
#4607=CARTESIAN_POINT('',(-7.80082314,47.445684756,10.393939741));
#4608=CARTESIAN_POINT('',(-7.655392514,47.226422969,10.9579566));
#4609=CARTESIAN_POINT('',(-7.509961888,47.007161183,11.52197346));
#4610=CARTESIAN_POINT('',(-7.40389147,46.779697775,12.089446256));
#4611=CARTESIAN_POINT('',(-7.357183182,46.540549472,12.662406692));
#4612=CARTESIAN_POINT('',(-7.333829038,46.42097532,12.94888691));
#4613=CARTESIAN_POINT('',(-7.325017777,46.298531844,13.23670883));
#4614=CARTESIAN_POINT('',(-7.331467041,46.173049985,13.525927608));
#4615=CARTESIAN_POINT('',(-7.337916305,46.047568125,13.815146386));
#4616=CARTESIAN_POINT('',(-7.359925283,45.918338239,14.107295734));
#4617=CARTESIAN_POINT('',(-7.39583332,45.789117029,14.393983658));
#4618=CARTESIAN_POINT('',(-7.467649394,45.530674609,14.967359507));
#4619=CARTESIAN_POINT('',(-7.594183878,45.270113822,15.524235202));
#4620=CARTESIAN_POINT('',(-7.758882677,45.006787928,16.068982868));
#4621=CARTESIAN_POINT('',(-7.923581476,44.743462035,16.613730534));
#4622=CARTESIAN_POINT('',(-8.126324996,44.477348198,17.146373015));
#4623=CARTESIAN_POINT('',(-8.354396963,44.207702069,17.670149686));
#4624=CARTESIAN_POINT('',(-8.468432946,44.072879005,17.932038021));
#4625=CARTESIAN_POINT('',(-8.588865265,43.937194947,18.191635061));
#4626=CARTESIAN_POINT('',(-8.713693948,43.801365305,18.447784181));
#4627=CARTESIAN_POINT('',(-8.838522631,43.665535663,18.703933302));
#4628=CARTESIAN_POINT('',(-8.967944973,43.529329761,18.957083415));
#4629=CARTESIAN_POINT('',(-9.100963687,43.392583945,19.207740437));
#4630=CARTESIAN_POINT('',(-9.367001114,43.119092315,19.709054481));
#4631=CARTESIAN_POINT('',(-9.647271186,42.843417559,20.200474642));
#4632=CARTESIAN_POINT('',(-9.936067969,42.564595615,20.684879072));
#4633=CARTESIAN_POINT('',(-10.224864753,42.285773671,21.169283502));
#4634=CARTESIAN_POINT('',(-10.522258286,42.003813872,21.646635394));
#4635=CARTESIAN_POINT('',(-10.824480986,41.718069334,22.118829062));
#4636=CARTESIAN_POINT('',(-11.428926388,41.146580257,23.063216398));
#4637=CARTESIAN_POINT('',(-12.052095819,40.559832157,23.987257978));
#4638=CARTESIAN_POINT('',(-12.676082271,39.95488097,24.900034554));
#4639=CARTESIAN_POINT('',(-13.300068723,39.349929783,25.812811131));
#4640=CARTESIAN_POINT('',(-13.92446268,38.7276163,26.712965254));
#4641=CARTESIAN_POINT('',(-14.53889948,38.086729388,27.606185439));
#4642=CARTESIAN_POINT('',(-15.15333628,37.445842477,28.499405625));
#4643=CARTESIAN_POINT('',(-15.75805814,36.786369263,29.385670744));
#4644=CARTESIAN_POINT('',(-16.346713802,36.107811474,30.268929688));
#4645=CARTESIAN_POINT('',(-16.935369464,35.429253684,31.152188631));
#4646=CARTESIAN_POINT('',(-17.508363206,34.731189436,32.032861508));
#4647=CARTESIAN_POINT('',(-18.058983212,34.016490903,32.910668911));
#4648=CARTESIAN_POINT('',(-18.609603218,33.301792371,33.788476313));
#4649=CARTESIAN_POINT('',(-19.138285658,32.570029317,34.664015496));
#4650=CARTESIAN_POINT('',(-19.641698861,31.821915873,35.53977211));
#4651=CARTESIAN_POINT('',(-20.145112064,31.073802429,36.415528724));
#4652=CARTESIAN_POINT('',(-20.623295616,30.309338752,37.291480634));
#4653=CARTESIAN_POINT('',(-21.073544685,29.529382663,38.169883871));
#4654=CARTESIAN_POINT('',(-21.523793754,28.749426573,39.048287107));
#4655=CARTESIAN_POINT('',(-21.946563067,27.952994888,39.930235319));
#4656=CARTESIAN_POINT('',(-22.337744645,27.144488964,40.814305026));
#4657=CARTESIAN_POINT('',(-23.1201078,25.527477116,42.582444441));
#4658=CARTESIAN_POINT('',(-23.77422498,23.866859468,44.353869375));
#4659=CARTESIAN_POINT('',(-24.28775126,22.175529481,46.144865539));
#4660=CARTESIAN_POINT('',(-24.41613283,21.752696984,46.59261458));
#4661=CARTESIAN_POINT('',(-24.535725311,21.327953232,47.041595287));
#4662=CARTESIAN_POINT('',(-24.646334337,20.90151728,47.49207907));
#4663=CARTESIAN_POINT('',(-24.756943364,20.475081327,47.942562854));
#4664=CARTESIAN_POINT('',(-24.858612124,20.046694428,48.394822398));
#4665=CARTESIAN_POINT('',(-24.950835491,19.618173066,48.847455202));
#4666=CARTESIAN_POINT('',(-25.135282224,18.761130342,49.752720811));
#4667=CARTESIAN_POINT('',(-25.282285173,17.902466101,50.660589779));
#4668=CARTESIAN_POINT('',(-25.391234895,17.044311568,51.573124906));
#4669=CARTESIAN_POINT('',(-25.500184618,16.186157035,52.485660034));
#4670=CARTESIAN_POINT('',(-25.571074554,15.328511374,53.402861259));
#4671=CARTESIAN_POINT('',(-25.603199053,14.473642753,54.326930209));
#4672=CARTESIAN_POINT('',(-25.635323552,13.618774132,55.250999159));
#4673=CARTESIAN_POINT('',(-25.628517903,12.765770496,56.182969174));
#4674=CARTESIAN_POINT('',(-25.582670631,11.923710816,57.117759966));
#4675=CARTESIAN_POINT('',(-25.490976087,10.239591456,58.98734155));
#4676=CARTESIAN_POINT('',(-25.243710314,8.593894764,60.87352658));
#4677=CARTESIAN_POINT('',(-24.842599591,7.007838346,62.795056713));
#4678=CARTESIAN_POINT('',(-24.441488867,5.421781928,64.716586847));
#4679=CARTESIAN_POINT('',(-23.89295413,3.921364455,66.642443365));
#4680=CARTESIAN_POINT('',(-23.21264265,2.526222781,68.58893663));
#4681=CARTESIAN_POINT('',(-22.53233117,1.131081108,70.535429894));
#4682=CARTESIAN_POINT('',(-21.719971489,-0.159439016,72.502951981));
#4683=CARTESIAN_POINT('',(-20.790324531,-1.32312988,74.512035182));
#4684=CARTESIAN_POINT('',(-20.325501052,-1.904975313,75.516576782));
#4685=CARTESIAN_POINT('',(-19.831363101,-2.455048968,76.53155493));
#4686=CARTESIAN_POINT('',(-19.309932668,-2.969976193,77.56000667));
#4687=CARTESIAN_POINT('',(-18.788502235,-3.484903419,78.588458411));
#4688=CARTESIAN_POINT('',(-18.244569758,-3.959923344,79.620974477));
#4689=CARTESIAN_POINT('',(-17.68203682,-4.393140355,80.65974636));
#4690=CARTESIAN_POINT('',(-17.119503882,-4.826357365,81.698518243));
#4691=CARTESIAN_POINT('',(-16.538278611,-5.217856904,82.743690516));
#4692=CARTESIAN_POINT('',(-15.942181904,-5.565714125,83.798110962));
#4693=CARTESIAN_POINT('',(-15.644133551,-5.739642736,84.325321185));
#4694=CARTESIAN_POINT('',(-15.341985091,-5.902844392,84.855518137));
#4695=CARTESIAN_POINT('',(-15.037534494,-6.054421026,85.386830404));
#4696=CARTESIAN_POINT('',(-14.733083898,-6.20599766,85.918142672));
#4697=CARTESIAN_POINT('',(-14.426924307,-6.34568959,86.449547384));
#4698=CARTESIAN_POINT('',(-14.11965223,-6.473553979,86.981374061));
#4699=CARTESIAN_POINT('',(-12.890563921,-6.985011536,89.108680769));
#4700=CARTESIAN_POINT('',(-11.643477024,-7.307337315,91.242617778));
#4701=CARTESIAN_POINT('',(-10.417269762,-7.442879214,93.40478387));
#4702=CARTESIAN_POINT('',(-9.191062501,-7.578421113,95.566949963));
#4703=CARTESIAN_POINT('',(-7.985342246,-7.527037417,97.757137449));
#4704=CARTESIAN_POINT('',(-6.844376621,-7.290713866,100.));
#4705=B_SPLINE_CURVE_WITH_KNOTS('',3,(#4599,#4600,#4601,#4602,#4603,#4604,#4605,#4606,#4607,#4608,#4609,#4610,#4611,#4612,#4613,#4614,#4615,#4616,#4617,#4618,#4619,#4620,#4621,#4622,#4623,#4624,
#4625,#4626,#4627,#4628,#4629,#4630,#4631,#4632,#4633,#4634,#4635,#4636,#4637,#4638,#4639,#4640,#4641,#4642,#4643,#4644,#4645,#4646,#4647,#4648,#4649,
#4650,#4651,#4652,#4653,#4654,#4655,#4656,#4657,#4658,#4659,#4660,#4661,#4662,#4663,#4664,#4665,#4666,#4667,#4668,#4669,#4670,#4671,#4672,#4673,#4674,
#4675,#4676,#4677,#4678,#4679,#4680,#4681,#4682,#4683,#4684,#4685,#4686,#4687,#4688,#4689,#4690,#4691,#4692,#4693,#4694,#4695,#4696,#4697,#4698,#4699,
#4700,#4701,#4702,#4703,#4704),.UNSPECIFIED.,.F.,.F.,(4,3,3,3,3,3,3,3,3,3,3,3,3,3,3,3,3,3,3,3,3,3,3,3,3,3,
3,3,3,3,3,3,3,3,3,4),(0.,0.001881849,0.003763698,0.005645548,0.007527397,0.008468322,0.009409246,0.011291095,0.013172945,0.014113869,0.015054794,0.016936643,0.018818492,0.022582191,0.026345889,0.030109588,0.033873286,0.037636985,0.041400683,0.045164382,0.052691779,0.054573628,0.056455477,0.060219176,0.063982874,0.067746573,
0.07527397,0.082801367,0.090328764,0.094092462,0.09785616,0.101619859,0.103501708,0.105383557,0.112910954,0.120438351),.UNSPECIFIED.);
#4706=EDGE_CURVE('',#4589,#4598,#4705,.T.);
#4707=ORIENTED_EDGE('',*,*,#4706,.T.);
#4708=CARTESIAN_POINT('',(-9.187509,49.148639219,5.882375089));
#4709=CARTESIAN_POINT('',(-9.069396095,48.921960181,6.457722474));
#4710=CARTESIAN_POINT('',(-8.914451751,48.705148054,7.025778864));
#4711=CARTESIAN_POINT('',(-8.738663736,48.493382657,7.589505952));
#4712=CARTESIAN_POINT('',(-8.562875721,48.281617259,8.15323304));
#4713=CARTESIAN_POINT('',(-8.366298388,48.074826682,8.712619894));
#4714=CARTESIAN_POINT('',(-8.17550744,47.865842652,9.272908864));
#4715=CARTESIAN_POINT('',(-7.984716492,47.656858622,9.833197834));
#4716=CARTESIAN_POINT('',(-7.80082314,47.445684756,10.393939741));
#4717=CARTESIAN_POINT('',(-7.655392514,47.226422969,10.9579566));
#4718=CARTESIAN_POINT('',(-7.509961888,47.007161183,11.52197346));
#4719=CARTESIAN_POINT('',(-7.40389147,46.779697775,12.089446256));
#4720=CARTESIAN_POINT('',(-7.357183182,46.540549472,12.662406692));
#4721=CARTESIAN_POINT('',(-7.333829038,46.42097532,12.94888691));
#4722=CARTESIAN_POINT('',(-7.325017777,46.298531844,13.23670883));
#4723=CARTESIAN_POINT('',(-7.331467041,46.173049985,13.525927608));
#4724=CARTESIAN_POINT('',(-7.337916305,46.047568125,13.815146386));
#4725=CARTESIAN_POINT('',(-7.359925283,45.918338239,14.107295734));
#4726=CARTESIAN_POINT('',(-7.39583332,45.789117029,14.393983658));
#4727=CARTESIAN_POINT('',(-7.467649394,45.530674609,14.967359507));
#4728=CARTESIAN_POINT('',(-7.594183878,45.270113822,15.524235202));
#4729=CARTESIAN_POINT('',(-7.758882677,45.006787928,16.068982868));
#4730=CARTESIAN_POINT('',(-7.923581476,44.743462035,16.613730534));
#4731=CARTESIAN_POINT('',(-8.126324996,44.477348198,17.146373015));
#4732=CARTESIAN_POINT('',(-8.354396963,44.207702069,17.670149686));
#4733=CARTESIAN_POINT('',(-8.468432946,44.072879005,17.932038021));
#4734=CARTESIAN_POINT('',(-8.588865265,43.937194947,18.191635061));
#4735=CARTESIAN_POINT('',(-8.713693948,43.801365305,18.447784181));
#4736=CARTESIAN_POINT('',(-8.838522631,43.665535663,18.703933302));
#4737=CARTESIAN_POINT('',(-8.967944973,43.529329761,18.957083415));
#4738=CARTESIAN_POINT('',(-9.100963687,43.392583945,19.207740437));
#4739=CARTESIAN_POINT('',(-9.367001114,43.119092315,19.709054481));
#4740=CARTESIAN_POINT('',(-9.647271186,42.843417559,20.200474642));
#4741=CARTESIAN_POINT('',(-9.936067969,42.564595615,20.684879072));
#4742=CARTESIAN_POINT('',(-10.224864753,42.285773671,21.169283502));
#4743=CARTESIAN_POINT('',(-10.522258286,42.003813872,21.646635394));
#4744=CARTESIAN_POINT('',(-10.824480986,41.718069334,22.118829062));
#4745=CARTESIAN_POINT('',(-11.428926388,41.146580257,23.063216398));
#4746=CARTESIAN_POINT('',(-12.052095819,40.559832157,23.987257978));
#4747=CARTESIAN_POINT('',(-12.676082271,39.95488097,24.900034554));
#4748=CARTESIAN_POINT('',(-13.300068723,39.349929783,25.812811131));
#4749=CARTESIAN_POINT('',(-13.92446268,38.7276163,26.712965254));
#4750=CARTESIAN_POINT('',(-14.53889948,38.086729388,27.606185439));
#4751=CARTESIAN_POINT('',(-15.15333628,37.445842477,28.499405625));
#4752=CARTESIAN_POINT('',(-15.75805814,36.786369263,29.385670744));
#4753=CARTESIAN_POINT('',(-16.346713802,36.107811474,30.268929688));
#4754=CARTESIAN_POINT('',(-16.935369464,35.429253684,31.152188631));
#4755=CARTESIAN_POINT('',(-17.508363206,34.731189436,32.032861508));
#4756=CARTESIAN_POINT('',(-18.058983212,34.016490903,32.910668911));
#4757=CARTESIAN_POINT('',(-18.609603218,33.301792371,33.788476313));
#4758=CARTESIAN_POINT('',(-19.138285658,32.570029317,34.664015496));
#4759=CARTESIAN_POINT('',(-19.641698861,31.821915873,35.53977211));
#4760=CARTESIAN_POINT('',(-20.145112064,31.073802429,36.415528724));
#4761=CARTESIAN_POINT('',(-20.623295616,30.309338752,37.291480634));
#4762=CARTESIAN_POINT('',(-21.073544685,29.529382663,38.169883871));
#4763=CARTESIAN_POINT('',(-21.523793754,28.749426573,39.048287107));
#4764=CARTESIAN_POINT('',(-21.946563067,27.952994888,39.930235319));
#4765=CARTESIAN_POINT('',(-22.337744645,27.144488964,40.814305026));
#4766=CARTESIAN_POINT('',(-23.1201078,25.527477116,42.582444441));
#4767=CARTESIAN_POINT('',(-23.77422498,23.866859468,44.353869375));
#4768=CARTESIAN_POINT('',(-24.28775126,22.175529481,46.144865539));
#4769=CARTESIAN_POINT('',(-24.41613283,21.752696984,46.59261458));
#4770=CARTESIAN_POINT('',(-24.535725311,21.327953232,47.041595287));
#4771=CARTESIAN_POINT('',(-24.646334337,20.90151728,47.49207907));
#4772=CARTESIAN_POINT('',(-24.756943364,20.475081327,47.942562854));
#4773=CARTESIAN_POINT('',(-24.858612124,20.046694428,48.394822398));
#4774=CARTESIAN_POINT('',(-24.950835491,19.618173066,48.847455202));
#4775=CARTESIAN_POINT('',(-25.135282224,18.761130342,49.752720811));
#4776=CARTESIAN_POINT('',(-25.282285173,17.902466101,50.660589779));
#4777=CARTESIAN_POINT('',(-25.391234895,17.044311568,51.573124906));
#4778=CARTESIAN_POINT('',(-25.500184618,16.186157035,52.485660034));
#4779=CARTESIAN_POINT('',(-25.571074554,15.328511374,53.402861259));
#4780=CARTESIAN_POINT('',(-25.603199053,14.473642753,54.326930209));
#4781=CARTESIAN_POINT('',(-25.635323552,13.618774132,55.250999159));
#4782=CARTESIAN_POINT('',(-25.628517903,12.765770496,56.182969174));
#4783=CARTESIAN_POINT('',(-25.582670631,11.923710816,57.117759966));
#4784=CARTESIAN_POINT('',(-25.490976087,10.239591456,58.98734155));
#4785=CARTESIAN_POINT('',(-25.243710314,8.593894764,60.87352658));
#4786=CARTESIAN_POINT('',(-24.842599591,7.007838346,62.795056713));
#4787=CARTESIAN_POINT('',(-24.441488867,5.421781928,64.716586847));
#4788=CARTESIAN_POINT('',(-23.89295413,3.921364455,66.642443365));
#4789=CARTESIAN_POINT('',(-23.21264265,2.526222781,68.58893663));
#4790=CARTESIAN_POINT('',(-22.53233117,1.131081108,70.535429894));
#4791=CARTESIAN_POINT('',(-21.719971489,-0.159439016,72.502951981));
#4792=CARTESIAN_POINT('',(-20.790324531,-1.32312988,74.512035182));
#4793=CARTESIAN_POINT('',(-20.325501052,-1.904975313,75.516576782));
#4794=CARTESIAN_POINT('',(-19.831363101,-2.455048968,76.53155493));
#4795=CARTESIAN_POINT('',(-19.309932668,-2.969976193,77.56000667));
#4796=CARTESIAN_POINT('',(-18.788502235,-3.484903419,78.588458411));
#4797=CARTESIAN_POINT('',(-18.244569758,-3.959923344,79.620974477));
#4798=CARTESIAN_POINT('',(-17.68203682,-4.393140355,80.65974636));
#4799=CARTESIAN_POINT('',(-17.119503882,-4.826357365,81.698518243));
#4800=CARTESIAN_POINT('',(-16.538278611,-5.217856904,82.743690516));
#4801=CARTESIAN_POINT('',(-15.942181904,-5.565714125,83.798110962));
#4802=CARTESIAN_POINT('',(-15.644133551,-5.739642736,84.325321185));
#4803=CARTESIAN_POINT('',(-15.341985091,-5.902844392,84.855518137));
#4804=CARTESIAN_POINT('',(-15.037534494,-6.054421026,85.386830404));
#4805=CARTESIAN_POINT('',(-14.733083898,-6.20599766,85.918142672));
#4806=CARTESIAN_POINT('',(-14.426924307,-6.34568959,86.449547384));
#4807=CARTESIAN_POINT('',(-14.11965223,-6.473553979,86.981374061));
#4808=CARTESIAN_POINT('',(-12.890563921,-6.985011536,89.108680769));
#4809=CARTESIAN_POINT('',(-11.643477024,-7.307337315,91.242617778));
#4810=CARTESIAN_POINT('',(-10.417269762,-7.442879214,93.40478387));
#4811=CARTESIAN_POINT('',(-9.191062501,-7.578421113,95.566949963));
#4812=CARTESIAN_POINT('',(-7.985342246,-7.527037417,97.757137449));
#4813=CARTESIAN_POINT('',(-6.844376621,-7.290713866,100.));
#4814=B_SPLINE_CURVE_WITH_KNOTS('',3,(#4708,#4709,#4710,#4711,#4712,#4713,#4714,#4715,#4716,#4717,#4718,#4719,#4720,#4721,#4722,#4723,#4724,#4725,#4726,#4727,#4728,#4729,#4730,#4731,#4732,#4733,
#4734,#4735,#4736,#4737,#4738,#4739,#4740,#4741,#4742,#4743,#4744,#4745,#4746,#4747,#4748,#4749,#4750,#4751,#4752,#4753,#4754,#4755,#4756,#4757,#4758,
#4759,#4760,#4761,#4762,#4763,#4764,#4765,#4766,#4767,#4768,#4769,#4770,#4771,#4772,#4773,#4774,#4775,#4776,#4777,#4778,#4779,#4780,#4781,#4782,#4783,
#4784,#4785,#4786,#4787,#4788,#4789,#4790,#4791,#4792,#4793,#4794,#4795,#4796,#4797,#4798,#4799,#4800,#4801,#4802,#4803,#4804,#4805,#4806,#4807,#4808,
#4809,#4810,#4811,#4812,#4813),.UNSPECIFIED.,.F.,.F.,(4,3,3,3,3,3,3,3,3,3,3,3,3,3,3,3,3,3,3,3,3,3,3,3,3,3,
3,3,3,3,3,3,3,3,3,4),(0.,0.001881849,0.003763698,0.005645548,0.007527397,0.008468322,0.009409246,0.011291095,0.013172945,0.014113869,0.015054794,0.016936643,0.018818492,0.022582191,0.026345889,0.030109588,0.033873286,0.037636985,0.041400683,0.045164382,0.052691779,0.054573628,0.056455477,0.060219176,0.063982874,0.067746573,
0.07527397,0.082801367,0.090328764,0.094092462,0.09785616,0.101619859,0.103501708,0.105383557,0.112910954,0.120438351),.UNSPECIFIED.);
#4815=EDGE_CURVE('',#4598,#4432,#4814,.T.);
#4816=ORIENTED_EDGE('',*,*,#4815,.T.);
#4817=ORIENTED_EDGE('',*,*,#4468,.F.);
#4818=ORIENTED_EDGE('',*,*,#90,.T.);
#4819=EDGE_LOOP('',(#4596,#4707,#4816,#4817,#4818));
#4820=FACE_BOUND('',#4819,.T.);
#4821=ADVANCED_FACE('',(#4820),#4587,.T.);
#4822=CARTESIAN_POINT('',(0.,50.,0.));
#4823=CARTESIAN_POINT('',(-3.272518764,50.,2.08335015));
#4824=CARTESIAN_POINT('',(-6.544903776,49.677695606,4.166666667));
#4825=CARTESIAN_POINT('',(-12.964128425,48.400832434,8.333333333));
#4826=CARTESIAN_POINT('',(-16.110782918,47.446305229,10.416666667));
#4827=CARTESIAN_POINT('',(-22.157560318,44.941648022,14.583333333));
#4828=CARTESIAN_POINT('',(-25.057533708,43.391579951,16.666666667));
#4829=CARTESIAN_POINT('',(-30.499489594,39.755381279,20.833333333));
#4830=CARTESIAN_POINT('',(-33.041337529,37.66934059,22.916666667));
#4831=CARTESIAN_POINT('',(-37.66934059,33.041337529,27.083333333));
#4832=CARTESIAN_POINT('',(-39.755381279,30.499489594,29.166666667));
#4833=CARTESIAN_POINT('',(-43.391579951,25.057533708,33.333333333));
#4834=CARTESIAN_POINT('',(-44.941648022,22.157560318,35.416666667));
#4835=CARTESIAN_POINT('',(-47.446305229,16.110782918,39.583333333));
#4836=CARTESIAN_POINT('',(-48.400832434,12.964128425,41.666666667));
#4837=CARTESIAN_POINT('',(-49.677695606,6.544903776,45.833333333));
#4838=CARTESIAN_POINT('',(-50.,3.272492347,47.916666667));
#4839=CARTESIAN_POINT('',(-50.,-3.272492347,52.083333333));
#4840=CARTESIAN_POINT('',(-49.677695606,-6.544903776,54.166666667));
#4841=CARTESIAN_POINT('',(-48.400832434,-12.964128425,58.333333333));
#4842=CARTESIAN_POINT('',(-47.446305229,-16.110782918,60.416666667));
#4843=CARTESIAN_POINT('',(-44.941648022,-22.157560318,64.583333333));
#4844=CARTESIAN_POINT('',(-43.391579951,-25.057533708,66.666666667));
#4845=CARTESIAN_POINT('',(-39.755381279,-30.499489594,70.833333333));
#4846=CARTESIAN_POINT('',(-37.66934059,-33.041337529,72.916666667));
#4847=CARTESIAN_POINT('',(-33.041337529,-37.66934059,77.083333333));
#4848=CARTESIAN_POINT('',(-30.499489594,-39.755381279,79.166666667));
#4849=CARTESIAN_POINT('',(-25.057533708,-43.391579951,83.333333333));
#4850=CARTESIAN_POINT('',(-22.157560318,-44.941648022,85.416666667));
#4851=CARTESIAN_POINT('',(-16.110782918,-47.446305229,89.583333333));
#4852=CARTESIAN_POINT('',(-12.964128425,-48.400832434,91.666666667));
#4853=CARTESIAN_POINT('',(-6.544903776,-49.677695606,95.833333333));
#4854=CARTESIAN_POINT('',(-3.272518764,-50.,97.91664985));
#4855=CARTESIAN_POINT('',(-0.,-50.,100.));
#4856=CARTESIAN_POINT('',(26.796508642,41.067830453,0.));
#4857=CARTESIAN_POINT('',(24.108603973,42.821671839,2.08334996));
#4858=CARTESIAN_POINT('',(21.248076021,44.310715021,4.166666667));
#4859=CARTESIAN_POINT('',(15.29129393,46.702211191,8.333333333));
#4860=CARTESIAN_POINT('',(12.195208536,47.604591049,10.416666667));
#4861=CARTESIAN_POINT('',(5.886326584,48.788024756,14.583333333));
#4862=CARTESIAN_POINT('',(2.673686026,49.069049341,16.666666667));
#4863=CARTESIAN_POINT('',(-3.74484899,48.998941889,20.833333333));
#4864=CARTESIAN_POINT('',(-6.950584738,48.647811585,22.916666667));
#4865=CARTESIAN_POINT('',(-13.232112119,47.326857165,27.083333333));
#4866=CARTESIAN_POINT('',(-16.307748429,46.357065711,29.166666667));
#4867=CARTESIAN_POINT('',(-22.210872599,43.836027861,33.333333333));
#4868=CARTESIAN_POINT('',(-25.038214493,42.2848438,35.416666667));
#4869=CARTESIAN_POINT('',(-30.336081701,38.660604589,39.583333333));
#4870=CARTESIAN_POINT('',(-32.806476016,36.587639055,41.666666667));
#4871=CARTESIAN_POINT('',(-37.295492196,31.999475965,45.833333333));
#4872=CARTESIAN_POINT('',(-39.314003063,29.48439186,47.916666667));
#4873=CARTESIAN_POINT('',(-42.821657842,24.108625425,52.083333333));
#4874=CARTESIAN_POINT('',(-44.31071502,21.248076021,54.166666667));
#4875=CARTESIAN_POINT('',(-46.702211191,15.29129393,58.333333333));
#4876=CARTESIAN_POINT('',(-47.604591049,12.195208536,60.416666667));
#4877=CARTESIAN_POINT('',(-48.788024756,5.886326584,64.583333333));
#4878=CARTESIAN_POINT('',(-49.069049341,2.673686026,66.666666667));
#4879=CARTESIAN_POINT('',(-48.998941889,-3.74484899,70.833333333));
#4880=CARTESIAN_POINT('',(-48.647811585,-6.950584738,72.916666667));
#4881=CARTESIAN_POINT('',(-47.326857165,-13.232112119,77.083333333));
#4882=CARTESIAN_POINT('',(-46.357065712,-16.307748429,79.166666667));
#4883=CARTESIAN_POINT('',(-43.836027861,-22.210872599,83.333333333));
#4884=CARTESIAN_POINT('',(-42.2848438,-25.038214493,85.416666667));
#4885=CARTESIAN_POINT('',(-38.660604589,-30.336081701,89.583333333));
#4886=CARTESIAN_POINT('',(-36.587639055,-32.806476016,91.666666667));
#4887=CARTESIAN_POINT('',(-31.999475965,-37.295492196,95.833333333));
#4888=CARTESIAN_POINT('',(-29.484413312,-39.313989066,97.91665004));
#4889=CARTESIAN_POINT('',(-26.796508642,-41.067830453,100.));
#4890=CARTESIAN_POINT('',(5.72282559,8.200565058,0.));
#4891=CARTESIAN_POINT('',(5.186099315,8.575123498,2.083335456));
#4892=CARTESIAN_POINT('',(4.612497569,8.896810351,4.166666667));
#4893=CARTESIAN_POINT('',(3.413526877,9.422112423,8.333333333));
#4894=CARTESIAN_POINT('',(2.788188125,9.625714271,10.416666667));
#4895=CARTESIAN_POINT('',(1.509773969,9.907015232,14.583333333));
#4896=CARTESIAN_POINT('',(0.856730176,9.984707389,16.666666667));
#4897=CARTESIAN_POINT('',(-0.451998706,10.011197002,20.833333333));
#4898=CARTESIAN_POINT('',(-1.107651434,9.959993803,22.916666667));
#4899=CARTESIAN_POINT('',(-2.396401325,9.730654086,27.083333333));
#4900=CARTESIAN_POINT('',(-3.029466621,9.552523239,29.166666667));
#4901=CARTESIAN_POINT('',(-4.248711584,9.07616759,33.333333333));
#4902=CARTESIAN_POINT('',(-4.834861104,8.777954565,35.416666667));
#4903=CARTESIAN_POINT('',(-5.93774624,8.072889063,39.583333333));
#4904=CARTESIAN_POINT('',(-6.454454586,7.66605402,41.666666667));
#4905=CARTESIAN_POINT('',(-7.398596638,6.759373938,45.833333333));
#4906=CARTESIAN_POINT('',(-7.826006999,6.259551318,47.916666667));
#4907=CARTESIAN_POINT('',(-8.575123117,5.186099862,52.083333333));
#4908=CARTESIAN_POINT('',(-8.896810351,4.612497569,54.166666667));
#4909=CARTESIAN_POINT('',(-9.422112423,3.413526877,58.333333333));
#4910=CARTESIAN_POINT('',(-9.625714271,2.788188125,60.416666667));
#4911=CARTESIAN_POINT('',(-9.907015232,1.509773969,64.583333333));
#4912=CARTESIAN_POINT('',(-9.984707389,0.856730176,66.666666667));
#4913=CARTESIAN_POINT('',(-10.011197002,-0.451998706,70.833333333));
#4914=CARTESIAN_POINT('',(-9.959993803,-1.107651434,72.916666667));
#4915=CARTESIAN_POINT('',(-9.730654086,-2.396401325,77.083333333));
#4916=CARTESIAN_POINT('',(-9.552523239,-3.029466621,79.166666667));
#4917=CARTESIAN_POINT('',(-9.07616759,-4.248711584,83.333333333));
#4918=CARTESIAN_POINT('',(-8.777954565,-4.834861104,85.416666667));
#4919=CARTESIAN_POINT('',(-8.072889063,-5.93774624,89.583333333));
#4920=CARTESIAN_POINT('',(-7.66605402,-6.454454586,91.666666667));
#4921=CARTESIAN_POINT('',(-6.759373938,-7.398596638,95.833333333));
#4922=CARTESIAN_POINT('',(-6.259551865,-7.826006617,97.916664544));
#4923=CARTESIAN_POINT('',(-5.72282559,-8.200565058,100.));
#4924=B_SPLINE_SURFACE_WITH_KNOTS('',2,3,((#4822,#4823,#4824,#4825,#4826,#4827,#4828,#4829,#4830,#4831,#4832,#4833,#4834,#4835,#4836,#4837,#4838,#4839,#4840,#4841,#4842,#4843,#4844,#4845,#4846,#4847,
#4848,#4849,#4850,#4851,#4852,#4853,#4854,#4855),(#4856,#4857,#4858,#4859,#4860,#4861,#4862,#4863,#4864,#4865,#4866,#4867,#4868,#4869,#4870,#4871,#4872,#4873,#4874,#4875,#4876,#4877,#4878,#4879,#4880,#4881,
#4882,#4883,#4884,#4885,#4886,#4887,#4888,#4889),(#4890,#4891,#4892,#4893,#4894,#4895,#4896,#4897,#4898,#4899,#4900,#4901,#4902,#4903,#4904,#4905,#4906,#4907,#4908,#4909,#4910,#4911,#4912,#4913,#4914,#4915,
#4916,#4917,#4918,#4919,#4920,#4921,#4922,#4923)),.UNSPECIFIED.,.F.,.F.,.U.,(3,3),(4,2,2,2,2,2,2,2,2,2,2,2,2,2,2,2,4),(0.,1.),(0.,0.0625,0.125,0.1875,0.25,0.3125,0.375,0.4375,0.5,0.5625,0.625,0.6875,0.75,0.8125,0.875,0.9375,1.),.UNSPECIFIED.);
#4925=CARTESIAN_POINT('',(-5.72282559,-8.200565058,100.));
#4926=VERTEX_POINT('',#4925);
#4927=CARTESIAN_POINT('',(5.72282559,8.200565058,0.));
#4928=CARTESIAN_POINT('',(5.186099315,8.575123498,2.083335456));
#4929=CARTESIAN_POINT('',(4.612497569,8.896810351,4.166666667));
#4930=CARTESIAN_POINT('',(3.413526877,9.422112423,8.333333333));
#4931=CARTESIAN_POINT('',(2.788188125,9.625714271,10.416666667));
#4932=CARTESIAN_POINT('',(1.509773969,9.907015232,14.583333333));
#4933=CARTESIAN_POINT('',(0.856730176,9.984707389,16.666666667));
#4934=CARTESIAN_POINT('',(-0.451998706,10.011197002,20.833333333));
#4935=CARTESIAN_POINT('',(-1.107651434,9.959993803,22.916666667));
#4936=CARTESIAN_POINT('',(-2.396401325,9.730654086,27.083333333));
#4937=CARTESIAN_POINT('',(-3.029466621,9.552523239,29.166666667));
#4938=CARTESIAN_POINT('',(-4.248711584,9.07616759,33.333333333));
#4939=CARTESIAN_POINT('',(-4.834861104,8.777954565,35.416666667));
#4940=CARTESIAN_POINT('',(-5.93774624,8.072889063,39.583333333));
#4941=CARTESIAN_POINT('',(-6.454454586,7.66605402,41.666666667));
#4942=CARTESIAN_POINT('',(-7.398596638,6.759373938,45.833333333));
#4943=CARTESIAN_POINT('',(-7.826006999,6.259551318,47.916666667));
#4944=CARTESIAN_POINT('',(-8.575123117,5.186099862,52.083333333));
#4945=CARTESIAN_POINT('',(-8.896810351,4.612497569,54.166666667));
#4946=CARTESIAN_POINT('',(-9.422112423,3.413526877,58.333333333));
#4947=CARTESIAN_POINT('',(-9.625714271,2.788188125,60.416666667));
#4948=CARTESIAN_POINT('',(-9.907015232,1.509773969,64.583333333));
#4949=CARTESIAN_POINT('',(-9.984707389,0.856730176,66.666666667));
#4950=CARTESIAN_POINT('',(-10.011197002,-0.451998706,70.833333333));
#4951=CARTESIAN_POINT('',(-9.959993803,-1.107651434,72.916666667));
#4952=CARTESIAN_POINT('',(-9.730654086,-2.396401325,77.083333333));
#4953=CARTESIAN_POINT('',(-9.552523239,-3.029466621,79.166666667));
#4954=CARTESIAN_POINT('',(-9.07616759,-4.248711584,83.333333333));
#4955=CARTESIAN_POINT('',(-8.777954565,-4.834861104,85.416666667));
#4956=CARTESIAN_POINT('',(-8.072889063,-5.93774624,89.583333333));
#4957=CARTESIAN_POINT('',(-7.66605402,-6.454454586,91.666666667));
#4958=CARTESIAN_POINT('',(-6.759373938,-7.398596638,95.833333333));
#4959=CARTESIAN_POINT('',(-6.259551865,-7.826006617,97.916664544));
#4960=CARTESIAN_POINT('',(-5.72282559,-8.200565058,100.));
#4961=B_SPLINE_CURVE_WITH_KNOTS('',3,(#4927,#4928,#4929,#4930,#4931,#4932,#4933,#4934,#4935,#4936,#4937,#4938,#4939,#4940,#4941,#4942,#4943,#4944,#4945,#4946,#4947,#4948,#4949,#4950,#4951,#4952,
#4953,#4954,#4955,#4956,#4957,#4958,#4959,#4960),.UNSPECIFIED.,.F.,.F.,(4,2,2,2,2,2,2,2,2,2,2,2,2,2,2,2,4),(0.,0.0625,0.125,0.1875,0.25,0.3125,0.375,0.4375,0.5,0.5625,0.625,0.6875,0.75,0.8125,0.875,0.9375,1.),.UNSPECIFIED.);
#4962=EDGE_CURVE('',#68,#4926,#4961,.T.);
#4963=ORIENTED_EDGE('',*,*,#4962,.T.);
#4964=CARTESIAN_POINT('',(-23.952475929,-0.,67.170644094));
#4965=VERTEX_POINT('',#4964);
#4966=CARTESIAN_POINT('',(-5.72282559,-8.200565058,100.));
#4967=CARTESIAN_POINT('',(-6.832917402,-8.606734122,97.72148761));
#4968=CARTESIAN_POINT('',(-8.038846699,-8.835548475,95.492265443));
#4969=CARTESIAN_POINT('',(-9.296012937,-8.875997179,93.287097869));
#4970=CARTESIAN_POINT('',(-9.924596056,-8.896221531,92.184514082));
#4971=CARTESIAN_POINT('',(-10.566124426,-8.869397924,91.088021146));
#4972=CARTESIAN_POINT('',(-11.215530107,-8.794201678,89.994749742));
#4973=CARTESIAN_POINT('',(-11.540232947,-8.756603555,89.44811404));
#4974=CARTESIAN_POINT('',(-11.866910562,-8.706914341,88.90228682));
#4975=CARTESIAN_POINT('',(-12.194942061,-8.644962508,88.356916327));
#4976=CARTESIAN_POINT('',(-12.522973559,-8.583010675,87.811545834));
#4977=CARTESIAN_POINT('',(-12.852957902,-8.508622187,87.265649031));
#4978=CARTESIAN_POINT('',(-13.181763697,-8.422332852,86.7230196));
#4979=CARTESIAN_POINT('',(-14.496986874,-8.07717551,84.552501875));
#4980=CARTESIAN_POINT('',(-15.794620863,-7.542394034,82.430846048));
#4981=CARTESIAN_POINT('',(-17.040278743,-6.829867052,80.333988225));
#4982=CARTESIAN_POINT('',(-17.663107682,-6.47360356,79.285559313));
#4983=CARTESIAN_POINT('',(-18.273053263,-6.072842916,78.243414396));
#4984=CARTESIAN_POINT('',(-18.866166656,-5.628720458,77.20486159));
#4985=CARTESIAN_POINT('',(-19.162723352,-5.406659228,76.685585187));
#4986=CARTESIAN_POINT('',(-19.455076019,-5.173755739,76.167209755));
#4987=CARTESIAN_POINT('',(-19.742736685,-4.930133454,75.649407909));
#4988=CARTESIAN_POINT('',(-20.030397351,-4.686511169,75.131606063));
#4989=CARTESIAN_POINT('',(-20.313079196,-4.432353748,74.614859025));
#4990=CARTESIAN_POINT('',(-20.588690518,-4.169574082,74.101989859));
#4991=CARTESIAN_POINT('',(-21.691135809,-3.118455418,72.050513198));
#4992=CARTESIAN_POINT('',(-22.688253453,-1.923250854,70.046516732));
#4993=CARTESIAN_POINT('',(-23.563337156,-0.606540403,68.067900478));
#4994=CARTESIAN_POINT('',(-24.438420859,0.710170047,66.089284224));
#4995=CARTESIAN_POINT('',(-25.191645639,2.148614403,64.136274142));
#4996=CARTESIAN_POINT('',(-25.806644449,3.690930471,62.189996845));
#4997=CARTESIAN_POINT('',(-25.960394152,4.076509488,61.70342752));
#4998=CARTESIAN_POINT('',(-26.105556587,4.468877605,61.216970941));
#4999=CARTESIAN_POINT('',(-26.240940376,4.864753216,60.733966372));
#5000=CARTESIAN_POINT('',(-26.376324164,5.260628828,60.250961803));
#5001=CARTESIAN_POINT('',(-26.502202057,5.660644228,59.770597282));
#5002=CARTESIAN_POINT('',(-26.618588893,6.06442985,59.292541108));
#5003=CARTESIAN_POINT('',(-26.851362563,6.872001093,58.336428759));
#5004=CARTESIAN_POINT('',(-27.046179209,7.69463553,57.389534662));
#5005=CARTESIAN_POINT('',(-27.203101716,8.529613874,56.449412804));
#5006=CARTESIAN_POINT('',(-27.516946731,10.199570561,54.569169089));
#5007=CARTESIAN_POINT('',(-27.679311086,11.918764346,52.715900399));
#5008=CARTESIAN_POINT('',(-27.689323867,13.668382244,50.872533958));
#5009=CARTESIAN_POINT('',(-27.694330257,14.543191193,49.950850737));
#5010=CARTESIAN_POINT('',(-27.661242371,15.42562908,49.031663012));
#5011=CARTESIAN_POINT('',(-27.589814127,16.313535452,48.112993352));
#5012=CARTESIAN_POINT('',(-27.554100005,16.757488639,47.653658522));
#5013=CARTESIAN_POINT('',(-27.508837816,17.202029661,47.195266252));
#5014=CARTESIAN_POINT('',(-27.454371804,17.645187008,46.739304424));
#5015=CARTESIAN_POINT('',(-27.399905793,18.088344356,46.283342597));
#5016=CARTESIAN_POINT('',(-27.336199351,18.530633663,45.829279504));
#5017=CARTESIAN_POINT('',(-27.26345869,18.971819692,45.376828429));
#5018=CARTESIAN_POINT('',(-26.972496048,20.736563808,43.567024131));
#5019=CARTESIAN_POINT('',(-26.537125649,22.483459866,41.782783087));
#5020=CARTESIAN_POINT('',(-25.969629713,24.199130544,40.007636257));
#5021=CARTESIAN_POINT('',(-25.402133776,25.914801221,38.232489427));
#5022=CARTESIAN_POINT('',(-24.702318655,27.59925895,36.466505989));
#5023=CARTESIAN_POINT('',(-23.884107476,29.240329359,34.69388625));
#5024=CARTESIAN_POINT('',(-23.475001886,30.060864563,33.807576381));
#5025=CARTESIAN_POINT('',(-23.035860717,30.871185361,32.918897299));
#5026=CARTESIAN_POINT('',(-22.572567739,31.664357443,32.031992689));
#5027=CARTESIAN_POINT('',(-22.109274761,32.457529526,31.14508808));
#5028=CARTESIAN_POINT('',(-21.621295911,33.23480634,30.25859373));
#5029=CARTESIAN_POINT('',(-21.112090047,33.995575215,29.37002454));
#5030=CARTESIAN_POINT('',(-20.602884182,34.756344089,28.48145535));
#5031=CARTESIAN_POINT('',(-20.072393166,35.500605341,27.590844557));
#5032=CARTESIAN_POINT('',(-19.525052209,36.227946833,26.695324841));
#5033=CARTESIAN_POINT('',(-18.977711252,36.955288325,25.799805126));
#5034=CARTESIAN_POINT('',(-18.413219649,37.665997157,24.898950084));
#5035=CARTESIAN_POINT('',(-17.839295977,38.358137217,23.991735242));
#5036=CARTESIAN_POINT('',(-17.265372305,39.050277277,23.084520399));
#5037=CARTESIAN_POINT('',(-16.681617548,39.724210095,22.170608335));
#5038=CARTESIAN_POINT('',(-16.096394246,40.380779595,21.245425028));
#5039=CARTESIAN_POINT('',(-15.511170944,41.037349095,20.32024172));
#5040=CARTESIAN_POINT('',(-14.924332754,41.676523111,19.38385501));
#5041=CARTESIAN_POINT('',(-14.348532518,42.300058539,18.429680901));
#5042=CARTESIAN_POINT('',(-14.0606324,42.611826254,17.952593847));
#5043=CARTESIAN_POINT('',(-13.775560379,42.919703016,17.471030672));
#5044=CARTESIAN_POINT('',(-13.495342102,43.224040391,16.983986621));
#5045=CARTESIAN_POINT('',(-13.215123825,43.528377766,16.49694257));
#5046=CARTESIAN_POINT('',(-12.939649875,43.829303748,16.004178909));
#5047=CARTESIAN_POINT('',(-12.672454529,44.126036943,15.506647533));
#5048=CARTESIAN_POINT('',(-12.138063838,44.719503333,14.511584782));
#5049=CARTESIAN_POINT('',(-11.635950709,45.297042315,13.495910059));
#5050=CARTESIAN_POINT('',(-11.188494992,45.862377348,12.45314005));
#5051=CARTESIAN_POINT('',(-10.964767133,46.145044864,11.931755045));
#5052=CARTESIAN_POINT('',(-10.754767074,46.424688739,11.403586717));
#5053=CARTESIAN_POINT('',(-10.560124197,46.701922013,10.868343853));
#5054=CARTESIAN_POINT('',(-10.36548132,46.979155287,10.333100989));
#5055=CARTESIAN_POINT('',(-10.186278335,47.253982716,9.790754867));
#5056=CARTESIAN_POINT('',(-10.022121495,47.527039674,9.241790154));
#5057=CARTESIAN_POINT('',(-9.857964654,47.800096632,8.69282544));
#5058=CARTESIAN_POINT('',(-9.708899339,48.071389758,8.137228508));
#5059=CARTESIAN_POINT('',(-9.571473394,48.34149009,7.576605064));
#5060=CARTESIAN_POINT('',(-9.434047448,48.611590423,7.01598162));
#5061=CARTESIAN_POINT('',(-9.308215949,48.880503695,6.450351664));
#5062=CARTESIAN_POINT('',(-9.187509,49.148639219,5.882375089));
#5063=B_SPLINE_CURVE_WITH_KNOTS('',3,(#4966,#4967,#4968,#4969,#4970,#4971,#4972,#4973,#4974,#4975,#4976,#4977,#4978,#4979,#4980,#4981,#4982,#4983,#4984,#4985,#4986,#4987,#4988,#4989,#4990,#4991,
#4992,#4993,#4994,#4995,#4996,#4997,#4998,#4999,#5000,#5001,#5002,#5003,#5004,#5005,#5006,#5007,#5008,#5009,#5010,#5011,#5012,#5013,#5014,#5015,#5016,
#5017,#5018,#5019,#5020,#5021,#5022,#5023,#5024,#5025,#5026,#5027,#5028,#5029,#5030,#5031,#5032,#5033,#5034,#5035,#5036,#5037,#5038,#5039,#5040,#5041,
#5042,#5043,#5044,#5045,#5046,#5047,#5048,#5049,#5050,#5051,#5052,#5053,#5054,#5055,#5056,#5057,#5058,#5059,#5060,#5061,#5062),.UNSPECIFIED.,.F.,.F.,(4,3,3,3,3,3,3,3,3,3,3,3,3,3,3,3,3,3,3,3,3,3,3,3,3,3,
3,3,3,3,3,3,4),(0.,0.007615674,0.011423511,0.013327429,0.015231348,0.022847021,0.026654858,0.028558777,0.030462695,0.038078369,0.045694043,0.047597961,0.04950188,0.053309717,0.06092539,0.064733227,0.066637146,0.068541064,0.076156738,0.083772412,0.087580249,0.091388086,0.095195923,0.099003759,0.102811596,0.106619433,
0.108523352,0.11042727,0.114235107,0.116139026,0.118042944,0.119946862,0.121850781),.UNSPECIFIED.);
#5064=EDGE_CURVE('',#4926,#4965,#5063,.T.);
#5065=ORIENTED_EDGE('',*,*,#5064,.T.);
#5066=CARTESIAN_POINT('',(-5.72282559,-8.200565058,100.));
#5067=CARTESIAN_POINT('',(-6.832917402,-8.606734122,97.72148761));
#5068=CARTESIAN_POINT('',(-8.038846699,-8.835548475,95.492265443));
#5069=CARTESIAN_POINT('',(-9.296012937,-8.875997179,93.287097869));
#5070=CARTESIAN_POINT('',(-9.924596056,-8.896221531,92.184514082));
#5071=CARTESIAN_POINT('',(-10.566124426,-8.869397924,91.088021146));
#5072=CARTESIAN_POINT('',(-11.215530107,-8.794201678,89.994749742));
#5073=CARTESIAN_POINT('',(-11.540232947,-8.756603555,89.44811404));
#5074=CARTESIAN_POINT('',(-11.866910562,-8.706914341,88.90228682));
#5075=CARTESIAN_POINT('',(-12.194942061,-8.644962508,88.356916327));
#5076=CARTESIAN_POINT('',(-12.522973559,-8.583010675,87.811545834));
#5077=CARTESIAN_POINT('',(-12.852957902,-8.508622187,87.265649031));
#5078=CARTESIAN_POINT('',(-13.181763697,-8.422332852,86.7230196));
#5079=CARTESIAN_POINT('',(-14.496986874,-8.07717551,84.552501875));
#5080=CARTESIAN_POINT('',(-15.794620863,-7.542394034,82.430846048));
#5081=CARTESIAN_POINT('',(-17.040278743,-6.829867052,80.333988225));
#5082=CARTESIAN_POINT('',(-17.663107682,-6.47360356,79.285559313));
#5083=CARTESIAN_POINT('',(-18.273053263,-6.072842916,78.243414396));
#5084=CARTESIAN_POINT('',(-18.866166656,-5.628720458,77.20486159));
#5085=CARTESIAN_POINT('',(-19.162723352,-5.406659228,76.685585187));
#5086=CARTESIAN_POINT('',(-19.455076019,-5.173755739,76.167209755));
#5087=CARTESIAN_POINT('',(-19.742736685,-4.930133454,75.649407909));
#5088=CARTESIAN_POINT('',(-20.030397351,-4.686511169,75.131606063));
#5089=CARTESIAN_POINT('',(-20.313079196,-4.432353748,74.614859025));
#5090=CARTESIAN_POINT('',(-20.588690518,-4.169574082,74.101989859));
#5091=CARTESIAN_POINT('',(-21.691135809,-3.118455418,72.050513198));
#5092=CARTESIAN_POINT('',(-22.688253453,-1.923250854,70.046516732));
#5093=CARTESIAN_POINT('',(-23.563337156,-0.606540403,68.067900478));
#5094=CARTESIAN_POINT('',(-24.438420859,0.710170047,66.089284224));
#5095=CARTESIAN_POINT('',(-25.191645639,2.148614403,64.136274142));
#5096=CARTESIAN_POINT('',(-25.806644449,3.690930471,62.189996845));
#5097=CARTESIAN_POINT('',(-25.960394152,4.076509488,61.70342752));
#5098=CARTESIAN_POINT('',(-26.105556587,4.468877605,61.216970941));
#5099=CARTESIAN_POINT('',(-26.240940376,4.864753216,60.733966372));
#5100=CARTESIAN_POINT('',(-26.376324164,5.260628828,60.250961803));
#5101=CARTESIAN_POINT('',(-26.502202057,5.660644228,59.770597282));
#5102=CARTESIAN_POINT('',(-26.618588893,6.06442985,59.292541108));
#5103=CARTESIAN_POINT('',(-26.851362563,6.872001093,58.336428759));
#5104=CARTESIAN_POINT('',(-27.046179209,7.69463553,57.389534662));
#5105=CARTESIAN_POINT('',(-27.203101716,8.529613874,56.449412804));
#5106=CARTESIAN_POINT('',(-27.516946731,10.199570561,54.569169089));
#5107=CARTESIAN_POINT('',(-27.679311086,11.918764346,52.715900399));
#5108=CARTESIAN_POINT('',(-27.689323867,13.668382244,50.872533958));
#5109=CARTESIAN_POINT('',(-27.694330257,14.543191193,49.950850737));
#5110=CARTESIAN_POINT('',(-27.661242371,15.42562908,49.031663012));
#5111=CARTESIAN_POINT('',(-27.589814127,16.313535452,48.112993352));
#5112=CARTESIAN_POINT('',(-27.554100005,16.757488639,47.653658522));
#5113=CARTESIAN_POINT('',(-27.508837816,17.202029661,47.195266252));
#5114=CARTESIAN_POINT('',(-27.454371804,17.645187008,46.739304424));
#5115=CARTESIAN_POINT('',(-27.399905793,18.088344356,46.283342597));
#5116=CARTESIAN_POINT('',(-27.336199351,18.530633663,45.829279504));
#5117=CARTESIAN_POINT('',(-27.26345869,18.971819692,45.376828429));
#5118=CARTESIAN_POINT('',(-26.972496048,20.736563808,43.567024131));
#5119=CARTESIAN_POINT('',(-26.537125649,22.483459866,41.782783087));
#5120=CARTESIAN_POINT('',(-25.969629713,24.199130544,40.007636257));
#5121=CARTESIAN_POINT('',(-25.402133776,25.914801221,38.232489427));
#5122=CARTESIAN_POINT('',(-24.702318655,27.59925895,36.466505989));
#5123=CARTESIAN_POINT('',(-23.884107476,29.240329359,34.69388625));
#5124=CARTESIAN_POINT('',(-23.475001886,30.060864563,33.807576381));
#5125=CARTESIAN_POINT('',(-23.035860717,30.871185361,32.918897299));
#5126=CARTESIAN_POINT('',(-22.572567739,31.664357443,32.031992689));
#5127=CARTESIAN_POINT('',(-22.109274761,32.457529526,31.14508808));
#5128=CARTESIAN_POINT('',(-21.621295911,33.23480634,30.25859373));
#5129=CARTESIAN_POINT('',(-21.112090047,33.995575215,29.37002454));
#5130=CARTESIAN_POINT('',(-20.602884182,34.756344089,28.48145535));
#5131=CARTESIAN_POINT('',(-20.072393166,35.500605341,27.590844557));
#5132=CARTESIAN_POINT('',(-19.525052209,36.227946833,26.695324841));
#5133=CARTESIAN_POINT('',(-18.977711252,36.955288325,25.799805126));
#5134=CARTESIAN_POINT('',(-18.413219649,37.665997157,24.898950084));
#5135=CARTESIAN_POINT('',(-17.839295977,38.358137217,23.991735242));
#5136=CARTESIAN_POINT('',(-17.265372305,39.050277277,23.084520399));
#5137=CARTESIAN_POINT('',(-16.681617548,39.724210095,22.170608335));
#5138=CARTESIAN_POINT('',(-16.096394246,40.380779595,21.245425028));
#5139=CARTESIAN_POINT('',(-15.511170944,41.037349095,20.32024172));
#5140=CARTESIAN_POINT('',(-14.924332754,41.676523111,19.38385501));
#5141=CARTESIAN_POINT('',(-14.348532518,42.300058539,18.429680901));
#5142=CARTESIAN_POINT('',(-14.0606324,42.611826254,17.952593847));
#5143=CARTESIAN_POINT('',(-13.775560379,42.919703016,17.471030672));
#5144=CARTESIAN_POINT('',(-13.495342102,43.224040391,16.983986621));
#5145=CARTESIAN_POINT('',(-13.215123825,43.528377766,16.49694257));
#5146=CARTESIAN_POINT('',(-12.939649875,43.829303748,16.004178909));
#5147=CARTESIAN_POINT('',(-12.672454529,44.126036943,15.506647533));
#5148=CARTESIAN_POINT('',(-12.138063838,44.719503333,14.511584782));
#5149=CARTESIAN_POINT('',(-11.635950709,45.297042315,13.495910059));
#5150=CARTESIAN_POINT('',(-11.188494992,45.862377348,12.45314005));
#5151=CARTESIAN_POINT('',(-10.964767133,46.145044864,11.931755045));
#5152=CARTESIAN_POINT('',(-10.754767074,46.424688739,11.403586717));
#5153=CARTESIAN_POINT('',(-10.560124197,46.701922013,10.868343853));
#5154=CARTESIAN_POINT('',(-10.36548132,46.979155287,10.333100989));
#5155=CARTESIAN_POINT('',(-10.186278335,47.253982716,9.790754867));
#5156=CARTESIAN_POINT('',(-10.022121495,47.527039674,9.241790154));
#5157=CARTESIAN_POINT('',(-9.857964654,47.800096632,8.69282544));
#5158=CARTESIAN_POINT('',(-9.708899339,48.071389758,8.137228508));
#5159=CARTESIAN_POINT('',(-9.571473394,48.34149009,7.576605064));
#5160=CARTESIAN_POINT('',(-9.434047448,48.611590423,7.01598162));
#5161=CARTESIAN_POINT('',(-9.308215949,48.880503695,6.450351664));
#5162=CARTESIAN_POINT('',(-9.187509,49.148639219,5.882375089));
#5163=B_SPLINE_CURVE_WITH_KNOTS('',3,(#5066,#5067,#5068,#5069,#5070,#5071,#5072,#5073,#5074,#5075,#5076,#5077,#5078,#5079,#5080,#5081,#5082,#5083,#5084,#5085,#5086,#5087,#5088,#5089,#5090,#5091,
#5092,#5093,#5094,#5095,#5096,#5097,#5098,#5099,#5100,#5101,#5102,#5103,#5104,#5105,#5106,#5107,#5108,#5109,#5110,#5111,#5112,#5113,#5114,#5115,#5116,
#5117,#5118,#5119,#5120,#5121,#5122,#5123,#5124,#5125,#5126,#5127,#5128,#5129,#5130,#5131,#5132,#5133,#5134,#5135,#5136,#5137,#5138,#5139,#5140,#5141,
#5142,#5143,#5144,#5145,#5146,#5147,#5148,#5149,#5150,#5151,#5152,#5153,#5154,#5155,#5156,#5157,#5158,#5159,#5160,#5161,#5162),.UNSPECIFIED.,.F.,.F.,(4,3,3,3,3,3,3,3,3,3,3,3,3,3,3,3,3,3,3,3,3,3,3,3,3,3,
3,3,3,3,3,3,4),(0.,0.007615674,0.011423511,0.013327429,0.015231348,0.022847021,0.026654858,0.028558777,0.030462695,0.038078369,0.045694043,0.047597961,0.04950188,0.053309717,0.06092539,0.064733227,0.066637146,0.068541064,0.076156738,0.083772412,0.087580249,0.091388086,0.095195923,0.099003759,0.102811596,0.106619433,
0.108523352,0.11042727,0.114235107,0.116139026,0.118042944,0.119946862,0.121850781),.UNSPECIFIED.);
#5164=EDGE_CURVE('',#4965,#4589,#5163,.T.);
#5165=ORIENTED_EDGE('',*,*,#5164,.T.);
#5166=ORIENTED_EDGE('',*,*,#4595,.F.);
#5167=ORIENTED_EDGE('',*,*,#82,.T.);
#5168=EDGE_LOOP('',(#4963,#5065,#5165,#5166,#5167));
#5169=FACE_BOUND('',#5168,.T.);
#5170=ADVANCED_FACE('',(#5169),#4924,.T.);
#5171=CARTESIAN_POINT('',(5.72282559,8.200565058,0.));
#5172=CARTESIAN_POINT('',(5.186099315,8.575123498,2.083335456));
#5173=CARTESIAN_POINT('',(4.612497569,8.896810351,4.166666667));
#5174=CARTESIAN_POINT('',(3.413526877,9.422112423,8.333333333));
#5175=CARTESIAN_POINT('',(2.788188125,9.625714271,10.416666667));
#5176=CARTESIAN_POINT('',(1.509773969,9.907015232,14.583333333));
#5177=CARTESIAN_POINT('',(0.856730176,9.984707389,16.666666667));
#5178=CARTESIAN_POINT('',(-0.451998706,10.011197002,20.833333333));
#5179=CARTESIAN_POINT('',(-1.107651434,9.959993803,22.916666667));
#5180=CARTESIAN_POINT('',(-2.396401325,9.730654086,27.083333333));
#5181=CARTESIAN_POINT('',(-3.029466621,9.552523239,29.166666667));
#5182=CARTESIAN_POINT('',(-4.248711584,9.07616759,33.333333333));
#5183=CARTESIAN_POINT('',(-4.834861104,8.777954565,35.416666667));
#5184=CARTESIAN_POINT('',(-5.93774624,8.072889063,39.583333333));
#5185=CARTESIAN_POINT('',(-6.454454586,7.66605402,41.666666667));
#5186=CARTESIAN_POINT('',(-7.398596638,6.759373938,45.833333333));
#5187=CARTESIAN_POINT('',(-7.826006999,6.259551318,47.916666667));
#5188=CARTESIAN_POINT('',(-8.575123117,5.186099862,52.083333333));
#5189=CARTESIAN_POINT('',(-8.896810351,4.612497569,54.166666667));
#5190=CARTESIAN_POINT('',(-9.422112423,3.413526877,58.333333333));
#5191=CARTESIAN_POINT('',(-9.625714271,2.788188125,60.416666667));
#5192=CARTESIAN_POINT('',(-9.907015232,1.509773969,64.583333333));
#5193=CARTESIAN_POINT('',(-9.984707389,0.856730176,66.666666667));
#5194=CARTESIAN_POINT('',(-10.011197002,-0.451998706,70.833333333));
#5195=CARTESIAN_POINT('',(-9.959993803,-1.107651434,72.916666667));
#5196=CARTESIAN_POINT('',(-9.730654086,-2.396401325,77.083333333));
#5197=CARTESIAN_POINT('',(-9.552523239,-3.029466621,79.166666667));
#5198=CARTESIAN_POINT('',(-9.07616759,-4.248711584,83.333333333));
#5199=CARTESIAN_POINT('',(-8.777954565,-4.834861104,85.416666667));
#5200=CARTESIAN_POINT('',(-8.072889063,-5.93774624,89.583333333));
#5201=CARTESIAN_POINT('',(-7.66605402,-6.454454586,91.666666667));
#5202=CARTESIAN_POINT('',(-6.759373938,-7.398596638,95.833333333));
#5203=CARTESIAN_POINT('',(-6.259551865,-7.826006617,97.916664544));
#5204=CARTESIAN_POINT('',(-5.72282559,-8.200565058,100.));
#5205=CARTESIAN_POINT('',(3.940381544,9.444456951,0.));
#5206=CARTESIAN_POINT('',(3.322242625,9.702354594,2.083335547));
#5207=CARTESIAN_POINT('',(2.678720259,9.899365513,4.166666667));
#5208=CARTESIAN_POINT('',(1.36557188,10.164063814,8.333333333));
#5209=CARTESIAN_POINT('',(0.695978995,10.231744378,10.416666667));
#5210=CARTESIAN_POINT('',(-0.643577683,10.235174036,14.583333333));
#5211=CARTESIAN_POINT('',(-1.313508352,10.170923045,16.666666667));
#5212=CARTESIAN_POINT('',(-2.627994917,9.91295226,20.833333333));
#5213=CARTESIAN_POINT('',(-3.272518309,9.719238844,22.916666667));
#5214=CARTESIAN_POINT('',(-4.51141978,9.209781287,27.083333333));
#5215=CARTESIAN_POINT('',(-5.105767224,8.894049744,29.166666667));
#5216=CARTESIAN_POINT('',(-6.221473311,8.152683584,33.333333333));
#5217=CARTESIAN_POINT('',(-6.742804367,7.7270673,35.416666667));
#5218=CARTESIAN_POINT('',(-7.692439111,6.782282824,39.583333333));
#5219=CARTESIAN_POINT('',(-8.120719319,6.263137993,41.666666667));
#5220=CARTESIAN_POINT('',(-8.867788791,5.151242738,45.833333333));
#5221=CARTESIAN_POINT('',(-9.186559582,4.558519806,47.916666667));
#5222=CARTESIAN_POINT('',(-9.70235432,3.322243282,52.083333333));
#5223=CARTESIAN_POINT('',(-9.899365513,2.678720259,54.166666667));
#5224=CARTESIAN_POINT('',(-10.164063814,1.36557188,58.333333333));
#5225=CARTESIAN_POINT('',(-10.231744378,0.695978995,60.416666667));
#5226=CARTESIAN_POINT('',(-10.235174036,-0.643577683,64.583333333));
#5227=CARTESIAN_POINT('',(-10.170923045,-1.313508352,66.666666667));
#5228=CARTESIAN_POINT('',(-9.91295226,-2.627994917,70.833333333));
#5229=CARTESIAN_POINT('',(-9.719238844,-3.272518309,72.916666667));
#5230=CARTESIAN_POINT('',(-9.209781287,-4.51141978,77.083333333));
#5231=CARTESIAN_POINT('',(-8.894049744,-5.105767224,79.166666667));
#5232=CARTESIAN_POINT('',(-8.152683584,-6.221473311,83.333333333));
#5233=CARTESIAN_POINT('',(-7.7270673,-6.742804367,85.416666667));
#5234=CARTESIAN_POINT('',(-6.782282824,-7.692439111,89.583333333));
#5235=CARTESIAN_POINT('',(-6.263137993,-8.120719319,91.666666667));
#5236=CARTESIAN_POINT('',(-5.151242738,-8.867788791,95.833333333));
#5237=CARTESIAN_POINT('',(-4.558520463,-9.186559308,97.916664453));
#5238=CARTESIAN_POINT('',(-3.940381544,-9.444456951,100.));
#5239=CARTESIAN_POINT('',(1.856871584,10.063617726,0.));
#5240=CARTESIAN_POINT('',(1.198208644,10.185149816,2.083335547));
#5241=CARTESIAN_POINT('',(0.527593833,10.241807679,4.166666667));
#5242=CARTESIAN_POINT('',(-0.811838045,10.223203939,8.333333333));
#5243=CARTESIAN_POINT('',(-1.480621293,10.147942667,10.416666667));
#5244=CARTESIAN_POINT('',(-2.790686953,9.868386196,14.583333333));
#5245=CARTESIAN_POINT('',(-3.431936972,9.664097909,16.666666667));
#5246=CARTESIAN_POINT('',(-4.662291327,9.134331906,20.833333333));
#5247=CARTESIAN_POINT('',(-5.251365239,8.808867289,22.916666667));
#5248=CARTESIAN_POINT('',(-6.354726459,8.049250364,27.083333333));
#5249=CARTESIAN_POINT('',(-6.868986484,7.615116838,29.166666667));
#5250=CARTESIAN_POINT('',(-7.802953017,6.654840644,33.333333333));
#5251=CARTESIAN_POINT('',(-8.222636431,6.128721719,35.416666667));
#5252=CARTESIAN_POINT('',(-8.951316467,5.00468913,39.583333333));
#5253=CARTESIAN_POINT('',(-9.260295071,4.40680326,41.666666667));
#5254=CARTESIAN_POINT('',(-9.755685845,3.16221022,45.833333333));
#5255=CARTESIAN_POINT('',(-9.942085765,2.515533824,47.916666667));
#5256=CARTESIAN_POINT('',(-10.185149687,1.198209344,52.083333333));
#5257=CARTESIAN_POINT('',(-10.241807679,0.527593833,54.166666667));
#5258=CARTESIAN_POINT('',(-10.223203939,-0.811838045,58.333333333));
#5259=CARTESIAN_POINT('',(-10.147942667,-1.480621293,60.416666667));
#5260=CARTESIAN_POINT('',(-9.868386196,-2.790686953,64.583333333));
#5261=CARTESIAN_POINT('',(-9.664097909,-3.431936972,66.666666667));
#5262=CARTESIAN_POINT('',(-9.134331906,-4.662291327,70.833333333));
#5263=CARTESIAN_POINT('',(-8.808867289,-5.251365239,72.916666667));
#5264=CARTESIAN_POINT('',(-8.049250364,-6.354726459,77.083333333));
#5265=CARTESIAN_POINT('',(-7.615116838,-6.868986484,79.166666667));
#5266=CARTESIAN_POINT('',(-6.654840644,-7.802953017,83.333333333));
#5267=CARTESIAN_POINT('',(-6.128721719,-8.222636431,85.416666667));
#5268=CARTESIAN_POINT('',(-5.00468913,-8.951316467,89.583333333));
#5269=CARTESIAN_POINT('',(-4.40680326,-9.260295071,91.666666667));
#5270=CARTESIAN_POINT('',(-3.16221022,-9.755685845,95.833333333));
#5271=CARTESIAN_POINT('',(-2.515534524,-9.942085636,97.916664453));
#5272=CARTESIAN_POINT('',(-1.856871584,-10.063617726,100.));
#5273=CARTESIAN_POINT('',(-0.315608093,9.995018336,0.));
#5274=CARTESIAN_POINT('',(-0.969781179,9.974361813,2.083335456));
#5275=CARTESIAN_POINT('',(-1.62190232,9.889277077,4.166666667));
#5276=CARTESIAN_POINT('',(-2.897047914,9.593512476,8.333333333));
#5277=CARTESIAN_POINT('',(-3.520040171,9.382839945,10.416666667));
#5278=CARTESIAN_POINT('',(-4.712983389,8.843989813,14.583333333));
#5279=CARTESIAN_POINT('',(-5.282904853,8.515825536,16.666666667));
#5280=CARTESIAN_POINT('',(-6.347801556,7.754597582,20.833333333));
#5281=CARTESIAN_POINT('',(-6.842750463,7.321552728,22.916666667));
#5282=CARTESIAN_POINT('',(-7.738677268,6.367200514,27.083333333));
#5283=CARTESIAN_POINT('',(-8.139633011,5.845916753,29.166666667));
#5284=CARTESIAN_POINT('',(-8.832159953,4.735115502,33.333333333));
#5285=CARTESIAN_POINT('',(-9.123714027,4.145625477,35.416666667));
#5286=CARTESIAN_POINT('',(-9.586227684,2.921062656,39.583333333));
#5287=CARTESIAN_POINT('',(-9.75717583,2.286020138,41.666666667));
#5288=CARTESIAN_POINT('',(-9.971902061,0.99475501,45.833333333));
#5289=CARTESIAN_POINT('',(-10.015674837,0.338564328,47.916666667));
#5290=CARTESIAN_POINT('',(-9.974361834,-0.969780513,52.083333333));
#5291=CARTESIAN_POINT('',(-9.889277077,-1.62190232,54.166666667));
#5292=CARTESIAN_POINT('',(-9.593512476,-2.897047914,58.333333333));
#5293=CARTESIAN_POINT('',(-9.382839945,-3.520040171,60.416666667));
#5294=CARTESIAN_POINT('',(-8.843989813,-4.712983389,64.583333333));
#5295=CARTESIAN_POINT('',(-8.515825536,-5.282904853,66.666666667));
#5296=CARTESIAN_POINT('',(-7.754597582,-6.347801556,70.833333333));
#5297=CARTESIAN_POINT('',(-7.321552728,-6.842750463,72.916666667));
#5298=CARTESIAN_POINT('',(-6.367200514,-7.738677268,77.083333333));
#5299=CARTESIAN_POINT('',(-5.845916753,-8.139633011,79.166666667));
#5300=CARTESIAN_POINT('',(-4.735115502,-8.832159953,83.333333333));
#5301=CARTESIAN_POINT('',(-4.145625477,-9.123714027,85.416666667));
#5302=CARTESIAN_POINT('',(-2.921062656,-9.586227684,89.583333333));
#5303=CARTESIAN_POINT('',(-2.286020138,-9.75717583,91.666666667));
#5304=CARTESIAN_POINT('',(-0.99475501,-9.971902061,95.833333333));
#5305=CARTESIAN_POINT('',(-0.338564994,-10.015674858,97.916664544));
#5306=CARTESIAN_POINT('',(0.315608093,-9.995018336,100.));
#5307=(BOUNDED_SURFACE()
B_SPLINE_SURFACE(3,3,((#5171,#5172,#5173,#5174,#5175,#5176,#5177,#5178,#5179,#5180,#5181,#5182,#5183,#5184,#5185,#5186,#5187,#5188,#5189,#5190,#5191,#5192,#5193,#5194,#5195,#5196,
#5197,#5198,#5199,#5200,#5201,#5202,#5203,#5204),(#5205,#5206,#5207,#5208,#5209,#5210,#5211,#5212,#5213,#5214,#5215,#5216,#5217,#5218,#5219,#5220,#5221,#5222,#5223,#5224,#5225,#5226,#5227,#5228,#5229,#5230,
#5231,#5232,#5233,#5234,#5235,#5236,#5237,#5238),(#5239,#5240,#5241,#5242,#5243,#5244,#5245,#5246,#5247,#5248,#5249,#5250,#5251,#5252,#5253,#5254,#5255,#5256,#5257,#5258,#5259,#5260,#5261,#5262,#5263,#5264,
#5265,#5266,#5267,#5268,#5269,#5270,#5271,#5272),(#5273,#5274,#5275,#5276,#5277,#5278,#5279,#5280,#5281,#5282,#5283,#5284,#5285,#5286,#5287,#5288,#5289,#5290,#5291,#5292,#5293,#5294,#5295,#5296,#5297,#5298,
#5299,#5300,#5301,#5302,#5303,#5304,#5305,#5306)),.UNSPECIFIED.,.F.,.F.,.U.)
B_SPLINE_SURFACE_WITH_KNOTS((4,4),(4,2,2,2,2,2,2,2,2,2,2,2,2,2,2,2,4),(0.,1.),(0.,0.0625,0.125,0.1875,0.25,0.3125,0.375,0.4375,0.5,0.5625,0.625,0.6875,0.75,0.8125,0.875,0.9375,1.),.UNSPECIFIED.)
GEOMETRIC_REPRESENTATION_ITEM()
RATIONAL_B_SPLINE_SURFACE(((1.,1.,1.,1.,1.,1.,1.,1.,1.,1.,1.,1.,1.,1.,1.,1.,1.,1.,1.,1.,1.,1.,1.,1.,1.,1.,
1.,1.,1.,1.,1.,1.,1.,1.),(0.966067485,0.966067485,0.966067485,0.966067485,0.966067485,0.966067485,0.966067485,0.966067485,0.966067485,0.966067485,0.966067485,0.966067485,0.966067485,0.966067485,0.966067485,0.966067485,0.966067485,0.966067485,0.966067485,0.966067485,0.966067485,0.966067485,0.966067485,0.966067485,0.966067485,0.966067485,
0.966067485,0.966067485,0.966067485,0.966067485,0.966067485,0.966067485,0.966067485,0.966067485),(0.966067485,0.966067485,0.966067485,0.966067485,0.966067485,0.966067485,0.966067485,0.966067485,0.966067485,0.966067485,0.966067485,0.966067485,0.966067485,0.966067485,0.966067485,0.966067485,0.966067485,0.966067485,0.966067485,0.966067485,0.966067485,0.966067485,0.966067485,0.966067485,0.966067485,0.966067485,
0.966067485,0.966067485,0.966067485,0.966067485,0.966067485,0.966067485,0.966067485,0.966067485),(1.,1.,1.,1.,1.,1.,1.,1.,1.,1.,1.,1.,1.,1.,1.,1.,1.,1.,1.,1.,1.,1.,1.,1.,1.,1.,
1.,1.,1.,1.,1.,1.,1.,1.)))
REPRESENTATION_ITEM('')
SURFACE()
);
#5308=CARTESIAN_POINT('',(0.315608093,-9.995018336,100.));
#5309=VERTEX_POINT('',#5308);
#5310=CARTESIAN_POINT('',(-0.315608093,9.995018336,0.));
#5311=CARTESIAN_POINT('',(-0.969781179,9.974361813,2.083335456));
#5312=CARTESIAN_POINT('',(-1.62190232,9.889277077,4.166666667));
#5313=CARTESIAN_POINT('',(-2.897047914,9.593512476,8.333333333));
#5314=CARTESIAN_POINT('',(-3.520040171,9.382839945,10.416666667));
#5315=CARTESIAN_POINT('',(-4.712983389,8.843989813,14.583333333));
#5316=CARTESIAN_POINT('',(-5.282904853,8.515825536,16.666666667));
#5317=CARTESIAN_POINT('',(-6.347801556,7.754597582,20.833333333));
#5318=CARTESIAN_POINT('',(-6.842750463,7.321552728,22.916666667));
#5319=CARTESIAN_POINT('',(-7.738677268,6.367200514,27.083333333));
#5320=CARTESIAN_POINT('',(-8.139633011,5.845916753,29.166666667));
#5321=CARTESIAN_POINT('',(-8.832159953,4.735115502,33.333333333));
#5322=CARTESIAN_POINT('',(-9.123714027,4.145625477,35.416666667));
#5323=CARTESIAN_POINT('',(-9.586227684,2.921062656,39.583333333));
#5324=CARTESIAN_POINT('',(-9.75717583,2.286020138,41.666666667));
#5325=CARTESIAN_POINT('',(-9.971902061,0.99475501,45.833333333));
#5326=CARTESIAN_POINT('',(-10.015674837,0.338564328,47.916666667));
#5327=CARTESIAN_POINT('',(-9.974361834,-0.969780513,52.083333333));
#5328=CARTESIAN_POINT('',(-9.889277077,-1.62190232,54.166666667));
#5329=CARTESIAN_POINT('',(-9.593512476,-2.897047914,58.333333333));
#5330=CARTESIAN_POINT('',(-9.382839945,-3.520040171,60.416666667));
#5331=CARTESIAN_POINT('',(-8.843989813,-4.712983389,64.583333333));
#5332=CARTESIAN_POINT('',(-8.515825536,-5.282904853,66.666666667));
#5333=CARTESIAN_POINT('',(-7.754597582,-6.347801556,70.833333333));
#5334=CARTESIAN_POINT('',(-7.321552728,-6.842750463,72.916666667));
#5335=CARTESIAN_POINT('',(-6.367200514,-7.738677268,77.083333333));
#5336=CARTESIAN_POINT('',(-5.845916753,-8.139633011,79.166666667));
#5337=CARTESIAN_POINT('',(-4.735115502,-8.832159953,83.333333333));
#5338=CARTESIAN_POINT('',(-4.145625477,-9.123714027,85.416666667));
#5339=CARTESIAN_POINT('',(-2.921062656,-9.586227684,89.583333333));
#5340=CARTESIAN_POINT('',(-2.286020138,-9.75717583,91.666666667));
#5341=CARTESIAN_POINT('',(-0.99475501,-9.971902061,95.833333333));
#5342=CARTESIAN_POINT('',(-0.338564994,-10.015674858,97.916664544));
#5343=CARTESIAN_POINT('',(0.315608093,-9.995018336,100.));
#5344=B_SPLINE_CURVE_WITH_KNOTS('',3,(#5310,#5311,#5312,#5313,#5314,#5315,#5316,#5317,#5318,#5319,#5320,#5321,#5322,#5323,#5324,#5325,#5326,#5327,#5328,#5329,#5330,#5331,#5332,#5333,#5334,#5335,
#5336,#5337,#5338,#5339,#5340,#5341,#5342,#5343),.UNSPECIFIED.,.F.,.F.,(4,2,2,2,2,2,2,2,2,2,2,2,2,2,2,2,4),(0.,0.0625,0.125,0.1875,0.25,0.3125,0.375,0.4375,0.5,0.5625,0.625,0.6875,0.75,0.8125,0.875,0.9375,1.),.UNSPECIFIED.);
#5345=EDGE_CURVE('',#60,#5309,#5344,.T.);
#5346=ORIENTED_EDGE('',*,*,#5345,.T.);
#5347=CARTESIAN_POINT('',(-5.72282559,-8.200565058,100.));
#5348=CARTESIAN_POINT('',(-4.845856992,-8.812564146,100.));
#5349=CARTESIAN_POINT('',(-3.874082123,-9.280953875,100.));
#5350=CARTESIAN_POINT('',(-2.848537894,-9.585709774,100.));
#5351=CARTESIAN_POINT('',(-1.822993665,-9.890465673,100.));
#5352=CARTESIAN_POINT('',(-0.75437876,-10.028804818,100.));
#5353=CARTESIAN_POINT('',(0.315608093,-9.995018336,100.));
#5354=B_SPLINE_CURVE_WITH_KNOTS('',3,(#5347,#5348,#5349,#5350,#5351,#5352,#5353),.UNSPECIFIED.,.F.,.F.,(4,3,4),(0.025197696,0.028409257,0.031620817),.UNSPECIFIED.);
#5355=EDGE_CURVE('',#4926,#5309,#5354,.T.);
#5356=ORIENTED_EDGE('',*,*,#5355,.F.);
#5357=ORIENTED_EDGE('',*,*,#4962,.F.);
#5358=ORIENTED_EDGE('',*,*,#74,.T.);
#5359=EDGE_LOOP('',(#5346,#5356,#5357,#5358));
#5360=FACE_BOUND('',#5359,.T.);
#5361=ADVANCED_FACE('',(#5360),#5307,.T.);
#5362=CARTESIAN_POINT('',(-0.315608093,9.995018336,0.));
#5363=CARTESIAN_POINT('',(-0.969781179,9.974361813,2.083335456));
#5364=CARTESIAN_POINT('',(-1.62190232,9.889277077,4.166666667));
#5365=CARTESIAN_POINT('',(-2.897047914,9.593512476,8.333333333));
#5366=CARTESIAN_POINT('',(-3.520040171,9.382839945,10.416666667));
#5367=CARTESIAN_POINT('',(-4.712983389,8.843989813,14.583333333));
#5368=CARTESIAN_POINT('',(-5.282904853,8.515825536,16.666666667));
#5369=CARTESIAN_POINT('',(-6.347801556,7.754597582,20.833333333));
#5370=CARTESIAN_POINT('',(-6.842750463,7.321552728,22.916666667));
#5371=CARTESIAN_POINT('',(-7.738677268,6.367200514,27.083333333));
#5372=CARTESIAN_POINT('',(-8.139633011,5.845916753,29.166666667));
#5373=CARTESIAN_POINT('',(-8.832159953,4.735115502,33.333333333));
#5374=CARTESIAN_POINT('',(-9.123714027,4.145625477,35.416666667));
#5375=CARTESIAN_POINT('',(-9.586227684,2.921062656,39.583333333));
#5376=CARTESIAN_POINT('',(-9.75717583,2.286020138,41.666666667));
#5377=CARTESIAN_POINT('',(-9.971902061,0.99475501,45.833333333));
#5378=CARTESIAN_POINT('',(-10.015674837,0.338564328,47.916666667));
#5379=CARTESIAN_POINT('',(-9.974361834,-0.969780513,52.083333333));
#5380=CARTESIAN_POINT('',(-9.889277077,-1.62190232,54.166666667));
#5381=CARTESIAN_POINT('',(-9.593512476,-2.897047914,58.333333333));
#5382=CARTESIAN_POINT('',(-9.382839945,-3.520040171,60.416666667));
#5383=CARTESIAN_POINT('',(-8.843989813,-4.712983389,64.583333333));
#5384=CARTESIAN_POINT('',(-8.515825536,-5.282904853,66.666666667));
#5385=CARTESIAN_POINT('',(-7.754597582,-6.347801556,70.833333333));
#5386=CARTESIAN_POINT('',(-7.321552728,-6.842750463,72.916666667));
#5387=CARTESIAN_POINT('',(-6.367200514,-7.738677268,77.083333333));
#5388=CARTESIAN_POINT('',(-5.845916753,-8.139633011,79.166666667));
#5389=CARTESIAN_POINT('',(-4.735115502,-8.832159953,83.333333333));
#5390=CARTESIAN_POINT('',(-4.145625477,-9.123714027,85.416666667));
#5391=CARTESIAN_POINT('',(-2.921062656,-9.586227684,89.583333333));
#5392=CARTESIAN_POINT('',(-2.286020138,-9.75717583,91.666666667));
#5393=CARTESIAN_POINT('',(-0.99475501,-9.971902061,95.833333333));
#5394=CARTESIAN_POINT('',(-0.338564994,-10.015674858,97.916664544));
#5395=CARTESIAN_POINT('',(0.315608093,-9.995018336,100.));
#5396=CARTESIAN_POINT('',(-3.340423794,54.564288219,0.));
#5397=CARTESIAN_POINT('',(-6.91167836,54.345656141,2.083350982));
#5398=CARTESIAN_POINT('',(-10.461251448,53.775306976,4.166666667));
#5399=CARTESIAN_POINT('',(-17.381154644,51.953025758,8.333333333));
#5400=CARTESIAN_POINT('',(-20.75128339,50.701140617,10.416666667));
#5401=CARTESIAN_POINT('',(-27.182713156,47.56386788,14.583333333));
#5402=CARTESIAN_POINT('',(-30.243855148,45.678557858,16.666666667));
#5403=CARTESIAN_POINT('',(-35.939655246,41.346857233,20.833333333));
#5404=CARTESIAN_POINT('',(-38.574172513,38.900573738,22.916666667));
#5405=CARTESIAN_POINT('',(-43.31545654,33.54091005,27.083333333));
#5406=CARTESIAN_POINT('',(-45.422106062,30.627662384,29.166666667));
#5407=CARTESIAN_POINT('',(-49.026669131,24.446004503,33.333333333));
#5408=CARTESIAN_POINT('',(-50.524493548,21.177747141,35.416666667));
#5409=CARTESIAN_POINT('',(-52.853814321,14.411652714,39.583333333));
#5410=CARTESIAN_POINT('',(-53.685253081,10.913982952,41.666666667));
#5411=CARTESIAN_POINT('',(-54.649817068,3.823469192,45.833333333));
#5412=CARTESIAN_POINT('',(-54.782918445,0.230800519,47.916666667));
#5413=CARTESIAN_POINT('',(-54.345657993,-6.911648106,52.083333333));
#5414=CARTESIAN_POINT('',(-53.775306976,-10.461251448,54.166666667));
#5415=CARTESIAN_POINT('',(-51.953025758,-17.381154644,58.333333333));
#5416=CARTESIAN_POINT('',(-50.701140617,-20.75128339,60.416666667));
#5417=CARTESIAN_POINT('',(-47.56386788,-27.182713156,64.583333333));
#5418=CARTESIAN_POINT('',(-45.678557858,-30.243855148,66.666666667));
#5419=CARTESIAN_POINT('',(-41.346857233,-35.939655246,70.833333333));
#5420=CARTESIAN_POINT('',(-38.900573738,-38.574172513,72.916666667));
#5421=CARTESIAN_POINT('',(-33.54091005,-43.31545654,77.083333333));
#5422=CARTESIAN_POINT('',(-30.627662384,-45.422106062,79.166666667));
#5423=CARTESIAN_POINT('',(-24.446004503,-49.026669131,83.333333333));
#5424=CARTESIAN_POINT('',(-21.177747141,-50.524493548,85.416666667));
#5425=CARTESIAN_POINT('',(-14.411652714,-52.853814321,89.583333333));
#5426=CARTESIAN_POINT('',(-10.913982952,-53.685253081,91.666666667));
#5427=CARTESIAN_POINT('',(-3.823469192,-54.649817068,95.833333333));
#5428=CARTESIAN_POINT('',(-0.230830773,-54.782920297,97.916649018));
#5429=CARTESIAN_POINT('',(3.340423794,-54.564288219,100.));
#5430=CARTESIAN_POINT('',(-35.355339059,35.355339059,0.));
#5431=CARTESIAN_POINT('',(-37.669359269,33.04131885,2.08335015));
#5432=CARTESIAN_POINT('',(-39.755381279,30.499489594,4.166666667));
#5433=CARTESIAN_POINT('',(-43.391579951,25.057533708,8.333333333));
#5434=CARTESIAN_POINT('',(-44.941648022,22.157560318,10.416666667));
#5435=CARTESIAN_POINT('',(-47.446305229,16.110782918,14.583333333));
#5436=CARTESIAN_POINT('',(-48.400832434,12.964128425,16.666666667));
#5437=CARTESIAN_POINT('',(-49.677695606,6.544903776,20.833333333));
#5438=CARTESIAN_POINT('',(-50.,3.272492347,22.916666667));
#5439=CARTESIAN_POINT('',(-50.,-3.272492347,27.083333333));
#5440=CARTESIAN_POINT('',(-49.677695606,-6.544903776,29.166666667));
#5441=CARTESIAN_POINT('',(-48.400832434,-12.964128425,33.333333333));
#5442=CARTESIAN_POINT('',(-47.446305229,-16.110782918,35.416666667));
#5443=CARTESIAN_POINT('',(-44.941648022,-22.157560318,39.583333333));
#5444=CARTESIAN_POINT('',(-43.391579951,-25.057533708,41.666666667));
#5445=CARTESIAN_POINT('',(-39.755381279,-30.499489594,45.833333333));
#5446=CARTESIAN_POINT('',(-37.66934059,-33.041337529,47.916666667));
#5447=CARTESIAN_POINT('',(-33.041337529,-37.66934059,52.083333333));
#5448=CARTESIAN_POINT('',(-30.499489594,-39.755381279,54.166666667));
#5449=CARTESIAN_POINT('',(-25.057533708,-43.391579951,58.333333333));
#5450=CARTESIAN_POINT('',(-22.157560318,-44.941648022,60.416666667));
#5451=CARTESIAN_POINT('',(-16.110782918,-47.446305229,64.583333333));
#5452=CARTESIAN_POINT('',(-12.964128425,-48.400832434,66.666666667));
#5453=CARTESIAN_POINT('',(-6.544903776,-49.677695606,70.833333333));
#5454=CARTESIAN_POINT('',(-3.272492347,-50.,72.916666667));
#5455=CARTESIAN_POINT('',(3.272492347,-50.,77.083333333));
#5456=CARTESIAN_POINT('',(6.544903776,-49.677695606,79.166666667));
#5457=CARTESIAN_POINT('',(12.964128425,-48.400832434,83.333333333));
#5458=CARTESIAN_POINT('',(16.110782918,-47.446305229,85.416666667));
#5459=CARTESIAN_POINT('',(22.157560318,-44.941648022,89.583333333));
#5460=CARTESIAN_POINT('',(25.057533708,-43.391579951,91.666666667));
#5461=CARTESIAN_POINT('',(30.499489594,-39.755381279,95.833333333));
#5462=CARTESIAN_POINT('',(33.04131885,-37.669359269,97.91664985));
#5463=CARTESIAN_POINT('',(35.355339059,-35.355339059,100.));
#5464=B_SPLINE_SURFACE_WITH_KNOTS('',2,3,((#5362,#5363,#5364,#5365,#5366,#5367,#5368,#5369,#5370,#5371,#5372,#5373,#5374,#5375,#5376,#5377,#5378,#5379,#5380,#5381,#5382,#5383,#5384,#5385,#5386,#5387,
#5388,#5389,#5390,#5391,#5392,#5393,#5394,#5395),(#5396,#5397,#5398,#5399,#5400,#5401,#5402,#5403,#5404,#5405,#5406,#5407,#5408,#5409,#5410,#5411,#5412,#5413,#5414,#5415,#5416,#5417,#5418,#5419,#5420,#5421,
#5422,#5423,#5424,#5425,#5426,#5427,#5428,#5429),(#5430,#5431,#5432,#5433,#5434,#5435,#5436,#5437,#5438,#5439,#5440,#5441,#5442,#5443,#5444,#5445,#5446,#5447,#5448,#5449,#5450,#5451,#5452,#5453,#5454,#5455,
#5456,#5457,#5458,#5459,#5460,#5461,#5462,#5463)),.UNSPECIFIED.,.F.,.F.,.U.,(3,3),(4,2,2,2,2,2,2,2,2,2,2,2,2,2,2,2,4),(0.,1.),(0.,0.0625,0.125,0.1875,0.25,0.3125,0.375,0.4375,0.5,0.5625,0.625,0.6875,0.75,0.8125,0.875,0.9375,1.),.UNSPECIFIED.);
#5465=CARTESIAN_POINT('',(-41.249885994,28.256786162,5.882375089));
#5466=VERTEX_POINT('',#5465);
#5467=CARTESIAN_POINT('',(-35.355339059,35.355339059,0.));
#5468=CARTESIAN_POINT('',(-37.533248575,33.177429544,1.960807472));
#5469=CARTESIAN_POINT('',(-39.509192778,30.797722271,3.92158515));
#5470=CARTESIAN_POINT('',(-41.249886,28.256786153,5.882375096));
#5471=B_SPLINE_CURVE_WITH_KNOTS('',3,(#5467,#5468,#5469,#5470),.UNSPECIFIED.,.F.,.F.,(4,4),(0.,0.058823749),.UNSPECIFIED.);
#5472=EDGE_CURVE('',#52,#5466,#5471,.T.);
#5473=ORIENTED_EDGE('',*,*,#5472,.T.);
#5474=CARTESIAN_POINT('',(-33.604364029,-0.,44.460266887));
#5475=VERTEX_POINT('',#5474);
#5476=CARTESIAN_POINT('',(-41.249885994,28.256786162,5.882375089));
#5477=CARTESIAN_POINT('',(-41.006081273,28.180018313,6.457722474));
#5478=CARTESIAN_POINT('',(-40.743209752,28.136271184,7.025778864));
#5479=CARTESIAN_POINT('',(-40.469168105,28.110831333,7.589505952));
#5480=CARTESIAN_POINT('',(-40.195126459,28.085391482,8.15323304));
#5481=CARTESIAN_POINT('',(-39.909902275,28.078169628,8.712619894));
#5482=CARTESIAN_POINT('',(-39.627218677,28.065305176,9.272908864));
#5483=CARTESIAN_POINT('',(-39.344535079,28.052440724,9.833197834));
#5484=CARTESIAN_POINT('',(-39.06518037,28.033150488,10.393939741));
#5485=CARTESIAN_POINT('',(-38.807303892,27.980943974,10.9579566));
#5486=CARTESIAN_POINT('',(-38.549427414,27.92873746,11.52197346));
#5487=CARTESIAN_POINT('',(-38.313583384,27.842899653,12.089446256));
#5488=CARTESIAN_POINT('',(-38.11145225,27.706824013,12.662406692));
#5489=CARTESIAN_POINT('',(-38.010386683,27.638786193,12.94888691));
#5490=CARTESIAN_POINT('',(-37.917575569,27.558436083,13.23670883));
#5491=CARTESIAN_POINT('',(-37.833406813,27.465146691,13.525927608));
#5492=CARTESIAN_POINT('',(-37.749238058,27.371857299,13.815146386));
#5493=CARTESIAN_POINT('',(-37.673421427,27.264915273,14.107295734));
#5494=CARTESIAN_POINT('',(-37.607439049,27.148151262,14.393983658));
#5495=CARTESIAN_POINT('',(-37.475474294,26.914623242,14.967359507));
#5496=CARTESIAN_POINT('',(-37.380703386,26.640905551,15.524235202));
#5497=CARTESIAN_POINT('',(-37.310963499,26.338246388,16.068982868));
#5498=CARTESIAN_POINT('',(-37.241223612,26.035587226,16.613730534));
#5499=CARTESIAN_POINT('',(-37.196414031,25.704055009,17.146373015));
#5500=CARTESIAN_POINT('',(-37.167016659,25.352115168,17.670149686));
#5501=CARTESIAN_POINT('',(-37.152317973,25.176145248,17.932038021));
#5502=CARTESIAN_POINT('',(-37.141533365,24.995043621,18.191635061));
#5503=CARTESIAN_POINT('',(-37.133754512,24.810730353,18.447784181));
#5504=CARTESIAN_POINT('',(-37.125975659,24.626417084,18.703933302));
#5505=CARTESIAN_POINT('',(-37.121178958,24.43858955,18.957083415));
#5506=CARTESIAN_POINT('',(-37.118543499,24.247837223,19.207740437));
#5507=CARTESIAN_POINT('',(-37.113272581,23.866332568,19.709054481));
#5508=CARTESIAN_POINT('',(-37.116521961,23.47322021,20.200474642));
#5509=CARTESIAN_POINT('',(-37.123575237,23.071853158,20.684879072));
#5510=CARTESIAN_POINT('',(-37.130628514,22.670486107,21.169283502));
#5511=CARTESIAN_POINT('',(-37.141541812,22.260821437,21.646635394));
#5512=CARTESIAN_POINT('',(-37.153193632,21.845065816,22.118829062));
#5513=CARTESIAN_POINT('',(-37.176497273,21.013554572,23.063216398));
#5514=CARTESIAN_POINT('',(-37.202251043,20.158013681,23.987257978));
#5515=CARTESIAN_POINT('',(-37.215711008,19.289023543,24.900034554));
#5516=CARTESIAN_POINT('',(-37.229170973,18.420033404,25.812811131));
#5517=CARTESIAN_POINT('',(-37.230642091,17.538478119,26.712965254));
#5518=CARTESIAN_POINT('',(-37.211939037,16.65083021,27.606185439));
#5519=CARTESIAN_POINT('',(-37.193235983,15.763182301,28.499405625));
#5520=CARTESIAN_POINT('',(-37.154520931,14.869261392,29.385670744));
#5521=CARTESIAN_POINT('',(-37.090950526,13.973206167,30.268929688));
#5522=CARTESIAN_POINT('',(-37.027380122,13.077150943,31.152188631));
#5523=CARTESIAN_POINT('',(-36.938941919,12.178377218,32.032861508));
#5524=CARTESIAN_POINT('',(-36.82292088,11.283661899,32.910668911));
#5525=CARTESIAN_POINT('',(-36.706899841,10.388946581,33.788476313));
#5526=CARTESIAN_POINT('',(-36.563300163,9.497677024,34.664015496));
#5527=CARTESIAN_POINT('',(-36.390270963,8.612714045,35.53977211));
#5528=CARTESIAN_POINT('',(-36.217241763,7.727751066,36.415528724));
#5529=CARTESIAN_POINT('',(-36.014811146,6.849066785,37.291480634));
#5530=CARTESIAN_POINT('',(-35.781673076,5.979180375,38.169883871));
#5531=CARTESIAN_POINT('',(-35.548535006,5.109293965,39.048287107));
#5532=CARTESIAN_POINT('',(-35.284315809,4.247188671,39.930235319));
#5533=CARTESIAN_POINT('',(-34.989222933,3.398881504,40.814305026));
#5534=CARTESIAN_POINT('',(-34.399037182,1.702267168,42.582444441));
#5535=CARTESIAN_POINT('',(-33.687333876,0.065502475,44.353869375));
#5536=CARTESIAN_POINT('',(-32.854500888,-1.493566343,46.144865539));
#5537=CARTESIAN_POINT('',(-32.646292641,-1.883333548,46.59261458));
#5538=CARTESIAN_POINT('',(-32.430518108,-2.268237389,47.041595287));
#5539=CARTESIAN_POINT('',(-32.207194747,-2.647985536,47.49207907));
#5540=CARTESIAN_POINT('',(-31.983871386,-3.027733682,47.942562854));
#5541=CARTESIAN_POINT('',(-31.752846774,-3.402539634,48.394822398));
#5542=CARTESIAN_POINT('',(-31.515048181,-3.770761762,48.847455202));
#5543=CARTESIAN_POINT('',(-31.039450995,-4.50720602,49.752720811));
#5544=CARTESIAN_POINT('',(-30.536230469,-5.21832011,50.660589779));
#5545=CARTESIAN_POINT('',(-30.006462668,-5.902166087,51.573124906));
#5546=CARTESIAN_POINT('',(-29.476694866,-6.586012064,52.485660034));
#5547=CARTESIAN_POINT('',(-28.920374557,-7.242585882,53.402861259));
#5548=CARTESIAN_POINT('',(-28.338606609,-7.869784732,54.326930209));
#5549=CARTESIAN_POINT('',(-27.756838661,-8.496983581,55.250999159));
#5550=CARTESIAN_POINT('',(-27.148861686,-9.095335916,56.182969174));
#5551=CARTESIAN_POINT('',(-26.521016659,-9.658343109,57.117759966));
#5552=CARTESIAN_POINT('',(-25.265326605,-10.784357495,58.98734155));
#5553=CARTESIAN_POINT('',(-23.92680001,-11.773197481,60.87352658));
#5554=CARTESIAN_POINT('',(-22.521660649,-12.611080617,62.795056713));
#5555=CARTESIAN_POINT('',(-21.116521288,-13.448963753,64.716586847));
#5556=CARTESIAN_POINT('',(-19.667693285,-14.122046491,66.642443365));
#5557=CARTESIAN_POINT('',(-18.200126287,-14.627507767,68.58893663));
#5558=CARTESIAN_POINT('',(-16.732559288,-15.132969044,70.535429894));
#5559=CARTESIAN_POINT('',(-15.245598718,-15.471079536,72.502951981));
#5560=CARTESIAN_POINT('',(-13.765385348,-15.63657357,74.512035182));
#5561=CARTESIAN_POINT('',(-13.025278663,-15.719320586,75.516576782));
#5562=CARTESIAN_POINT('',(-12.286909556,-15.758873102,76.53155493));
#5563=CARTESIAN_POINT('',(-11.554094028,-15.75427464,77.56000667));
#5564=CARTESIAN_POINT('',(-10.8212785,-15.749676178,78.588458411));
#5565=CARTESIAN_POINT('',(-10.100770346,-15.700947646,79.620974477));
#5566=CARTESIAN_POINT('',(-9.396668805,-15.609507476,80.65974636));
#5567=CARTESIAN_POINT('',(-8.692567264,-15.518067307,81.698518243));
#5568=CARTESIAN_POINT('',(-8.004746955,-15.383910955,82.743690516));
#5569=CARTESIAN_POINT('',(-7.337270732,-15.208379131,83.798110962));
#5570=CARTESIAN_POINT('',(-7.00353262,-15.12061322,84.325321185));
#5571=CARTESIAN_POINT('',(-6.674480396,-15.022362993,84.855518137));
#5572=CARTESIAN_POINT('',(-6.352020449,-14.914264777,85.386830404));
#5573=CARTESIAN_POINT('',(-6.029560502,-14.806166561,85.918142672));
#5574=CARTESIAN_POINT('',(-5.714295869,-14.688456149,86.449547384));
#5575=CARTESIAN_POINT('',(-5.406607923,-14.561595757,86.981374061));
#5576=CARTESIAN_POINT('',(-4.175856138,-14.054154186,89.108680769));
#5577=CARTESIAN_POINT('',(-3.066113793,-13.400249328,91.242617778));
#5578=CARTESIAN_POINT('',(-2.103211727,-12.629032454,93.40478387));
#5579=CARTESIAN_POINT('',(-1.140309661,-11.85781558,95.566949963));
#5580=CARTESIAN_POINT('',(-0.324070453,-10.968908852,97.757137449));
#5581=CARTESIAN_POINT('',(0.315608093,-9.995018336,100.));
#5582=B_SPLINE_CURVE_WITH_KNOTS('',3,(#5476,#5477,#5478,#5479,#5480,#5481,#5482,#5483,#5484,#5485,#5486,#5487,#5488,#5489,#5490,#5491,#5492,#5493,#5494,#5495,#5496,#5497,#5498,#5499,#5500,#5501,
#5502,#5503,#5504,#5505,#5506,#5507,#5508,#5509,#5510,#5511,#5512,#5513,#5514,#5515,#5516,#5517,#5518,#5519,#5520,#5521,#5522,#5523,#5524,#5525,#5526,
#5527,#5528,#5529,#5530,#5531,#5532,#5533,#5534,#5535,#5536,#5537,#5538,#5539,#5540,#5541,#5542,#5543,#5544,#5545,#5546,#5547,#5548,#5549,#5550,#5551,
#5552,#5553,#5554,#5555,#5556,#5557,#5558,#5559,#5560,#5561,#5562,#5563,#5564,#5565,#5566,#5567,#5568,#5569,#5570,#5571,#5572,#5573,#5574,#5575,#5576,
#5577,#5578,#5579,#5580,#5581),.UNSPECIFIED.,.F.,.F.,(4,3,3,3,3,3,3,3,3,3,3,3,3,3,3,3,3,3,3,3,3,3,3,3,3,3,
3,3,3,3,3,3,3,3,3,4),(0.,0.001881849,0.003763698,0.005645548,0.007527397,0.008468322,0.009409246,0.011291095,0.013172945,0.014113869,0.015054794,0.016936643,0.018818492,0.022582191,0.026345889,0.030109588,0.033873286,0.037636985,0.041400683,0.045164382,0.052691779,0.054573628,0.056455477,0.060219176,0.063982874,0.067746573,
0.07527397,0.082801367,0.090328764,0.094092462,0.09785616,0.101619859,0.103501708,0.105383557,0.112910954,0.120438351),.UNSPECIFIED.);
#5583=EDGE_CURVE('',#5466,#5475,#5582,.T.);
#5584=ORIENTED_EDGE('',*,*,#5583,.T.);
#5585=CARTESIAN_POINT('',(-41.249885994,28.256786162,5.882375089));
#5586=CARTESIAN_POINT('',(-41.006081273,28.180018313,6.457722474));
#5587=CARTESIAN_POINT('',(-40.743209752,28.136271184,7.025778864));
#5588=CARTESIAN_POINT('',(-40.469168105,28.110831333,7.589505952));
#5589=CARTESIAN_POINT('',(-40.195126459,28.085391482,8.15323304));
#5590=CARTESIAN_POINT('',(-39.909902275,28.078169628,8.712619894));
#5591=CARTESIAN_POINT('',(-39.627218677,28.065305176,9.272908864));
#5592=CARTESIAN_POINT('',(-39.344535079,28.052440724,9.833197834));
#5593=CARTESIAN_POINT('',(-39.06518037,28.033150488,10.393939741));
#5594=CARTESIAN_POINT('',(-38.807303892,27.980943974,10.9579566));
#5595=CARTESIAN_POINT('',(-38.549427414,27.92873746,11.52197346));
#5596=CARTESIAN_POINT('',(-38.313583384,27.842899653,12.089446256));
#5597=CARTESIAN_POINT('',(-38.11145225,27.706824013,12.662406692));
#5598=CARTESIAN_POINT('',(-38.010386683,27.638786193,12.94888691));
#5599=CARTESIAN_POINT('',(-37.917575569,27.558436083,13.23670883));
#5600=CARTESIAN_POINT('',(-37.833406813,27.465146691,13.525927608));
#5601=CARTESIAN_POINT('',(-37.749238058,27.371857299,13.815146386));
#5602=CARTESIAN_POINT('',(-37.673421427,27.264915273,14.107295734));
#5603=CARTESIAN_POINT('',(-37.607439049,27.148151262,14.393983658));
#5604=CARTESIAN_POINT('',(-37.475474294,26.914623242,14.967359507));
#5605=CARTESIAN_POINT('',(-37.380703386,26.640905551,15.524235202));
#5606=CARTESIAN_POINT('',(-37.310963499,26.338246388,16.068982868));
#5607=CARTESIAN_POINT('',(-37.241223612,26.035587226,16.613730534));
#5608=CARTESIAN_POINT('',(-37.196414031,25.704055009,17.146373015));
#5609=CARTESIAN_POINT('',(-37.167016659,25.352115168,17.670149686));
#5610=CARTESIAN_POINT('',(-37.152317973,25.176145248,17.932038021));
#5611=CARTESIAN_POINT('',(-37.141533365,24.995043621,18.191635061));
#5612=CARTESIAN_POINT('',(-37.133754512,24.810730353,18.447784181));
#5613=CARTESIAN_POINT('',(-37.125975659,24.626417084,18.703933302));
#5614=CARTESIAN_POINT('',(-37.121178958,24.43858955,18.957083415));
#5615=CARTESIAN_POINT('',(-37.118543499,24.247837223,19.207740437));
#5616=CARTESIAN_POINT('',(-37.113272581,23.866332568,19.709054481));
#5617=CARTESIAN_POINT('',(-37.116521961,23.47322021,20.200474642));
#5618=CARTESIAN_POINT('',(-37.123575237,23.071853158,20.684879072));
#5619=CARTESIAN_POINT('',(-37.130628514,22.670486107,21.169283502));
#5620=CARTESIAN_POINT('',(-37.141541812,22.260821437,21.646635394));
#5621=CARTESIAN_POINT('',(-37.153193632,21.845065816,22.118829062));
#5622=CARTESIAN_POINT('',(-37.176497273,21.013554572,23.063216398));
#5623=CARTESIAN_POINT('',(-37.202251043,20.158013681,23.987257978));
#5624=CARTESIAN_POINT('',(-37.215711008,19.289023543,24.900034554));
#5625=CARTESIAN_POINT('',(-37.229170973,18.420033404,25.812811131));
#5626=CARTESIAN_POINT('',(-37.230642091,17.538478119,26.712965254));
#5627=CARTESIAN_POINT('',(-37.211939037,16.65083021,27.606185439));
#5628=CARTESIAN_POINT('',(-37.193235983,15.763182301,28.499405625));
#5629=CARTESIAN_POINT('',(-37.154520931,14.869261392,29.385670744));
#5630=CARTESIAN_POINT('',(-37.090950526,13.973206167,30.268929688));
#5631=CARTESIAN_POINT('',(-37.027380122,13.077150943,31.152188631));
#5632=CARTESIAN_POINT('',(-36.938941919,12.178377218,32.032861508));
#5633=CARTESIAN_POINT('',(-36.82292088,11.283661899,32.910668911));
#5634=CARTESIAN_POINT('',(-36.706899841,10.388946581,33.788476313));
#5635=CARTESIAN_POINT('',(-36.563300163,9.497677024,34.664015496));
#5636=CARTESIAN_POINT('',(-36.390270963,8.612714045,35.53977211));
#5637=CARTESIAN_POINT('',(-36.217241763,7.727751066,36.415528724));
#5638=CARTESIAN_POINT('',(-36.014811146,6.849066785,37.291480634));
#5639=CARTESIAN_POINT('',(-35.781673076,5.979180375,38.169883871));
#5640=CARTESIAN_POINT('',(-35.548535006,5.109293965,39.048287107));
#5641=CARTESIAN_POINT('',(-35.284315809,4.247188671,39.930235319));
#5642=CARTESIAN_POINT('',(-34.989222933,3.398881504,40.814305026));
#5643=CARTESIAN_POINT('',(-34.399037182,1.702267168,42.582444441));
#5644=CARTESIAN_POINT('',(-33.687333876,0.065502475,44.353869375));
#5645=CARTESIAN_POINT('',(-32.854500888,-1.493566343,46.144865539));
#5646=CARTESIAN_POINT('',(-32.646292641,-1.883333548,46.59261458));
#5647=CARTESIAN_POINT('',(-32.430518108,-2.268237389,47.041595287));
#5648=CARTESIAN_POINT('',(-32.207194747,-2.647985536,47.49207907));
#5649=CARTESIAN_POINT('',(-31.983871386,-3.027733682,47.942562854));
#5650=CARTESIAN_POINT('',(-31.752846774,-3.402539634,48.394822398));
#5651=CARTESIAN_POINT('',(-31.515048181,-3.770761762,48.847455202));
#5652=CARTESIAN_POINT('',(-31.039450995,-4.50720602,49.752720811));
#5653=CARTESIAN_POINT('',(-30.536230469,-5.21832011,50.660589779));
#5654=CARTESIAN_POINT('',(-30.006462668,-5.902166087,51.573124906));
#5655=CARTESIAN_POINT('',(-29.476694866,-6.586012064,52.485660034));
#5656=CARTESIAN_POINT('',(-28.920374557,-7.242585882,53.402861259));
#5657=CARTESIAN_POINT('',(-28.338606609,-7.869784732,54.326930209));
#5658=CARTESIAN_POINT('',(-27.756838661,-8.496983581,55.250999159));
#5659=CARTESIAN_POINT('',(-27.148861686,-9.095335916,56.182969174));
#5660=CARTESIAN_POINT('',(-26.521016659,-9.658343109,57.117759966));
#5661=CARTESIAN_POINT('',(-25.265326605,-10.784357495,58.98734155));
#5662=CARTESIAN_POINT('',(-23.92680001,-11.773197481,60.87352658));
#5663=CARTESIAN_POINT('',(-22.521660649,-12.611080617,62.795056713));
#5664=CARTESIAN_POINT('',(-21.116521288,-13.448963753,64.716586847));
#5665=CARTESIAN_POINT('',(-19.667693285,-14.122046491,66.642443365));
#5666=CARTESIAN_POINT('',(-18.200126287,-14.627507767,68.58893663));
#5667=CARTESIAN_POINT('',(-16.732559288,-15.132969044,70.535429894));
#5668=CARTESIAN_POINT('',(-15.245598718,-15.471079536,72.502951981));
#5669=CARTESIAN_POINT('',(-13.765385348,-15.63657357,74.512035182));
#5670=CARTESIAN_POINT('',(-13.025278663,-15.719320586,75.516576782));
#5671=CARTESIAN_POINT('',(-12.286909556,-15.758873102,76.53155493));
#5672=CARTESIAN_POINT('',(-11.554094028,-15.75427464,77.56000667));
#5673=CARTESIAN_POINT('',(-10.8212785,-15.749676178,78.588458411));
#5674=CARTESIAN_POINT('',(-10.100770346,-15.700947646,79.620974477));
#5675=CARTESIAN_POINT('',(-9.396668805,-15.609507476,80.65974636));
#5676=CARTESIAN_POINT('',(-8.692567264,-15.518067307,81.698518243));
#5677=CARTESIAN_POINT('',(-8.004746955,-15.383910955,82.743690516));
#5678=CARTESIAN_POINT('',(-7.337270732,-15.208379131,83.798110962));
#5679=CARTESIAN_POINT('',(-7.00353262,-15.12061322,84.325321185));
#5680=CARTESIAN_POINT('',(-6.674480396,-15.022362993,84.855518137));
#5681=CARTESIAN_POINT('',(-6.352020449,-14.914264777,85.386830404));
#5682=CARTESIAN_POINT('',(-6.029560502,-14.806166561,85.918142672));
#5683=CARTESIAN_POINT('',(-5.714295869,-14.688456149,86.449547384));
#5684=CARTESIAN_POINT('',(-5.406607923,-14.561595757,86.981374061));
#5685=CARTESIAN_POINT('',(-4.175856138,-14.054154186,89.108680769));
#5686=CARTESIAN_POINT('',(-3.066113793,-13.400249328,91.242617778));
#5687=CARTESIAN_POINT('',(-2.103211727,-12.629032454,93.40478387));
#5688=CARTESIAN_POINT('',(-1.140309661,-11.85781558,95.566949963));
#5689=CARTESIAN_POINT('',(-0.324070453,-10.968908852,97.757137449));
#5690=CARTESIAN_POINT('',(0.315608093,-9.995018336,100.));
#5691=B_SPLINE_CURVE_WITH_KNOTS('',3,(#5585,#5586,#5587,#5588,#5589,#5590,#5591,#5592,#5593,#5594,#5595,#5596,#5597,#5598,#5599,#5600,#5601,#5602,#5603,#5604,#5605,#5606,#5607,#5608,#5609,#5610,
#5611,#5612,#5613,#5614,#5615,#5616,#5617,#5618,#5619,#5620,#5621,#5622,#5623,#5624,#5625,#5626,#5627,#5628,#5629,#5630,#5631,#5632,#5633,#5634,#5635,
#5636,#5637,#5638,#5639,#5640,#5641,#5642,#5643,#5644,#5645,#5646,#5647,#5648,#5649,#5650,#5651,#5652,#5653,#5654,#5655,#5656,#5657,#5658,#5659,#5660,
#5661,#5662,#5663,#5664,#5665,#5666,#5667,#5668,#5669,#5670,#5671,#5672,#5673,#5674,#5675,#5676,#5677,#5678,#5679,#5680,#5681,#5682,#5683,#5684,#5685,
#5686,#5687,#5688,#5689,#5690),.UNSPECIFIED.,.F.,.F.,(4,3,3,3,3,3,3,3,3,3,3,3,3,3,3,3,3,3,3,3,3,3,3,3,3,3,
3,3,3,3,3,3,3,3,3,4),(0.,0.001881849,0.003763698,0.005645548,0.007527397,0.008468322,0.009409246,0.011291095,0.013172945,0.014113869,0.015054794,0.016936643,0.018818492,0.022582191,0.026345889,0.030109588,0.033873286,0.037636985,0.041400683,0.045164382,0.052691779,0.054573628,0.056455477,0.060219176,0.063982874,0.067746573,
0.07527397,0.082801367,0.090328764,0.094092462,0.09785616,0.101619859,0.103501708,0.105383557,0.112910954,0.120438351),.UNSPECIFIED.);
#5692=EDGE_CURVE('',#5475,#5309,#5691,.T.);
#5693=ORIENTED_EDGE('',*,*,#5692,.T.);
#5694=ORIENTED_EDGE('',*,*,#5345,.F.);
#5695=ORIENTED_EDGE('',*,*,#65,.T.);
#5696=EDGE_LOOP('',(#5473,#5584,#5693,#5694,#5695));
#5697=FACE_BOUND('',#5696,.T.);
#5698=ADVANCED_FACE('',(#5697),#5464,.T.);
#5699=CARTESIAN_POINT('',(-35.355339059,35.355339059,0.));
#5700=CARTESIAN_POINT('',(-37.669359269,33.04131885,2.08335015));
#5701=CARTESIAN_POINT('',(-39.755381279,30.499489594,4.166666667));
#5702=CARTESIAN_POINT('',(-43.391579951,25.057533708,8.333333333));
#5703=CARTESIAN_POINT('',(-44.941648022,22.157560318,10.416666667));
#5704=CARTESIAN_POINT('',(-47.446305229,16.110782918,14.583333333));
#5705=CARTESIAN_POINT('',(-48.400832434,12.964128425,16.666666667));
#5706=CARTESIAN_POINT('',(-49.677695606,6.544903776,20.833333333));
#5707=CARTESIAN_POINT('',(-50.,3.272492347,22.916666667));
#5708=CARTESIAN_POINT('',(-50.,-3.272492347,27.083333333));
#5709=CARTESIAN_POINT('',(-49.677695606,-6.544903776,29.166666667));
#5710=CARTESIAN_POINT('',(-48.400832434,-12.964128425,33.333333333));
#5711=CARTESIAN_POINT('',(-47.446305229,-16.110782918,35.416666667));
#5712=CARTESIAN_POINT('',(-44.941648022,-22.157560318,39.583333333));
#5713=CARTESIAN_POINT('',(-43.391579951,-25.057533708,41.666666667));
#5714=CARTESIAN_POINT('',(-39.755381279,-30.499489594,45.833333333));
#5715=CARTESIAN_POINT('',(-37.66934059,-33.041337529,47.916666667));
#5716=CARTESIAN_POINT('',(-33.041337529,-37.66934059,52.083333333));
#5717=CARTESIAN_POINT('',(-30.499489594,-39.755381279,54.166666667));
#5718=CARTESIAN_POINT('',(-25.057533708,-43.391579951,58.333333333));
#5719=CARTESIAN_POINT('',(-22.157560318,-44.941648022,60.416666667));
#5720=CARTESIAN_POINT('',(-16.110782918,-47.446305229,64.583333333));
#5721=CARTESIAN_POINT('',(-12.964128425,-48.400832434,66.666666667));
#5722=CARTESIAN_POINT('',(-6.544903776,-49.677695606,70.833333333));
#5723=CARTESIAN_POINT('',(-3.272492347,-50.,72.916666667));
#5724=CARTESIAN_POINT('',(3.272492347,-50.,77.083333333));
#5725=CARTESIAN_POINT('',(6.544903776,-49.677695606,79.166666667));
#5726=CARTESIAN_POINT('',(12.964128425,-48.400832434,83.333333333));
#5727=CARTESIAN_POINT('',(16.110782918,-47.446305229,85.416666667));
#5728=CARTESIAN_POINT('',(22.157560318,-44.941648022,89.583333333));
#5729=CARTESIAN_POINT('',(25.057533708,-43.391579951,91.666666667));
#5730=CARTESIAN_POINT('',(30.499489594,-39.755381279,95.833333333));
#5731=CARTESIAN_POINT('',(33.04131885,-37.669359269,97.91664985));
#5732=CARTESIAN_POINT('',(35.355339059,-35.355339059,100.));
#5733=CARTESIAN_POINT('',(-10.091348428,47.987334375,0.));
#5734=CARTESIAN_POINT('',(-13.232137185,47.326851893,2.08334996));
#5735=CARTESIAN_POINT('',(-16.307748429,46.357065712,4.166666667));
#5736=CARTESIAN_POINT('',(-22.210872599,43.836027861,8.333333333));
#5737=CARTESIAN_POINT('',(-25.038214493,42.2848438,10.416666667));
#5738=CARTESIAN_POINT('',(-30.336081701,38.660604589,14.583333333));
#5739=CARTESIAN_POINT('',(-32.806476016,36.587639055,16.666666667));
#5740=CARTESIAN_POINT('',(-37.295492196,31.999475965,20.833333333));
#5741=CARTESIAN_POINT('',(-39.314003063,29.48439186,22.916666667));
#5742=CARTESIAN_POINT('',(-42.821657842,24.108625425,27.083333333));
#5743=CARTESIAN_POINT('',(-44.31071502,21.248076021,29.166666667));
#5744=CARTESIAN_POINT('',(-46.702211191,15.29129393,33.333333333));
#5745=CARTESIAN_POINT('',(-47.604591049,12.195208536,35.416666667));
#5746=CARTESIAN_POINT('',(-48.788024756,5.886326584,39.583333333));
#5747=CARTESIAN_POINT('',(-49.069049341,2.673686026,41.666666667));
#5748=CARTESIAN_POINT('',(-48.998941889,-3.74484899,45.833333333));
#5749=CARTESIAN_POINT('',(-48.647811585,-6.950584738,47.916666667));
#5750=CARTESIAN_POINT('',(-47.326857165,-13.232112119,52.083333333));
#5751=CARTESIAN_POINT('',(-46.357065711,-16.307748429,54.166666667));
#5752=CARTESIAN_POINT('',(-43.836027861,-22.210872599,58.333333333));
#5753=CARTESIAN_POINT('',(-42.2848438,-25.038214493,60.416666667));
#5754=CARTESIAN_POINT('',(-38.660604589,-30.336081701,64.583333333));
#5755=CARTESIAN_POINT('',(-36.587639055,-32.806476016,66.666666667));
#5756=CARTESIAN_POINT('',(-31.999475965,-37.295492196,70.833333333));
#5757=CARTESIAN_POINT('',(-29.48439186,-39.314003063,72.916666667));
#5758=CARTESIAN_POINT('',(-24.108625425,-42.821657842,77.083333333));
#5759=CARTESIAN_POINT('',(-21.248076021,-44.31071502,79.166666667));
#5760=CARTESIAN_POINT('',(-15.29129393,-46.702211191,83.333333333));
#5761=CARTESIAN_POINT('',(-12.195208536,-47.604591049,85.416666667));
#5762=CARTESIAN_POINT('',(-5.886326584,-48.788024756,89.583333333));
#5763=CARTESIAN_POINT('',(-2.673686026,-49.069049341,91.666666667));
#5764=CARTESIAN_POINT('',(3.74484899,-48.998941889,95.833333333));
#5765=CARTESIAN_POINT('',(6.950559672,-48.647816856,97.91665004));
#5766=CARTESIAN_POINT('',(10.091348428,-47.987334375,100.));
#5767=CARTESIAN_POINT('',(-1.75202638,9.845323944,0.));
#5768=CARTESIAN_POINT('',(-2.396401982,9.730653969,2.083335456));
#5769=CARTESIAN_POINT('',(-3.029466621,9.552523239,4.166666667));
#5770=CARTESIAN_POINT('',(-4.248711584,9.07616759,8.333333333));
#5771=CARTESIAN_POINT('',(-4.834861104,8.777954565,10.416666667));
#5772=CARTESIAN_POINT('',(-5.93774624,8.072889063,14.583333333));
#5773=CARTESIAN_POINT('',(-6.454454586,7.66605402,16.666666667));
#5774=CARTESIAN_POINT('',(-7.398596638,6.759373938,20.833333333));
#5775=CARTESIAN_POINT('',(-7.826006999,6.259551318,22.916666667));
#5776=CARTESIAN_POINT('',(-8.575123117,5.186099862,27.083333333));
#5777=CARTESIAN_POINT('',(-8.896810351,4.612497569,29.166666667));
#5778=CARTESIAN_POINT('',(-9.422112423,3.413526877,33.333333333));
#5779=CARTESIAN_POINT('',(-9.625714271,2.788188125,35.416666667));
#5780=CARTESIAN_POINT('',(-9.907015232,1.509773969,39.583333333));
#5781=CARTESIAN_POINT('',(-9.984707389,0.856730176,41.666666667));
#5782=CARTESIAN_POINT('',(-10.011197002,-0.451998706,45.833333333));
#5783=CARTESIAN_POINT('',(-9.959993803,-1.107651434,47.916666667));
#5784=CARTESIAN_POINT('',(-9.730654086,-2.396401325,52.083333333));
#5785=CARTESIAN_POINT('',(-9.552523239,-3.029466621,54.166666667));
#5786=CARTESIAN_POINT('',(-9.07616759,-4.248711584,58.333333333));
#5787=CARTESIAN_POINT('',(-8.777954565,-4.834861104,60.416666667));
#5788=CARTESIAN_POINT('',(-8.072889063,-5.93774624,64.583333333));
#5789=CARTESIAN_POINT('',(-7.66605402,-6.454454586,66.666666667));
#5790=CARTESIAN_POINT('',(-6.759373938,-7.398596638,70.833333333));
#5791=CARTESIAN_POINT('',(-6.259551318,-7.826006999,72.916666667));
#5792=CARTESIAN_POINT('',(-5.186099862,-8.575123117,77.083333333));
#5793=CARTESIAN_POINT('',(-4.612497569,-8.896810351,79.166666667));
#5794=CARTESIAN_POINT('',(-3.413526877,-9.422112423,83.333333333));
#5795=CARTESIAN_POINT('',(-2.788188125,-9.625714271,85.416666667));
#5796=CARTESIAN_POINT('',(-1.509773969,-9.907015232,89.583333333));
#5797=CARTESIAN_POINT('',(-0.856730176,-9.984707389,91.666666667));
#5798=CARTESIAN_POINT('',(0.451998706,-10.011197002,95.833333333));
#5799=CARTESIAN_POINT('',(1.107650778,-9.959993919,97.916664544));
#5800=CARTESIAN_POINT('',(1.75202638,-9.845323944,100.));
#5801=B_SPLINE_SURFACE_WITH_KNOTS('',2,3,((#5699,#5700,#5701,#5702,#5703,#5704,#5705,#5706,#5707,#5708,#5709,#5710,#5711,#5712,#5713,#5714,#5715,#5716,#5717,#5718,#5719,#5720,#5721,#5722,#5723,#5724,
#5725,#5726,#5727,#5728,#5729,#5730,#5731,#5732),(#5733,#5734,#5735,#5736,#5737,#5738,#5739,#5740,#5741,#5742,#5743,#5744,#5745,#5746,#5747,#5748,#5749,#5750,#5751,#5752,#5753,#5754,#5755,#5756,#5757,#5758,
#5759,#5760,#5761,#5762,#5763,#5764,#5765,#5766),(#5767,#5768,#5769,#5770,#5771,#5772,#5773,#5774,#5775,#5776,#5777,#5778,#5779,#5780,#5781,#5782,#5783,#5784,#5785,#5786,#5787,#5788,#5789,#5790,#5791,#5792,
#5793,#5794,#5795,#5796,#5797,#5798,#5799,#5800)),.UNSPECIFIED.,.F.,.F.,.U.,(3,3),(4,2,2,2,2,2,2,2,2,2,2,2,2,2,2,2,4),(0.,1.),(0.,0.0625,0.125,0.1875,0.25,0.3125,0.375,0.4375,0.5,0.5625,0.625,0.6875,0.75,0.8125,0.875,0.9375,1.),.UNSPECIFIED.);
#5802=CARTESIAN_POINT('',(1.75202638,-9.845323944,100.));
#5803=VERTEX_POINT('',#5802);
#5804=CARTESIAN_POINT('',(-1.75202638,9.845323944,0.));
#5805=CARTESIAN_POINT('',(-2.396401982,9.730653969,2.083335456));
#5806=CARTESIAN_POINT('',(-3.029466621,9.552523239,4.166666667));
#5807=CARTESIAN_POINT('',(-4.248711584,9.07616759,8.333333333));
#5808=CARTESIAN_POINT('',(-4.834861104,8.777954565,10.416666667));
#5809=CARTESIAN_POINT('',(-5.93774624,8.072889063,14.583333333));
#5810=CARTESIAN_POINT('',(-6.454454586,7.66605402,16.666666667));
#5811=CARTESIAN_POINT('',(-7.398596638,6.759373938,20.833333333));
#5812=CARTESIAN_POINT('',(-7.826006999,6.259551318,22.916666667));
#5813=CARTESIAN_POINT('',(-8.575123117,5.186099862,27.083333333));
#5814=CARTESIAN_POINT('',(-8.896810351,4.612497569,29.166666667));
#5815=CARTESIAN_POINT('',(-9.422112423,3.413526877,33.333333333));
#5816=CARTESIAN_POINT('',(-9.625714271,2.788188125,35.416666667));
#5817=CARTESIAN_POINT('',(-9.907015232,1.509773969,39.583333333));
#5818=CARTESIAN_POINT('',(-9.984707389,0.856730176,41.666666667));
#5819=CARTESIAN_POINT('',(-10.011197002,-0.451998706,45.833333333));
#5820=CARTESIAN_POINT('',(-9.959993803,-1.107651434,47.916666667));
#5821=CARTESIAN_POINT('',(-9.730654086,-2.396401325,52.083333333));
#5822=CARTESIAN_POINT('',(-9.552523239,-3.029466621,54.166666667));
#5823=CARTESIAN_POINT('',(-9.07616759,-4.248711584,58.333333333));
#5824=CARTESIAN_POINT('',(-8.777954565,-4.834861104,60.416666667));
#5825=CARTESIAN_POINT('',(-8.072889063,-5.93774624,64.583333333));
#5826=CARTESIAN_POINT('',(-7.66605402,-6.454454586,66.666666667));
#5827=CARTESIAN_POINT('',(-6.759373938,-7.398596638,70.833333333));
#5828=CARTESIAN_POINT('',(-6.259551318,-7.826006999,72.916666667));
#5829=CARTESIAN_POINT('',(-5.186099862,-8.575123117,77.083333333));
#5830=CARTESIAN_POINT('',(-4.612497569,-8.896810351,79.166666667));
#5831=CARTESIAN_POINT('',(-3.413526877,-9.422112423,83.333333333));
#5832=CARTESIAN_POINT('',(-2.788188125,-9.625714271,85.416666667));
#5833=CARTESIAN_POINT('',(-1.509773969,-9.907015232,89.583333333));
#5834=CARTESIAN_POINT('',(-0.856730176,-9.984707389,91.666666667));
#5835=CARTESIAN_POINT('',(0.451998706,-10.011197002,95.833333333));
#5836=CARTESIAN_POINT('',(1.107650778,-9.959993919,97.916664544));
#5837=CARTESIAN_POINT('',(1.75202638,-9.845323944,100.));
#5838=B_SPLINE_CURVE_WITH_KNOTS('',3,(#5804,#5805,#5806,#5807,#5808,#5809,#5810,#5811,#5812,#5813,#5814,#5815,#5816,#5817,#5818,#5819,#5820,#5821,#5822,#5823,#5824,#5825,#5826,#5827,#5828,#5829,
#5830,#5831,#5832,#5833,#5834,#5835,#5836,#5837),.UNSPECIFIED.,.F.,.F.,(4,2,2,2,2,2,2,2,2,2,2,2,2,2,2,2,4),(0.,0.0625,0.125,0.1875,0.25,0.3125,0.375,0.4375,0.5,0.5625,0.625,0.6875,0.75,0.8125,0.875,0.9375,1.),.UNSPECIFIED.);
#5839=EDGE_CURVE('',#43,#5803,#5838,.T.);
#5840=ORIENTED_EDGE('',*,*,#5839,.T.);
#5841=CARTESIAN_POINT('',(-36.074703485,-0.000000001,38.647692285));
#5842=VERTEX_POINT('',#5841);
#5843=CARTESIAN_POINT('',(1.75202638,-9.845323944,100.));
#5844=CARTESIAN_POINT('',(1.254277831,-10.917482291,97.72148761));
#5845=CARTESIAN_POINT('',(0.563353228,-11.931999257,95.492265443));
#5846=CARTESIAN_POINT('',(-0.296995991,-12.849551581,93.287097869));
#5847=CARTESIAN_POINT('',(-0.7271706,-13.308327743,92.184514082));
#5848=CARTESIAN_POINT('',(-1.199766816,-13.74298965,91.088021146));
#5849=CARTESIAN_POINT('',(-1.712137751,-14.149017035,89.994749742));
#5850=CARTESIAN_POINT('',(-1.968323219,-14.352030727,89.44811404));
#5851=CARTESIAN_POINT('',(-2.234454756,-14.547891104,88.90228682));
#5852=CARTESIAN_POINT('',(-2.510214615,-14.73603784,88.356916327));
#5853=CARTESIAN_POINT('',(-2.785974473,-14.924184576,87.811545834));
#5854=CARTESIAN_POINT('',(-3.071909244,-15.104918138,87.265649031));
#5855=CARTESIAN_POINT('',(-3.365425825,-15.276403171,86.7230196));
#5856=CARTESIAN_POINT('',(-4.53949215,-15.962343301,84.552501875));
#5857=CARTESIAN_POINT('',(-5.835205551,-16.501761487,82.430846048));
#5858=CARTESIAN_POINT('',(-7.219851345,-16.878741959,80.333988225));
#5859=CARTESIAN_POINT('',(-7.912174243,-17.067232195,79.285559313));
#5860=CARTESIAN_POINT('',(-8.626851468,-17.215148283,78.243414396));
#5861=CARTESIAN_POINT('',(-9.360287972,-17.320500782,77.20486159));
#5862=CARTESIAN_POINT('',(-9.727006224,-17.373177032,76.685585187));
#5863=CARTESIAN_POINT('',(-10.098418414,-17.415213949,76.167209755));
#5864=CARTESIAN_POINT('',(-10.474092192,-17.446353787,75.649407909));
#5865=CARTESIAN_POINT('',(-10.849765969,-17.477493624,75.131606063));
#5866=CARTESIAN_POINT('',(-11.229368655,-17.497663438,74.614859025));
#5867=CARTESIAN_POINT('',(-11.610068573,-17.506736789,74.101989859));
#5868=CARTESIAN_POINT('',(-13.132868249,-17.543030195,72.050513198));
#5869=CARTESIAN_POINT('',(-14.683074149,-17.402961591,70.046516732));
#5870=CARTESIAN_POINT('',(-16.232906658,-17.090684323,68.067900478));
#5871=CARTESIAN_POINT('',(-17.782739167,-16.778407055,66.089284224));
#5872=CARTESIAN_POINT('',(-19.332483275,-16.293883646,64.136274142));
#5873=CARTESIAN_POINT('',(-20.857935255,-15.638171325,62.189996845));
#5874=CARTESIAN_POINT('',(-21.23929825,-15.474243245,61.70342752));
#5875=CARTESIAN_POINT('',(-21.619389748,-15.299442431,61.216970941));
#5876=CARTESIAN_POINT('',(-21.995046872,-15.115246896,60.733966372));
#5877=CARTESIAN_POINT('',(-22.370703997,-14.931051362,60.250961803));
#5878=CARTESIAN_POINT('',(-22.742566711,-14.737206872,59.770597282));
#5879=CARTESIAN_POINT('',(-23.110384182,-14.533985241,59.292541108));
#5880=CARTESIAN_POINT('',(-23.846019126,-14.127541979,58.336428759));
#5881=CARTESIAN_POINT('',(-24.565465686,-13.683607762,57.389534662));
#5882=CARTESIAN_POINT('',(-25.266845504,-13.204149882,56.449412804));
#5883=CARTESIAN_POINT('',(-26.66960514,-12.245234122,54.569169089));
#5884=CARTESIAN_POINT('',(-28.00006766,-11.144389476,52.715900399));
#5885=CARTESIAN_POINT('',(-29.244314445,-9.9143029,50.872533958));
#5886=CARTESIAN_POINT('',(-29.866437838,-9.299259613,49.950850737));
#5887=CARTESIAN_POINT('',(-30.467018983,-8.651885131,49.031663012));
#5888=CARTESIAN_POINT('',(-31.044356204,-7.973533117,48.112993352));
#5889=CARTESIAN_POINT('',(-31.333024815,-7.634357111,47.653658522));
#5890=CARTESIAN_POINT('',(-31.615357585,-7.288013939,47.195266252));
#5891=CARTESIAN_POINT('',(-31.890203865,-6.936141087,46.739304424));
#5892=CARTESIAN_POINT('',(-32.165050144,-6.584268235,46.283342597));
#5893=CARTESIAN_POINT('',(-32.432748656,-6.22647521,45.829279504));
#5894=CARTESIAN_POINT('',(-32.693278874,-5.863074163,45.376828429));
#5895=CARTESIAN_POINT('',(-33.735399748,-4.409469974,43.567024131));
#5896=CARTESIAN_POINT('',(-34.662788436,-2.866374564,41.782783087));
#5897=CARTESIAN_POINT('',(-35.474670581,-1.251931969,40.007636257));
#5898=CARTESIAN_POINT('',(-36.286552726,0.362510627,38.232489427));
#5899=CARTESIAN_POINT('',(-36.982800191,2.048446127,36.466505989));
#5900=CARTESIAN_POINT('',(-37.564649533,3.787420815,34.69388625));
#5901=CARTESIAN_POINT('',(-37.855574203,4.656908159,33.807576381));
#5902=CARTESIAN_POINT('',(-38.118037835,5.540411188,32.918897299));
#5903=CARTESIAN_POINT('',(-38.351297587,6.428866153,32.031992689));
#5904=CARTESIAN_POINT('',(-38.584557339,7.317321118,31.14508808));
#5905=CARTESIAN_POINT('',(-38.789121891,8.211991978,30.25859373));
#5906=CARTESIAN_POINT('',(-38.967003802,9.109999728,29.37002454));
#5907=CARTESIAN_POINT('',(-39.144885712,10.008007478,28.48145535));
#5908=CARTESIAN_POINT('',(-39.296044095,10.90939345,27.590844557));
#5909=CARTESIAN_POINT('',(-39.423323694,11.810730054,26.695324841));
#5910=CARTESIAN_POINT('',(-39.550603293,12.712066658,25.799805126));
#5911=CARTESIAN_POINT('',(-39.653994487,13.613769532,24.898950084));
#5912=CARTESIAN_POINT('',(-39.737586097,14.509011783,23.991735242));
#5913=CARTESIAN_POINT('',(-39.821177707,15.404254033,23.084520399));
#5914=CARTESIAN_POINT('',(-39.884943225,16.293573446,22.170608335));
#5915=CARTESIAN_POINT('',(-39.935392605,17.171653557,21.245425028));
#5916=CARTESIAN_POINT('',(-39.985841986,18.049733668,20.32024172));
#5917=CARTESIAN_POINT('',(-40.022849003,18.916655213,19.38385501));
#5918=CARTESIAN_POINT('',(-40.056602881,19.764713594,18.429680901));
#5919=CARTESIAN_POINT('',(-40.07347982,20.188742785,17.952593847));
#5920=CARTESIAN_POINT('',(-40.089605208,20.608020891,17.471030672));
#5921=CARTESIAN_POINT('',(-40.106659986,21.021364156,16.983986621));
#5922=CARTESIAN_POINT('',(-40.123714763,21.434707422,16.49694257));
#5923=CARTESIAN_POINT('',(-40.141712068,21.842283722,16.004178909));
#5924=CARTESIAN_POINT('',(-40.162598481,22.241041418,15.506647533));
#5925=CARTESIAN_POINT('',(-40.204371308,23.038556808,14.511584782));
#5926=CARTESIAN_POINT('',(-40.257705441,23.801986137,13.495910059));
#5927=CARTESIAN_POINT('',(-40.341058704,24.518137344,12.45314005));
#5928=CARTESIAN_POINT('',(-40.382735336,24.876212948,11.931755045));
#5929=CARTESIAN_POINT('',(-40.43198095,25.222443494,11.403586717));
#5930=CARTESIAN_POINT('',(-40.49038118,25.55611032,10.868343853));
#5931=CARTESIAN_POINT('',(-40.54878141,25.889777146,10.333100989));
#5932=CARTESIAN_POINT('',(-40.616398102,26.210825131,9.790754867));
#5933=CARTESIAN_POINT('',(-40.693402114,26.519981972,9.241790154));
#5934=CARTESIAN_POINT('',(-40.770406126,26.829138814,8.69282544));
#5935=CARTESIAN_POINT('',(-40.85683424,27.126377118,8.137228508));
#5936=CARTESIAN_POINT('',(-40.950649198,27.414541713,7.576605064));
#5937=CARTESIAN_POINT('',(-41.044464157,27.702706308,7.01598162));
#5938=CARTESIAN_POINT('',(-41.145638249,27.981833012,6.450351664));
#5939=CARTESIAN_POINT('',(-41.249885994,28.256786162,5.882375089));
#5940=B_SPLINE_CURVE_WITH_KNOTS('',3,(#5843,#5844,#5845,#5846,#5847,#5848,#5849,#5850,#5851,#5852,#5853,#5854,#5855,#5856,#5857,#5858,#5859,#5860,#5861,#5862,#5863,#5864,#5865,#5866,#5867,#5868,
#5869,#5870,#5871,#5872,#5873,#5874,#5875,#5876,#5877,#5878,#5879,#5880,#5881,#5882,#5883,#5884,#5885,#5886,#5887,#5888,#5889,#5890,#5891,#5892,#5893,
#5894,#5895,#5896,#5897,#5898,#5899,#5900,#5901,#5902,#5903,#5904,#5905,#5906,#5907,#5908,#5909,#5910,#5911,#5912,#5913,#5914,#5915,#5916,#5917,#5918,
#5919,#5920,#5921,#5922,#5923,#5924,#5925,#5926,#5927,#5928,#5929,#5930,#5931,#5932,#5933,#5934,#5935,#5936,#5937,#5938,#5939),.UNSPECIFIED.,.F.,.F.,(4,3,3,3,3,3,3,3,3,3,3,3,3,3,3,3,3,3,3,3,3,3,3,3,3,3,
3,3,3,3,3,3,4),(0.,0.007615674,0.011423511,0.013327429,0.015231348,0.022847021,0.026654858,0.028558777,0.030462695,0.038078369,0.045694043,0.047597961,0.04950188,0.053309717,0.06092539,0.064733227,0.066637146,0.068541064,0.076156738,0.083772412,0.087580249,0.091388086,0.095195923,0.099003759,0.102811596,0.106619433,
0.108523352,0.11042727,0.114235107,0.116139026,0.118042944,0.119946862,0.121850781),.UNSPECIFIED.);
#5941=EDGE_CURVE('',#5803,#5842,#5940,.T.);
#5942=ORIENTED_EDGE('',*,*,#5941,.T.);
#5943=CARTESIAN_POINT('',(1.75202638,-9.845323944,100.));
#5944=CARTESIAN_POINT('',(1.254277831,-10.917482291,97.72148761));
#5945=CARTESIAN_POINT('',(0.563353228,-11.931999257,95.492265443));
#5946=CARTESIAN_POINT('',(-0.296995991,-12.849551581,93.287097869));
#5947=CARTESIAN_POINT('',(-0.7271706,-13.308327743,92.184514082));
#5948=CARTESIAN_POINT('',(-1.199766816,-13.74298965,91.088021146));
#5949=CARTESIAN_POINT('',(-1.712137751,-14.149017035,89.994749742));
#5950=CARTESIAN_POINT('',(-1.968323219,-14.352030727,89.44811404));
#5951=CARTESIAN_POINT('',(-2.234454756,-14.547891104,88.90228682));
#5952=CARTESIAN_POINT('',(-2.510214615,-14.73603784,88.356916327));
#5953=CARTESIAN_POINT('',(-2.785974473,-14.924184576,87.811545834));
#5954=CARTESIAN_POINT('',(-3.071909244,-15.104918138,87.265649031));
#5955=CARTESIAN_POINT('',(-3.365425825,-15.276403171,86.7230196));
#5956=CARTESIAN_POINT('',(-4.53949215,-15.962343301,84.552501875));
#5957=CARTESIAN_POINT('',(-5.835205551,-16.501761487,82.430846048));
#5958=CARTESIAN_POINT('',(-7.219851345,-16.878741959,80.333988225));
#5959=CARTESIAN_POINT('',(-7.912174243,-17.067232195,79.285559313));
#5960=CARTESIAN_POINT('',(-8.626851468,-17.215148283,78.243414396));
#5961=CARTESIAN_POINT('',(-9.360287972,-17.320500782,77.20486159));
#5962=CARTESIAN_POINT('',(-9.727006224,-17.373177032,76.685585187));
#5963=CARTESIAN_POINT('',(-10.098418414,-17.415213949,76.167209755));
#5964=CARTESIAN_POINT('',(-10.474092192,-17.446353787,75.649407909));
#5965=CARTESIAN_POINT('',(-10.849765969,-17.477493624,75.131606063));
#5966=CARTESIAN_POINT('',(-11.229368655,-17.497663438,74.614859025));
#5967=CARTESIAN_POINT('',(-11.610068573,-17.506736789,74.101989859));
#5968=CARTESIAN_POINT('',(-13.132868249,-17.543030195,72.050513198));
#5969=CARTESIAN_POINT('',(-14.683074149,-17.402961591,70.046516732));
#5970=CARTESIAN_POINT('',(-16.232906658,-17.090684323,68.067900478));
#5971=CARTESIAN_POINT('',(-17.782739167,-16.778407055,66.089284224));
#5972=CARTESIAN_POINT('',(-19.332483275,-16.293883646,64.136274142));
#5973=CARTESIAN_POINT('',(-20.857935255,-15.638171325,62.189996845));
#5974=CARTESIAN_POINT('',(-21.23929825,-15.474243245,61.70342752));
#5975=CARTESIAN_POINT('',(-21.619389748,-15.299442431,61.216970941));
#5976=CARTESIAN_POINT('',(-21.995046872,-15.115246896,60.733966372));
#5977=CARTESIAN_POINT('',(-22.370703997,-14.931051362,60.250961803));
#5978=CARTESIAN_POINT('',(-22.742566711,-14.737206872,59.770597282));
#5979=CARTESIAN_POINT('',(-23.110384182,-14.533985241,59.292541108));
#5980=CARTESIAN_POINT('',(-23.846019126,-14.127541979,58.336428759));
#5981=CARTESIAN_POINT('',(-24.565465686,-13.683607762,57.389534662));
#5982=CARTESIAN_POINT('',(-25.266845504,-13.204149882,56.449412804));
#5983=CARTESIAN_POINT('',(-26.66960514,-12.245234122,54.569169089));
#5984=CARTESIAN_POINT('',(-28.00006766,-11.144389476,52.715900399));
#5985=CARTESIAN_POINT('',(-29.244314445,-9.9143029,50.872533958));
#5986=CARTESIAN_POINT('',(-29.866437838,-9.299259613,49.950850737));
#5987=CARTESIAN_POINT('',(-30.467018983,-8.651885131,49.031663012));
#5988=CARTESIAN_POINT('',(-31.044356204,-7.973533117,48.112993352));
#5989=CARTESIAN_POINT('',(-31.333024815,-7.634357111,47.653658522));
#5990=CARTESIAN_POINT('',(-31.615357585,-7.288013939,47.195266252));
#5991=CARTESIAN_POINT('',(-31.890203865,-6.936141087,46.739304424));
#5992=CARTESIAN_POINT('',(-32.165050144,-6.584268235,46.283342597));
#5993=CARTESIAN_POINT('',(-32.432748656,-6.22647521,45.829279504));
#5994=CARTESIAN_POINT('',(-32.693278874,-5.863074163,45.376828429));
#5995=CARTESIAN_POINT('',(-33.735399748,-4.409469974,43.567024131));
#5996=CARTESIAN_POINT('',(-34.662788436,-2.866374564,41.782783087));
#5997=CARTESIAN_POINT('',(-35.474670581,-1.251931969,40.007636257));
#5998=CARTESIAN_POINT('',(-36.286552726,0.362510627,38.232489427));
#5999=CARTESIAN_POINT('',(-36.982800191,2.048446127,36.466505989));
#6000=CARTESIAN_POINT('',(-37.564649533,3.787420815,34.69388625));
#6001=CARTESIAN_POINT('',(-37.855574203,4.656908159,33.807576381));
#6002=CARTESIAN_POINT('',(-38.118037835,5.540411188,32.918897299));
#6003=CARTESIAN_POINT('',(-38.351297587,6.428866153,32.031992689));
#6004=CARTESIAN_POINT('',(-38.584557339,7.317321118,31.14508808));
#6005=CARTESIAN_POINT('',(-38.789121891,8.211991978,30.25859373));
#6006=CARTESIAN_POINT('',(-38.967003802,9.109999728,29.37002454));
#6007=CARTESIAN_POINT('',(-39.144885712,10.008007478,28.48145535));
#6008=CARTESIAN_POINT('',(-39.296044095,10.90939345,27.590844557));
#6009=CARTESIAN_POINT('',(-39.423323694,11.810730054,26.695324841));
#6010=CARTESIAN_POINT('',(-39.550603293,12.712066658,25.799805126));
#6011=CARTESIAN_POINT('',(-39.653994487,13.613769532,24.898950084));
#6012=CARTESIAN_POINT('',(-39.737586097,14.509011783,23.991735242));
#6013=CARTESIAN_POINT('',(-39.821177707,15.404254033,23.084520399));
#6014=CARTESIAN_POINT('',(-39.884943225,16.293573446,22.170608335));
#6015=CARTESIAN_POINT('',(-39.935392605,17.171653557,21.245425028));
#6016=CARTESIAN_POINT('',(-39.985841986,18.049733668,20.32024172));
#6017=CARTESIAN_POINT('',(-40.022849003,18.916655213,19.38385501));
#6018=CARTESIAN_POINT('',(-40.056602881,19.764713594,18.429680901));
#6019=CARTESIAN_POINT('',(-40.07347982,20.188742785,17.952593847));
#6020=CARTESIAN_POINT('',(-40.089605208,20.608020891,17.471030672));
#6021=CARTESIAN_POINT('',(-40.106659986,21.021364156,16.983986621));
#6022=CARTESIAN_POINT('',(-40.123714763,21.434707422,16.49694257));
#6023=CARTESIAN_POINT('',(-40.141712068,21.842283722,16.004178909));
#6024=CARTESIAN_POINT('',(-40.162598481,22.241041418,15.506647533));
#6025=CARTESIAN_POINT('',(-40.204371308,23.038556808,14.511584782));
#6026=CARTESIAN_POINT('',(-40.257705441,23.801986137,13.495910059));
#6027=CARTESIAN_POINT('',(-40.341058704,24.518137344,12.45314005));
#6028=CARTESIAN_POINT('',(-40.382735336,24.876212948,11.931755045));
#6029=CARTESIAN_POINT('',(-40.43198095,25.222443494,11.403586717));
#6030=CARTESIAN_POINT('',(-40.49038118,25.55611032,10.868343853));
#6031=CARTESIAN_POINT('',(-40.54878141,25.889777146,10.333100989));
#6032=CARTESIAN_POINT('',(-40.616398102,26.210825131,9.790754867));
#6033=CARTESIAN_POINT('',(-40.693402114,26.519981972,9.241790154));
#6034=CARTESIAN_POINT('',(-40.770406126,26.829138814,8.69282544));
#6035=CARTESIAN_POINT('',(-40.85683424,27.126377118,8.137228508));
#6036=CARTESIAN_POINT('',(-40.950649198,27.414541713,7.576605064));
#6037=CARTESIAN_POINT('',(-41.044464157,27.702706308,7.01598162));
#6038=CARTESIAN_POINT('',(-41.145638249,27.981833012,6.450351664));
#6039=CARTESIAN_POINT('',(-41.249885994,28.256786162,5.882375089));
#6040=B_SPLINE_CURVE_WITH_KNOTS('',3,(#5943,#5944,#5945,#5946,#5947,#5948,#5949,#5950,#5951,#5952,#5953,#5954,#5955,#5956,#5957,#5958,#5959,#5960,#5961,#5962,#5963,#5964,#5965,#5966,#5967,#5968,
#5969,#5970,#5971,#5972,#5973,#5974,#5975,#5976,#5977,#5978,#5979,#5980,#5981,#5982,#5983,#5984,#5985,#5986,#5987,#5988,#5989,#5990,#5991,#5992,#5993,
#5994,#5995,#5996,#5997,#5998,#5999,#6000,#6001,#6002,#6003,#6004,#6005,#6006,#6007,#6008,#6009,#6010,#6011,#6012,#6013,#6014,#6015,#6016,#6017,#6018,
#6019,#6020,#6021,#6022,#6023,#6024,#6025,#6026,#6027,#6028,#6029,#6030,#6031,#6032,#6033,#6034,#6035,#6036,#6037,#6038,#6039),.UNSPECIFIED.,.F.,.F.,(4,3,3,3,3,3,3,3,3,3,3,3,3,3,3,3,3,3,3,3,3,3,3,3,3,3,
3,3,3,3,3,3,4),(0.,0.007615674,0.011423511,0.013327429,0.015231348,0.022847021,0.026654858,0.028558777,0.030462695,0.038078369,0.045694043,0.047597961,0.04950188,0.053309717,0.06092539,0.064733227,0.066637146,0.068541064,0.076156738,0.083772412,0.087580249,0.091388086,0.095195923,0.099003759,0.102811596,0.106619433,
0.108523352,0.11042727,0.114235107,0.116139026,0.118042944,0.119946862,0.121850781),.UNSPECIFIED.);
#6041=EDGE_CURVE('',#5842,#5466,#6040,.T.);
#6042=ORIENTED_EDGE('',*,*,#6041,.T.);
#6043=ORIENTED_EDGE('',*,*,#5472,.F.);
#6044=ORIENTED_EDGE('',*,*,#57,.T.);
#6045=EDGE_LOOP('',(#5840,#5942,#6042,#6043,#6044));
#6046=FACE_BOUND('',#6045,.T.);
#6047=ADVANCED_FACE('',(#6046),#5801,.T.);
#6048=CARTESIAN_POINT('',(-1.75202638,9.845323944,0.));
#6049=CARTESIAN_POINT('',(-2.396401982,9.730653969,2.083335456));
#6050=CARTESIAN_POINT('',(-3.029466621,9.552523239,4.166666667));
#6051=CARTESIAN_POINT('',(-4.248711584,9.07616759,8.333333333));
#6052=CARTESIAN_POINT('',(-4.834861104,8.777954565,10.416666667));
#6053=CARTESIAN_POINT('',(-5.93774624,8.072889063,14.583333333));
#6054=CARTESIAN_POINT('',(-6.454454586,7.66605402,16.666666667));
#6055=CARTESIAN_POINT('',(-7.398596638,6.759373938,20.833333333));
#6056=CARTESIAN_POINT('',(-7.826006999,6.259551318,22.916666667));
#6057=CARTESIAN_POINT('',(-8.575123117,5.186099862,27.083333333));
#6058=CARTESIAN_POINT('',(-8.896810351,4.612497569,29.166666667));
#6059=CARTESIAN_POINT('',(-9.422112423,3.413526877,33.333333333));
#6060=CARTESIAN_POINT('',(-9.625714271,2.788188125,35.416666667));
#6061=CARTESIAN_POINT('',(-9.907015232,1.509773969,39.583333333));
#6062=CARTESIAN_POINT('',(-9.984707389,0.856730176,41.666666667));
#6063=CARTESIAN_POINT('',(-10.011197002,-0.451998706,45.833333333));
#6064=CARTESIAN_POINT('',(-9.959993803,-1.107651434,47.916666667));
#6065=CARTESIAN_POINT('',(-9.730654086,-2.396401325,52.083333333));
#6066=CARTESIAN_POINT('',(-9.552523239,-3.029466621,54.166666667));
#6067=CARTESIAN_POINT('',(-9.07616759,-4.248711584,58.333333333));
#6068=CARTESIAN_POINT('',(-8.777954565,-4.834861104,60.416666667));
#6069=CARTESIAN_POINT('',(-8.072889063,-5.93774624,64.583333333));
#6070=CARTESIAN_POINT('',(-7.66605402,-6.454454586,66.666666667));
#6071=CARTESIAN_POINT('',(-6.759373938,-7.398596638,70.833333333));
#6072=CARTESIAN_POINT('',(-6.259551318,-7.826006999,72.916666667));
#6073=CARTESIAN_POINT('',(-5.186099862,-8.575123117,77.083333333));
#6074=CARTESIAN_POINT('',(-4.612497569,-8.896810351,79.166666667));
#6075=CARTESIAN_POINT('',(-3.413526877,-9.422112423,83.333333333));
#6076=CARTESIAN_POINT('',(-2.788188125,-9.625714271,85.416666667));
#6077=CARTESIAN_POINT('',(-1.509773969,-9.907015232,89.583333333));
#6078=CARTESIAN_POINT('',(-0.856730176,-9.984707389,91.666666667));
#6079=CARTESIAN_POINT('',(0.451998706,-10.011197002,95.833333333));
#6080=CARTESIAN_POINT('',(1.107650778,-9.959993919,97.916664544));
#6081=CARTESIAN_POINT('',(1.75202638,-9.845323944,100.));
#6082=CARTESIAN_POINT('',(-3.891969045,9.464510065,0.));
#6083=CARTESIAN_POINT('',(-4.511420438,9.209781016,2.083335547));
#6084=CARTESIAN_POINT('',(-5.105767224,8.894049744,4.166666667));
#6085=CARTESIAN_POINT('',(-6.221473311,8.152683584,8.333333333));
#6086=CARTESIAN_POINT('',(-6.742804367,7.7270673,10.416666667));
#6087=CARTESIAN_POINT('',(-7.692439111,6.782282824,14.583333333));
#6088=CARTESIAN_POINT('',(-8.120719319,6.263137993,16.666666667));
#6089=CARTESIAN_POINT('',(-8.867788791,5.151242738,20.833333333));
#6090=CARTESIAN_POINT('',(-9.186559582,4.558519806,22.916666667));
#6091=CARTESIAN_POINT('',(-9.70235432,3.322243282,27.083333333));
#6092=CARTESIAN_POINT('',(-9.899365513,2.678720259,29.166666667));
#6093=CARTESIAN_POINT('',(-10.164063814,1.36557188,33.333333333));
#6094=CARTESIAN_POINT('',(-10.231744378,0.695978995,35.416666667));
#6095=CARTESIAN_POINT('',(-10.235174036,-0.643577683,39.583333333));
#6096=CARTESIAN_POINT('',(-10.170923045,-1.313508352,41.666666667));
#6097=CARTESIAN_POINT('',(-9.91295226,-2.627994917,45.833333333));
#6098=CARTESIAN_POINT('',(-9.719238844,-3.272518309,47.916666667));
#6099=CARTESIAN_POINT('',(-9.209781287,-4.51141978,52.083333333));
#6100=CARTESIAN_POINT('',(-8.894049744,-5.105767224,54.166666667));
#6101=CARTESIAN_POINT('',(-8.152683584,-6.221473311,58.333333333));
#6102=CARTESIAN_POINT('',(-7.7270673,-6.742804367,60.416666667));
#6103=CARTESIAN_POINT('',(-6.782282824,-7.692439111,64.583333333));
#6104=CARTESIAN_POINT('',(-6.263137993,-8.120719319,66.666666667));
#6105=CARTESIAN_POINT('',(-5.151242738,-8.867788791,70.833333333));
#6106=CARTESIAN_POINT('',(-4.558519806,-9.186559582,72.916666667));
#6107=CARTESIAN_POINT('',(-3.322243282,-9.70235432,77.083333333));
#6108=CARTESIAN_POINT('',(-2.678720259,-9.899365513,79.166666667));
#6109=CARTESIAN_POINT('',(-1.36557188,-10.164063814,83.333333333));
#6110=CARTESIAN_POINT('',(-0.695978995,-10.231744378,85.416666667));
#6111=CARTESIAN_POINT('',(0.643577683,-10.235174036,89.583333333));
#6112=CARTESIAN_POINT('',(1.313508352,-10.170923045,91.666666667));
#6113=CARTESIAN_POINT('',(2.627994917,-9.91295226,95.833333333));
#6114=CARTESIAN_POINT('',(3.272517651,-9.719239114,97.916664453));
#6115=CARTESIAN_POINT('',(3.891969045,-9.464510065,100.));
#6116=CARTESIAN_POINT('',(-5.803045849,8.429058826,0.));
#6117=CARTESIAN_POINT('',(-6.354727045,8.04924996,2.083335547));
#6118=CARTESIAN_POINT('',(-6.868986484,7.615116838,4.166666667));
#6119=CARTESIAN_POINT('',(-7.802953017,6.654840644,8.333333333));
#6120=CARTESIAN_POINT('',(-8.222636431,6.128721719,10.416666667));
#6121=CARTESIAN_POINT('',(-8.951316467,5.00468913,14.583333333));
#6122=CARTESIAN_POINT('',(-9.260295071,4.40680326,16.666666667));
#6123=CARTESIAN_POINT('',(-9.755685845,3.16221022,20.833333333));
#6124=CARTESIAN_POINT('',(-9.942085765,2.515533824,22.916666667));
#6125=CARTESIAN_POINT('',(-10.185149687,1.198209344,27.083333333));
#6126=CARTESIAN_POINT('',(-10.241807679,0.527593833,29.166666667));
#6127=CARTESIAN_POINT('',(-10.223203939,-0.811838045,33.333333333));
#6128=CARTESIAN_POINT('',(-10.147942667,-1.480621293,35.416666667));
#6129=CARTESIAN_POINT('',(-9.868386196,-2.790686953,39.583333333));
#6130=CARTESIAN_POINT('',(-9.664097909,-3.431936972,41.666666667));
#6131=CARTESIAN_POINT('',(-9.134331906,-4.662291327,45.833333333));
#6132=CARTESIAN_POINT('',(-8.808867289,-5.251365239,47.916666667));
#6133=CARTESIAN_POINT('',(-8.049250364,-6.354726459,52.083333333));
#6134=CARTESIAN_POINT('',(-7.615116838,-6.868986484,54.166666667));
#6135=CARTESIAN_POINT('',(-6.654840644,-7.802953017,58.333333333));
#6136=CARTESIAN_POINT('',(-6.128721719,-8.222636431,60.416666667));
#6137=CARTESIAN_POINT('',(-5.00468913,-8.951316467,64.583333333));
#6138=CARTESIAN_POINT('',(-4.40680326,-9.260295071,66.666666667));
#6139=CARTESIAN_POINT('',(-3.16221022,-9.755685845,70.833333333));
#6140=CARTESIAN_POINT('',(-2.515533824,-9.942085765,72.916666667));
#6141=CARTESIAN_POINT('',(-1.198209344,-10.185149687,77.083333333));
#6142=CARTESIAN_POINT('',(-0.527593833,-10.241807679,79.166666667));
#6143=CARTESIAN_POINT('',(0.811838045,-10.223203939,83.333333333));
#6144=CARTESIAN_POINT('',(1.480621293,-10.147942667,85.416666667));
#6145=CARTESIAN_POINT('',(2.790686953,-9.868386196,89.583333333));
#6146=CARTESIAN_POINT('',(3.431936972,-9.664097909,91.666666667));
#6147=CARTESIAN_POINT('',(4.662291327,-9.134331906,95.833333333));
#6148=CARTESIAN_POINT('',(5.251364653,-8.808867692,97.916664453));
#6149=CARTESIAN_POINT('',(5.803045849,-8.429058826,100.));
#6150=CARTESIAN_POINT('',(-7.290713866,6.844376621,0.));
#6151=CARTESIAN_POINT('',(-7.738677725,6.367200028,2.083335456));
#6152=CARTESIAN_POINT('',(-8.139633011,5.845916753,4.166666667));
#6153=CARTESIAN_POINT('',(-8.832159953,4.735115502,8.333333333));
#6154=CARTESIAN_POINT('',(-9.123714027,4.145625477,10.416666667));
#6155=CARTESIAN_POINT('',(-9.586227684,2.921062656,14.583333333));
#6156=CARTESIAN_POINT('',(-9.75717583,2.286020138,16.666666667));
#6157=CARTESIAN_POINT('',(-9.971902061,0.99475501,20.833333333));
#6158=CARTESIAN_POINT('',(-10.015674837,0.338564328,22.916666667));
#6159=CARTESIAN_POINT('',(-9.974361834,-0.969780513,27.083333333));
#6160=CARTESIAN_POINT('',(-9.889277077,-1.62190232,29.166666667));
#6161=CARTESIAN_POINT('',(-9.593512476,-2.897047914,33.333333333));
#6162=CARTESIAN_POINT('',(-9.382839945,-3.520040171,35.416666667));
#6163=CARTESIAN_POINT('',(-8.843989813,-4.712983389,39.583333333));
#6164=CARTESIAN_POINT('',(-8.515825536,-5.282904853,41.666666667));
#6165=CARTESIAN_POINT('',(-7.754597582,-6.347801556,45.833333333));
#6166=CARTESIAN_POINT('',(-7.321552728,-6.842750463,47.916666667));
#6167=CARTESIAN_POINT('',(-6.367200514,-7.738677268,52.083333333));
#6168=CARTESIAN_POINT('',(-5.845916753,-8.139633011,54.166666667));
#6169=CARTESIAN_POINT('',(-4.735115502,-8.832159953,58.333333333));
#6170=CARTESIAN_POINT('',(-4.145625477,-9.123714027,60.416666667));
#6171=CARTESIAN_POINT('',(-2.921062656,-9.586227684,64.583333333));
#6172=CARTESIAN_POINT('',(-2.286020138,-9.75717583,66.666666667));
#6173=CARTESIAN_POINT('',(-0.99475501,-9.971902061,70.833333333));
#6174=CARTESIAN_POINT('',(-0.338564328,-10.015674837,72.916666667));
#6175=CARTESIAN_POINT('',(0.969780513,-9.974361834,77.083333333));
#6176=CARTESIAN_POINT('',(1.62190232,-9.889277077,79.166666667));
#6177=CARTESIAN_POINT('',(2.897047914,-9.593512476,83.333333333));
#6178=CARTESIAN_POINT('',(3.520040171,-9.382839945,85.416666667));
#6179=CARTESIAN_POINT('',(4.712983389,-8.843989813,89.583333333));
#6180=CARTESIAN_POINT('',(5.282904853,-8.515825536,91.666666667));
#6181=CARTESIAN_POINT('',(6.347801556,-7.754597582,95.833333333));
#6182=CARTESIAN_POINT('',(6.842750007,-7.321553214,97.916664544));
#6183=CARTESIAN_POINT('',(7.290713866,-6.844376621,100.));
#6184=(BOUNDED_SURFACE()
B_SPLINE_SURFACE(3,3,((#6048,#6049,#6050,#6051,#6052,#6053,#6054,#6055,#6056,#6057,#6058,#6059,#6060,#6061,#6062,#6063,#6064,#6065,#6066,#6067,#6068,#6069,#6070,#6071,#6072,#6073,
#6074,#6075,#6076,#6077,#6078,#6079,#6080,#6081),(#6082,#6083,#6084,#6085,#6086,#6087,#6088,#6089,#6090,#6091,#6092,#6093,#6094,#6095,#6096,#6097,#6098,#6099,#6100,#6101,#6102,#6103,#6104,#6105,#6106,#6107,
#6108,#6109,#6110,#6111,#6112,#6113,#6114,#6115),(#6116,#6117,#6118,#6119,#6120,#6121,#6122,#6123,#6124,#6125,#6126,#6127,#6128,#6129,#6130,#6131,#6132,#6133,#6134,#6135,#6136,#6137,#6138,#6139,#6140,#6141,
#6142,#6143,#6144,#6145,#6146,#6147,#6148,#6149),(#6150,#6151,#6152,#6153,#6154,#6155,#6156,#6157,#6158,#6159,#6160,#6161,#6162,#6163,#6164,#6165,#6166,#6167,#6168,#6169,#6170,#6171,#6172,#6173,#6174,#6175,
#6176,#6177,#6178,#6179,#6180,#6181,#6182,#6183)),.UNSPECIFIED.,.F.,.F.,.U.)
B_SPLINE_SURFACE_WITH_KNOTS((4,4),(4,2,2,2,2,2,2,2,2,2,2,2,2,2,2,2,4),(0.,1.),(0.,0.0625,0.125,0.1875,0.25,0.3125,0.375,0.4375,0.5,0.5625,0.625,0.6875,0.75,0.8125,0.875,0.9375,1.),.UNSPECIFIED.)
GEOMETRIC_REPRESENTATION_ITEM()
RATIONAL_B_SPLINE_SURFACE(((1.,1.,1.,1.,1.,1.,1.,1.,1.,1.,1.,1.,1.,1.,1.,1.,1.,1.,1.,1.,1.,1.,1.,1.,1.,1.,
1.,1.,1.,1.,1.,1.,1.,1.),(0.966067485,0.966067485,0.966067485,0.966067485,0.966067485,0.966067485,0.966067485,0.966067485,0.966067485,0.966067485,0.966067485,0.966067485,0.966067485,0.966067485,0.966067485,0.966067485,0.966067485,0.966067485,0.966067485,0.966067485,0.966067485,0.966067485,0.966067485,0.966067485,0.966067485,0.966067485,
0.966067485,0.966067485,0.966067485,0.966067485,0.966067485,0.966067485,0.966067485,0.966067485),(0.966067485,0.966067485,0.966067485,0.966067485,0.966067485,0.966067485,0.966067485,0.966067485,0.966067485,0.966067485,0.966067485,0.966067485,0.966067485,0.966067485,0.966067485,0.966067485,0.966067485,0.966067485,0.966067485,0.966067485,0.966067485,0.966067485,0.966067485,0.966067485,0.966067485,0.966067485,
0.966067485,0.966067485,0.966067485,0.966067485,0.966067485,0.966067485,0.966067485,0.966067485),(1.,1.,1.,1.,1.,1.,1.,1.,1.,1.,1.,1.,1.,1.,1.,1.,1.,1.,1.,1.,1.,1.,1.,1.,1.,1.,
1.,1.,1.,1.,1.,1.,1.,1.)))
REPRESENTATION_ITEM('')
SURFACE()
);
#6185=CARTESIAN_POINT('',(1.75202638,-9.845323944,100.));
#6186=CARTESIAN_POINT('',(2.804885527,-9.657962207,100.));
#6187=CARTESIAN_POINT('',(3.823235681,-9.302015161,100.));
#6188=CARTESIAN_POINT('',(4.763899922,-8.792340845,100.));
#6189=CARTESIAN_POINT('',(5.704564164,-8.282666529,100.));
#6190=CARTESIAN_POINT('',(6.558009557,-7.624862231,100.));
#6191=CARTESIAN_POINT('',(7.290713866,-6.844376621,100.));
#6192=B_SPLINE_CURVE_WITH_KNOTS('',3,(#6185,#6186,#6187,#6188,#6189,#6190,#6191),.UNSPECIFIED.,.F.,.F.,(4,3,4),(0.025197696,0.028409257,0.031620817),.UNSPECIFIED.);
#6193=EDGE_CURVE('',#5803,#348,#6192,.T.);
#6194=ORIENTED_EDGE('',*,*,#6193,.F.);
#6195=ORIENTED_EDGE('',*,*,#5839,.F.);
#6196=ORIENTED_EDGE('',*,*,#49,.T.);
#6197=ORIENTED_EDGE('',*,*,#493,.T.);
#6198=EDGE_LOOP('',(#6194,#6195,#6196,#6197));
#6199=FACE_BOUND('',#6198,.T.);
#6200=ADVANCED_FACE('',(#6199),#6184,.T.);
#6201=CARTESIAN_POINT('',(0.,-0.,0.));
#6202=DIRECTION('',(0.,0.,-1.));
#6203=DIRECTION('',(-1.,0.,0.));
#6204=AXIS2_PLACEMENT_3D('',#6201,#6202,#6203);
#6205=CONICAL_SURFACE('',#6204,52.5,23.025492009);
#6206=CARTESIAN_POINT('',(-36.074726603,-0.,38.647702111));
#6207=DIRECTION('',(0.39114064,-0.,0.920330918));
#6208=VECTOR('',#6207,6.315742278);
#6209=LINE('',#6206,#6208);
#6210=EDGE_CURVE('',#5842,#5475,#6209,.T.);
#6211=ORIENTED_EDGE('',*,*,#6210,.T.);
#6212=ORIENTED_EDGE('',*,*,#5583,.F.);
#6213=ORIENTED_EDGE('',*,*,#6041,.F.);
#6214=EDGE_LOOP('',(#6211,#6212,#6213));
#6215=FACE_BOUND('',#6214,.T.);
#6216=ADVANCED_FACE('',(#6215),#6205,.T.);
#6217=CARTESIAN_POINT('',(0.,-0.,0.));
#6218=DIRECTION('',(0.,0.,-1.));
#6219=DIRECTION('',(-1.,0.,0.));
#6220=AXIS2_PLACEMENT_3D('',#6217,#6218,#6219);
#6221=CONICAL_SURFACE('',#6220,52.5,23.025492009);
#6222=CARTESIAN_POINT('',(-23.95247621,-0.,67.170644213));
#6223=DIRECTION('',(0.39114064,-0.,0.920330918));
#6224=VECTOR('',#6223,5.604735344);
#6225=LINE('',#6222,#6224);
#6226=EDGE_CURVE('',#4965,#4598,#6225,.T.);
#6227=ORIENTED_EDGE('',*,*,#6226,.T.);
#6228=ORIENTED_EDGE('',*,*,#4706,.F.);
#6229=ORIENTED_EDGE('',*,*,#5164,.F.);
#6230=EDGE_LOOP('',(#6227,#6228,#6229));
#6231=FACE_BOUND('',#6230,.T.);
#6232=ADVANCED_FACE('',(#6231),#6221,.T.);
#6233=CARTESIAN_POINT('',(0.,-0.,0.));
#6234=DIRECTION('',(0.,0.,-1.));
#6235=DIRECTION('',(-1.,0.,0.));
#6236=AXIS2_PLACEMENT_3D('',#6233,#6234,#6235);
#6237=CONICAL_SURFACE('',#6236,52.5,23.025492009);
#6238=CARTESIAN_POINT('',(-12.521285668,-0.,94.067563135));
#6239=DIRECTION('',(0.39114064,-0.,0.920330918));
#6240=VECTOR('',#6239,5.297486857);
#6241=LINE('',#6238,#6240);
#6242=EDGE_CURVE('',#4088,#3721,#6241,.T.);
#6243=ORIENTED_EDGE('',*,*,#6242,.T.);
#6244=ORIENTED_EDGE('',*,*,#3829,.F.);
#6245=ORIENTED_EDGE('',*,*,#4287,.F.);
#6246=EDGE_LOOP('',(#6243,#6244,#6245));
#6247=FACE_BOUND('',#6246,.T.);
#6248=ADVANCED_FACE('',(#6247),#6237,.T.);
#6249=CARTESIAN_POINT('',(0.,-0.,0.));
#6250=DIRECTION('',(0.,0.,-1.));
#6251=DIRECTION('',(-1.,0.,0.));
#6252=AXIS2_PLACEMENT_3D('',#6249,#6250,#6251);
#6253=CONICAL_SURFACE('',#6252,52.5,23.025492009);
#6254=ORIENTED_EDGE('',*,*,#3163,.F.);
#6255=ORIENTED_EDGE('',*,*,#3410,.F.);
#6256=CARTESIAN_POINT('',(0.,0.,100.));
#6257=DIRECTION('',(0.,0.,1.));
#6258=DIRECTION('',(1.,0.,-0.));
#6259=AXIS2_PLACEMENT_3D('',#6256,#6257,#6258);
#6260=CIRCLE('',#6259,10.);
#6261=EDGE_CURVE('',#2888,#3274,#6260,.T.);
#6262=ORIENTED_EDGE('',*,*,#6261,.F.);
#6263=EDGE_LOOP('',(#6254,#6255,#6262));
#6264=FACE_BOUND('',#6263,.T.);
#6265=ADVANCED_FACE('',(#6264),#6253,.T.);
#6266=CARTESIAN_POINT('',(0.,-0.,0.));
#6267=DIRECTION('',(0.,0.,-1.));
#6268=DIRECTION('',(-1.,0.,0.));
#6269=AXIS2_PLACEMENT_3D('',#6266,#6267,#6268);
#6270=CONICAL_SURFACE('',#6269,52.5,23.025492009);
#6271=ORIENTED_EDGE('',*,*,#2496,.F.);
#6272=ORIENTED_EDGE('',*,*,#2743,.F.);
#6273=CARTESIAN_POINT('',(0.,0.,100.));
#6274=DIRECTION('',(0.,0.,1.));
#6275=DIRECTION('',(1.,0.,-0.));
#6276=AXIS2_PLACEMENT_3D('',#6273,#6274,#6275);
#6277=CIRCLE('',#6276,10.);
#6278=EDGE_CURVE('',#2224,#2607,#6277,.T.);
#6279=ORIENTED_EDGE('',*,*,#6278,.F.);
#6280=EDGE_LOOP('',(#6271,#6272,#6279));
#6281=FACE_BOUND('',#6280,.T.);
#6282=ADVANCED_FACE('',(#6281),#6270,.T.);
#6283=CARTESIAN_POINT('',(0.,-0.,0.));
#6284=DIRECTION('',(0.,0.,-1.));
#6285=DIRECTION('',(-1.,0.,0.));
#6286=AXIS2_PLACEMENT_3D('',#6283,#6284,#6285);
#6287=CONICAL_SURFACE('',#6286,52.5,23.025492009);
#6288=ORIENTED_EDGE('',*,*,#1832,.F.);
#6289=ORIENTED_EDGE('',*,*,#2079,.F.);
#6290=CARTESIAN_POINT('',(0.,0.,100.));
#6291=DIRECTION('',(0.,0.,1.));
#6292=DIRECTION('',(1.,0.,-0.));
#6293=AXIS2_PLACEMENT_3D('',#6290,#6291,#6292);
#6294=CIRCLE('',#6293,10.);
#6295=EDGE_CURVE('',#1560,#1943,#6294,.T.);
#6296=ORIENTED_EDGE('',*,*,#6295,.F.);
#6297=EDGE_LOOP('',(#6288,#6289,#6296));
#6298=FACE_BOUND('',#6297,.T.);
#6299=ADVANCED_FACE('',(#6298),#6287,.T.);
#6300=CARTESIAN_POINT('',(0.,-0.,0.));
#6301=DIRECTION('',(0.,0.,-1.));
#6302=DIRECTION('',(-1.,0.,0.));
#6303=AXIS2_PLACEMENT_3D('',#6300,#6301,#6302);
#6304=CONICAL_SURFACE('',#6303,52.5,23.025492009);
#6305=ORIENTED_EDGE('',*,*,#1168,.F.);
#6306=ORIENTED_EDGE('',*,*,#1415,.F.);
#6307=CARTESIAN_POINT('',(0.,0.,100.));
#6308=DIRECTION('',(0.,0.,1.));
#6309=DIRECTION('',(1.,0.,-0.));
#6310=AXIS2_PLACEMENT_3D('',#6307,#6308,#6309);
#6311=CIRCLE('',#6310,10.);
#6312=EDGE_CURVE('',#884,#1279,#6311,.T.);
#6313=ORIENTED_EDGE('',*,*,#6312,.F.);
#6314=EDGE_LOOP('',(#6305,#6306,#6313));
#6315=FACE_BOUND('',#6314,.T.);
#6316=ADVANCED_FACE('',(#6315),#6304,.T.);
#6317=CARTESIAN_POINT('',(0.,-0.,0.));
#6318=DIRECTION('',(0.,0.,-1.));
#6319=DIRECTION('',(-1.,0.,0.));
#6320=AXIS2_PLACEMENT_3D('',#6317,#6318,#6319);
#6321=CONICAL_SURFACE('',#6320,52.5,23.025492009);
#6322=ORIENTED_EDGE('',*,*,#456,.F.);
#6323=ORIENTED_EDGE('',*,*,#739,.F.);
#6324=CARTESIAN_POINT('',(0.,0.,100.));
#6325=DIRECTION('',(0.,0.,1.));
#6326=DIRECTION('',(1.,0.,-0.));
#6327=AXIS2_PLACEMENT_3D('',#6324,#6325,#6326);
#6328=CIRCLE('',#6327,10.);
#6329=EDGE_CURVE('',#348,#603,#6328,.T.);
#6330=ORIENTED_EDGE('',*,*,#6329,.F.);
#6331=EDGE_LOOP('',(#6322,#6323,#6330));
#6332=FACE_BOUND('',#6331,.T.);
#6333=ADVANCED_FACE('',(#6332),#6321,.T.);
#6334=CARTESIAN_POINT('',(0.,0.,100.));
#6335=DIRECTION('',(0.,0.,1.));
#6336=DIRECTION('',(1.,0.,-0.));
#6337=AXIS2_PLACEMENT_3D('',#6334,#6335,#6336);
#6338=SPHERICAL_SURFACE('',#6337,10.);
#6339=CARTESIAN_POINT('',(0.,0.,110.));
#6340=VERTEX_POINT('',#6339);
#6341=CARTESIAN_POINT('',(0.,0.,100.));
#6342=DIRECTION('',(-0.,1.,-0.));
#6343=DIRECTION('',(1.,0.,0.));
#6344=AXIS2_PLACEMENT_3D('',#6341,#6342,#6343);
#6345=CIRCLE('',#6344,10.);
#6346=EDGE_CURVE('',#6340,#923,#6345,.T.);
#6347=ORIENTED_EDGE('',*,*,#6346,.T.);
#6348=ORIENTED_EDGE('',*,*,#932,.T.);
#6349=ORIENTED_EDGE('',*,*,#6312,.T.);
#6350=ORIENTED_EDGE('',*,*,#1606,.T.);
#6351=ORIENTED_EDGE('',*,*,#6295,.T.);
#6352=ORIENTED_EDGE('',*,*,#2270,.T.);
#6353=ORIENTED_EDGE('',*,*,#6278,.T.);
#6354=ORIENTED_EDGE('',*,*,#2937,.T.);
#6355=ORIENTED_EDGE('',*,*,#6261,.T.);
#6356=ORIENTED_EDGE('',*,*,#3601,.T.);
#6357=CARTESIAN_POINT('',(0.,0.,100.));
#6358=DIRECTION('',(0.,0.,1.));
#6359=DIRECTION('',(1.,0.,-0.));
#6360=AXIS2_PLACEMENT_3D('',#6357,#6358,#6359);
#6361=CIRCLE('',#6360,10.);
#6362=EDGE_CURVE('',#3555,#4049,#6361,.T.);
#6363=ORIENTED_EDGE('',*,*,#6362,.T.);
#6364=ORIENTED_EDGE('',*,*,#4478,.T.);
#6365=CARTESIAN_POINT('',(0.,0.,100.));
#6366=DIRECTION('',(0.,0.,1.));
#6367=DIRECTION('',(1.,0.,-0.));
#6368=AXIS2_PLACEMENT_3D('',#6365,#6366,#6367);
#6369=CIRCLE('',#6368,10.);
#6370=EDGE_CURVE('',#4432,#4926,#6369,.T.);
#6371=ORIENTED_EDGE('',*,*,#6370,.T.);
#6372=ORIENTED_EDGE('',*,*,#5355,.T.);
#6373=CARTESIAN_POINT('',(0.,0.,100.));
#6374=DIRECTION('',(0.,0.,1.));
#6375=DIRECTION('',(1.,0.,-0.));
#6376=AXIS2_PLACEMENT_3D('',#6373,#6374,#6375);
#6377=CIRCLE('',#6376,10.);
#6378=EDGE_CURVE('',#5309,#5803,#6377,.T.);
#6379=ORIENTED_EDGE('',*,*,#6378,.T.);
#6380=ORIENTED_EDGE('',*,*,#6193,.T.);
#6381=ORIENTED_EDGE('',*,*,#6329,.T.);
#6382=ORIENTED_EDGE('',*,*,#942,.T.);
#6383=ORIENTED_EDGE('',*,*,#6346,.F.);
#6384=EDGE_LOOP('',(#6347,#6348,#6349,#6350,#6351,#6352,#6353,#6354,#6355,#6356,#6363,#6364,#6371,#6372,#6379,#6380,#6381,#6382,#6383));
#6385=FACE_BOUND('',#6384,.T.);
#6386=ADVANCED_FACE('',(#6385),#6338,.T.);
#6387=CARTESIAN_POINT('',(0.,-0.,0.));
#6388=DIRECTION('',(0.,0.,-1.));
#6389=DIRECTION('',(-1.,0.,0.));
#6390=AXIS2_PLACEMENT_3D('',#6387,#6388,#6389);
#6391=CONICAL_SURFACE('',#6390,52.5,23.025492009);
#6392=ORIENTED_EDGE('',*,*,#6210,.F.);
#6393=ORIENTED_EDGE('',*,*,#5941,.F.);
#6394=ORIENTED_EDGE('',*,*,#6378,.F.);
#6395=ORIENTED_EDGE('',*,*,#5692,.F.);
#6396=EDGE_LOOP('',(#6392,#6393,#6394,#6395));
#6397=FACE_BOUND('',#6396,.T.);
#6398=ADVANCED_FACE('',(#6397),#6391,.T.);
#6399=CARTESIAN_POINT('',(0.,-0.,0.));
#6400=DIRECTION('',(0.,0.,-1.));
#6401=DIRECTION('',(-1.,0.,0.));
#6402=AXIS2_PLACEMENT_3D('',#6399,#6400,#6401);
#6403=CONICAL_SURFACE('',#6402,52.5,23.025492009);
#6404=ORIENTED_EDGE('',*,*,#6226,.F.);
#6405=ORIENTED_EDGE('',*,*,#5064,.F.);
#6406=ORIENTED_EDGE('',*,*,#6370,.F.);
#6407=ORIENTED_EDGE('',*,*,#4815,.F.);
#6408=EDGE_LOOP('',(#6404,#6405,#6406,#6407));
#6409=FACE_BOUND('',#6408,.T.);
#6410=ADVANCED_FACE('',(#6409),#6403,.T.);
#6411=CARTESIAN_POINT('',(0.,-0.,0.));
#6412=DIRECTION('',(0.,0.,-1.));
#6413=DIRECTION('',(-1.,0.,0.));
#6414=AXIS2_PLACEMENT_3D('',#6411,#6412,#6413);
#6415=CONICAL_SURFACE('',#6414,52.5,23.025492009);
#6416=ORIENTED_EDGE('',*,*,#6242,.F.);
#6417=ORIENTED_EDGE('',*,*,#4187,.F.);
#6418=ORIENTED_EDGE('',*,*,#6362,.F.);
#6419=ORIENTED_EDGE('',*,*,#3938,.F.);
#6420=EDGE_LOOP('',(#6416,#6417,#6418,#6419));
#6421=FACE_BOUND('',#6420,.T.);
#6422=ADVANCED_FACE('',(#6421),#6415,.T.);
#6423=CLOSED_SHELL('',(#234,#498,#745,#948,#1174,#1421,#1612,#1838,#2085,#2276,#2502,#2749,#2943,#3169,#3416,#3607,#3944,#4293,#4484,#4821,#5170,#5361,#5698,#6047,#6200,#6216,
#6232,#6248,#6265,#6282,#6299,#6316,#6333,#6386,#6398,#6410,#6422));
#6424=MANIFOLD_SOLID_BREP('INNER',#6423);
#26=STYLED_ITEM('',(),#6424);
#16=SHAPE_REPRESENTATION('INNER',(#15),#10);
#17=ADVANCED_BREP_SHAPE_REPRESENTATION('INNER',(#6424),#10);
#6432=SHAPE_REPRESENTATION_RELATIONSHIP('','',#16,#17);
#6433=APPLICATION_CONTEXT('configuration controlled 3D design of mechanical parts and assemblies');
#6434=APPLICATION_PROTOCOL_DEFINITION('international standard','configuration_control_3d_design_ed2_mim',2004,#6433);
#6435=PRODUCT_CONTEXT('',#6433,'mechanical');
#6436=PRODUCT_DEFINITION_CONTEXT('part definition',#6433,'design');
#24=PRODUCT('INNER','INNER','',(#6435));
#6437=PRODUCT_RELATED_PRODUCT_CATEGORY('part','',(#24));
#6438=PRODUCT_DEFINITION_FORMATION_WITH_SPECIFIED_SOURCE('','',#24,.NOT_KNOWN.);
#25=PRODUCT_DEFINITION('design','',#6438,#6436);
#23=PRODUCT_DEFINITION_SHAPE('','',#25);
#6439=SHAPE_DEFINITION_REPRESENTATION(#23,#16);
#11=DRAUGHTING_MODEL('',(),#10);
#1=MECHANICAL_DESIGN_GEOMETRIC_PRESENTATION_REPRESENTATION('',(#26),#10);
ENDSEC;
END-ISO-10303-21;
