ISO-10303-21;
HEADER;

/* File generated by HOOPS Exchange Version 23.2.20 */

FILE_DESCRIPTION(('HOOPS Exchange Step'),'2;1');

FILE_NAME('C:\\Users\\nguye\\Projects\\3D-Model-Collection\\077-VA-phone-hanger\\dist\\phone-holder\\midle-v3.stp',
'2024-09-23T16:01:12+07:00',
('nguye'),
('Unknown organisation'),
'HOOPS Exchange 2023.2',
'HOOPS Exchange',
'Unknown authorisation');

FILE_SCHEMA( ('AP203_CONFIGURATION_CONTROLLED_3D_DESIGN_OF_MECHANICAL_PARTS_AND_ASSEMBLIES_MIM_LF') );

ENDSEC;

DATA;
#3=(NAMED_UNIT(*)PLANE_ANGLE_UNIT()SI_UNIT($,.RADIAN.));
#4=PLANE_ANGLE_MEASURE_WITH_UNIT(PLANE_ANGLE_MEASURE(0.0174532925),#3);
#5=(CONVERSION_BASED_UNIT('DEGREE',#4)NAMED_UNIT(#6)PLANE_ANGLE_UNIT());
#6=DIMENSIONAL_EXPONENTS(0.,0.,0.,0.,0.,0.,0.);
#7=(NAMED_UNIT(*)SI_UNIT($,.STERADIAN.)SOLID_ANGLE_UNIT());
#8=(LENGTH_UNIT()NAMED_UNIT(*)SI_UNIT(.MILLI.,.METRE.));
#9=UNCERTAINTY_MEASURE_WITH_UNIT(LENGTH_MEASURE(1.000000E-05),#8,'DISTANCE_ACCURACY_VALUE','Maximum Tolerance applied to model');
#10=(GEOMETRIC_REPRESENTATION_CONTEXT(3)GLOBAL_UNCERTAINTY_ASSIGNED_CONTEXT((#9))GLOBAL_UNIT_ASSIGNED_CONTEXT((#8,#5,#7))REPRESENTATION_CONTEXT('','Midle-v3'));
#12=CARTESIAN_POINT('',(0.,0.,0.));
#13=DIRECTION('',(0.,0.,1.));
#14=DIRECTION('',(1.,0.,0.));
#15=AXIS2_PLACEMENT_3D('',#12,#13,#14);
#27=CARTESIAN_POINT('',(685.052701793,81.737350948,599.665356717));
#28=DIRECTION('',(-0.,-0.999999975,-0.000223459));
#29=DIRECTION('',(0.,-0.000223459,0.999999975));
#30=AXIS2_PLACEMENT_3D('',#27,#28,#29);
#31=PLANE('',#30);
#32=CARTESIAN_POINT('',(682.052701793,81.738017351,596.683140857));
#33=VERTEX_POINT('',#32);
#34=CARTESIAN_POINT('',(658.052701793,81.738017351,596.683140857));
#35=VERTEX_POINT('',#34);
#36=CARTESIAN_POINT('',(682.052701793,81.738017351,596.683140857));
#37=DIRECTION('',(-1.,0.,-0.));
#38=VECTOR('',#37,24.);
#39=LINE('',#36,#38);
#40=EDGE_CURVE('',#33,#35,#39,.T.);
#41=ORIENTED_EDGE('',*,*,#40,.F.);
#42=CARTESIAN_POINT('',(682.052701793,81.739134647,591.683140733));
#43=VERTEX_POINT('',#42);
#44=CARTESIAN_POINT('',(682.052701793,81.739134647,591.683140733));
#45=DIRECTION('',(0.,-0.000223459,0.999999975));
#46=VECTOR('',#45,5.00000025);
#47=LINE('',#44,#46);
#48=EDGE_CURVE('',#43,#33,#47,.T.);
#49=ORIENTED_EDGE('',*,*,#48,.F.);
#50=CARTESIAN_POINT('',(658.052701793,81.739134647,591.683140733));
#51=VERTEX_POINT('',#50);
#52=CARTESIAN_POINT('',(658.052701793,81.739134647,591.683140733));
#53=DIRECTION('',(1.,-0.,0.));
#54=VECTOR('',#53,24.);
#55=LINE('',#52,#54);
#56=EDGE_CURVE('',#51,#43,#55,.T.);
#57=ORIENTED_EDGE('',*,*,#56,.F.);
#58=CARTESIAN_POINT('',(658.052701793,81.738017351,596.683140857));
#59=DIRECTION('',(-0.,0.000223459,-0.999999975));
#60=VECTOR('',#59,5.00000025);
#61=LINE('',#58,#60);
#62=EDGE_CURVE('',#35,#51,#61,.T.);
#63=ORIENTED_EDGE('',*,*,#62,.F.);
#64=EDGE_LOOP('',(#41,#49,#57,#63));
#65=FACE_BOUND('',#64,.T.);
#66=CARTESIAN_POINT('',(655.152403586,81.737350948,599.665356717));
#67=VERTEX_POINT('',#66);
#68=CARTESIAN_POINT('',(655.152403586,81.738536176,595.676530313));
#69=VERTEX_POINT('',#68);
#70=CARTESIAN_POINT('',(655.152403586,81.737350948,599.665356717));
#71=DIRECTION('',(-0.,0.000223459,-0.999999975));
#72=VECTOR('',#71,3.988826569);
#73=LINE('',#70,#72);
#74=EDGE_CURVE('',#67,#69,#73,.T.);
#75=ORIENTED_EDGE('',*,*,#74,.T.);
#76=CARTESIAN_POINT('',(655.152403586,81.742937426,574.665357341));
#77=VERTEX_POINT('',#76);
#78=CARTESIAN_POINT('',(655.152403586,81.738242287,595.676530248));
#79=DIRECTION('',(-0.,0.000223459,-0.999999975));
#80=VECTOR('',#79,21.011173431);
#81=LINE('',#78,#80);
#82=EDGE_CURVE('',#69,#77,#81,.T.);
#83=ORIENTED_EDGE('',*,*,#82,.T.);
#84=CARTESIAN_POINT('',(684.953,81.742937426,574.665357341));
#85=VERTEX_POINT('',#84);
#86=CARTESIAN_POINT('',(684.953,81.742937426,574.665357341));
#87=DIRECTION('',(-1.,0.,0.));
#88=VECTOR('',#87,29.800596414);
#89=LINE('',#86,#88);
#90=EDGE_CURVE('',#85,#77,#89,.T.);
#91=ORIENTED_EDGE('',*,*,#90,.F.);
#92=CARTESIAN_POINT('',(684.953,81.738438213,595.676530291));
#93=VERTEX_POINT('',#92);
#94=CARTESIAN_POINT('',(684.953,81.738242287,595.676530248));
#95=DIRECTION('',(-0.,0.000223459,-0.999999975));
#96=VECTOR('',#95,21.011173431);
#97=LINE('',#94,#96);
#98=EDGE_CURVE('',#93,#85,#97,.T.);
#99=ORIENTED_EDGE('',*,*,#98,.F.);
#100=CARTESIAN_POINT('',(684.953,81.737350948,599.665356717));
#101=VERTEX_POINT('',#100);
#102=CARTESIAN_POINT('',(684.953,81.737350948,599.665356717));
#103=DIRECTION('',(0.,0.000223459,-0.999999975));
#104=VECTOR('',#103,3.988826569);
#105=LINE('',#102,#104);
#106=EDGE_CURVE('',#101,#93,#105,.T.);
#107=ORIENTED_EDGE('',*,*,#106,.F.);
#108=CARTESIAN_POINT('',(684.953,81.737350948,599.665356717));
#109=DIRECTION('',(-1.,0.,0.));
#110=VECTOR('',#109,29.800596414);
#111=LINE('',#108,#110);
#112=EDGE_CURVE('',#101,#67,#111,.T.);
#113=ORIENTED_EDGE('',*,*,#112,.T.);
#114=EDGE_LOOP('',(#75,#83,#91,#99,#107,#113));
#115=FACE_BOUND('',#114,.T.);
#116=ADVANCED_FACE('',(#65,#115),#31,.T.);
#117=CARTESIAN_POINT('',(460.,161.323334355,-0.));
#118=DIRECTION('',(0.,1.,-0.));
#119=DIRECTION('',(-1.,0.,0.));
#120=AXIS2_PLACEMENT_3D('',#117,#118,#119);
#121=PLANE('',#120);
#122=CARTESIAN_POINT('',(658.052701793,161.323334355,591.683140733));
#123=VERTEX_POINT('',#122);
#124=CARTESIAN_POINT('',(658.052701793,161.323334355,596.683140857));
#125=VERTEX_POINT('',#124);
#126=CARTESIAN_POINT('',(658.052701793,161.323334355,591.683140733));
#127=DIRECTION('',(0.,0.,1.));
#128=VECTOR('',#127,5.000000125);
#129=LINE('',#126,#128);
#130=EDGE_CURVE('',#123,#125,#129,.T.);
#131=ORIENTED_EDGE('',*,*,#130,.F.);
#132=CARTESIAN_POINT('',(682.052701793,161.323334355,591.683140733));
#133=VERTEX_POINT('',#132);
#134=CARTESIAN_POINT('',(658.052701793,161.323334355,591.683140733));
#135=DIRECTION('',(1.,-0.,-0.));
#136=VECTOR('',#135,24.);
#137=LINE('',#134,#136);
#138=EDGE_CURVE('',#123,#133,#137,.T.);
#139=ORIENTED_EDGE('',*,*,#138,.T.);
#140=CARTESIAN_POINT('',(682.052701793,161.323334355,596.683140857));
#141=VERTEX_POINT('',#140);
#142=CARTESIAN_POINT('',(682.052701793,161.323334355,596.683140857));
#143=DIRECTION('',(-0.,-0.,-1.));
#144=VECTOR('',#143,5.000000125);
#145=LINE('',#142,#144);
#146=EDGE_CURVE('',#141,#133,#145,.T.);
#147=ORIENTED_EDGE('',*,*,#146,.F.);
#148=CARTESIAN_POINT('',(658.052701793,161.323334355,596.683140857));
#149=DIRECTION('',(1.,-0.,0.));
#150=VECTOR('',#149,24.);
#151=LINE('',#148,#150);
#152=EDGE_CURVE('',#125,#141,#151,.T.);
#153=ORIENTED_EDGE('',*,*,#152,.F.);
#154=EDGE_LOOP('',(#131,#139,#147,#153));
#155=FACE_BOUND('',#154,.T.);
#156=CARTESIAN_POINT('',(684.953,161.32695559,574.651905549));
#157=VERTEX_POINT('',#156);
#158=CARTESIAN_POINT('',(655.152403586,161.326955606,574.651905636));
#159=VERTEX_POINT('',#158);
#160=CARTESIAN_POINT('',(684.953,161.323334355,574.683140308));
#161=DIRECTION('',(-1.,0.,0.));
#162=VECTOR('',#161,29.800596414);
#163=LINE('',#160,#162);
#164=EDGE_CURVE('',#157,#159,#163,.T.);
#165=ORIENTED_EDGE('',*,*,#164,.T.);
#166=CARTESIAN_POINT('',(655.152403586,161.323334355,594.676530423));
#167=VERTEX_POINT('',#166);
#168=CARTESIAN_POINT('',(655.152403586,161.323334355,574.682726748));
#169=DIRECTION('',(0.,0.,1.));
#170=VECTOR('',#169,19.993803675);
#171=LINE('',#168,#170);
#172=EDGE_CURVE('',#159,#167,#171,.T.);
#173=ORIENTED_EDGE('',*,*,#172,.T.);
#174=CARTESIAN_POINT('',(655.152403586,161.323334355,599.679835678));
#175=VERTEX_POINT('',#174);
#176=CARTESIAN_POINT('',(655.152403586,161.323334355,599.676530423));
#177=DIRECTION('',(0.,-0.,-1.));
#178=VECTOR('',#177,5.);
#179=LINE('',#176,#178);
#180=EDGE_CURVE('',#175,#167,#179,.T.);
#181=ORIENTED_EDGE('',*,*,#180,.F.);
#182=CARTESIAN_POINT('',(684.953,161.323334355,599.679835678));
#183=VERTEX_POINT('',#182);
#184=CARTESIAN_POINT('',(655.152403586,161.323334355,599.683140932));
#185=DIRECTION('',(1.,0.,-0.));
#186=VECTOR('',#185,29.800596414);
#187=LINE('',#184,#186);
#188=EDGE_CURVE('',#175,#183,#187,.T.);
#189=ORIENTED_EDGE('',*,*,#188,.T.);
#190=CARTESIAN_POINT('',(684.953,161.323334355,594.676530423));
#191=VERTEX_POINT('',#190);
#192=CARTESIAN_POINT('',(684.953,161.323334355,594.676530423));
#193=DIRECTION('',(0.,0.,1.));
#194=VECTOR('',#193,5.);
#195=LINE('',#192,#194);
#196=EDGE_CURVE('',#191,#183,#195,.T.);
#197=ORIENTED_EDGE('',*,*,#196,.F.);
#198=CARTESIAN_POINT('',(684.953,161.323334355,574.682726748));
#199=DIRECTION('',(0.,0.,1.));
#200=VECTOR('',#199,19.993803675);
#201=LINE('',#198,#200);
#202=EDGE_CURVE('',#157,#191,#201,.T.);
#203=ORIENTED_EDGE('',*,*,#202,.F.);
#204=EDGE_LOOP('',(#165,#173,#181,#189,#197,#203));
#205=FACE_BOUND('',#204,.T.);
#206=ADVANCED_FACE('',(#155,#205),#121,.T.);
#207=CARTESIAN_POINT('',(685.052701793,131.742936178,574.676530298));
#208=DIRECTION('',(-0.,0.000223459,-0.999999975));
#209=DIRECTION('',(0.,-0.999999975,-0.000223459));
#210=AXIS2_PLACEMENT_3D('',#207,#208,#209);
#211=PLANE('',#210);
#212=CARTESIAN_POINT('',(682.052701793,84.742937351,574.666027719));
#213=VERTEX_POINT('',#212);
#214=CARTESIAN_POINT('',(658.052701793,84.742937351,574.666027719));
#215=VERTEX_POINT('',#214);
#216=CARTESIAN_POINT('',(682.052701793,84.742937351,574.666027719));
#217=DIRECTION('',(-1.,0.,0.));
#218=VECTOR('',#217,24.);
#219=LINE('',#216,#218);
#220=EDGE_CURVE('',#213,#215,#219,.T.);
#221=ORIENTED_EDGE('',*,*,#220,.F.);
#222=CARTESIAN_POINT('',(682.052701793,99.162538075,574.66924991));
#223=VERTEX_POINT('',#222);
#224=CARTESIAN_POINT('',(682.052701793,99.162538075,574.66924991));
#225=DIRECTION('',(0.,-0.999999975,-0.000223459));
#226=VECTOR('',#225,14.419601085);
#227=LINE('',#224,#226);
#228=EDGE_CURVE('',#223,#213,#227,.T.);
#229=ORIENTED_EDGE('',*,*,#228,.F.);
#230=CARTESIAN_POINT('',(658.052701793,99.162538075,574.66924991));
#231=VERTEX_POINT('',#230);
#232=CARTESIAN_POINT('',(658.052701793,99.162538075,574.66924991));
#233=DIRECTION('',(1.,-0.,-0.));
#234=VECTOR('',#233,24.);
#235=LINE('',#232,#234);
#236=EDGE_CURVE('',#231,#223,#235,.T.);
#237=ORIENTED_EDGE('',*,*,#236,.F.);
#238=CARTESIAN_POINT('',(658.052701793,84.742937351,574.666027719));
#239=DIRECTION('',(0.,0.999999975,0.000223459));
#240=VECTOR('',#239,14.419601085);
#241=LINE('',#238,#240);
#242=EDGE_CURVE('',#215,#231,#241,.T.);
#243=ORIENTED_EDGE('',*,*,#242,.F.);
#244=EDGE_LOOP('',(#221,#229,#237,#243));
#245=FACE_BOUND('',#244,.T.);
#246=ORIENTED_EDGE('',*,*,#90,.T.);
#247=CARTESIAN_POINT('',(655.152403586,102.160093964,574.670126332));
#248=VERTEX_POINT('',#247);
#249=CARTESIAN_POINT('',(655.152403586,81.742937426,574.665357341));
#250=DIRECTION('',(-0.,0.999999975,0.000223459));
#251=VECTOR('',#250,20.417157094);
#252=LINE('',#249,#251);
#253=EDGE_CURVE('',#77,#248,#252,.T.);
#254=ORIENTED_EDGE('',*,*,#253,.T.);
#255=CARTESIAN_POINT('',(684.953,102.160093964,574.670126332));
#256=VERTEX_POINT('',#255);
#257=CARTESIAN_POINT('',(684.953,102.162538001,574.669920288));
#258=DIRECTION('',(-1.,0.,0.));
#259=VECTOR('',#258,29.800596414);
#260=LINE('',#257,#259);
#261=EDGE_CURVE('',#256,#248,#260,.T.);
#262=ORIENTED_EDGE('',*,*,#261,.F.);
#263=CARTESIAN_POINT('',(684.953,81.742937426,574.665357341));
#264=DIRECTION('',(-0.,0.999999975,0.000223459));
#265=VECTOR('',#264,20.417157094);
#266=LINE('',#263,#265);
#267=EDGE_CURVE('',#85,#256,#266,.T.);
#268=ORIENTED_EDGE('',*,*,#267,.F.);
#269=EDGE_LOOP('',(#246,#254,#262,#268));
#270=FACE_BOUND('',#269,.T.);
#271=ADVANCED_FACE('',(#245,#270),#211,.T.);
#272=CARTESIAN_POINT('',(685.052701793,131.737349699,599.676529674));
#273=DIRECTION('',(0.,-0.000223459,0.999999975));
#274=DIRECTION('',(-0.,0.999999975,0.000223459));
#275=AXIS2_PLACEMENT_3D('',#272,#273,#274);
#276=PLANE('',#275);
#277=ORIENTED_EDGE('',*,*,#188,.F.);
#278=CARTESIAN_POINT('',(655.152403586,131.740701516,599.676530423));
#279=VERTEX_POINT('',#278);
#280=CARTESIAN_POINT('',(655.152403586,161.323333616,599.683140932));
#281=DIRECTION('',(0.,-0.999999975,-0.000223459));
#282=VECTOR('',#281,29.58263277);
#283=LINE('',#280,#282);
#284=EDGE_CURVE('',#175,#279,#283,.T.);
#285=ORIENTED_EDGE('',*,*,#284,.T.);
#286=CARTESIAN_POINT('',(655.152403586,81.737350948,599.665356717));
#287=DIRECTION('',(0.,0.999999975,0.000223459));
#288=VECTOR('',#287,50.003351817);
#289=LINE('',#286,#288);
#290=EDGE_CURVE('',#67,#279,#289,.T.);
#291=ORIENTED_EDGE('',*,*,#290,.F.);
#292=ORIENTED_EDGE('',*,*,#112,.F.);
#293=CARTESIAN_POINT('',(684.953,131.740701585,599.676530423));
#294=VERTEX_POINT('',#293);
#295=CARTESIAN_POINT('',(684.953,131.740701585,599.676530423));
#296=DIRECTION('',(0.,-0.999999975,-0.000223459));
#297=VECTOR('',#296,50.003351885);
#298=LINE('',#295,#297);
#299=EDGE_CURVE('',#294,#101,#298,.T.);
#300=ORIENTED_EDGE('',*,*,#299,.F.);
#301=CARTESIAN_POINT('',(684.953,161.323334355,599.683140932));
#302=DIRECTION('',(0.,-0.999999975,-0.000223459));
#303=VECTOR('',#302,29.582633508);
#304=LINE('',#301,#303);
#305=EDGE_CURVE('',#183,#294,#304,.T.);
#306=ORIENTED_EDGE('',*,*,#305,.F.);
#307=EDGE_LOOP('',(#277,#285,#291,#292,#300,#306));
#308=FACE_BOUND('',#307,.T.);
#309=ADVANCED_FACE('',(#308),#276,.T.);
#310=CARTESIAN_POINT('',(655.152403586,397.139666532,649.676530423));
#311=DIRECTION('',(1.,0.,0.));
#312=DIRECTION('',(0.,0.,1.));
#313=AXIS2_PLACEMENT_3D('',#310,#311,#312);
#314=PLANE('',#313);
#315=CARTESIAN_POINT('',(655.152403586,138.580254898,588.471906486));
#316=VERTEX_POINT('',#315);
#317=CARTESIAN_POINT('',(655.152403586,131.739025991,589.676530107));
#318=VERTEX_POINT('',#317);
#319=CARTESIAN_POINT('',(655.152403586,131.739025991,589.676529791));
#320=CARTESIAN_POINT('',(655.152403586,132.39352444,589.676694315));
#321=CARTESIAN_POINT('',(655.152403586,133.048029958,589.644705441));
#322=CARTESIAN_POINT('',(655.152403586,133.699392944,589.580717107));
#323=CARTESIAN_POINT('',(655.152403586,134.35075593,589.516728772));
#324=CARTESIAN_POINT('',(655.152403586,134.998974368,589.420741175));
#325=CARTESIAN_POINT('',(655.152403586,135.64092891,589.293216224));
#326=CARTESIAN_POINT('',(655.152403586,136.282883451,589.165691274));
#327=CARTESIAN_POINT('',(655.152403586,136.91857211,589.006629365));
#328=CARTESIAN_POINT('',(655.152403586,137.544935834,588.816795934));
#329=CARTESIAN_POINT('',(655.152403586,138.171299558,588.626962503));
#330=CARTESIAN_POINT('',(655.152403586,138.788336409,588.406358136));
#331=CARTESIAN_POINT('',(655.152403586,139.393077091,588.156044423));
#332=CARTESIAN_POINT('',(655.152403586,139.997817772,587.905730711));
#333=CARTESIAN_POINT('',(655.152403586,140.590260413,587.625708427));
#334=CARTESIAN_POINT('',(655.152403586,141.167554068,587.317325091));
#335=CARTESIAN_POINT('',(655.152403586,141.744847724,587.008941755));
#336=CARTESIAN_POINT('',(655.152403586,142.306990608,586.672198322));
#337=CARTESIAN_POINT('',(655.152403586,142.851277584,586.308715263));
#338=CARTESIAN_POINT('',(655.152403586,143.39556456,585.945232204));
#339=CARTESIAN_POINT('',(655.152403586,143.921993944,585.555010644));
#340=CARTESIAN_POINT('',(655.152403586,144.428032459,585.139928403));
#341=CARTESIAN_POINT('',(655.152403586,144.934070975,584.724846161));
#342=CARTESIAN_POINT('',(655.152403586,145.419717056,584.284904522));
#343=CARTESIAN_POINT('',(655.152403586,145.882633683,583.822220567));
#344=CARTESIAN_POINT('',(655.152403586,146.345550311,583.359536611));
#345=CARTESIAN_POINT('',(655.152403586,146.785736052,582.874111771));
#346=CARTESIAN_POINT('',(655.152403586,147.201072651,582.368282002));
#347=CARTESIAN_POINT('',(655.152403586,147.61640925,581.862452232));
#348=CARTESIAN_POINT('',(655.152403586,148.006895422,581.336219098));
#349=CARTESIAN_POINT('',(655.152403586,148.370652074,580.792114931));
#350=CARTESIAN_POINT('',(655.152403586,148.734408727,580.248010764));
#351=CARTESIAN_POINT('',(655.152403586,149.071434734,579.686037249));
#352=CARTESIAN_POINT('',(655.152403586,149.380108264,579.108898705));
#353=CARTESIAN_POINT('',(655.152403586,149.688781794,578.531760162));
#354=CARTESIAN_POINT('',(655.152403586,149.969101892,577.939458377));
#355=CARTESIAN_POINT('',(655.152403586,150.219719605,577.334843616));
#356=CARTESIAN_POINT('',(655.152403586,150.470337319,576.730228856));
#357=CARTESIAN_POINT('',(655.152403586,150.691251871,576.113302992));
#358=CARTESIAN_POINT('',(655.152403586,150.881400182,575.487034785));
#359=CARTESIAN_POINT('',(655.152403586,151.071548493,574.860766579));
#360=CARTESIAN_POINT('',(655.152403586,151.230929973,574.225157968));
#361=CARTESIAN_POINT('',(655.152403586,151.358777648,573.583267621));
#362=CARTESIAN_POINT('',(655.152403586,151.486625324,572.941377273));
#363=CARTESIAN_POINT('',(655.152403586,151.5829388,572.293207175));
#364=CARTESIAN_POINT('',(655.152403586,151.647254598,571.641876441));
#365=CARTESIAN_POINT('',(655.152403586,151.711570396,570.990545707));
#366=CARTESIAN_POINT('',(655.152403586,151.743888317,570.336056354));
#367=CARTESIAN_POINT('',(655.152403586,151.744052841,569.681557905));
#368=CARTESIAN_POINT('',(655.152403586,151.744217365,569.027059456));
#369=CARTESIAN_POINT('',(655.152403586,151.712228492,568.372553938));
#370=CARTESIAN_POINT('',(655.152403586,151.648240157,567.721190952));
#371=CARTESIAN_POINT('',(655.152403586,151.584251823,567.069827966));
#372=CARTESIAN_POINT('',(655.152403586,151.488264225,566.421609528));
#373=CARTESIAN_POINT('',(655.152403586,151.360739275,565.779654986));
#374=CARTESIAN_POINT('',(655.152403586,151.233214324,565.137700445));
#375=CARTESIAN_POINT('',(655.152403586,151.074152416,564.502011786));
#376=CARTESIAN_POINT('',(655.152403586,150.884318984,563.875648062));
#377=CARTESIAN_POINT('',(655.152403586,150.694485553,563.249284338));
#378=CARTESIAN_POINT('',(655.152403586,150.473881186,562.632247487));
#379=CARTESIAN_POINT('',(655.152403586,150.223567474,562.027506805));
#380=CARTESIAN_POINT('',(655.152403586,149.973253761,561.422766124));
#381=CARTESIAN_POINT('',(655.152403586,149.693231478,560.830323483));
#382=CARTESIAN_POINT('',(655.152403586,149.384848142,560.253029828));
#383=CARTESIAN_POINT('',(655.152403586,149.076464806,559.675736172));
#384=CARTESIAN_POINT('',(655.152403586,148.739721372,559.113593288));
#385=CARTESIAN_POINT('',(655.152403586,148.376238313,558.569306312));
#386=CARTESIAN_POINT('',(655.152403586,148.012755254,558.025019336));
#387=CARTESIAN_POINT('',(655.152403586,147.622533695,557.498589952));
#388=CARTESIAN_POINT('',(655.152403586,147.207451453,556.992551437));
#389=CARTESIAN_POINT('',(655.152403586,146.792369211,556.486512921));
#390=CARTESIAN_POINT('',(655.152403586,146.352427572,556.00086684));
#391=CARTESIAN_POINT('',(655.152403586,145.889743617,555.537950213));
#392=CARTESIAN_POINT('',(655.152403586,145.427059662,555.075033585));
#393=CARTESIAN_POINT('',(655.152403586,144.941634822,554.634847844));
#394=CARTESIAN_POINT('',(655.152403586,144.435805052,554.219511245));
#395=CARTESIAN_POINT('',(655.152403586,143.929975282,553.804174646));
#396=CARTESIAN_POINT('',(655.152403586,143.403742148,553.413688474));
#397=CARTESIAN_POINT('',(655.152403586,142.859637981,553.049931822));
#398=CARTESIAN_POINT('',(655.152403586,142.315533814,552.686175169));
#399=CARTESIAN_POINT('',(655.152403586,141.753560299,552.349149162));
#400=CARTESIAN_POINT('',(655.152403586,141.176421755,552.040475632));
#401=CARTESIAN_POINT('',(655.152403586,140.599283212,551.731802102));
#402=CARTESIAN_POINT('',(655.152403586,140.006981427,551.451482004));
#403=CARTESIAN_POINT('',(655.152403586,139.402366667,551.200864291));
#404=CARTESIAN_POINT('',(655.152403586,138.797751906,550.950246577));
#405=CARTESIAN_POINT('',(655.152403586,138.180826042,550.729332025));
#406=CARTESIAN_POINT('',(655.152403586,137.554557836,550.539183714));
#407=CARTESIAN_POINT('',(655.152403586,136.928289629,550.349035403));
#408=CARTESIAN_POINT('',(655.152403586,136.292681019,550.189653924));
#409=CARTESIAN_POINT('',(655.152403586,135.650790671,550.061806248));
#410=CARTESIAN_POINT('',(655.152403586,135.008900323,549.933958572));
#411=CARTESIAN_POINT('',(655.152403586,134.360730225,549.837645096));
#412=CARTESIAN_POINT('',(655.152403586,133.709399492,549.773329298));
#413=CARTESIAN_POINT('',(655.152403586,133.058068758,549.7090135));
#414=CARTESIAN_POINT('',(655.152403586,132.403579404,549.676695579));
#415=CARTESIAN_POINT('',(655.152403586,131.749080956,549.676531055));
#416=CARTESIAN_POINT('',(655.152403586,131.094582507,549.676366531));
#417=CARTESIAN_POINT('',(655.152403586,130.440076988,549.708355404));
#418=CARTESIAN_POINT('',(655.152403586,129.788714002,549.772343739));
#419=CARTESIAN_POINT('',(655.152403586,129.137351016,549.836332073));
#420=CARTESIAN_POINT('',(655.152403586,128.489132579,549.932319671));
#421=CARTESIAN_POINT('',(655.152403586,127.847178037,550.059844621));
#422=CARTESIAN_POINT('',(655.152403586,127.205223495,550.187369572));
#423=CARTESIAN_POINT('',(655.152403586,126.569534836,550.34643148));
#424=CARTESIAN_POINT('',(655.152403586,125.943171112,550.536264912));
#425=CARTESIAN_POINT('',(655.152403586,125.316807388,550.726098343));
#426=CARTESIAN_POINT('',(655.152403586,124.699770537,550.94670271));
#427=CARTESIAN_POINT('',(655.152403586,124.095029856,551.197016422));
#428=CARTESIAN_POINT('',(655.152403586,123.490289174,551.447330135));
#429=CARTESIAN_POINT('',(655.152403586,122.897846534,551.727352419));
#430=CARTESIAN_POINT('',(655.152403586,122.320552878,552.035735754));
#431=CARTESIAN_POINT('',(655.152403586,121.743259223,552.34411909));
#432=CARTESIAN_POINT('',(655.152403586,121.181116339,552.680862524));
#433=CARTESIAN_POINT('',(655.152403586,120.636829363,553.044345583));
#434=CARTESIAN_POINT('',(655.152403586,120.092542387,553.407828642));
#435=CARTESIAN_POINT('',(655.152403586,119.566113003,553.798050201));
#436=CARTESIAN_POINT('',(655.152403586,119.060074487,554.213132443));
#437=CARTESIAN_POINT('',(655.152403586,118.554035972,554.628214685));
#438=CARTESIAN_POINT('',(655.152403586,118.068389891,555.068156324));
#439=CARTESIAN_POINT('',(655.152403586,117.605473263,555.530840279));
#440=CARTESIAN_POINT('',(655.152403586,117.142556636,555.993524234));
#441=CARTESIAN_POINT('',(655.152403586,116.702370895,556.478949074));
#442=CARTESIAN_POINT('',(655.152403586,116.287034295,556.984778844));
#443=CARTESIAN_POINT('',(655.152403586,115.871697696,557.490608614));
#444=CARTESIAN_POINT('',(655.152403586,115.481211524,558.016841748));
#445=CARTESIAN_POINT('',(655.152403586,115.117454872,558.560945915));
#446=CARTESIAN_POINT('',(655.152403586,114.75369822,559.105050082));
#447=CARTESIAN_POINT('',(655.152403586,114.416672213,559.667023597));
#448=CARTESIAN_POINT('',(655.152403586,114.107998682,560.244162141));
#449=CARTESIAN_POINT('',(655.152403586,113.799325152,560.821300684));
#450=CARTESIAN_POINT('',(655.152403586,113.519005054,561.413602469));
#451=CARTESIAN_POINT('',(655.152403586,113.268387341,562.018217229));
#452=CARTESIAN_POINT('',(655.152403586,113.017769628,562.62283199));
#453=CARTESIAN_POINT('',(655.152403586,112.796855075,563.239757854));
#454=CARTESIAN_POINT('',(655.152403586,112.606706764,563.866026061));
#455=CARTESIAN_POINT('',(655.152403586,112.416558454,564.492294267));
#456=CARTESIAN_POINT('',(655.152403586,112.257176974,565.127902877));
#457=CARTESIAN_POINT('',(655.152403586,112.129329298,565.769793225));
#458=CARTESIAN_POINT('',(655.152403586,112.001481622,566.411683573));
#459=CARTESIAN_POINT('',(655.152403586,111.905168146,567.059853671));
#460=CARTESIAN_POINT('',(655.152403586,111.840852348,567.711184405));
#461=CARTESIAN_POINT('',(655.152403586,111.77653655,568.362515138));
#462=CARTESIAN_POINT('',(655.152403586,111.744218629,569.017004492));
#463=CARTESIAN_POINT('',(655.152403586,111.744054105,569.67150294));
#464=CARTESIAN_POINT('',(655.152403586,111.743889581,570.326001389));
#465=CARTESIAN_POINT('',(655.152403586,111.775878455,570.980506908));
#466=CARTESIAN_POINT('',(655.152403586,111.839866789,571.631869894));
#467=CARTESIAN_POINT('',(655.152403586,111.903855124,572.28323288));
#468=CARTESIAN_POINT('',(655.152403586,111.999842721,572.931451318));
#469=CARTESIAN_POINT('',(655.152403586,112.127367672,573.573405859));
#470=CARTESIAN_POINT('',(655.152403586,112.254892622,574.215360401));
#471=CARTESIAN_POINT('',(655.152403586,112.413954531,574.85104906));
#472=CARTESIAN_POINT('',(655.152403586,112.603787962,575.477412784));
#473=CARTESIAN_POINT('',(655.152403586,112.793621393,576.103776508));
#474=CARTESIAN_POINT('',(655.152403586,113.01422576,576.720813359));
#475=CARTESIAN_POINT('',(655.152403586,113.264539473,577.32555404));
#476=CARTESIAN_POINT('',(655.152403586,113.514853185,577.930294722));
#477=CARTESIAN_POINT('',(655.152403586,113.794875469,578.522737362));
#478=CARTESIAN_POINT('',(655.152403586,114.103258805,579.100031018));
#479=CARTESIAN_POINT('',(655.152403586,114.411642141,579.677324673));
#480=CARTESIAN_POINT('',(655.152403586,114.748385574,580.239467557));
#481=CARTESIAN_POINT('',(655.152403586,115.111868633,580.783754533));
#482=CARTESIAN_POINT('',(655.152403586,115.475351692,581.328041509));
#483=CARTESIAN_POINT('',(655.152403586,115.865573252,581.854470893));
#484=CARTESIAN_POINT('',(655.152403586,116.280655493,582.360509409));
#485=CARTESIAN_POINT('',(655.152403586,116.695737735,582.866547924));
#486=CARTESIAN_POINT('',(655.152403586,117.135679374,583.352194005));
#487=CARTESIAN_POINT('',(655.152403586,117.598363329,583.815110633));
#488=CARTESIAN_POINT('',(655.152403586,118.061047285,584.27802726));
#489=CARTESIAN_POINT('',(655.152403586,118.546472125,584.718213001));
#490=CARTESIAN_POINT('',(655.152403586,119.052301894,585.133549601));
#491=CARTESIAN_POINT('',(655.152403586,119.558131664,585.5488862));
#492=CARTESIAN_POINT('',(655.152403586,120.084364798,585.939372372));
#493=CARTESIAN_POINT('',(655.152403586,120.628468965,586.303129024));
#494=CARTESIAN_POINT('',(655.152403586,121.172573132,586.666885676));
#495=CARTESIAN_POINT('',(655.152403586,121.734546648,587.003911684));
#496=CARTESIAN_POINT('',(655.152403586,122.311685191,587.312585214));
#497=CARTESIAN_POINT('',(655.152403586,122.888823734,587.621258744));
#498=CARTESIAN_POINT('',(655.152403586,123.481125519,587.901578842));
#499=CARTESIAN_POINT('',(655.152403586,124.08574028,588.152196555));
#500=CARTESIAN_POINT('',(655.152403586,124.69035504,588.402814268));
#501=CARTESIAN_POINT('',(655.152403586,125.307280904,588.623728821));
#502=CARTESIAN_POINT('',(655.152403586,125.933549111,588.813877132));
#503=CARTESIAN_POINT('',(655.152403586,126.559817317,589.004025442));
#504=CARTESIAN_POINT('',(655.152403586,127.195425928,589.163406922));
#505=CARTESIAN_POINT('',(655.152403586,127.837316275,589.291254598));
#506=CARTESIAN_POINT('',(655.152403586,128.479206623,589.419102274));
#507=CARTESIAN_POINT('',(655.152403586,129.127376721,589.51541575));
#508=CARTESIAN_POINT('',(655.152403586,129.778707455,589.579731548));
#509=CARTESIAN_POINT('',(655.152403586,130.430038189,589.644047346));
#510=CARTESIAN_POINT('',(655.152403586,131.084527542,589.676365267));
#511=CARTESIAN_POINT('',(655.152403586,131.739025991,589.676529791));
#512=B_SPLINE_CURVE_WITH_KNOTS('',3,(#319,#320,#321,#322,#323,#324,#325,#326,#327,#328,#329,#330,#331,#332,#333,#334,#335,#336,#337,#338,#339,#340,#341,#342,#343,#344,
#345,#346,#347,#348,#349,#350,#351,#352,#353,#354,#355,#356,#357,#358,#359,#360,#361,#362,#363,#364,#365,#366,#367,#368,#369,
#370,#371,#372,#373,#374,#375,#376,#377,#378,#379,#380,#381,#382,#383,#384,#385,#386,#387,#388,#389,#390,#391,#392,#393,#394,
#395,#396,#397,#398,#399,#400,#401,#402,#403,#404,#405,#406,#407,#408,#409,#410,#411,#412,#413,#414,#415,#416,#417,#418,#419,
#420,#421,#422,#423,#424,#425,#426,#427,#428,#429,#430,#431,#432,#433,#434,#435,#436,#437,#438,#439,#440,#441,#442,#443,#444,
#445,#446,#447,#448,#449,#450,#451,#452,#453,#454,#455,#456,#457,#458,#459,#460,#461,#462,#463,#464,#465,#466,#467,#468,#469,
#470,#471,#472,#473,#474,#475,#476,#477,#478,#479,#480,#481,#482,#483,#484,#485,#486,#487,#488,#489,#490,#491,#492,#493,#494,
#495,#496,#497,#498,#499,#500,#501,#502,#503,#504,#505,#506,#507,#508,#509,#510,#511),.UNSPECIFIED.,.T.,.F.,(4,3,3,3,3,3,3,3,3,3,3,3,3,3,3,3,3,3,3,3,3,3,3,3,3,3,
3,3,3,3,3,3,3,3,3,3,3,3,3,3,3,3,3,3,3,3,3,3,3,3,3,
3,3,3,3,3,3,3,3,3,3,3,3,3,4),(0.,0.015625,0.03125,0.046875,0.0625,0.078125,0.09375,0.109375,0.125,0.140625,0.15625,0.171875,0.1875,0.203125,0.21875,0.234375,0.25,0.265625,0.28125,0.296875,0.3125,0.328125,0.34375,0.359375,0.375,0.390625,
0.40625,0.421875,0.4375,0.453125,0.46875,0.484375,0.5,0.515625,0.53125,0.546875,0.5625,0.578125,0.59375,0.609375,0.625,0.640625,0.65625,0.671875,0.6875,0.703125,0.71875,0.734375,0.75,0.765625,0.78125,
0.796875,0.8125,0.828125,0.84375,0.859375,0.875,0.890625,0.90625,0.921875,0.9375,0.953125,0.96875,0.984375,1.),.UNSPECIFIED.);
#513=EDGE_CURVE('',#316,#318,#512,.T.);
#514=ORIENTED_EDGE('',*,*,#513,.F.);
#515=CARTESIAN_POINT('',(655.152403586,131.739025991,589.676529791));
#516=CARTESIAN_POINT('',(655.152403586,132.39352444,589.676694315));
#517=CARTESIAN_POINT('',(655.152403586,133.048029958,589.644705441));
#518=CARTESIAN_POINT('',(655.152403586,133.699392944,589.580717107));
#519=CARTESIAN_POINT('',(655.152403586,134.35075593,589.516728772));
#520=CARTESIAN_POINT('',(655.152403586,134.998974368,589.420741175));
#521=CARTESIAN_POINT('',(655.152403586,135.64092891,589.293216224));
#522=CARTESIAN_POINT('',(655.152403586,136.282883451,589.165691274));
#523=CARTESIAN_POINT('',(655.152403586,136.91857211,589.006629365));
#524=CARTESIAN_POINT('',(655.152403586,137.544935834,588.816795934));
#525=CARTESIAN_POINT('',(655.152403586,138.171299558,588.626962503));
#526=CARTESIAN_POINT('',(655.152403586,138.788336409,588.406358136));
#527=CARTESIAN_POINT('',(655.152403586,139.393077091,588.156044423));
#528=CARTESIAN_POINT('',(655.152403586,139.997817772,587.905730711));
#529=CARTESIAN_POINT('',(655.152403586,140.590260413,587.625708427));
#530=CARTESIAN_POINT('',(655.152403586,141.167554068,587.317325091));
#531=CARTESIAN_POINT('',(655.152403586,141.744847724,587.008941755));
#532=CARTESIAN_POINT('',(655.152403586,142.306990608,586.672198322));
#533=CARTESIAN_POINT('',(655.152403586,142.851277584,586.308715263));
#534=CARTESIAN_POINT('',(655.152403586,143.39556456,585.945232204));
#535=CARTESIAN_POINT('',(655.152403586,143.921993944,585.555010644));
#536=CARTESIAN_POINT('',(655.152403586,144.428032459,585.139928403));
#537=CARTESIAN_POINT('',(655.152403586,144.934070975,584.724846161));
#538=CARTESIAN_POINT('',(655.152403586,145.419717056,584.284904522));
#539=CARTESIAN_POINT('',(655.152403586,145.882633683,583.822220567));
#540=CARTESIAN_POINT('',(655.152403586,146.345550311,583.359536611));
#541=CARTESIAN_POINT('',(655.152403586,146.785736052,582.874111771));
#542=CARTESIAN_POINT('',(655.152403586,147.201072651,582.368282002));
#543=CARTESIAN_POINT('',(655.152403586,147.61640925,581.862452232));
#544=CARTESIAN_POINT('',(655.152403586,148.006895422,581.336219098));
#545=CARTESIAN_POINT('',(655.152403586,148.370652074,580.792114931));
#546=CARTESIAN_POINT('',(655.152403586,148.734408727,580.248010764));
#547=CARTESIAN_POINT('',(655.152403586,149.071434734,579.686037249));
#548=CARTESIAN_POINT('',(655.152403586,149.380108264,579.108898705));
#549=CARTESIAN_POINT('',(655.152403586,149.688781794,578.531760162));
#550=CARTESIAN_POINT('',(655.152403586,149.969101892,577.939458377));
#551=CARTESIAN_POINT('',(655.152403586,150.219719605,577.334843616));
#552=CARTESIAN_POINT('',(655.152403586,150.470337319,576.730228856));
#553=CARTESIAN_POINT('',(655.152403586,150.691251871,576.113302992));
#554=CARTESIAN_POINT('',(655.152403586,150.881400182,575.487034785));
#555=CARTESIAN_POINT('',(655.152403586,151.071548493,574.860766579));
#556=CARTESIAN_POINT('',(655.152403586,151.230929973,574.225157968));
#557=CARTESIAN_POINT('',(655.152403586,151.358777648,573.583267621));
#558=CARTESIAN_POINT('',(655.152403586,151.486625324,572.941377273));
#559=CARTESIAN_POINT('',(655.152403586,151.5829388,572.293207175));
#560=CARTESIAN_POINT('',(655.152403586,151.647254598,571.641876441));
#561=CARTESIAN_POINT('',(655.152403586,151.711570396,570.990545707));
#562=CARTESIAN_POINT('',(655.152403586,151.743888317,570.336056354));
#563=CARTESIAN_POINT('',(655.152403586,151.744052841,569.681557905));
#564=CARTESIAN_POINT('',(655.152403586,151.744217365,569.027059456));
#565=CARTESIAN_POINT('',(655.152403586,151.712228492,568.372553938));
#566=CARTESIAN_POINT('',(655.152403586,151.648240157,567.721190952));
#567=CARTESIAN_POINT('',(655.152403586,151.584251823,567.069827966));
#568=CARTESIAN_POINT('',(655.152403586,151.488264225,566.421609528));
#569=CARTESIAN_POINT('',(655.152403586,151.360739275,565.779654986));
#570=CARTESIAN_POINT('',(655.152403586,151.233214324,565.137700445));
#571=CARTESIAN_POINT('',(655.152403586,151.074152416,564.502011786));
#572=CARTESIAN_POINT('',(655.152403586,150.884318984,563.875648062));
#573=CARTESIAN_POINT('',(655.152403586,150.694485553,563.249284338));
#574=CARTESIAN_POINT('',(655.152403586,150.473881186,562.632247487));
#575=CARTESIAN_POINT('',(655.152403586,150.223567474,562.027506805));
#576=CARTESIAN_POINT('',(655.152403586,149.973253761,561.422766124));
#577=CARTESIAN_POINT('',(655.152403586,149.693231478,560.830323483));
#578=CARTESIAN_POINT('',(655.152403586,149.384848142,560.253029828));
#579=CARTESIAN_POINT('',(655.152403586,149.076464806,559.675736172));
#580=CARTESIAN_POINT('',(655.152403586,148.739721372,559.113593288));
#581=CARTESIAN_POINT('',(655.152403586,148.376238313,558.569306312));
#582=CARTESIAN_POINT('',(655.152403586,148.012755254,558.025019336));
#583=CARTESIAN_POINT('',(655.152403586,147.622533695,557.498589952));
#584=CARTESIAN_POINT('',(655.152403586,147.207451453,556.992551437));
#585=CARTESIAN_POINT('',(655.152403586,146.792369211,556.486512921));
#586=CARTESIAN_POINT('',(655.152403586,146.352427572,556.00086684));
#587=CARTESIAN_POINT('',(655.152403586,145.889743617,555.537950213));
#588=CARTESIAN_POINT('',(655.152403586,145.427059662,555.075033585));
#589=CARTESIAN_POINT('',(655.152403586,144.941634822,554.634847844));
#590=CARTESIAN_POINT('',(655.152403586,144.435805052,554.219511245));
#591=CARTESIAN_POINT('',(655.152403586,143.929975282,553.804174646));
#592=CARTESIAN_POINT('',(655.152403586,143.403742148,553.413688474));
#593=CARTESIAN_POINT('',(655.152403586,142.859637981,553.049931822));
#594=CARTESIAN_POINT('',(655.152403586,142.315533814,552.686175169));
#595=CARTESIAN_POINT('',(655.152403586,141.753560299,552.349149162));
#596=CARTESIAN_POINT('',(655.152403586,141.176421755,552.040475632));
#597=CARTESIAN_POINT('',(655.152403586,140.599283212,551.731802102));
#598=CARTESIAN_POINT('',(655.152403586,140.006981427,551.451482004));
#599=CARTESIAN_POINT('',(655.152403586,139.402366667,551.200864291));
#600=CARTESIAN_POINT('',(655.152403586,138.797751906,550.950246577));
#601=CARTESIAN_POINT('',(655.152403586,138.180826042,550.729332025));
#602=CARTESIAN_POINT('',(655.152403586,137.554557836,550.539183714));
#603=CARTESIAN_POINT('',(655.152403586,136.928289629,550.349035403));
#604=CARTESIAN_POINT('',(655.152403586,136.292681019,550.189653924));
#605=CARTESIAN_POINT('',(655.152403586,135.650790671,550.061806248));
#606=CARTESIAN_POINT('',(655.152403586,135.008900323,549.933958572));
#607=CARTESIAN_POINT('',(655.152403586,134.360730225,549.837645096));
#608=CARTESIAN_POINT('',(655.152403586,133.709399492,549.773329298));
#609=CARTESIAN_POINT('',(655.152403586,133.058068758,549.7090135));
#610=CARTESIAN_POINT('',(655.152403586,132.403579404,549.676695579));
#611=CARTESIAN_POINT('',(655.152403586,131.749080956,549.676531055));
#612=CARTESIAN_POINT('',(655.152403586,131.094582507,549.676366531));
#613=CARTESIAN_POINT('',(655.152403586,130.440076988,549.708355404));
#614=CARTESIAN_POINT('',(655.152403586,129.788714002,549.772343739));
#615=CARTESIAN_POINT('',(655.152403586,129.137351016,549.836332073));
#616=CARTESIAN_POINT('',(655.152403586,128.489132579,549.932319671));
#617=CARTESIAN_POINT('',(655.152403586,127.847178037,550.059844621));
#618=CARTESIAN_POINT('',(655.152403586,127.205223495,550.187369572));
#619=CARTESIAN_POINT('',(655.152403586,126.569534836,550.34643148));
#620=CARTESIAN_POINT('',(655.152403586,125.943171112,550.536264912));
#621=CARTESIAN_POINT('',(655.152403586,125.316807388,550.726098343));
#622=CARTESIAN_POINT('',(655.152403586,124.699770537,550.94670271));
#623=CARTESIAN_POINT('',(655.152403586,124.095029856,551.197016422));
#624=CARTESIAN_POINT('',(655.152403586,123.490289174,551.447330135));
#625=CARTESIAN_POINT('',(655.152403586,122.897846534,551.727352419));
#626=CARTESIAN_POINT('',(655.152403586,122.320552878,552.035735754));
#627=CARTESIAN_POINT('',(655.152403586,121.743259223,552.34411909));
#628=CARTESIAN_POINT('',(655.152403586,121.181116339,552.680862524));
#629=CARTESIAN_POINT('',(655.152403586,120.636829363,553.044345583));
#630=CARTESIAN_POINT('',(655.152403586,120.092542387,553.407828642));
#631=CARTESIAN_POINT('',(655.152403586,119.566113003,553.798050201));
#632=CARTESIAN_POINT('',(655.152403586,119.060074487,554.213132443));
#633=CARTESIAN_POINT('',(655.152403586,118.554035972,554.628214685));
#634=CARTESIAN_POINT('',(655.152403586,118.068389891,555.068156324));
#635=CARTESIAN_POINT('',(655.152403586,117.605473263,555.530840279));
#636=CARTESIAN_POINT('',(655.152403586,117.142556636,555.993524234));
#637=CARTESIAN_POINT('',(655.152403586,116.702370895,556.478949074));
#638=CARTESIAN_POINT('',(655.152403586,116.287034295,556.984778844));
#639=CARTESIAN_POINT('',(655.152403586,115.871697696,557.490608614));
#640=CARTESIAN_POINT('',(655.152403586,115.481211524,558.016841748));
#641=CARTESIAN_POINT('',(655.152403586,115.117454872,558.560945915));
#642=CARTESIAN_POINT('',(655.152403586,114.75369822,559.105050082));
#643=CARTESIAN_POINT('',(655.152403586,114.416672213,559.667023597));
#644=CARTESIAN_POINT('',(655.152403586,114.107998682,560.244162141));
#645=CARTESIAN_POINT('',(655.152403586,113.799325152,560.821300684));
#646=CARTESIAN_POINT('',(655.152403586,113.519005054,561.413602469));
#647=CARTESIAN_POINT('',(655.152403586,113.268387341,562.018217229));
#648=CARTESIAN_POINT('',(655.152403586,113.017769628,562.62283199));
#649=CARTESIAN_POINT('',(655.152403586,112.796855075,563.239757854));
#650=CARTESIAN_POINT('',(655.152403586,112.606706764,563.866026061));
#651=CARTESIAN_POINT('',(655.152403586,112.416558454,564.492294267));
#652=CARTESIAN_POINT('',(655.152403586,112.257176974,565.127902877));
#653=CARTESIAN_POINT('',(655.152403586,112.129329298,565.769793225));
#654=CARTESIAN_POINT('',(655.152403586,112.001481622,566.411683573));
#655=CARTESIAN_POINT('',(655.152403586,111.905168146,567.059853671));
#656=CARTESIAN_POINT('',(655.152403586,111.840852348,567.711184405));
#657=CARTESIAN_POINT('',(655.152403586,111.77653655,568.362515138));
#658=CARTESIAN_POINT('',(655.152403586,111.744218629,569.017004492));
#659=CARTESIAN_POINT('',(655.152403586,111.744054105,569.67150294));
#660=CARTESIAN_POINT('',(655.152403586,111.743889581,570.326001389));
#661=CARTESIAN_POINT('',(655.152403586,111.775878455,570.980506908));
#662=CARTESIAN_POINT('',(655.152403586,111.839866789,571.631869894));
#663=CARTESIAN_POINT('',(655.152403586,111.903855124,572.28323288));
#664=CARTESIAN_POINT('',(655.152403586,111.999842721,572.931451318));
#665=CARTESIAN_POINT('',(655.152403586,112.127367672,573.573405859));
#666=CARTESIAN_POINT('',(655.152403586,112.254892622,574.215360401));
#667=CARTESIAN_POINT('',(655.152403586,112.413954531,574.85104906));
#668=CARTESIAN_POINT('',(655.152403586,112.603787962,575.477412784));
#669=CARTESIAN_POINT('',(655.152403586,112.793621393,576.103776508));
#670=CARTESIAN_POINT('',(655.152403586,113.01422576,576.720813359));
#671=CARTESIAN_POINT('',(655.152403586,113.264539473,577.32555404));
#672=CARTESIAN_POINT('',(655.152403586,113.514853185,577.930294722));
#673=CARTESIAN_POINT('',(655.152403586,113.794875469,578.522737362));
#674=CARTESIAN_POINT('',(655.152403586,114.103258805,579.100031018));
#675=CARTESIAN_POINT('',(655.152403586,114.411642141,579.677324673));
#676=CARTESIAN_POINT('',(655.152403586,114.748385574,580.239467557));
#677=CARTESIAN_POINT('',(655.152403586,115.111868633,580.783754533));
#678=CARTESIAN_POINT('',(655.152403586,115.475351692,581.328041509));
#679=CARTESIAN_POINT('',(655.152403586,115.865573252,581.854470893));
#680=CARTESIAN_POINT('',(655.152403586,116.280655493,582.360509409));
#681=CARTESIAN_POINT('',(655.152403586,116.695737735,582.866547924));
#682=CARTESIAN_POINT('',(655.152403586,117.135679374,583.352194005));
#683=CARTESIAN_POINT('',(655.152403586,117.598363329,583.815110633));
#684=CARTESIAN_POINT('',(655.152403586,118.061047285,584.27802726));
#685=CARTESIAN_POINT('',(655.152403586,118.546472125,584.718213001));
#686=CARTESIAN_POINT('',(655.152403586,119.052301894,585.133549601));
#687=CARTESIAN_POINT('',(655.152403586,119.558131664,585.5488862));
#688=CARTESIAN_POINT('',(655.152403586,120.084364798,585.939372372));
#689=CARTESIAN_POINT('',(655.152403586,120.628468965,586.303129024));
#690=CARTESIAN_POINT('',(655.152403586,121.172573132,586.666885676));
#691=CARTESIAN_POINT('',(655.152403586,121.734546648,587.003911684));
#692=CARTESIAN_POINT('',(655.152403586,122.311685191,587.312585214));
#693=CARTESIAN_POINT('',(655.152403586,122.888823734,587.621258744));
#694=CARTESIAN_POINT('',(655.152403586,123.481125519,587.901578842));
#695=CARTESIAN_POINT('',(655.152403586,124.08574028,588.152196555));
#696=CARTESIAN_POINT('',(655.152403586,124.69035504,588.402814268));
#697=CARTESIAN_POINT('',(655.152403586,125.307280904,588.623728821));
#698=CARTESIAN_POINT('',(655.152403586,125.933549111,588.813877132));
#699=CARTESIAN_POINT('',(655.152403586,126.559817317,589.004025442));
#700=CARTESIAN_POINT('',(655.152403586,127.195425928,589.163406922));
#701=CARTESIAN_POINT('',(655.152403586,127.837316275,589.291254598));
#702=CARTESIAN_POINT('',(655.152403586,128.479206623,589.419102274));
#703=CARTESIAN_POINT('',(655.152403586,129.127376721,589.51541575));
#704=CARTESIAN_POINT('',(655.152403586,129.778707455,589.579731548));
#705=CARTESIAN_POINT('',(655.152403586,130.430038189,589.644047346));
#706=CARTESIAN_POINT('',(655.152403586,131.084527542,589.676365267));
#707=CARTESIAN_POINT('',(655.152403586,131.739025991,589.676529791));
#708=B_SPLINE_CURVE_WITH_KNOTS('',3,(#515,#516,#517,#518,#519,#520,#521,#522,#523,#524,#525,#526,#527,#528,#529,#530,#531,#532,#533,#534,#535,#536,#537,#538,#539,#540,
#541,#542,#543,#544,#545,#546,#547,#548,#549,#550,#551,#552,#553,#554,#555,#556,#557,#558,#559,#560,#561,#562,#563,#564,#565,
#566,#567,#568,#569,#570,#571,#572,#573,#574,#575,#576,#577,#578,#579,#580,#581,#582,#583,#584,#585,#586,#587,#588,#589,#590,
#591,#592,#593,#594,#595,#596,#597,#598,#599,#600,#601,#602,#603,#604,#605,#606,#607,#608,#609,#610,#611,#612,#613,#614,#615,
#616,#617,#618,#619,#620,#621,#622,#623,#624,#625,#626,#627,#628,#629,#630,#631,#632,#633,#634,#635,#636,#637,#638,#639,#640,
#641,#642,#643,#644,#645,#646,#647,#648,#649,#650,#651,#652,#653,#654,#655,#656,#657,#658,#659,#660,#661,#662,#663,#664,#665,
#666,#667,#668,#669,#670,#671,#672,#673,#674,#675,#676,#677,#678,#679,#680,#681,#682,#683,#684,#685,#686,#687,#688,#689,#690,
#691,#692,#693,#694,#695,#696,#697,#698,#699,#700,#701,#702,#703,#704,#705,#706,#707),.UNSPECIFIED.,.T.,.F.,(4,3,3,3,3,3,3,3,3,3,3,3,3,3,3,3,3,3,3,3,3,3,3,3,3,3,
3,3,3,3,3,3,3,3,3,3,3,3,3,3,3,3,3,3,3,3,3,3,3,3,3,
3,3,3,3,3,3,3,3,3,3,3,3,3,4),(0.,0.015625,0.03125,0.046875,0.0625,0.078125,0.09375,0.109375,0.125,0.140625,0.15625,0.171875,0.1875,0.203125,0.21875,0.234375,0.25,0.265625,0.28125,0.296875,0.3125,0.328125,0.34375,0.359375,0.375,0.390625,
0.40625,0.421875,0.4375,0.453125,0.46875,0.484375,0.5,0.515625,0.53125,0.546875,0.5625,0.578125,0.59375,0.609375,0.625,0.640625,0.65625,0.671875,0.6875,0.703125,0.71875,0.734375,0.75,0.765625,0.78125,
0.796875,0.8125,0.828125,0.84375,0.859375,0.875,0.890625,0.90625,0.921875,0.9375,0.953125,0.96875,0.984375,1.),.UNSPECIFIED.);
#709=EDGE_CURVE('',#318,#316,#708,.T.);
#710=ORIENTED_EDGE('',*,*,#709,.F.);
#711=EDGE_LOOP('',(#514,#710));
#712=FACE_BOUND('',#711,.T.);
#713=CARTESIAN_POINT('',(655.152403586,131.739025991,546.965556414));
#714=VERTEX_POINT('',#713);
#715=CARTESIAN_POINT('',(655.152403586,131.739025991,541.865556414));
#716=VERTEX_POINT('',#715);
#717=CARTESIAN_POINT('',(655.152403586,131.739025991,544.415556414));
#718=DIRECTION('',(-1.,-0.,-0.));
#719=DIRECTION('',(0.,0.,-1.));
#720=AXIS2_PLACEMENT_3D('',#717,#718,#719);
#721=CIRCLE('',#720,2.55);
#722=EDGE_CURVE('',#714,#716,#721,.T.);
#723=ORIENTED_EDGE('',*,*,#722,.F.);
#724=CARTESIAN_POINT('',(655.152403586,131.739025991,544.415556414));
#725=DIRECTION('',(-1.,-0.,-0.));
#726=DIRECTION('',(0.,0.,-1.));
#727=AXIS2_PLACEMENT_3D('',#724,#725,#726);
#728=CIRCLE('',#727,2.55);
#729=EDGE_CURVE('',#716,#714,#728,.T.);
#730=ORIENTED_EDGE('',*,*,#729,.F.);
#731=EDGE_LOOP('',(#723,#730));
#732=FACE_BOUND('',#731,.T.);
#733=CARTESIAN_POINT('',(655.152403586,109.862380774,584.857017427));
#734=VERTEX_POINT('',#733);
#735=CARTESIAN_POINT('',(655.152403586,109.862380774,579.757017427));
#736=VERTEX_POINT('',#735);
#737=CARTESIAN_POINT('',(655.152403586,109.862380774,582.307017427));
#738=DIRECTION('',(-1.,-0.,-0.));
#739=DIRECTION('',(0.,0.,-1.));
#740=AXIS2_PLACEMENT_3D('',#737,#738,#739);
#741=CIRCLE('',#740,2.55);
#742=EDGE_CURVE('',#734,#736,#741,.T.);
#743=ORIENTED_EDGE('',*,*,#742,.F.);
#744=CARTESIAN_POINT('',(655.152403586,109.862380774,582.307017427));
#745=DIRECTION('',(-1.,-0.,-0.));
#746=DIRECTION('',(0.,0.,-1.));
#747=AXIS2_PLACEMENT_3D('',#744,#745,#746);
#748=CIRCLE('',#747,2.55);
#749=EDGE_CURVE('',#736,#734,#748,.T.);
#750=ORIENTED_EDGE('',*,*,#749,.F.);
#751=EDGE_LOOP('',(#743,#750));
#752=FACE_BOUND('',#751,.T.);
#753=CARTESIAN_POINT('',(655.152403586,153.615671207,584.857017427));
#754=VERTEX_POINT('',#753);
#755=CARTESIAN_POINT('',(655.152403586,153.615671207,579.757017427));
#756=VERTEX_POINT('',#755);
#757=CARTESIAN_POINT('',(655.152403586,153.615671207,582.307017427));
#758=DIRECTION('',(-1.,-0.,-0.));
#759=DIRECTION('',(0.,0.,-1.));
#760=AXIS2_PLACEMENT_3D('',#757,#758,#759);
#761=CIRCLE('',#760,2.55);
#762=EDGE_CURVE('',#754,#756,#761,.T.);
#763=ORIENTED_EDGE('',*,*,#762,.F.);
#764=CARTESIAN_POINT('',(655.152403586,153.615671207,582.307017427));
#765=DIRECTION('',(-1.,-0.,-0.));
#766=DIRECTION('',(0.,0.,-1.));
#767=AXIS2_PLACEMENT_3D('',#764,#765,#766);
#768=CIRCLE('',#767,2.55);
#769=EDGE_CURVE('',#756,#754,#768,.T.);
#770=ORIENTED_EDGE('',*,*,#769,.F.);
#771=EDGE_LOOP('',(#763,#770));
#772=FACE_BOUND('',#771,.T.);
#773=CARTESIAN_POINT('',(655.152403586,161.331147277,564.729736257));
#774=VERTEX_POINT('',#773);
#775=CARTESIAN_POINT('',(655.152403586,161.331141271,564.743171049));
#776=DIRECTION('',(0.,-0.000223459,0.999999975));
#777=VECTOR('',#776,9.876777265);
#778=LINE('',#775,#777);
#779=EDGE_CURVE('',#774,#159,#778,.T.);
#780=ORIENTED_EDGE('',*,*,#779,.F.);
#781=CARTESIAN_POINT('',(655.152403586,131.744053473,569.676530423));
#782=DIRECTION('',(1.,-0.,-0.));
#783=DIRECTION('',(0.,0.341810152,0.939769025));
#784=AXIS2_PLACEMENT_3D('',#781,#782,#783);
#785=CIRCLE('',#784,30.);
#786=EDGE_CURVE('',#248,#774,#785,.T.);
#787=ORIENTED_EDGE('',*,*,#786,.F.);
#788=CARTESIAN_POINT('',(655.152403586,115.155902039,594.676530423));
#789=VERTEX_POINT('',#788);
#790=CARTESIAN_POINT('',(655.152403586,131.739025991,569.676530423));
#791=DIRECTION('',(-1.,-0.,0.));
#792=DIRECTION('',(0.,-1.,0.));
#793=AXIS2_PLACEMENT_3D('',#790,#791,#792);
#794=CIRCLE('',#793,30.);
#795=EDGE_CURVE('',#248,#789,#794,.T.);
#796=ORIENTED_EDGE('',*,*,#795,.T.);
#797=CARTESIAN_POINT('',(655.152403586,82.739025991,594.676530423));
#798=VERTEX_POINT('',#797);
#799=CARTESIAN_POINT('',(655.152403586,82.739025991,594.676530423));
#800=DIRECTION('',(-0.,1.,0.));
#801=VECTOR('',#800,32.416876048);
#802=LINE('',#799,#801);
#803=EDGE_CURVE('',#798,#789,#802,.T.);
#804=ORIENTED_EDGE('',*,*,#803,.F.);
#805=CARTESIAN_POINT('',(655.152403586,82.739025991,595.676530423));
#806=DIRECTION('',(-1.,0.,0.));
#807=DIRECTION('',(0.,0.,1.));
#808=AXIS2_PLACEMENT_3D('',#805,#806,#807);
#809=CIRCLE('',#808,1.);
#810=EDGE_CURVE('',#798,#69,#809,.T.);
#811=ORIENTED_EDGE('',*,*,#810,.T.);
#812=ORIENTED_EDGE('',*,*,#74,.F.);
#813=ORIENTED_EDGE('',*,*,#290,.T.);
#814=CARTESIAN_POINT('',(655.152403586,161.323335093,599.676530423));
#815=DIRECTION('',(0.,-1.,0.));
#816=VECTOR('',#815,29.582633509);
#817=LINE('',#814,#816);
#818=EDGE_CURVE('',#175,#279,#817,.T.);
#819=ORIENTED_EDGE('',*,*,#818,.F.);
#820=ORIENTED_EDGE('',*,*,#180,.T.);
#821=CARTESIAN_POINT('',(655.152403586,148.322149942,594.676530423));
#822=VERTEX_POINT('',#821);
#823=CARTESIAN_POINT('',(655.152403586,161.323334355,594.676530423));
#824=DIRECTION('',(-0.,-1.,-0.));
#825=VECTOR('',#824,13.001184412);
#826=LINE('',#823,#825);
#827=EDGE_CURVE('',#167,#822,#826,.T.);
#828=ORIENTED_EDGE('',*,*,#827,.T.);
#829=CARTESIAN_POINT('',(655.152403586,131.739025991,569.676530423));
#830=DIRECTION('',(-1.,-0.,0.));
#831=DIRECTION('',(0.,-1.,0.));
#832=AXIS2_PLACEMENT_3D('',#829,#830,#831);
#833=CIRCLE('',#832,30.);
#834=EDGE_CURVE('',#822,#159,#833,.T.);
#835=ORIENTED_EDGE('',*,*,#834,.T.);
#836=EDGE_LOOP('',(#780,#787,#796,#804,#811,#812,#813,#819,#820,#828,#835));
#837=FACE_BOUND('',#836,.T.);
#838=ADVANCED_FACE('',(#712,#732,#752,#772,#837),#314,.F.);
#839=CARTESIAN_POINT('',(684.953,397.139666532,649.676530423));
#840=DIRECTION('',(-1.,0.,0.));
#841=DIRECTION('',(0.,0.,1.));
#842=AXIS2_PLACEMENT_3D('',#839,#840,#841);
#843=PLANE('',#842);
#844=CARTESIAN_POINT('',(684.953,161.331147179,564.729747465));
#845=VERTEX_POINT('',#844);
#846=CARTESIAN_POINT('',(684.953,161.331141266,564.743193506));
#847=DIRECTION('',(0.,-0.000223459,0.999999975));
#848=VECTOR('',#847,9.876754678);
#849=LINE('',#846,#848);
#850=EDGE_CURVE('',#845,#157,#849,.T.);
#851=ORIENTED_EDGE('',*,*,#850,.F.);
#852=CARTESIAN_POINT('',(684.953,131.744053473,569.676530423));
#853=DIRECTION('',(1.,-0.,-0.));
#854=DIRECTION('',(0.,0.341810152,0.939769025));
#855=AXIS2_PLACEMENT_3D('',#852,#853,#854);
#856=CIRCLE('',#855,30.);
#857=EDGE_CURVE('',#845,#157,#856,.T.);
#858=ORIENTED_EDGE('',*,*,#857,.T.);
#859=EDGE_LOOP('',(#851,#858));
#860=FACE_BOUND('',#859,.T.);
#861=ADVANCED_FACE('',(#860),#843,.F.);
#862=CARTESIAN_POINT('',(650.152403586,153.615671207,582.307017427));
#863=DIRECTION('',(1.,0.,-0.));
#864=DIRECTION('',(0.,0.,1.));
#865=AXIS2_PLACEMENT_3D('',#862,#863,#864);
#866=CYLINDRICAL_SURFACE('',#865,2.55);
#867=CARTESIAN_POINT('',(659.105403586,153.615671207,584.857017427));
#868=VERTEX_POINT('',#867);
#869=CARTESIAN_POINT('',(659.105403586,153.615671207,584.857017427));
#870=DIRECTION('',(-1.,-0.,-0.));
#871=VECTOR('',#870,3.953);
#872=LINE('',#869,#871);
#873=EDGE_CURVE('',#868,#754,#872,.T.);
#874=ORIENTED_EDGE('',*,*,#873,.F.);
#875=CARTESIAN_POINT('',(659.105403586,153.615671207,579.757017427));
#876=VERTEX_POINT('',#875);
#877=CARTESIAN_POINT('',(659.105403586,153.615671207,582.307017427));
#878=DIRECTION('',(1.,0.,0.));
#879=DIRECTION('',(0.,0.,-1.));
#880=AXIS2_PLACEMENT_3D('',#877,#878,#879);
#881=CIRCLE('',#880,2.55);
#882=EDGE_CURVE('',#868,#876,#881,.T.);
#883=ORIENTED_EDGE('',*,*,#882,.T.);
#884=CARTESIAN_POINT('',(659.105403586,153.615671207,582.307017427));
#885=DIRECTION('',(1.,0.,0.));
#886=DIRECTION('',(0.,0.,-1.));
#887=AXIS2_PLACEMENT_3D('',#884,#885,#886);
#888=CIRCLE('',#887,2.55);
#889=EDGE_CURVE('',#876,#868,#888,.T.);
#890=ORIENTED_EDGE('',*,*,#889,.T.);
#891=ORIENTED_EDGE('',*,*,#873,.T.);
#892=ORIENTED_EDGE('',*,*,#762,.T.);
#893=ORIENTED_EDGE('',*,*,#769,.T.);
#894=EDGE_LOOP('',(#874,#883,#890,#891,#892,#893));
#895=FACE_BOUND('',#894,.T.);
#896=ADVANCED_FACE('',(#895),#866,.F.);
#897=CARTESIAN_POINT('',(650.152403586,131.739025991,544.415556414));
#898=DIRECTION('',(1.,0.,-0.));
#899=DIRECTION('',(0.,0.,1.));
#900=AXIS2_PLACEMENT_3D('',#897,#898,#899);
#901=CYLINDRICAL_SURFACE('',#900,2.55);
#902=CARTESIAN_POINT('',(659.105403586,131.739025991,546.965556414));
#903=VERTEX_POINT('',#902);
#904=CARTESIAN_POINT('',(659.105403586,131.739025991,546.965556414));
#905=DIRECTION('',(-1.,-0.,-0.));
#906=VECTOR('',#905,3.953);
#907=LINE('',#904,#906);
#908=EDGE_CURVE('',#903,#714,#907,.T.);
#909=ORIENTED_EDGE('',*,*,#908,.F.);
#910=CARTESIAN_POINT('',(659.105403586,131.739025991,541.865556414));
#911=VERTEX_POINT('',#910);
#912=CARTESIAN_POINT('',(659.105403586,131.739025991,544.415556414));
#913=DIRECTION('',(1.,0.,0.));
#914=DIRECTION('',(0.,0.,-1.));
#915=AXIS2_PLACEMENT_3D('',#912,#913,#914);
#916=CIRCLE('',#915,2.55);
#917=EDGE_CURVE('',#903,#911,#916,.T.);
#918=ORIENTED_EDGE('',*,*,#917,.T.);
#919=CARTESIAN_POINT('',(659.105403586,131.739025991,544.415556414));
#920=DIRECTION('',(1.,0.,0.));
#921=DIRECTION('',(0.,0.,-1.));
#922=AXIS2_PLACEMENT_3D('',#919,#920,#921);
#923=CIRCLE('',#922,2.55);
#924=EDGE_CURVE('',#911,#903,#923,.T.);
#925=ORIENTED_EDGE('',*,*,#924,.T.);
#926=ORIENTED_EDGE('',*,*,#908,.T.);
#927=ORIENTED_EDGE('',*,*,#722,.T.);
#928=ORIENTED_EDGE('',*,*,#729,.T.);
#929=EDGE_LOOP('',(#909,#918,#925,#926,#927,#928));
#930=FACE_BOUND('',#929,.T.);
#931=ADVANCED_FACE('',(#930),#901,.F.);
#932=CARTESIAN_POINT('',(650.152403586,109.862380774,582.307017427));
#933=DIRECTION('',(1.,0.,-0.));
#934=DIRECTION('',(0.,0.,1.));
#935=AXIS2_PLACEMENT_3D('',#932,#933,#934);
#936=CYLINDRICAL_SURFACE('',#935,2.55);
#937=CARTESIAN_POINT('',(659.105403586,109.862380774,584.857017427));
#938=VERTEX_POINT('',#937);
#939=CARTESIAN_POINT('',(659.105403586,109.862380774,584.857017427));
#940=DIRECTION('',(-1.,-0.,-0.));
#941=VECTOR('',#940,3.953);
#942=LINE('',#939,#941);
#943=EDGE_CURVE('',#938,#734,#942,.T.);
#944=ORIENTED_EDGE('',*,*,#943,.F.);
#945=CARTESIAN_POINT('',(659.105403586,109.862380774,579.757017427));
#946=VERTEX_POINT('',#945);
#947=CARTESIAN_POINT('',(659.105403586,109.862380774,582.307017427));
#948=DIRECTION('',(1.,0.,0.));
#949=DIRECTION('',(0.,0.,-1.));
#950=AXIS2_PLACEMENT_3D('',#947,#948,#949);
#951=CIRCLE('',#950,2.55);
#952=EDGE_CURVE('',#938,#946,#951,.T.);
#953=ORIENTED_EDGE('',*,*,#952,.T.);
#954=CARTESIAN_POINT('',(659.105403586,109.862380774,582.307017427));
#955=DIRECTION('',(1.,0.,0.));
#956=DIRECTION('',(0.,0.,-1.));
#957=AXIS2_PLACEMENT_3D('',#954,#955,#956);
#958=CIRCLE('',#957,2.55);
#959=EDGE_CURVE('',#946,#938,#958,.T.);
#960=ORIENTED_EDGE('',*,*,#959,.T.);
#961=ORIENTED_EDGE('',*,*,#943,.T.);
#962=ORIENTED_EDGE('',*,*,#742,.T.);
#963=ORIENTED_EDGE('',*,*,#749,.T.);
#964=EDGE_LOOP('',(#944,#953,#960,#961,#962,#963));
#965=FACE_BOUND('',#964,.T.);
#966=ADVANCED_FACE('',(#965),#936,.F.);
#967=CARTESIAN_POINT('',(689.953,109.862380774,582.307017427));
#968=DIRECTION('',(-1.,0.,0.));
#969=DIRECTION('',(0.,0.,1.));
#970=AXIS2_PLACEMENT_3D('',#967,#968,#969);
#971=CYLINDRICAL_SURFACE('',#970,2.55);
#972=CARTESIAN_POINT('',(681.,109.862380774,584.857017427));
#973=VERTEX_POINT('',#972);
#974=CARTESIAN_POINT('',(684.953,109.862380774,584.857017427));
#975=VERTEX_POINT('',#974);
#976=CARTESIAN_POINT('',(681.,109.862380774,584.857017427));
#977=DIRECTION('',(1.,-0.,-0.));
#978=VECTOR('',#977,3.953);
#979=LINE('',#976,#978);
#980=EDGE_CURVE('',#973,#975,#979,.T.);
#981=ORIENTED_EDGE('',*,*,#980,.F.);
#982=CARTESIAN_POINT('',(681.,109.862380774,582.307017427));
#983=DIRECTION('',(-1.,0.,0.));
#984=DIRECTION('',(0.,0.,1.));
#985=AXIS2_PLACEMENT_3D('',#982,#983,#984);
#986=CIRCLE('',#985,2.55);
#987=EDGE_CURVE('',#973,#973,#986,.T.);
#988=ORIENTED_EDGE('',*,*,#987,.T.);
#989=ORIENTED_EDGE('',*,*,#980,.T.);
#990=CARTESIAN_POINT('',(684.953,109.862380774,582.307017427));
#991=DIRECTION('',(-1.,0.,0.));
#992=DIRECTION('',(0.,0.,1.));
#993=AXIS2_PLACEMENT_3D('',#990,#991,#992);
#994=CIRCLE('',#993,2.55);
#995=EDGE_CURVE('',#975,#975,#994,.T.);
#996=ORIENTED_EDGE('',*,*,#995,.F.);
#997=EDGE_LOOP('',(#981,#988,#989,#996));
#998=FACE_BOUND('',#997,.T.);
#999=ADVANCED_FACE('',(#998),#971,.F.);
#1000=CARTESIAN_POINT('',(689.953,131.739025991,544.415556414));
#1001=DIRECTION('',(-1.,0.,0.));
#1002=DIRECTION('',(0.,0.,1.));
#1003=AXIS2_PLACEMENT_3D('',#1000,#1001,#1002);
#1004=CYLINDRICAL_SURFACE('',#1003,2.55);
#1005=CARTESIAN_POINT('',(681.,131.739025991,546.965556414));
#1006=VERTEX_POINT('',#1005);
#1007=CARTESIAN_POINT('',(684.953,131.739025991,546.965556414));
#1008=VERTEX_POINT('',#1007);
#1009=CARTESIAN_POINT('',(681.,131.739025991,546.965556414));
#1010=DIRECTION('',(1.,-0.,-0.));
#1011=VECTOR('',#1010,3.953);
#1012=LINE('',#1009,#1011);
#1013=EDGE_CURVE('',#1006,#1008,#1012,.T.);
#1014=ORIENTED_EDGE('',*,*,#1013,.F.);
#1015=CARTESIAN_POINT('',(681.,131.739025991,544.415556414));
#1016=DIRECTION('',(-1.,0.,0.));
#1017=DIRECTION('',(0.,0.,1.));
#1018=AXIS2_PLACEMENT_3D('',#1015,#1016,#1017);
#1019=CIRCLE('',#1018,2.55);
#1020=EDGE_CURVE('',#1006,#1006,#1019,.T.);
#1021=ORIENTED_EDGE('',*,*,#1020,.T.);
#1022=ORIENTED_EDGE('',*,*,#1013,.T.);
#1023=CARTESIAN_POINT('',(684.953,131.739025991,544.415556414));
#1024=DIRECTION('',(-1.,0.,0.));
#1025=DIRECTION('',(0.,0.,1.));
#1026=AXIS2_PLACEMENT_3D('',#1023,#1024,#1025);
#1027=CIRCLE('',#1026,2.55);
#1028=EDGE_CURVE('',#1008,#1008,#1027,.T.);
#1029=ORIENTED_EDGE('',*,*,#1028,.F.);
#1030=EDGE_LOOP('',(#1014,#1021,#1022,#1029));
#1031=FACE_BOUND('',#1030,.T.);
#1032=ADVANCED_FACE('',(#1031),#1004,.F.);
#1033=CARTESIAN_POINT('',(689.953,153.615671207,582.307017427));
#1034=DIRECTION('',(-1.,0.,0.));
#1035=DIRECTION('',(0.,0.,1.));
#1036=AXIS2_PLACEMENT_3D('',#1033,#1034,#1035);
#1037=CYLINDRICAL_SURFACE('',#1036,2.55);
#1038=CARTESIAN_POINT('',(681.,153.615671207,584.857017427));
#1039=VERTEX_POINT('',#1038);
#1040=CARTESIAN_POINT('',(684.953,153.615671207,584.857017427));
#1041=VERTEX_POINT('',#1040);
#1042=CARTESIAN_POINT('',(681.,153.615671207,584.857017427));
#1043=DIRECTION('',(1.,-0.,-0.));
#1044=VECTOR('',#1043,3.953);
#1045=LINE('',#1042,#1044);
#1046=EDGE_CURVE('',#1039,#1041,#1045,.T.);
#1047=ORIENTED_EDGE('',*,*,#1046,.F.);
#1048=CARTESIAN_POINT('',(681.,153.615671207,582.307017427));
#1049=DIRECTION('',(-1.,0.,0.));
#1050=DIRECTION('',(0.,0.,1.));
#1051=AXIS2_PLACEMENT_3D('',#1048,#1049,#1050);
#1052=CIRCLE('',#1051,2.55);
#1053=EDGE_CURVE('',#1039,#1039,#1052,.T.);
#1054=ORIENTED_EDGE('',*,*,#1053,.T.);
#1055=ORIENTED_EDGE('',*,*,#1046,.T.);
#1056=CARTESIAN_POINT('',(684.953,153.615671207,582.307017427));
#1057=DIRECTION('',(-1.,0.,0.));
#1058=DIRECTION('',(0.,0.,1.));
#1059=AXIS2_PLACEMENT_3D('',#1056,#1057,#1058);
#1060=CIRCLE('',#1059,2.55);
#1061=EDGE_CURVE('',#1041,#1041,#1060,.T.);
#1062=ORIENTED_EDGE('',*,*,#1061,.F.);
#1063=EDGE_LOOP('',(#1047,#1054,#1055,#1062));
#1064=FACE_BOUND('',#1063,.T.);
#1065=ADVANCED_FACE('',(#1064),#1037,.F.);
#1066=CARTESIAN_POINT('',(685.052701793,131.744053473,569.676530423));
#1067=DIRECTION('',(-1.,0.,0.));
#1068=DIRECTION('',(0.,0.341810152,0.939769025));
#1069=AXIS2_PLACEMENT_3D('',#1066,#1067,#1068);
#1070=CYLINDRICAL_SURFACE('',#1069,30.);
#1071=ORIENTED_EDGE('',*,*,#261,.T.);
#1072=ORIENTED_EDGE('',*,*,#786,.T.);
#1073=CARTESIAN_POINT('',(655.152403586,131.744053473,569.676530423));
#1074=DIRECTION('',(1.,-0.,-0.));
#1075=DIRECTION('',(0.,0.341810152,0.939769025));
#1076=AXIS2_PLACEMENT_3D('',#1073,#1074,#1075);
#1077=CIRCLE('',#1076,30.);
#1078=EDGE_CURVE('',#774,#159,#1077,.T.);
#1079=ORIENTED_EDGE('',*,*,#1078,.T.);
#1080=ORIENTED_EDGE('',*,*,#164,.F.);
#1081=ORIENTED_EDGE('',*,*,#857,.F.);
#1082=CARTESIAN_POINT('',(684.953,131.744053473,569.676530423));
#1083=DIRECTION('',(1.,-0.,-0.));
#1084=DIRECTION('',(0.,0.341810152,0.939769025));
#1085=AXIS2_PLACEMENT_3D('',#1082,#1083,#1084);
#1086=CIRCLE('',#1085,30.);
#1087=EDGE_CURVE('',#256,#845,#1086,.T.);
#1088=ORIENTED_EDGE('',*,*,#1087,.F.);
#1089=EDGE_LOOP('',(#1071,#1072,#1079,#1080,#1081,#1088));
#1090=FACE_BOUND('',#1089,.T.);
#1091=ADVANCED_FACE('',(#1090),#1070,.T.);
#1092=CARTESIAN_POINT('',(658.052701793,102.162538001,574.669920288));
#1093=DIRECTION('',(-1.,0.,0.));
#1094=DIRECTION('',(0.,0.,1.));
#1095=AXIS2_PLACEMENT_3D('',#1092,#1093,#1094);
#1096=PLANE('',#1095);
#1097=ORIENTED_EDGE('',*,*,#130,.T.);
#1098=CARTESIAN_POINT('',(658.052701793,81.738017351,596.683140857));
#1099=DIRECTION('',(0.,1.,0.));
#1100=VECTOR('',#1099,79.585317004);
#1101=LINE('',#1098,#1100);
#1102=EDGE_CURVE('',#35,#125,#1101,.T.);
#1103=ORIENTED_EDGE('',*,*,#1102,.F.);
#1104=ORIENTED_EDGE('',*,*,#62,.T.);
#1105=CARTESIAN_POINT('',(658.052701793,83.739358156,591.683140733));
#1106=VERTEX_POINT('',#1105);
#1107=CARTESIAN_POINT('',(658.052701793,81.739134647,591.683140733));
#1108=DIRECTION('',(0.,1.,0.));
#1109=VECTOR('',#1108,2.000223509);
#1110=LINE('',#1107,#1109);
#1111=EDGE_CURVE('',#51,#1106,#1110,.T.);
#1112=ORIENTED_EDGE('',*,*,#1111,.T.);
#1113=CARTESIAN_POINT('',(658.052701793,84.739358131,590.683364192));
#1114=VERTEX_POINT('',#1113);
#1115=CARTESIAN_POINT('',(658.052701793,83.739358156,591.683140733));
#1116=DIRECTION('',(-0.,0.707185782,-0.707027772));
#1117=VECTOR('',#1116,1.414055544);
#1118=LINE('',#1115,#1117);
#1119=EDGE_CURVE('',#1106,#1114,#1118,.T.);
#1120=ORIENTED_EDGE('',*,*,#1119,.T.);
#1121=CARTESIAN_POINT('',(658.052701793,84.742937351,574.666027719));
#1122=DIRECTION('',(0.,-0.000223459,0.999999975));
#1123=VECTOR('',#1122,16.017336873);
#1124=LINE('',#1121,#1123);
#1125=EDGE_CURVE('',#215,#1114,#1124,.T.);
#1126=ORIENTED_EDGE('',*,*,#1125,.F.);
#1127=ORIENTED_EDGE('',*,*,#242,.T.);
#1128=CARTESIAN_POINT('',(658.052701793,99.160973862,581.669249736));
#1129=VERTEX_POINT('',#1128);
#1130=CARTESIAN_POINT('',(658.052701793,99.162538075,574.66924991));
#1131=DIRECTION('',(0.,-0.000223459,0.999999975));
#1132=VECTOR('',#1131,7.);
#1133=LINE('',#1130,#1132);
#1134=EDGE_CURVE('',#231,#1129,#1133,.T.);
#1135=ORIENTED_EDGE('',*,*,#1134,.T.);
#1136=CARTESIAN_POINT('',(658.052701793,109.158739021,591.671484077));
#1137=VERTEX_POINT('',#1136);
#1138=CARTESIAN_POINT('',(658.052701793,109.160973612,581.671484327));
#1139=DIRECTION('',(-1.,0.,0.));
#1140=DIRECTION('',(0.,0.,1.));
#1141=AXIS2_PLACEMENT_3D('',#1138,#1139,#1140);
#1142=CIRCLE('',#1141,10.);
#1143=EDGE_CURVE('',#1129,#1137,#1142,.T.);
#1144=ORIENTED_EDGE('',*,*,#1143,.T.);
#1145=CARTESIAN_POINT('',(658.052701793,161.323334355,591.683140733));
#1146=DIRECTION('',(-0.,-0.999999975,-0.000223459));
#1147=VECTOR('',#1146,52.164596636);
#1148=LINE('',#1145,#1147);
#1149=EDGE_CURVE('',#123,#1137,#1148,.T.);
#1150=ORIENTED_EDGE('',*,*,#1149,.F.);
#1151=EDGE_LOOP('',(#1097,#1103,#1104,#1112,#1120,#1126,#1127,#1135,#1144,#1150));
#1152=FACE_BOUND('',#1151,.T.);
#1153=ADVANCED_FACE('',(#1152),#1096,.F.);
#1154=CARTESIAN_POINT('',(685.052701793,99.162538075,574.66924991));
#1155=DIRECTION('',(0.,0.999999975,0.000223459));
#1156=DIRECTION('',(0.,-0.000223459,0.999999975));
#1157=AXIS2_PLACEMENT_3D('',#1154,#1155,#1156);
#1158=PLANE('',#1157);
#1159=CARTESIAN_POINT('',(682.052701793,99.160973862,581.669249736));
#1160=VERTEX_POINT('',#1159);
#1161=CARTESIAN_POINT('',(682.052701793,99.162538075,574.66924991));
#1162=DIRECTION('',(0.,-0.000223459,0.999999975));
#1163=VECTOR('',#1162,7.);
#1164=LINE('',#1161,#1163);
#1165=EDGE_CURVE('',#223,#1160,#1164,.T.);
#1166=ORIENTED_EDGE('',*,*,#1165,.T.);
#1167=CARTESIAN_POINT('',(682.052701793,99.160973862,581.669249736));
#1168=DIRECTION('',(-1.,0.,0.));
#1169=VECTOR('',#1168,24.);
#1170=LINE('',#1167,#1169);
#1171=EDGE_CURVE('',#1160,#1129,#1170,.T.);
#1172=ORIENTED_EDGE('',*,*,#1171,.T.);
#1173=ORIENTED_EDGE('',*,*,#1134,.F.);
#1174=ORIENTED_EDGE('',*,*,#236,.T.);
#1175=EDGE_LOOP('',(#1166,#1172,#1173,#1174));
#1176=FACE_BOUND('',#1175,.T.);
#1177=ADVANCED_FACE('',(#1176),#1158,.F.);
#1178=CARTESIAN_POINT('',(682.052701793,81.742937426,574.665357341));
#1179=DIRECTION('',(1.,0.,0.));
#1180=DIRECTION('',(0.,0.,-1.));
#1181=AXIS2_PLACEMENT_3D('',#1178,#1179,#1180);
#1182=PLANE('',#1181);
#1183=CARTESIAN_POINT('',(682.052701793,81.738017351,596.683140857));
#1184=DIRECTION('',(0.,1.,0.));
#1185=VECTOR('',#1184,79.585317004);
#1186=LINE('',#1183,#1185);
#1187=EDGE_CURVE('',#33,#141,#1186,.T.);
#1188=ORIENTED_EDGE('',*,*,#1187,.T.);
#1189=ORIENTED_EDGE('',*,*,#146,.T.);
#1190=CARTESIAN_POINT('',(682.052701793,109.158739021,591.671484077));
#1191=VERTEX_POINT('',#1190);
#1192=CARTESIAN_POINT('',(682.052701793,161.323334355,591.683140733));
#1193=DIRECTION('',(-0.,-0.999999975,-0.000223459));
#1194=VECTOR('',#1193,52.164596636);
#1195=LINE('',#1192,#1194);
#1196=EDGE_CURVE('',#133,#1191,#1195,.T.);
#1197=ORIENTED_EDGE('',*,*,#1196,.T.);
#1198=CARTESIAN_POINT('',(682.052701793,109.160973612,581.671484327));
#1199=DIRECTION('',(1.,0.,0.));
#1200=DIRECTION('',(0.,0.,-1.));
#1201=AXIS2_PLACEMENT_3D('',#1198,#1199,#1200);
#1202=CIRCLE('',#1201,10.);
#1203=EDGE_CURVE('',#1191,#1160,#1202,.T.);
#1204=ORIENTED_EDGE('',*,*,#1203,.T.);
#1205=ORIENTED_EDGE('',*,*,#1165,.F.);
#1206=ORIENTED_EDGE('',*,*,#228,.T.);
#1207=CARTESIAN_POINT('',(682.052701793,84.739358131,590.683364192));
#1208=VERTEX_POINT('',#1207);
#1209=CARTESIAN_POINT('',(682.052701793,84.742937351,574.666027719));
#1210=DIRECTION('',(0.,-0.000223459,0.999999975));
#1211=VECTOR('',#1210,16.017336873);
#1212=LINE('',#1209,#1211);
#1213=EDGE_CURVE('',#213,#1208,#1212,.T.);
#1214=ORIENTED_EDGE('',*,*,#1213,.T.);
#1215=CARTESIAN_POINT('',(682.052701793,83.739358156,591.683140733));
#1216=VERTEX_POINT('',#1215);
#1217=CARTESIAN_POINT('',(682.052701793,84.739358131,590.683364192));
#1218=DIRECTION('',(-0.,-0.707185782,0.707027772));
#1219=VECTOR('',#1218,1.414055544);
#1220=LINE('',#1217,#1219);
#1221=EDGE_CURVE('',#1208,#1216,#1220,.T.);
#1222=ORIENTED_EDGE('',*,*,#1221,.T.);
#1223=CARTESIAN_POINT('',(682.052701793,81.739134647,591.683140733));
#1224=DIRECTION('',(0.,1.,0.));
#1225=VECTOR('',#1224,2.000223509);
#1226=LINE('',#1223,#1225);
#1227=EDGE_CURVE('',#43,#1216,#1226,.T.);
#1228=ORIENTED_EDGE('',*,*,#1227,.F.);
#1229=ORIENTED_EDGE('',*,*,#48,.T.);
#1230=EDGE_LOOP('',(#1188,#1189,#1197,#1204,#1205,#1206,#1214,#1222,#1228,#1229));
#1231=FACE_BOUND('',#1230,.T.);
#1232=ADVANCED_FACE('',(#1231),#1182,.F.);
#1233=CARTESIAN_POINT('',(655.052701793,84.742937351,574.666027719));
#1234=DIRECTION('',(-0.,-0.999999975,-0.000223459));
#1235=DIRECTION('',(0.,0.000223459,-0.999999975));
#1236=AXIS2_PLACEMENT_3D('',#1233,#1234,#1235);
#1237=PLANE('',#1236);
#1238=ORIENTED_EDGE('',*,*,#1125,.T.);
#1239=CARTESIAN_POINT('',(658.052701793,84.739358131,590.683364192));
#1240=DIRECTION('',(1.,-0.,-0.));
#1241=VECTOR('',#1240,24.);
#1242=LINE('',#1239,#1241);
#1243=EDGE_CURVE('',#1114,#1208,#1242,.T.);
#1244=ORIENTED_EDGE('',*,*,#1243,.T.);
#1245=ORIENTED_EDGE('',*,*,#1213,.F.);
#1246=ORIENTED_EDGE('',*,*,#220,.T.);
#1247=EDGE_LOOP('',(#1238,#1244,#1245,#1246));
#1248=FACE_BOUND('',#1247,.T.);
#1249=ADVANCED_FACE('',(#1248),#1237,.F.);
#1250=CARTESIAN_POINT('',(670.052701793,174.158737398,591.686008921));
#1251=DIRECTION('',(0.,-0.000223459,0.999999975));
#1252=DIRECTION('',(-0.,-0.999999975,-0.000223459));
#1253=AXIS2_PLACEMENT_3D('',#1250,#1251,#1252);
#1254=PLANE('',#1253);
#1255=ORIENTED_EDGE('',*,*,#1149,.T.);
#1256=CARTESIAN_POINT('',(658.052701793,109.158739021,591.671484077));
#1257=DIRECTION('',(1.,-0.,-0.));
#1258=VECTOR('',#1257,24.);
#1259=LINE('',#1256,#1258);
#1260=EDGE_CURVE('',#1137,#1191,#1259,.T.);
#1261=ORIENTED_EDGE('',*,*,#1260,.T.);
#1262=ORIENTED_EDGE('',*,*,#1196,.F.);
#1263=ORIENTED_EDGE('',*,*,#138,.F.);
#1264=EDGE_LOOP('',(#1255,#1261,#1262,#1263));
#1265=FACE_BOUND('',#1264,.T.);
#1266=ADVANCED_FACE('',(#1265),#1254,.T.);
#1267=CARTESIAN_POINT('',(685.052701793,109.160973612,581.671484327));
#1268=DIRECTION('',(1.,-0.,-0.));
#1269=DIRECTION('',(-0.,0.,-1.));
#1270=AXIS2_PLACEMENT_3D('',#1267,#1268,#1269);
#1271=CYLINDRICAL_SURFACE('',#1270,10.);
#1272=ORIENTED_EDGE('',*,*,#1203,.F.);
#1273=ORIENTED_EDGE('',*,*,#1260,.F.);
#1274=ORIENTED_EDGE('',*,*,#1143,.F.);
#1275=ORIENTED_EDGE('',*,*,#1171,.F.);
#1276=EDGE_LOOP('',(#1272,#1273,#1274,#1275));
#1277=FACE_BOUND('',#1276,.T.);
#1278=ADVANCED_FACE('',(#1277),#1271,.T.);
#1279=CARTESIAN_POINT('',(670.052701793,41.323334355,591.683140733));
#1280=DIRECTION('',(0.,0.,-1.));
#1281=DIRECTION('',(-1.,0.,-0.));
#1282=AXIS2_PLACEMENT_3D('',#1279,#1280,#1281);
#1283=PLANE('',#1282);
#1284=ORIENTED_EDGE('',*,*,#1227,.T.);
#1285=CARTESIAN_POINT('',(682.052701793,83.739358156,591.683140733));
#1286=DIRECTION('',(-1.,0.,-0.));
#1287=VECTOR('',#1286,24.);
#1288=LINE('',#1285,#1287);
#1289=EDGE_CURVE('',#1216,#1106,#1288,.T.);
#1290=ORIENTED_EDGE('',*,*,#1289,.T.);
#1291=ORIENTED_EDGE('',*,*,#1111,.F.);
#1292=ORIENTED_EDGE('',*,*,#56,.T.);
#1293=EDGE_LOOP('',(#1284,#1290,#1291,#1292));
#1294=FACE_BOUND('',#1293,.T.);
#1295=ADVANCED_FACE('',(#1294),#1283,.F.);
#1296=CARTESIAN_POINT('',(670.052701793,41.323334355,596.683140857));
#1297=DIRECTION('',(-0.,0.,1.));
#1298=DIRECTION('',(1.,0.,0.));
#1299=AXIS2_PLACEMENT_3D('',#1296,#1297,#1298);
#1300=PLANE('',#1299);
#1301=ORIENTED_EDGE('',*,*,#40,.T.);
#1302=ORIENTED_EDGE('',*,*,#1102,.T.);
#1303=ORIENTED_EDGE('',*,*,#152,.T.);
#1304=ORIENTED_EDGE('',*,*,#1187,.F.);
#1305=EDGE_LOOP('',(#1301,#1302,#1303,#1304));
#1306=FACE_BOUND('',#1305,.T.);
#1307=ADVANCED_FACE('',(#1306),#1300,.F.);
#1308=CARTESIAN_POINT('',(655.052701793,84.739358131,590.683364192));
#1309=DIRECTION('',(-0.,-0.707027772,-0.707185782));
#1310=DIRECTION('',(1.,-0.,-0.));
#1311=AXIS2_PLACEMENT_3D('',#1308,#1309,#1310);
#1312=PLANE('',#1311);
#1313=ORIENTED_EDGE('',*,*,#1119,.F.);
#1314=ORIENTED_EDGE('',*,*,#1289,.F.);
#1315=ORIENTED_EDGE('',*,*,#1221,.F.);
#1316=ORIENTED_EDGE('',*,*,#1243,.F.);
#1317=EDGE_LOOP('',(#1313,#1314,#1315,#1316));
#1318=FACE_BOUND('',#1317,.T.);
#1319=ADVANCED_FACE('',(#1318),#1312,.F.);
#1320=CARTESIAN_POINT('',(681.,345.734859999,587.));
#1321=DIRECTION('',(-1.,0.,0.));
#1322=DIRECTION('',(0.,0.,1.));
#1323=AXIS2_PLACEMENT_3D('',#1320,#1321,#1322);
#1324=PLANE('',#1323);
#1325=ORIENTED_EDGE('',*,*,#1053,.F.);
#1326=EDGE_LOOP('',(#1325));
#1327=FACE_BOUND('',#1326,.T.);
#1328=ADVANCED_FACE('',(#1327),#1324,.F.);
#1329=CARTESIAN_POINT('',(681.,345.734859999,587.));
#1330=DIRECTION('',(-1.,0.,0.));
#1331=DIRECTION('',(0.,0.,1.));
#1332=AXIS2_PLACEMENT_3D('',#1329,#1330,#1331);
#1333=PLANE('',#1332);
#1334=ORIENTED_EDGE('',*,*,#1020,.F.);
#1335=EDGE_LOOP('',(#1334));
#1336=FACE_BOUND('',#1335,.T.);
#1337=ADVANCED_FACE('',(#1336),#1333,.F.);
#1338=CARTESIAN_POINT('',(681.,345.734859999,587.));
#1339=DIRECTION('',(-1.,0.,0.));
#1340=DIRECTION('',(0.,0.,1.));
#1341=AXIS2_PLACEMENT_3D('',#1338,#1339,#1340);
#1342=PLANE('',#1341);
#1343=ORIENTED_EDGE('',*,*,#987,.F.);
#1344=EDGE_LOOP('',(#1343));
#1345=FACE_BOUND('',#1344,.T.);
#1346=ADVANCED_FACE('',(#1345),#1342,.F.);
#1347=CARTESIAN_POINT('',(684.953,397.139666532,649.676530423));
#1348=DIRECTION('',(-1.,0.,0.));
#1349=DIRECTION('',(0.,0.,1.));
#1350=AXIS2_PLACEMENT_3D('',#1347,#1348,#1349);
#1351=PLANE('',#1350);
#1352=ORIENTED_EDGE('',*,*,#850,.T.);
#1353=CARTESIAN_POINT('',(684.953,148.322149942,594.676530423));
#1354=VERTEX_POINT('',#1353);
#1355=CARTESIAN_POINT('',(684.953,131.739025991,569.676530423));
#1356=DIRECTION('',(1.,-0.,-0.));
#1357=DIRECTION('',(0.,0.,1.));
#1358=AXIS2_PLACEMENT_3D('',#1355,#1356,#1357);
#1359=CIRCLE('',#1358,30.);
#1360=EDGE_CURVE('',#157,#1354,#1359,.T.);
#1361=ORIENTED_EDGE('',*,*,#1360,.T.);
#1362=CARTESIAN_POINT('',(684.953,161.323334355,594.676530423));
#1363=DIRECTION('',(-0.,-1.,-0.));
#1364=VECTOR('',#1363,13.001184412);
#1365=LINE('',#1362,#1364);
#1366=EDGE_CURVE('',#191,#1354,#1365,.T.);
#1367=ORIENTED_EDGE('',*,*,#1366,.F.);
#1368=ORIENTED_EDGE('',*,*,#196,.T.);
#1369=CARTESIAN_POINT('',(684.953,161.323334355,599.676530423));
#1370=DIRECTION('',(0.,-1.,0.));
#1371=VECTOR('',#1370,29.58263277);
#1372=LINE('',#1369,#1371);
#1373=EDGE_CURVE('',#183,#294,#1372,.T.);
#1374=ORIENTED_EDGE('',*,*,#1373,.T.);
#1375=ORIENTED_EDGE('',*,*,#299,.T.);
#1376=ORIENTED_EDGE('',*,*,#106,.T.);
#1377=CARTESIAN_POINT('',(684.953,82.739025991,594.676530423));
#1378=VERTEX_POINT('',#1377);
#1379=CARTESIAN_POINT('',(684.953,82.739025991,595.676530423));
#1380=DIRECTION('',(-1.,0.,0.));
#1381=DIRECTION('',(0.,0.,1.));
#1382=AXIS2_PLACEMENT_3D('',#1379,#1380,#1381);
#1383=CIRCLE('',#1382,1.);
#1384=EDGE_CURVE('',#1378,#93,#1383,.T.);
#1385=ORIENTED_EDGE('',*,*,#1384,.F.);
#1386=CARTESIAN_POINT('',(684.953,115.155902039,594.676530423));
#1387=VERTEX_POINT('',#1386);
#1388=CARTESIAN_POINT('',(684.953,115.155902039,594.676530423));
#1389=DIRECTION('',(0.,-1.,0.));
#1390=VECTOR('',#1389,32.416876048);
#1391=LINE('',#1388,#1390);
#1392=EDGE_CURVE('',#1387,#1378,#1391,.T.);
#1393=ORIENTED_EDGE('',*,*,#1392,.F.);
#1394=CARTESIAN_POINT('',(684.953,131.739025991,569.676530423));
#1395=DIRECTION('',(1.,-0.,-0.));
#1396=DIRECTION('',(0.,0.,1.));
#1397=AXIS2_PLACEMENT_3D('',#1394,#1395,#1396);
#1398=CIRCLE('',#1397,30.);
#1399=EDGE_CURVE('',#1387,#256,#1398,.T.);
#1400=ORIENTED_EDGE('',*,*,#1399,.T.);
#1401=ORIENTED_EDGE('',*,*,#1087,.T.);
#1402=EDGE_LOOP('',(#1352,#1361,#1367,#1368,#1374,#1375,#1376,#1385,#1393,#1400,#1401));
#1403=FACE_BOUND('',#1402,.T.);
#1404=ORIENTED_EDGE('',*,*,#1061,.T.);
#1405=EDGE_LOOP('',(#1404));
#1406=FACE_BOUND('',#1405,.T.);
#1407=ORIENTED_EDGE('',*,*,#995,.T.);
#1408=EDGE_LOOP('',(#1407));
#1409=FACE_BOUND('',#1408,.T.);
#1410=ORIENTED_EDGE('',*,*,#1028,.T.);
#1411=EDGE_LOOP('',(#1410));
#1412=FACE_BOUND('',#1411,.T.);
#1413=CARTESIAN_POINT('',(684.953,131.739025991,589.676530107));
#1414=VERTEX_POINT('',#1413);
#1415=CARTESIAN_POINT('',(684.953,138.580254898,588.471906486));
#1416=VERTEX_POINT('',#1415);
#1417=CARTESIAN_POINT('',(684.953,131.739025991,589.676529791));
#1418=CARTESIAN_POINT('',(684.953,132.39352444,589.676694315));
#1419=CARTESIAN_POINT('',(684.953,133.048029958,589.644705441));
#1420=CARTESIAN_POINT('',(684.953,133.699392944,589.580717107));
#1421=CARTESIAN_POINT('',(684.953,134.35075593,589.516728772));
#1422=CARTESIAN_POINT('',(684.953,134.998974368,589.420741175));
#1423=CARTESIAN_POINT('',(684.953,135.64092891,589.293216224));
#1424=CARTESIAN_POINT('',(684.953,136.282883451,589.165691274));
#1425=CARTESIAN_POINT('',(684.953,136.91857211,589.006629365));
#1426=CARTESIAN_POINT('',(684.953,137.544935834,588.816795934));
#1427=CARTESIAN_POINT('',(684.953,138.171299558,588.626962503));
#1428=CARTESIAN_POINT('',(684.953,138.788336409,588.406358136));
#1429=CARTESIAN_POINT('',(684.953,139.393077091,588.156044423));
#1430=CARTESIAN_POINT('',(684.953,139.997817772,587.905730711));
#1431=CARTESIAN_POINT('',(684.953,140.590260413,587.625708427));
#1432=CARTESIAN_POINT('',(684.953,141.167554068,587.317325091));
#1433=CARTESIAN_POINT('',(684.953,141.744847724,587.008941755));
#1434=CARTESIAN_POINT('',(684.953,142.306990608,586.672198322));
#1435=CARTESIAN_POINT('',(684.953,142.851277584,586.308715263));
#1436=CARTESIAN_POINT('',(684.953,143.39556456,585.945232204));
#1437=CARTESIAN_POINT('',(684.953,143.921993944,585.555010644));
#1438=CARTESIAN_POINT('',(684.953,144.428032459,585.139928403));
#1439=CARTESIAN_POINT('',(684.953,144.934070975,584.724846161));
#1440=CARTESIAN_POINT('',(684.953,145.419717056,584.284904522));
#1441=CARTESIAN_POINT('',(684.953,145.882633683,583.822220567));
#1442=CARTESIAN_POINT('',(684.953,146.345550311,583.359536611));
#1443=CARTESIAN_POINT('',(684.953,146.785736052,582.874111771));
#1444=CARTESIAN_POINT('',(684.953,147.201072651,582.368282002));
#1445=CARTESIAN_POINT('',(684.953,147.61640925,581.862452232));
#1446=CARTESIAN_POINT('',(684.953,148.006895422,581.336219098));
#1447=CARTESIAN_POINT('',(684.953,148.370652074,580.792114931));
#1448=CARTESIAN_POINT('',(684.953,148.734408727,580.248010764));
#1449=CARTESIAN_POINT('',(684.953,149.071434734,579.686037249));
#1450=CARTESIAN_POINT('',(684.953,149.380108264,579.108898705));
#1451=CARTESIAN_POINT('',(684.953,149.688781794,578.531760162));
#1452=CARTESIAN_POINT('',(684.953,149.969101892,577.939458377));
#1453=CARTESIAN_POINT('',(684.953,150.219719605,577.334843616));
#1454=CARTESIAN_POINT('',(684.953,150.470337319,576.730228856));
#1455=CARTESIAN_POINT('',(684.953,150.691251871,576.113302992));
#1456=CARTESIAN_POINT('',(684.953,150.881400182,575.487034785));
#1457=CARTESIAN_POINT('',(684.953,151.071548493,574.860766579));
#1458=CARTESIAN_POINT('',(684.953,151.230929973,574.225157968));
#1459=CARTESIAN_POINT('',(684.953,151.358777648,573.583267621));
#1460=CARTESIAN_POINT('',(684.953,151.486625324,572.941377273));
#1461=CARTESIAN_POINT('',(684.953,151.5829388,572.293207175));
#1462=CARTESIAN_POINT('',(684.953,151.647254598,571.641876441));
#1463=CARTESIAN_POINT('',(684.953,151.711570396,570.990545707));
#1464=CARTESIAN_POINT('',(684.953,151.743888317,570.336056354));
#1465=CARTESIAN_POINT('',(684.953,151.744052841,569.681557905));
#1466=CARTESIAN_POINT('',(684.953,151.744217365,569.027059456));
#1467=CARTESIAN_POINT('',(684.953,151.712228492,568.372553938));
#1468=CARTESIAN_POINT('',(684.953,151.648240157,567.721190952));
#1469=CARTESIAN_POINT('',(684.953,151.584251823,567.069827966));
#1470=CARTESIAN_POINT('',(684.953,151.488264225,566.421609528));
#1471=CARTESIAN_POINT('',(684.953,151.360739275,565.779654986));
#1472=CARTESIAN_POINT('',(684.953,151.233214324,565.137700445));
#1473=CARTESIAN_POINT('',(684.953,151.074152416,564.502011786));
#1474=CARTESIAN_POINT('',(684.953,150.884318984,563.875648062));
#1475=CARTESIAN_POINT('',(684.953,150.694485553,563.249284338));
#1476=CARTESIAN_POINT('',(684.953,150.473881186,562.632247487));
#1477=CARTESIAN_POINT('',(684.953,150.223567474,562.027506805));
#1478=CARTESIAN_POINT('',(684.953,149.973253761,561.422766124));
#1479=CARTESIAN_POINT('',(684.953,149.693231478,560.830323483));
#1480=CARTESIAN_POINT('',(684.953,149.384848142,560.253029828));
#1481=CARTESIAN_POINT('',(684.953,149.076464806,559.675736172));
#1482=CARTESIAN_POINT('',(684.953,148.739721372,559.113593288));
#1483=CARTESIAN_POINT('',(684.953,148.376238313,558.569306312));
#1484=CARTESIAN_POINT('',(684.953,148.012755254,558.025019336));
#1485=CARTESIAN_POINT('',(684.953,147.622533695,557.498589952));
#1486=CARTESIAN_POINT('',(684.953,147.207451453,556.992551437));
#1487=CARTESIAN_POINT('',(684.953,146.792369211,556.486512921));
#1488=CARTESIAN_POINT('',(684.953,146.352427572,556.00086684));
#1489=CARTESIAN_POINT('',(684.953,145.889743617,555.537950213));
#1490=CARTESIAN_POINT('',(684.953,145.427059662,555.075033585));
#1491=CARTESIAN_POINT('',(684.953,144.941634822,554.634847844));
#1492=CARTESIAN_POINT('',(684.953,144.435805052,554.219511245));
#1493=CARTESIAN_POINT('',(684.953,143.929975282,553.804174646));
#1494=CARTESIAN_POINT('',(684.953,143.403742148,553.413688474));
#1495=CARTESIAN_POINT('',(684.953,142.859637981,553.049931822));
#1496=CARTESIAN_POINT('',(684.953,142.315533814,552.686175169));
#1497=CARTESIAN_POINT('',(684.953,141.753560299,552.349149162));
#1498=CARTESIAN_POINT('',(684.953,141.176421755,552.040475632));
#1499=CARTESIAN_POINT('',(684.953,140.599283212,551.731802102));
#1500=CARTESIAN_POINT('',(684.953,140.006981427,551.451482004));
#1501=CARTESIAN_POINT('',(684.953,139.402366667,551.200864291));
#1502=CARTESIAN_POINT('',(684.953,138.797751906,550.950246577));
#1503=CARTESIAN_POINT('',(684.953,138.180826042,550.729332025));
#1504=CARTESIAN_POINT('',(684.953,137.554557836,550.539183714));
#1505=CARTESIAN_POINT('',(684.953,136.928289629,550.349035403));
#1506=CARTESIAN_POINT('',(684.953,136.292681019,550.189653924));
#1507=CARTESIAN_POINT('',(684.953,135.650790671,550.061806248));
#1508=CARTESIAN_POINT('',(684.953,135.008900323,549.933958572));
#1509=CARTESIAN_POINT('',(684.953,134.360730225,549.837645096));
#1510=CARTESIAN_POINT('',(684.953,133.709399492,549.773329298));
#1511=CARTESIAN_POINT('',(684.953,133.058068758,549.7090135));
#1512=CARTESIAN_POINT('',(684.953,132.403579404,549.676695579));
#1513=CARTESIAN_POINT('',(684.953,131.749080956,549.676531055));
#1514=CARTESIAN_POINT('',(684.953,131.094582507,549.676366531));
#1515=CARTESIAN_POINT('',(684.953,130.440076988,549.708355404));
#1516=CARTESIAN_POINT('',(684.953,129.788714002,549.772343739));
#1517=CARTESIAN_POINT('',(684.953,129.137351016,549.836332073));
#1518=CARTESIAN_POINT('',(684.953,128.489132579,549.932319671));
#1519=CARTESIAN_POINT('',(684.953,127.847178037,550.059844621));
#1520=CARTESIAN_POINT('',(684.953,127.205223495,550.187369572));
#1521=CARTESIAN_POINT('',(684.953,126.569534836,550.34643148));
#1522=CARTESIAN_POINT('',(684.953,125.943171112,550.536264912));
#1523=CARTESIAN_POINT('',(684.953,125.316807388,550.726098343));
#1524=CARTESIAN_POINT('',(684.953,124.699770537,550.94670271));
#1525=CARTESIAN_POINT('',(684.953,124.095029856,551.197016422));
#1526=CARTESIAN_POINT('',(684.953,123.490289174,551.447330135));
#1527=CARTESIAN_POINT('',(684.953,122.897846534,551.727352419));
#1528=CARTESIAN_POINT('',(684.953,122.320552878,552.035735754));
#1529=CARTESIAN_POINT('',(684.953,121.743259223,552.34411909));
#1530=CARTESIAN_POINT('',(684.953,121.181116339,552.680862524));
#1531=CARTESIAN_POINT('',(684.953,120.636829363,553.044345583));
#1532=CARTESIAN_POINT('',(684.953,120.092542387,553.407828642));
#1533=CARTESIAN_POINT('',(684.953,119.566113003,553.798050201));
#1534=CARTESIAN_POINT('',(684.953,119.060074487,554.213132443));
#1535=CARTESIAN_POINT('',(684.953,118.554035972,554.628214685));
#1536=CARTESIAN_POINT('',(684.953,118.068389891,555.068156324));
#1537=CARTESIAN_POINT('',(684.953,117.605473263,555.530840279));
#1538=CARTESIAN_POINT('',(684.953,117.142556636,555.993524234));
#1539=CARTESIAN_POINT('',(684.953,116.702370895,556.478949074));
#1540=CARTESIAN_POINT('',(684.953,116.287034295,556.984778844));
#1541=CARTESIAN_POINT('',(684.953,115.871697696,557.490608614));
#1542=CARTESIAN_POINT('',(684.953,115.481211524,558.016841748));
#1543=CARTESIAN_POINT('',(684.953,115.117454872,558.560945915));
#1544=CARTESIAN_POINT('',(684.953,114.75369822,559.105050082));
#1545=CARTESIAN_POINT('',(684.953,114.416672213,559.667023597));
#1546=CARTESIAN_POINT('',(684.953,114.107998682,560.244162141));
#1547=CARTESIAN_POINT('',(684.953,113.799325152,560.821300684));
#1548=CARTESIAN_POINT('',(684.953,113.519005054,561.413602469));
#1549=CARTESIAN_POINT('',(684.953,113.268387341,562.018217229));
#1550=CARTESIAN_POINT('',(684.953,113.017769628,562.62283199));
#1551=CARTESIAN_POINT('',(684.953,112.796855075,563.239757854));
#1552=CARTESIAN_POINT('',(684.953,112.606706764,563.866026061));
#1553=CARTESIAN_POINT('',(684.953,112.416558454,564.492294267));
#1554=CARTESIAN_POINT('',(684.953,112.257176974,565.127902877));
#1555=CARTESIAN_POINT('',(684.953,112.129329298,565.769793225));
#1556=CARTESIAN_POINT('',(684.953,112.001481622,566.411683573));
#1557=CARTESIAN_POINT('',(684.953,111.905168146,567.059853671));
#1558=CARTESIAN_POINT('',(684.953,111.840852348,567.711184405));
#1559=CARTESIAN_POINT('',(684.953,111.77653655,568.362515138));
#1560=CARTESIAN_POINT('',(684.953,111.744218629,569.017004492));
#1561=CARTESIAN_POINT('',(684.953,111.744054105,569.67150294));
#1562=CARTESIAN_POINT('',(684.953,111.743889581,570.326001389));
#1563=CARTESIAN_POINT('',(684.953,111.775878455,570.980506908));
#1564=CARTESIAN_POINT('',(684.953,111.839866789,571.631869894));
#1565=CARTESIAN_POINT('',(684.953,111.903855124,572.28323288));
#1566=CARTESIAN_POINT('',(684.953,111.999842721,572.931451318));
#1567=CARTESIAN_POINT('',(684.953,112.127367672,573.573405859));
#1568=CARTESIAN_POINT('',(684.953,112.254892622,574.215360401));
#1569=CARTESIAN_POINT('',(684.953,112.413954531,574.85104906));
#1570=CARTESIAN_POINT('',(684.953,112.603787962,575.477412784));
#1571=CARTESIAN_POINT('',(684.953,112.793621393,576.103776508));
#1572=CARTESIAN_POINT('',(684.953,113.01422576,576.720813359));
#1573=CARTESIAN_POINT('',(684.953,113.264539473,577.32555404));
#1574=CARTESIAN_POINT('',(684.953,113.514853185,577.930294722));
#1575=CARTESIAN_POINT('',(684.953,113.794875469,578.522737362));
#1576=CARTESIAN_POINT('',(684.953,114.103258805,579.100031018));
#1577=CARTESIAN_POINT('',(684.953,114.411642141,579.677324673));
#1578=CARTESIAN_POINT('',(684.953,114.748385574,580.239467557));
#1579=CARTESIAN_POINT('',(684.953,115.111868633,580.783754533));
#1580=CARTESIAN_POINT('',(684.953,115.475351692,581.328041509));
#1581=CARTESIAN_POINT('',(684.953,115.865573252,581.854470893));
#1582=CARTESIAN_POINT('',(684.953,116.280655493,582.360509409));
#1583=CARTESIAN_POINT('',(684.953,116.695737735,582.866547924));
#1584=CARTESIAN_POINT('',(684.953,117.135679374,583.352194005));
#1585=CARTESIAN_POINT('',(684.953,117.598363329,583.815110633));
#1586=CARTESIAN_POINT('',(684.953,118.061047285,584.27802726));
#1587=CARTESIAN_POINT('',(684.953,118.546472125,584.718213001));
#1588=CARTESIAN_POINT('',(684.953,119.052301894,585.133549601));
#1589=CARTESIAN_POINT('',(684.953,119.558131664,585.5488862));
#1590=CARTESIAN_POINT('',(684.953,120.084364798,585.939372372));
#1591=CARTESIAN_POINT('',(684.953,120.628468965,586.303129024));
#1592=CARTESIAN_POINT('',(684.953,121.172573132,586.666885676));
#1593=CARTESIAN_POINT('',(684.953,121.734546648,587.003911684));
#1594=CARTESIAN_POINT('',(684.953,122.311685191,587.312585214));
#1595=CARTESIAN_POINT('',(684.953,122.888823734,587.621258744));
#1596=CARTESIAN_POINT('',(684.953,123.481125519,587.901578842));
#1597=CARTESIAN_POINT('',(684.953,124.08574028,588.152196555));
#1598=CARTESIAN_POINT('',(684.953,124.69035504,588.402814268));
#1599=CARTESIAN_POINT('',(684.953,125.307280904,588.623728821));
#1600=CARTESIAN_POINT('',(684.953,125.933549111,588.813877132));
#1601=CARTESIAN_POINT('',(684.953,126.559817317,589.004025442));
#1602=CARTESIAN_POINT('',(684.953,127.195425928,589.163406922));
#1603=CARTESIAN_POINT('',(684.953,127.837316275,589.291254598));
#1604=CARTESIAN_POINT('',(684.953,128.479206623,589.419102274));
#1605=CARTESIAN_POINT('',(684.953,129.127376721,589.51541575));
#1606=CARTESIAN_POINT('',(684.953,129.778707455,589.579731548));
#1607=CARTESIAN_POINT('',(684.953,130.430038189,589.644047346));
#1608=CARTESIAN_POINT('',(684.953,131.084527542,589.676365267));
#1609=CARTESIAN_POINT('',(684.953,131.739025991,589.676529791));
#1610=B_SPLINE_CURVE_WITH_KNOTS('',3,(#1417,#1418,#1419,#1420,#1421,#1422,#1423,#1424,#1425,#1426,#1427,#1428,#1429,#1430,#1431,#1432,#1433,#1434,#1435,#1436,#1437,#1438,#1439,#1440,#1441,#1442,
#1443,#1444,#1445,#1446,#1447,#1448,#1449,#1450,#1451,#1452,#1453,#1454,#1455,#1456,#1457,#1458,#1459,#1460,#1461,#1462,#1463,#1464,#1465,#1466,#1467,
#1468,#1469,#1470,#1471,#1472,#1473,#1474,#1475,#1476,#1477,#1478,#1479,#1480,#1481,#1482,#1483,#1484,#1485,#1486,#1487,#1488,#1489,#1490,#1491,#1492,
#1493,#1494,#1495,#1496,#1497,#1498,#1499,#1500,#1501,#1502,#1503,#1504,#1505,#1506,#1507,#1508,#1509,#1510,#1511,#1512,#1513,#1514,#1515,#1516,#1517,
#1518,#1519,#1520,#1521,#1522,#1523,#1524,#1525,#1526,#1527,#1528,#1529,#1530,#1531,#1532,#1533,#1534,#1535,#1536,#1537,#1538,#1539,#1540,#1541,#1542,
#1543,#1544,#1545,#1546,#1547,#1548,#1549,#1550,#1551,#1552,#1553,#1554,#1555,#1556,#1557,#1558,#1559,#1560,#1561,#1562,#1563,#1564,#1565,#1566,#1567,
#1568,#1569,#1570,#1571,#1572,#1573,#1574,#1575,#1576,#1577,#1578,#1579,#1580,#1581,#1582,#1583,#1584,#1585,#1586,#1587,#1588,#1589,#1590,#1591,#1592,
#1593,#1594,#1595,#1596,#1597,#1598,#1599,#1600,#1601,#1602,#1603,#1604,#1605,#1606,#1607,#1608,#1609),.UNSPECIFIED.,.T.,.F.,(4,3,3,3,3,3,3,3,3,3,3,3,3,3,3,3,3,3,3,3,3,3,3,3,3,3,
3,3,3,3,3,3,3,3,3,3,3,3,3,3,3,3,3,3,3,3,3,3,3,3,3,
3,3,3,3,3,3,3,3,3,3,3,3,3,4),(0.,0.015625,0.03125,0.046875,0.0625,0.078125,0.09375,0.109375,0.125,0.140625,0.15625,0.171875,0.1875,0.203125,0.21875,0.234375,0.25,0.265625,0.28125,0.296875,0.3125,0.328125,0.34375,0.359375,0.375,0.390625,
0.40625,0.421875,0.4375,0.453125,0.46875,0.484375,0.5,0.515625,0.53125,0.546875,0.5625,0.578125,0.59375,0.609375,0.625,0.640625,0.65625,0.671875,0.6875,0.703125,0.71875,0.734375,0.75,0.765625,0.78125,
0.796875,0.8125,0.828125,0.84375,0.859375,0.875,0.890625,0.90625,0.921875,0.9375,0.953125,0.96875,0.984375,1.),.UNSPECIFIED.);
#1611=EDGE_CURVE('',#1414,#1416,#1610,.T.);
#1612=ORIENTED_EDGE('',*,*,#1611,.T.);
#1613=CARTESIAN_POINT('',(684.953,131.739025991,589.676529791));
#1614=CARTESIAN_POINT('',(684.953,132.39352444,589.676694315));
#1615=CARTESIAN_POINT('',(684.953,133.048029958,589.644705441));
#1616=CARTESIAN_POINT('',(684.953,133.699392944,589.580717107));
#1617=CARTESIAN_POINT('',(684.953,134.35075593,589.516728772));
#1618=CARTESIAN_POINT('',(684.953,134.998974368,589.420741175));
#1619=CARTESIAN_POINT('',(684.953,135.64092891,589.293216224));
#1620=CARTESIAN_POINT('',(684.953,136.282883451,589.165691274));
#1621=CARTESIAN_POINT('',(684.953,136.91857211,589.006629365));
#1622=CARTESIAN_POINT('',(684.953,137.544935834,588.816795934));
#1623=CARTESIAN_POINT('',(684.953,138.171299558,588.626962503));
#1624=CARTESIAN_POINT('',(684.953,138.788336409,588.406358136));
#1625=CARTESIAN_POINT('',(684.953,139.393077091,588.156044423));
#1626=CARTESIAN_POINT('',(684.953,139.997817772,587.905730711));
#1627=CARTESIAN_POINT('',(684.953,140.590260413,587.625708427));
#1628=CARTESIAN_POINT('',(684.953,141.167554068,587.317325091));
#1629=CARTESIAN_POINT('',(684.953,141.744847724,587.008941755));
#1630=CARTESIAN_POINT('',(684.953,142.306990608,586.672198322));
#1631=CARTESIAN_POINT('',(684.953,142.851277584,586.308715263));
#1632=CARTESIAN_POINT('',(684.953,143.39556456,585.945232204));
#1633=CARTESIAN_POINT('',(684.953,143.921993944,585.555010644));
#1634=CARTESIAN_POINT('',(684.953,144.428032459,585.139928403));
#1635=CARTESIAN_POINT('',(684.953,144.934070975,584.724846161));
#1636=CARTESIAN_POINT('',(684.953,145.419717056,584.284904522));
#1637=CARTESIAN_POINT('',(684.953,145.882633683,583.822220567));
#1638=CARTESIAN_POINT('',(684.953,146.345550311,583.359536611));
#1639=CARTESIAN_POINT('',(684.953,146.785736052,582.874111771));
#1640=CARTESIAN_POINT('',(684.953,147.201072651,582.368282002));
#1641=CARTESIAN_POINT('',(684.953,147.61640925,581.862452232));
#1642=CARTESIAN_POINT('',(684.953,148.006895422,581.336219098));
#1643=CARTESIAN_POINT('',(684.953,148.370652074,580.792114931));
#1644=CARTESIAN_POINT('',(684.953,148.734408727,580.248010764));
#1645=CARTESIAN_POINT('',(684.953,149.071434734,579.686037249));
#1646=CARTESIAN_POINT('',(684.953,149.380108264,579.108898705));
#1647=CARTESIAN_POINT('',(684.953,149.688781794,578.531760162));
#1648=CARTESIAN_POINT('',(684.953,149.969101892,577.939458377));
#1649=CARTESIAN_POINT('',(684.953,150.219719605,577.334843616));
#1650=CARTESIAN_POINT('',(684.953,150.470337319,576.730228856));
#1651=CARTESIAN_POINT('',(684.953,150.691251871,576.113302992));
#1652=CARTESIAN_POINT('',(684.953,150.881400182,575.487034785));
#1653=CARTESIAN_POINT('',(684.953,151.071548493,574.860766579));
#1654=CARTESIAN_POINT('',(684.953,151.230929973,574.225157968));
#1655=CARTESIAN_POINT('',(684.953,151.358777648,573.583267621));
#1656=CARTESIAN_POINT('',(684.953,151.486625324,572.941377273));
#1657=CARTESIAN_POINT('',(684.953,151.5829388,572.293207175));
#1658=CARTESIAN_POINT('',(684.953,151.647254598,571.641876441));
#1659=CARTESIAN_POINT('',(684.953,151.711570396,570.990545707));
#1660=CARTESIAN_POINT('',(684.953,151.743888317,570.336056354));
#1661=CARTESIAN_POINT('',(684.953,151.744052841,569.681557905));
#1662=CARTESIAN_POINT('',(684.953,151.744217365,569.027059456));
#1663=CARTESIAN_POINT('',(684.953,151.712228492,568.372553938));
#1664=CARTESIAN_POINT('',(684.953,151.648240157,567.721190952));
#1665=CARTESIAN_POINT('',(684.953,151.584251823,567.069827966));
#1666=CARTESIAN_POINT('',(684.953,151.488264225,566.421609528));
#1667=CARTESIAN_POINT('',(684.953,151.360739275,565.779654986));
#1668=CARTESIAN_POINT('',(684.953,151.233214324,565.137700445));
#1669=CARTESIAN_POINT('',(684.953,151.074152416,564.502011786));
#1670=CARTESIAN_POINT('',(684.953,150.884318984,563.875648062));
#1671=CARTESIAN_POINT('',(684.953,150.694485553,563.249284338));
#1672=CARTESIAN_POINT('',(684.953,150.473881186,562.632247487));
#1673=CARTESIAN_POINT('',(684.953,150.223567474,562.027506805));
#1674=CARTESIAN_POINT('',(684.953,149.973253761,561.422766124));
#1675=CARTESIAN_POINT('',(684.953,149.693231478,560.830323483));
#1676=CARTESIAN_POINT('',(684.953,149.384848142,560.253029828));
#1677=CARTESIAN_POINT('',(684.953,149.076464806,559.675736172));
#1678=CARTESIAN_POINT('',(684.953,148.739721372,559.113593288));
#1679=CARTESIAN_POINT('',(684.953,148.376238313,558.569306312));
#1680=CARTESIAN_POINT('',(684.953,148.012755254,558.025019336));
#1681=CARTESIAN_POINT('',(684.953,147.622533695,557.498589952));
#1682=CARTESIAN_POINT('',(684.953,147.207451453,556.992551437));
#1683=CARTESIAN_POINT('',(684.953,146.792369211,556.486512921));
#1684=CARTESIAN_POINT('',(684.953,146.352427572,556.00086684));
#1685=CARTESIAN_POINT('',(684.953,145.889743617,555.537950213));
#1686=CARTESIAN_POINT('',(684.953,145.427059662,555.075033585));
#1687=CARTESIAN_POINT('',(684.953,144.941634822,554.634847844));
#1688=CARTESIAN_POINT('',(684.953,144.435805052,554.219511245));
#1689=CARTESIAN_POINT('',(684.953,143.929975282,553.804174646));
#1690=CARTESIAN_POINT('',(684.953,143.403742148,553.413688474));
#1691=CARTESIAN_POINT('',(684.953,142.859637981,553.049931822));
#1692=CARTESIAN_POINT('',(684.953,142.315533814,552.686175169));
#1693=CARTESIAN_POINT('',(684.953,141.753560299,552.349149162));
#1694=CARTESIAN_POINT('',(684.953,141.176421755,552.040475632));
#1695=CARTESIAN_POINT('',(684.953,140.599283212,551.731802102));
#1696=CARTESIAN_POINT('',(684.953,140.006981427,551.451482004));
#1697=CARTESIAN_POINT('',(684.953,139.402366667,551.200864291));
#1698=CARTESIAN_POINT('',(684.953,138.797751906,550.950246577));
#1699=CARTESIAN_POINT('',(684.953,138.180826042,550.729332025));
#1700=CARTESIAN_POINT('',(684.953,137.554557836,550.539183714));
#1701=CARTESIAN_POINT('',(684.953,136.928289629,550.349035403));
#1702=CARTESIAN_POINT('',(684.953,136.292681019,550.189653924));
#1703=CARTESIAN_POINT('',(684.953,135.650790671,550.061806248));
#1704=CARTESIAN_POINT('',(684.953,135.008900323,549.933958572));
#1705=CARTESIAN_POINT('',(684.953,134.360730225,549.837645096));
#1706=CARTESIAN_POINT('',(684.953,133.709399492,549.773329298));
#1707=CARTESIAN_POINT('',(684.953,133.058068758,549.7090135));
#1708=CARTESIAN_POINT('',(684.953,132.403579404,549.676695579));
#1709=CARTESIAN_POINT('',(684.953,131.749080956,549.676531055));
#1710=CARTESIAN_POINT('',(684.953,131.094582507,549.676366531));
#1711=CARTESIAN_POINT('',(684.953,130.440076988,549.708355404));
#1712=CARTESIAN_POINT('',(684.953,129.788714002,549.772343739));
#1713=CARTESIAN_POINT('',(684.953,129.137351016,549.836332073));
#1714=CARTESIAN_POINT('',(684.953,128.489132579,549.932319671));
#1715=CARTESIAN_POINT('',(684.953,127.847178037,550.059844621));
#1716=CARTESIAN_POINT('',(684.953,127.205223495,550.187369572));
#1717=CARTESIAN_POINT('',(684.953,126.569534836,550.34643148));
#1718=CARTESIAN_POINT('',(684.953,125.943171112,550.536264912));
#1719=CARTESIAN_POINT('',(684.953,125.316807388,550.726098343));
#1720=CARTESIAN_POINT('',(684.953,124.699770537,550.94670271));
#1721=CARTESIAN_POINT('',(684.953,124.095029856,551.197016422));
#1722=CARTESIAN_POINT('',(684.953,123.490289174,551.447330135));
#1723=CARTESIAN_POINT('',(684.953,122.897846534,551.727352419));
#1724=CARTESIAN_POINT('',(684.953,122.320552878,552.035735754));
#1725=CARTESIAN_POINT('',(684.953,121.743259223,552.34411909));
#1726=CARTESIAN_POINT('',(684.953,121.181116339,552.680862524));
#1727=CARTESIAN_POINT('',(684.953,120.636829363,553.044345583));
#1728=CARTESIAN_POINT('',(684.953,120.092542387,553.407828642));
#1729=CARTESIAN_POINT('',(684.953,119.566113003,553.798050201));
#1730=CARTESIAN_POINT('',(684.953,119.060074487,554.213132443));
#1731=CARTESIAN_POINT('',(684.953,118.554035972,554.628214685));
#1732=CARTESIAN_POINT('',(684.953,118.068389891,555.068156324));
#1733=CARTESIAN_POINT('',(684.953,117.605473263,555.530840279));
#1734=CARTESIAN_POINT('',(684.953,117.142556636,555.993524234));
#1735=CARTESIAN_POINT('',(684.953,116.702370895,556.478949074));
#1736=CARTESIAN_POINT('',(684.953,116.287034295,556.984778844));
#1737=CARTESIAN_POINT('',(684.953,115.871697696,557.490608614));
#1738=CARTESIAN_POINT('',(684.953,115.481211524,558.016841748));
#1739=CARTESIAN_POINT('',(684.953,115.117454872,558.560945915));
#1740=CARTESIAN_POINT('',(684.953,114.75369822,559.105050082));
#1741=CARTESIAN_POINT('',(684.953,114.416672213,559.667023597));
#1742=CARTESIAN_POINT('',(684.953,114.107998682,560.244162141));
#1743=CARTESIAN_POINT('',(684.953,113.799325152,560.821300684));
#1744=CARTESIAN_POINT('',(684.953,113.519005054,561.413602469));
#1745=CARTESIAN_POINT('',(684.953,113.268387341,562.018217229));
#1746=CARTESIAN_POINT('',(684.953,113.017769628,562.62283199));
#1747=CARTESIAN_POINT('',(684.953,112.796855075,563.239757854));
#1748=CARTESIAN_POINT('',(684.953,112.606706764,563.866026061));
#1749=CARTESIAN_POINT('',(684.953,112.416558454,564.492294267));
#1750=CARTESIAN_POINT('',(684.953,112.257176974,565.127902877));
#1751=CARTESIAN_POINT('',(684.953,112.129329298,565.769793225));
#1752=CARTESIAN_POINT('',(684.953,112.001481622,566.411683573));
#1753=CARTESIAN_POINT('',(684.953,111.905168146,567.059853671));
#1754=CARTESIAN_POINT('',(684.953,111.840852348,567.711184405));
#1755=CARTESIAN_POINT('',(684.953,111.77653655,568.362515138));
#1756=CARTESIAN_POINT('',(684.953,111.744218629,569.017004492));
#1757=CARTESIAN_POINT('',(684.953,111.744054105,569.67150294));
#1758=CARTESIAN_POINT('',(684.953,111.743889581,570.326001389));
#1759=CARTESIAN_POINT('',(684.953,111.775878455,570.980506908));
#1760=CARTESIAN_POINT('',(684.953,111.839866789,571.631869894));
#1761=CARTESIAN_POINT('',(684.953,111.903855124,572.28323288));
#1762=CARTESIAN_POINT('',(684.953,111.999842721,572.931451318));
#1763=CARTESIAN_POINT('',(684.953,112.127367672,573.573405859));
#1764=CARTESIAN_POINT('',(684.953,112.254892622,574.215360401));
#1765=CARTESIAN_POINT('',(684.953,112.413954531,574.85104906));
#1766=CARTESIAN_POINT('',(684.953,112.603787962,575.477412784));
#1767=CARTESIAN_POINT('',(684.953,112.793621393,576.103776508));
#1768=CARTESIAN_POINT('',(684.953,113.01422576,576.720813359));
#1769=CARTESIAN_POINT('',(684.953,113.264539473,577.32555404));
#1770=CARTESIAN_POINT('',(684.953,113.514853185,577.930294722));
#1771=CARTESIAN_POINT('',(684.953,113.794875469,578.522737362));
#1772=CARTESIAN_POINT('',(684.953,114.103258805,579.100031018));
#1773=CARTESIAN_POINT('',(684.953,114.411642141,579.677324673));
#1774=CARTESIAN_POINT('',(684.953,114.748385574,580.239467557));
#1775=CARTESIAN_POINT('',(684.953,115.111868633,580.783754533));
#1776=CARTESIAN_POINT('',(684.953,115.475351692,581.328041509));
#1777=CARTESIAN_POINT('',(684.953,115.865573252,581.854470893));
#1778=CARTESIAN_POINT('',(684.953,116.280655493,582.360509409));
#1779=CARTESIAN_POINT('',(684.953,116.695737735,582.866547924));
#1780=CARTESIAN_POINT('',(684.953,117.135679374,583.352194005));
#1781=CARTESIAN_POINT('',(684.953,117.598363329,583.815110633));
#1782=CARTESIAN_POINT('',(684.953,118.061047285,584.27802726));
#1783=CARTESIAN_POINT('',(684.953,118.546472125,584.718213001));
#1784=CARTESIAN_POINT('',(684.953,119.052301894,585.133549601));
#1785=CARTESIAN_POINT('',(684.953,119.558131664,585.5488862));
#1786=CARTESIAN_POINT('',(684.953,120.084364798,585.939372372));
#1787=CARTESIAN_POINT('',(684.953,120.628468965,586.303129024));
#1788=CARTESIAN_POINT('',(684.953,121.172573132,586.666885676));
#1789=CARTESIAN_POINT('',(684.953,121.734546648,587.003911684));
#1790=CARTESIAN_POINT('',(684.953,122.311685191,587.312585214));
#1791=CARTESIAN_POINT('',(684.953,122.888823734,587.621258744));
#1792=CARTESIAN_POINT('',(684.953,123.481125519,587.901578842));
#1793=CARTESIAN_POINT('',(684.953,124.08574028,588.152196555));
#1794=CARTESIAN_POINT('',(684.953,124.69035504,588.402814268));
#1795=CARTESIAN_POINT('',(684.953,125.307280904,588.623728821));
#1796=CARTESIAN_POINT('',(684.953,125.933549111,588.813877132));
#1797=CARTESIAN_POINT('',(684.953,126.559817317,589.004025442));
#1798=CARTESIAN_POINT('',(684.953,127.195425928,589.163406922));
#1799=CARTESIAN_POINT('',(684.953,127.837316275,589.291254598));
#1800=CARTESIAN_POINT('',(684.953,128.479206623,589.419102274));
#1801=CARTESIAN_POINT('',(684.953,129.127376721,589.51541575));
#1802=CARTESIAN_POINT('',(684.953,129.778707455,589.579731548));
#1803=CARTESIAN_POINT('',(684.953,130.430038189,589.644047346));
#1804=CARTESIAN_POINT('',(684.953,131.084527542,589.676365267));
#1805=CARTESIAN_POINT('',(684.953,131.739025991,589.676529791));
#1806=B_SPLINE_CURVE_WITH_KNOTS('',3,(#1613,#1614,#1615,#1616,#1617,#1618,#1619,#1620,#1621,#1622,#1623,#1624,#1625,#1626,#1627,#1628,#1629,#1630,#1631,#1632,#1633,#1634,#1635,#1636,#1637,#1638,
#1639,#1640,#1641,#1642,#1643,#1644,#1645,#1646,#1647,#1648,#1649,#1650,#1651,#1652,#1653,#1654,#1655,#1656,#1657,#1658,#1659,#1660,#1661,#1662,#1663,
#1664,#1665,#1666,#1667,#1668,#1669,#1670,#1671,#1672,#1673,#1674,#1675,#1676,#1677,#1678,#1679,#1680,#1681,#1682,#1683,#1684,#1685,#1686,#1687,#1688,
#1689,#1690,#1691,#1692,#1693,#1694,#1695,#1696,#1697,#1698,#1699,#1700,#1701,#1702,#1703,#1704,#1705,#1706,#1707,#1708,#1709,#1710,#1711,#1712,#1713,
#1714,#1715,#1716,#1717,#1718,#1719,#1720,#1721,#1722,#1723,#1724,#1725,#1726,#1727,#1728,#1729,#1730,#1731,#1732,#1733,#1734,#1735,#1736,#1737,#1738,
#1739,#1740,#1741,#1742,#1743,#1744,#1745,#1746,#1747,#1748,#1749,#1750,#1751,#1752,#1753,#1754,#1755,#1756,#1757,#1758,#1759,#1760,#1761,#1762,#1763,
#1764,#1765,#1766,#1767,#1768,#1769,#1770,#1771,#1772,#1773,#1774,#1775,#1776,#1777,#1778,#1779,#1780,#1781,#1782,#1783,#1784,#1785,#1786,#1787,#1788,
#1789,#1790,#1791,#1792,#1793,#1794,#1795,#1796,#1797,#1798,#1799,#1800,#1801,#1802,#1803,#1804,#1805),.UNSPECIFIED.,.T.,.F.,(4,3,3,3,3,3,3,3,3,3,3,3,3,3,3,3,3,3,3,3,3,3,3,3,3,3,
3,3,3,3,3,3,3,3,3,3,3,3,3,3,3,3,3,3,3,3,3,3,3,3,3,
3,3,3,3,3,3,3,3,3,3,3,3,3,4),(0.,0.015625,0.03125,0.046875,0.0625,0.078125,0.09375,0.109375,0.125,0.140625,0.15625,0.171875,0.1875,0.203125,0.21875,0.234375,0.25,0.265625,0.28125,0.296875,0.3125,0.328125,0.34375,0.359375,0.375,0.390625,
0.40625,0.421875,0.4375,0.453125,0.46875,0.484375,0.5,0.515625,0.53125,0.546875,0.5625,0.578125,0.59375,0.609375,0.625,0.640625,0.65625,0.671875,0.6875,0.703125,0.71875,0.734375,0.75,0.765625,0.78125,
0.796875,0.8125,0.828125,0.84375,0.859375,0.875,0.890625,0.90625,0.921875,0.9375,0.953125,0.96875,0.984375,1.),.UNSPECIFIED.);
#1807=EDGE_CURVE('',#1416,#1414,#1806,.T.);
#1808=ORIENTED_EDGE('',*,*,#1807,.T.);
#1809=EDGE_LOOP('',(#1612,#1808));
#1810=FACE_BOUND('',#1809,.T.);
#1811=ADVANCED_FACE('',(#1403,#1406,#1409,#1412,#1810),#1351,.F.);
#1812=CARTESIAN_POINT('',(659.105403586,345.734859999,587.));
#1813=DIRECTION('',(1.,0.,0.));
#1814=DIRECTION('',(0.,0.,1.));
#1815=AXIS2_PLACEMENT_3D('',#1812,#1813,#1814);
#1816=PLANE('',#1815);
#1817=ORIENTED_EDGE('',*,*,#882,.F.);
#1818=ORIENTED_EDGE('',*,*,#889,.F.);
#1819=EDGE_LOOP('',(#1817,#1818));
#1820=FACE_BOUND('',#1819,.T.);
#1821=ADVANCED_FACE('',(#1820),#1816,.F.);
#1822=CARTESIAN_POINT('',(659.105403586,345.734859999,587.));
#1823=DIRECTION('',(1.,0.,0.));
#1824=DIRECTION('',(0.,0.,1.));
#1825=AXIS2_PLACEMENT_3D('',#1822,#1823,#1824);
#1826=PLANE('',#1825);
#1827=ORIENTED_EDGE('',*,*,#917,.F.);
#1828=ORIENTED_EDGE('',*,*,#924,.F.);
#1829=EDGE_LOOP('',(#1827,#1828));
#1830=FACE_BOUND('',#1829,.T.);
#1831=ADVANCED_FACE('',(#1830),#1826,.F.);
#1832=CARTESIAN_POINT('',(659.105403586,345.734859999,587.));
#1833=DIRECTION('',(1.,0.,0.));
#1834=DIRECTION('',(0.,0.,1.));
#1835=AXIS2_PLACEMENT_3D('',#1832,#1833,#1834);
#1836=PLANE('',#1835);
#1837=ORIENTED_EDGE('',*,*,#952,.F.);
#1838=ORIENTED_EDGE('',*,*,#959,.F.);
#1839=EDGE_LOOP('',(#1837,#1838));
#1840=FACE_BOUND('',#1839,.T.);
#1841=ADVANCED_FACE('',(#1840),#1836,.F.);
#1842=CARTESIAN_POINT('',(655.152403586,397.139666532,649.676530423));
#1843=DIRECTION('',(1.,0.,0.));
#1844=DIRECTION('',(0.,0.,1.));
#1845=AXIS2_PLACEMENT_3D('',#1842,#1843,#1844);
#1846=PLANE('',#1845);
#1847=ORIENTED_EDGE('',*,*,#1078,.F.);
#1848=ORIENTED_EDGE('',*,*,#779,.T.);
#1849=EDGE_LOOP('',(#1847,#1848));
#1850=FACE_BOUND('',#1849,.T.);
#1851=ADVANCED_FACE('',(#1850),#1846,.F.);
#1852=CARTESIAN_POINT('',(685.052701793,131.744053473,569.676530423));
#1853=DIRECTION('',(-1.,0.,0.));
#1854=DIRECTION('',(0.,0.341810152,0.939769025));
#1855=AXIS2_PLACEMENT_3D('',#1852,#1853,#1854);
#1856=CYLINDRICAL_SURFACE('',#1855,20.);
#1857=CARTESIAN_POINT('',(655.152403586,138.580256511,588.47191092));
#1858=DIRECTION('',(1.,-0.,-0.));
#1859=VECTOR('',#1858,29.800596414);
#1860=LINE('',#1857,#1859);
#1861=EDGE_CURVE('',#316,#1416,#1860,.T.);
#1862=ORIENTED_EDGE('',*,*,#1861,.F.);
#1863=ORIENTED_EDGE('',*,*,#513,.T.);
#1864=ORIENTED_EDGE('',*,*,#709,.T.);
#1865=ORIENTED_EDGE('',*,*,#1861,.T.);
#1866=ORIENTED_EDGE('',*,*,#1611,.F.);
#1867=ORIENTED_EDGE('',*,*,#1807,.F.);
#1868=EDGE_LOOP('',(#1862,#1863,#1864,#1865,#1866,#1867));
#1869=FACE_BOUND('',#1868,.T.);
#1870=ADVANCED_FACE('',(#1869),#1856,.F.);
#1871=CARTESIAN_POINT('',(684.953,161.364178505,416.89853892));
#1872=DIRECTION('',(-1.,-0.,0.));
#1873=DIRECTION('',(0.,-1.,0.));
#1874=AXIS2_PLACEMENT_3D('',#1871,#1872,#1873);
#1875=PLANE('',#1874);
#1876=ORIENTED_EDGE('',*,*,#202,.T.);
#1877=ORIENTED_EDGE('',*,*,#1366,.T.);
#1878=ORIENTED_EDGE('',*,*,#1360,.F.);
#1879=EDGE_LOOP('',(#1876,#1877,#1878));
#1880=FACE_BOUND('',#1879,.T.);
#1881=ADVANCED_FACE('',(#1880),#1875,.F.);
#1882=CARTESIAN_POINT('',(684.953,161.364178505,416.89853892));
#1883=DIRECTION('',(-1.,-0.,0.));
#1884=DIRECTION('',(0.,-1.,0.));
#1885=AXIS2_PLACEMENT_3D('',#1882,#1883,#1884);
#1886=PLANE('',#1885);
#1887=ORIENTED_EDGE('',*,*,#305,.T.);
#1888=ORIENTED_EDGE('',*,*,#1373,.F.);
#1889=EDGE_LOOP('',(#1887,#1888));
#1890=FACE_BOUND('',#1889,.T.);
#1891=ADVANCED_FACE('',(#1890),#1886,.F.);
#1892=CARTESIAN_POINT('',(684.953,161.364178505,416.89853892));
#1893=DIRECTION('',(-1.,-0.,0.));
#1894=DIRECTION('',(0.,-1.,0.));
#1895=AXIS2_PLACEMENT_3D('',#1892,#1893,#1894);
#1896=PLANE('',#1895);
#1897=ORIENTED_EDGE('',*,*,#1392,.T.);
#1898=ORIENTED_EDGE('',*,*,#1384,.T.);
#1899=ORIENTED_EDGE('',*,*,#98,.T.);
#1900=ORIENTED_EDGE('',*,*,#267,.T.);
#1901=ORIENTED_EDGE('',*,*,#1399,.F.);
#1902=EDGE_LOOP('',(#1897,#1898,#1899,#1900,#1901));
#1903=FACE_BOUND('',#1902,.T.);
#1904=ADVANCED_FACE('',(#1903),#1896,.F.);
#1905=CARTESIAN_POINT('',(655.152403586,161.362430116,424.722740441));
#1906=DIRECTION('',(-1.,-0.,0.));
#1907=DIRECTION('',(0.,-1.,0.));
#1908=AXIS2_PLACEMENT_3D('',#1905,#1906,#1907);
#1909=PLANE('',#1908);
#1910=ORIENTED_EDGE('',*,*,#795,.F.);
#1911=ORIENTED_EDGE('',*,*,#253,.F.);
#1912=ORIENTED_EDGE('',*,*,#82,.F.);
#1913=ORIENTED_EDGE('',*,*,#810,.F.);
#1914=ORIENTED_EDGE('',*,*,#803,.T.);
#1915=EDGE_LOOP('',(#1910,#1911,#1912,#1913,#1914));
#1916=FACE_BOUND('',#1915,.T.);
#1917=ADVANCED_FACE('',(#1916),#1909,.T.);
#1918=CARTESIAN_POINT('',(655.152403586,161.362430116,424.722740441));
#1919=DIRECTION('',(-1.,-0.,0.));
#1920=DIRECTION('',(0.,-1.,0.));
#1921=AXIS2_PLACEMENT_3D('',#1918,#1919,#1920);
#1922=PLANE('',#1921);
#1923=ORIENTED_EDGE('',*,*,#834,.F.);
#1924=ORIENTED_EDGE('',*,*,#827,.F.);
#1925=ORIENTED_EDGE('',*,*,#172,.F.);
#1926=EDGE_LOOP('',(#1923,#1924,#1925));
#1927=FACE_BOUND('',#1926,.T.);
#1928=ADVANCED_FACE('',(#1927),#1922,.T.);
#1929=CARTESIAN_POINT('',(655.152403586,161.362430116,424.722740441));
#1930=DIRECTION('',(-1.,-0.,0.));
#1931=DIRECTION('',(0.,-1.,0.));
#1932=AXIS2_PLACEMENT_3D('',#1929,#1930,#1931);
#1933=PLANE('',#1932);
#1934=ORIENTED_EDGE('',*,*,#284,.F.);
#1935=ORIENTED_EDGE('',*,*,#818,.T.);
#1936=EDGE_LOOP('',(#1934,#1935));
#1937=FACE_BOUND('',#1936,.T.);
#1938=ADVANCED_FACE('',(#1937),#1933,.T.);
#1939=CLOSED_SHELL('',(#116,#206,#271,#309,#838,#861,#896,#931,#966,#999,#1032,#1065,#1091,#1153,#1177,#1232,#1249,#1266,#1278,#1295,#1307,#1319,#1328,#1337,#1346,#1811,
#1821,#1831,#1841,#1851,#1870,#1881,#1891,#1904,#1917,#1928,#1938));
#1940=MANIFOLD_SOLID_BREP('Midle-v3',#1939);
#26=STYLED_ITEM('',(),#1940);
#16=SHAPE_REPRESENTATION('Midle-v3',(#15),#10);
#17=ADVANCED_BREP_SHAPE_REPRESENTATION('Midle-v3',(#1940),#10);
#1948=SHAPE_REPRESENTATION_RELATIONSHIP('','',#16,#17);
#1949=APPLICATION_CONTEXT('configuration controlled 3D design of mechanical parts and assemblies');
#1950=APPLICATION_PROTOCOL_DEFINITION('international standard','configuration_control_3d_design_ed2_mim',2004,#1949);
#1951=PRODUCT_CONTEXT('',#1949,'mechanical');
#1952=PRODUCT_DEFINITION_CONTEXT('part definition',#1949,'design');
#24=PRODUCT('Midle-v3','Midle-v3','',(#1951));
#1953=PRODUCT_RELATED_PRODUCT_CATEGORY('part','',(#24));
#1954=PRODUCT_DEFINITION_FORMATION_WITH_SPECIFIED_SOURCE('','',#24,.NOT_KNOWN.);
#25=PRODUCT_DEFINITION('design','',#1954,#1952);
#23=PRODUCT_DEFINITION_SHAPE('','',#25);
#1955=SHAPE_DEFINITION_REPRESENTATION(#23,#16);
#11=DRAUGHTING_MODEL('',(),#10);
#1=MECHANICAL_DESIGN_GEOMETRIC_PRESENTATION_REPRESENTATION('',(#26),#10);
ENDSEC;
END-ISO-10303-21;
