ISO-10303-21;
HEADER;

/* File generated by HOOPS Exchange Version 23.2.20 */

FILE_DESCRIPTION(('HOOPS Exchange Step'),'2;1');

FILE_NAME('C:\\Users\\nguye\\Projects\\3D-Model-Collection\\077-VA-phone-hanger\\dist\\phone-holder\\top-holder-v5.stp',
'2024-09-24T09:08:50+07:00',
('nguye'),
('Unknown organisation'),
'HOOPS Exchange 2023.2',
'HOOPS Exchange',
'Unknown authorisation');

FILE_SCHEMA( ('AP203_CONFIGURATION_CONTROLLED_3D_DESIGN_OF_MECHANICAL_PARTS_AND_ASSEMBLIES_MIM_LF') );

ENDSEC;

DATA;
#3=(NAMED_UNIT(*)PLANE_ANGLE_UNIT()SI_UNIT($,.RADIAN.));
#4=PLANE_ANGLE_MEASURE_WITH_UNIT(PLANE_ANGLE_MEASURE(0.0174532925),#3);
#5=(CONVERSION_BASED_UNIT('DEGREE',#4)NAMED_UNIT(#6)PLANE_ANGLE_UNIT());
#6=DIMENSIONAL_EXPONENTS(0.,0.,0.,0.,0.,0.,0.);
#7=(NAMED_UNIT(*)SI_UNIT($,.STERADIAN.)SOLID_ANGLE_UNIT());
#8=(LENGTH_UNIT()NAMED_UNIT(*)SI_UNIT(.MILLI.,.METRE.));
#9=UNCERTAINTY_MEASURE_WITH_UNIT(LENGTH_MEASURE(1.000000E-05),#8,'DISTANCE_ACCURACY_VALUE','Maximum Tolerance applied to model');
#10=(GEOMETRIC_REPRESENTATION_CONTEXT(3)GLOBAL_UNCERTAINTY_ASSIGNED_CONTEXT((#9))GLOBAL_UNIT_ASSIGNED_CONTEXT((#8,#5,#7))REPRESENTATION_CONTEXT('','Top-holder-v5'));
#12=CARTESIAN_POINT('',(0.,0.,0.));
#13=DIRECTION('',(0.,0.,1.));
#14=DIRECTION('',(1.,0.,0.));
#15=AXIS2_PLACEMENT_3D('',#12,#13,#14);
#27=CARTESIAN_POINT('',(682.052701793,294.321886304,591.935573029));
#28=DIRECTION('',(-0.,-0.,-1.));
#29=DIRECTION('',(-1.,0.,0.));
#30=AXIS2_PLACEMENT_3D('',#27,#28,#29);
#31=PLANE('',#30);
#32=CARTESIAN_POINT('',(672.052701793,253.271886304,591.935573029));
#33=VERTEX_POINT('',#32);
#34=CARTESIAN_POINT('',(672.552701793,254.771886304,591.935573029));
#35=VERTEX_POINT('',#34);
#36=CARTESIAN_POINT('',(670.052701793,254.771886304,591.935573029));
#37=DIRECTION('',(0.,0.,1.));
#38=DIRECTION('',(0.,1.,-0.));
#39=AXIS2_PLACEMENT_3D('',#36,#37,#38);
#40=CIRCLE('',#39,2.5);
#41=EDGE_CURVE('',#33,#35,#40,.T.);
#42=ORIENTED_EDGE('',*,*,#41,.T.);
#43=CARTESIAN_POINT('',(668.052701793,253.271886304,591.935573029));
#44=VERTEX_POINT('',#43);
#45=CARTESIAN_POINT('',(670.052701793,254.771886304,591.935573029));
#46=DIRECTION('',(0.,0.,1.));
#47=DIRECTION('',(0.,1.,-0.));
#48=AXIS2_PLACEMENT_3D('',#45,#46,#47);
#49=CIRCLE('',#48,2.5);
#50=EDGE_CURVE('',#35,#44,#49,.T.);
#51=ORIENTED_EDGE('',*,*,#50,.T.);
#52=CARTESIAN_POINT('',(668.052701793,249.771886304,591.935573029));
#53=VERTEX_POINT('',#52);
#54=CARTESIAN_POINT('',(668.052701793,253.271886304,591.935573029));
#55=DIRECTION('',(0.,-1.,0.));
#56=VECTOR('',#55,3.5);
#57=LINE('',#54,#56);
#58=EDGE_CURVE('',#44,#53,#57,.T.);
#59=ORIENTED_EDGE('',*,*,#58,.T.);
#60=CARTESIAN_POINT('',(665.052701793,249.771886304,591.935573029));
#61=VERTEX_POINT('',#60);
#62=CARTESIAN_POINT('',(668.052701793,249.771886304,591.935573029));
#63=DIRECTION('',(-1.,-0.,0.));
#64=VECTOR('',#63,3.);
#65=LINE('',#62,#64);
#66=EDGE_CURVE('',#53,#61,#65,.T.);
#67=ORIENTED_EDGE('',*,*,#66,.T.);
#68=CARTESIAN_POINT('',(665.052701793,226.632259269,591.935573029));
#69=VERTEX_POINT('',#68);
#70=CARTESIAN_POINT('',(665.052701793,249.771886304,591.935573029));
#71=DIRECTION('',(-0.,-1.,0.));
#72=VECTOR('',#71,23.139627036);
#73=LINE('',#70,#72);
#74=EDGE_CURVE('',#61,#69,#73,.T.);
#75=ORIENTED_EDGE('',*,*,#74,.T.);
#76=CARTESIAN_POINT('',(660.052701793,226.632259269,591.935573029));
#77=VERTEX_POINT('',#76);
#78=CARTESIAN_POINT('',(660.052701793,226.632259269,591.935573029));
#79=DIRECTION('',(1.,-0.,-0.));
#80=VECTOR('',#79,5.);
#81=LINE('',#78,#80);
#82=EDGE_CURVE('',#77,#69,#81,.T.);
#83=ORIENTED_EDGE('',*,*,#82,.F.);
#84=CARTESIAN_POINT('',(660.052701793,293.221886304,591.935573029));
#85=VERTEX_POINT('',#84);
#86=CARTESIAN_POINT('',(660.052701793,226.632259269,591.935573029));
#87=DIRECTION('',(-0.,1.,-0.));
#88=VECTOR('',#87,66.589627036);
#89=LINE('',#86,#88);
#90=EDGE_CURVE('',#77,#85,#89,.T.);
#91=ORIENTED_EDGE('',*,*,#90,.T.);
#92=CARTESIAN_POINT('',(680.052701793,293.221886304,591.935573029));
#93=VERTEX_POINT('',#92);
#94=CARTESIAN_POINT('',(660.052701793,293.221886304,591.935573029));
#95=DIRECTION('',(1.,-0.,-0.));
#96=VECTOR('',#95,20.);
#97=LINE('',#94,#96);
#98=EDGE_CURVE('',#85,#93,#97,.T.);
#99=ORIENTED_EDGE('',*,*,#98,.T.);
#100=CARTESIAN_POINT('',(680.052701793,226.632259269,591.935573029));
#101=VERTEX_POINT('',#100);
#102=CARTESIAN_POINT('',(680.052701793,293.221886304,591.935573029));
#103=DIRECTION('',(0.,-1.,0.));
#104=VECTOR('',#103,66.589627036);
#105=LINE('',#102,#104);
#106=EDGE_CURVE('',#93,#101,#105,.T.);
#107=ORIENTED_EDGE('',*,*,#106,.T.);
#108=CARTESIAN_POINT('',(675.052701793,226.632259269,591.935573029));
#109=VERTEX_POINT('',#108);
#110=CARTESIAN_POINT('',(675.052701793,226.632259269,591.935573029));
#111=DIRECTION('',(1.,-0.,-0.));
#112=VECTOR('',#111,5.);
#113=LINE('',#110,#112);
#114=EDGE_CURVE('',#109,#101,#113,.T.);
#115=ORIENTED_EDGE('',*,*,#114,.F.);
#116=CARTESIAN_POINT('',(675.052701793,249.771886304,591.935573029));
#117=VERTEX_POINT('',#116);
#118=CARTESIAN_POINT('',(675.052701793,226.632259269,591.935573029));
#119=DIRECTION('',(-0.,1.,-0.));
#120=VECTOR('',#119,23.139627036);
#121=LINE('',#118,#120);
#122=EDGE_CURVE('',#109,#117,#121,.T.);
#123=ORIENTED_EDGE('',*,*,#122,.T.);
#124=CARTESIAN_POINT('',(672.052701793,249.771886304,591.935573029));
#125=VERTEX_POINT('',#124);
#126=CARTESIAN_POINT('',(675.052701793,249.771886304,591.935573029));
#127=DIRECTION('',(-1.,-0.,0.));
#128=VECTOR('',#127,3.);
#129=LINE('',#126,#128);
#130=EDGE_CURVE('',#117,#125,#129,.T.);
#131=ORIENTED_EDGE('',*,*,#130,.T.);
#132=CARTESIAN_POINT('',(672.052701793,249.771886304,591.935573029));
#133=DIRECTION('',(-0.,1.,-0.));
#134=VECTOR('',#133,3.5);
#135=LINE('',#132,#134);
#136=EDGE_CURVE('',#125,#33,#135,.T.);
#137=ORIENTED_EDGE('',*,*,#136,.T.);
#138=EDGE_LOOP('',(#42,#51,#59,#67,#75,#83,#91,#99,#107,#115,#123,#131,#137));
#139=FACE_BOUND('',#138,.T.);
#140=ADVANCED_FACE('',(#139),#31,.T.);
#141=CARTESIAN_POINT('',(682.052701793,294.321886304,591.935573029));
#142=DIRECTION('',(-0.,-0.,-1.));
#143=DIRECTION('',(-1.,0.,0.));
#144=AXIS2_PLACEMENT_3D('',#141,#142,#143);
#145=PLANE('',#144);
#146=CARTESIAN_POINT('',(672.052701793,216.321886304,591.935573029));
#147=VERTEX_POINT('',#146);
#148=CARTESIAN_POINT('',(672.052701793,215.91747759,591.935573029));
#149=VERTEX_POINT('',#148);
#150=CARTESIAN_POINT('',(672.052701793,216.321886304,591.935573029));
#151=DIRECTION('',(0.,-1.,0.));
#152=VECTOR('',#151,0.404408715);
#153=LINE('',#150,#152);
#154=EDGE_CURVE('',#147,#149,#153,.T.);
#155=ORIENTED_EDGE('',*,*,#154,.F.);
#156=CARTESIAN_POINT('',(675.052701793,216.321886304,591.935573029));
#157=VERTEX_POINT('',#156);
#158=CARTESIAN_POINT('',(672.052701793,216.321886304,591.935573029));
#159=DIRECTION('',(1.,-0.,-0.));
#160=VECTOR('',#159,3.);
#161=LINE('',#158,#160);
#162=EDGE_CURVE('',#147,#157,#161,.T.);
#163=ORIENTED_EDGE('',*,*,#162,.T.);
#164=CARTESIAN_POINT('',(675.052701793,226.321886304,591.935573029));
#165=VERTEX_POINT('',#164);
#166=CARTESIAN_POINT('',(675.052701793,216.321886304,591.935573029));
#167=DIRECTION('',(-0.,1.,-0.));
#168=VECTOR('',#167,10.);
#169=LINE('',#166,#168);
#170=EDGE_CURVE('',#157,#165,#169,.T.);
#171=ORIENTED_EDGE('',*,*,#170,.T.);
#172=CARTESIAN_POINT('',(675.052701793,226.321886304,591.935573029));
#173=DIRECTION('',(-0.,1.,-0.));
#174=VECTOR('',#173,0.310372964);
#175=LINE('',#172,#174);
#176=EDGE_CURVE('',#165,#109,#175,.T.);
#177=ORIENTED_EDGE('',*,*,#176,.T.);
#178=ORIENTED_EDGE('',*,*,#114,.T.);
#179=CARTESIAN_POINT('',(680.052701793,215.91747759,591.935573029));
#180=VERTEX_POINT('',#179);
#181=CARTESIAN_POINT('',(680.052701793,226.632259269,591.935573029));
#182=DIRECTION('',(0.,-1.,0.));
#183=VECTOR('',#182,10.714781679);
#184=LINE('',#181,#183);
#185=EDGE_CURVE('',#101,#180,#184,.T.);
#186=ORIENTED_EDGE('',*,*,#185,.T.);
#187=CARTESIAN_POINT('',(672.052701793,215.91747759,591.935573029));
#188=DIRECTION('',(1.,-0.,-0.));
#189=VECTOR('',#188,8.);
#190=LINE('',#187,#189);
#191=EDGE_CURVE('',#149,#180,#190,.T.);
#192=ORIENTED_EDGE('',*,*,#191,.F.);
#193=EDGE_LOOP('',(#155,#163,#171,#177,#178,#186,#192));
#194=FACE_BOUND('',#193,.T.);
#195=ADVANCED_FACE('',(#194),#145,.T.);
#196=CARTESIAN_POINT('',(682.052701793,294.321886304,591.935573029));
#197=DIRECTION('',(-0.,-0.,-1.));
#198=DIRECTION('',(-1.,0.,0.));
#199=AXIS2_PLACEMENT_3D('',#196,#197,#198);
#200=PLANE('',#199);
#201=CARTESIAN_POINT('',(668.052701793,216.321886304,591.935573029));
#202=VERTEX_POINT('',#201);
#203=CARTESIAN_POINT('',(668.052701793,215.91747759,591.935573029));
#204=VERTEX_POINT('',#203);
#205=CARTESIAN_POINT('',(668.052701793,216.321886304,591.935573029));
#206=DIRECTION('',(0.,-1.,0.));
#207=VECTOR('',#206,0.404408715);
#208=LINE('',#205,#207);
#209=EDGE_CURVE('',#202,#204,#208,.T.);
#210=ORIENTED_EDGE('',*,*,#209,.T.);
#211=CARTESIAN_POINT('',(660.052701793,215.91747759,591.935573029));
#212=VERTEX_POINT('',#211);
#213=CARTESIAN_POINT('',(660.052701793,215.91747759,591.935573029));
#214=DIRECTION('',(1.,-0.,-0.));
#215=VECTOR('',#214,8.);
#216=LINE('',#213,#215);
#217=EDGE_CURVE('',#212,#204,#216,.T.);
#218=ORIENTED_EDGE('',*,*,#217,.F.);
#219=CARTESIAN_POINT('',(660.052701793,215.91747759,591.935573029));
#220=DIRECTION('',(-0.,1.,-0.));
#221=VECTOR('',#220,10.714781679);
#222=LINE('',#219,#221);
#223=EDGE_CURVE('',#212,#77,#222,.T.);
#224=ORIENTED_EDGE('',*,*,#223,.T.);
#225=ORIENTED_EDGE('',*,*,#82,.T.);
#226=CARTESIAN_POINT('',(665.052701793,226.321886304,591.935573029));
#227=VERTEX_POINT('',#226);
#228=CARTESIAN_POINT('',(665.052701793,226.632259269,591.935573029));
#229=DIRECTION('',(-0.,-1.,0.));
#230=VECTOR('',#229,0.310372964);
#231=LINE('',#228,#230);
#232=EDGE_CURVE('',#69,#227,#231,.T.);
#233=ORIENTED_EDGE('',*,*,#232,.T.);
#234=CARTESIAN_POINT('',(665.052701793,216.321886304,591.935573029));
#235=VERTEX_POINT('',#234);
#236=CARTESIAN_POINT('',(665.052701793,226.321886304,591.935573029));
#237=DIRECTION('',(-0.,-1.,0.));
#238=VECTOR('',#237,10.);
#239=LINE('',#236,#238);
#240=EDGE_CURVE('',#227,#235,#239,.T.);
#241=ORIENTED_EDGE('',*,*,#240,.T.);
#242=CARTESIAN_POINT('',(665.052701793,216.321886304,591.935573029));
#243=DIRECTION('',(1.,-0.,-0.));
#244=VECTOR('',#243,3.);
#245=LINE('',#242,#244);
#246=EDGE_CURVE('',#235,#202,#245,.T.);
#247=ORIENTED_EDGE('',*,*,#246,.T.);
#248=EDGE_LOOP('',(#210,#218,#224,#225,#233,#241,#247));
#249=FACE_BOUND('',#248,.T.);
#250=ADVANCED_FACE('',(#249),#200,.T.);
#251=CARTESIAN_POINT('',(670.052701793,254.771886304,481.810046975));
#252=DIRECTION('',(0.,0.,1.));
#253=DIRECTION('',(1.,0.,-0.));
#254=AXIS2_PLACEMENT_3D('',#251,#252,#253);
#255=CYLINDRICAL_SURFACE('',#254,2.5);
#256=CARTESIAN_POINT('',(672.552701793,254.771886304,596.535573154));
#257=VERTEX_POINT('',#256);
#258=CARTESIAN_POINT('',(672.552701793,254.771886304,596.535573154));
#259=DIRECTION('',(-0.,-0.,-1.));
#260=VECTOR('',#259,4.600000125);
#261=LINE('',#258,#260);
#262=EDGE_CURVE('',#257,#35,#261,.T.);
#263=ORIENTED_EDGE('',*,*,#262,.F.);
#264=CARTESIAN_POINT('',(668.052701793,253.271886304,596.535573154));
#265=VERTEX_POINT('',#264);
#266=CARTESIAN_POINT('',(670.052701793,254.771886304,596.535573154));
#267=DIRECTION('',(-0.,-0.,-1.));
#268=DIRECTION('',(0.,-1.,0.));
#269=AXIS2_PLACEMENT_3D('',#266,#267,#268);
#270=CIRCLE('',#269,2.5);
#271=EDGE_CURVE('',#265,#257,#270,.T.);
#272=ORIENTED_EDGE('',*,*,#271,.F.);
#273=CARTESIAN_POINT('',(669.052701793,252.480598457,595.535573154));
#274=VERTEX_POINT('',#273);
#275=CARTESIAN_POINT('',(670.052701793,254.771886304,594.535573154));
#276=DIRECTION('',(0.707106781,0.,0.707106781));
#277=DIRECTION('',(-0.707106781,-0.,0.707106781));
#278=AXIS2_PLACEMENT_3D('',#275,#276,#277);
#279=ELLIPSE('',#278,3.535533906,2.5);
#280=EDGE_CURVE('',#265,#274,#279,.T.);
#281=ORIENTED_EDGE('',*,*,#280,.T.);
#282=CARTESIAN_POINT('',(669.052701793,252.480598457,592.935573029));
#283=VERTEX_POINT('',#282);
#284=CARTESIAN_POINT('',(669.052701793,252.480598457,592.935573029));
#285=DIRECTION('',(0.,0.,1.));
#286=VECTOR('',#285,2.600000125);
#287=LINE('',#284,#286);
#288=EDGE_CURVE('',#283,#274,#287,.T.);
#289=ORIENTED_EDGE('',*,*,#288,.F.);
#290=CARTESIAN_POINT('',(670.052701793,254.771886304,593.935573029));
#291=DIRECTION('',(0.707106781,-0.,-0.707106781));
#292=DIRECTION('',(0.707106781,-0.,0.707106781));
#293=AXIS2_PLACEMENT_3D('',#290,#291,#292);
#294=ELLIPSE('',#293,3.535533906,2.5);
#295=EDGE_CURVE('',#283,#44,#294,.T.);
#296=ORIENTED_EDGE('',*,*,#295,.T.);
#297=ORIENTED_EDGE('',*,*,#50,.F.);
#298=EDGE_LOOP('',(#263,#272,#281,#289,#296,#297));
#299=FACE_BOUND('',#298,.T.);
#300=ADVANCED_FACE('',(#299),#255,.F.);
#301=CARTESIAN_POINT('',(682.052701793,294.321886304,591.935573029));
#302=DIRECTION('',(-0.,-0.,-1.));
#303=DIRECTION('',(-1.,0.,0.));
#304=AXIS2_PLACEMENT_3D('',#301,#302,#303);
#305=PLANE('',#304);
#306=CARTESIAN_POINT('',(672.052701793,196.321886304,591.935573029));
#307=VERTEX_POINT('',#306);
#308=CARTESIAN_POINT('',(672.052701793,215.91747759,591.935573029));
#309=DIRECTION('',(0.,-1.,0.));
#310=VECTOR('',#309,19.595591285);
#311=LINE('',#308,#310);
#312=EDGE_CURVE('',#149,#307,#311,.T.);
#313=ORIENTED_EDGE('',*,*,#312,.F.);
#314=ORIENTED_EDGE('',*,*,#191,.T.);
#315=CARTESIAN_POINT('',(680.052701793,196.321886304,591.935573029));
#316=VERTEX_POINT('',#315);
#317=CARTESIAN_POINT('',(680.052701793,215.91747759,591.935573029));
#318=DIRECTION('',(0.,-1.,0.));
#319=VECTOR('',#318,19.595591285);
#320=LINE('',#317,#319);
#321=EDGE_CURVE('',#180,#316,#320,.T.);
#322=ORIENTED_EDGE('',*,*,#321,.T.);
#323=CARTESIAN_POINT('',(680.052701793,196.321886304,591.935573029));
#324=DIRECTION('',(-1.,0.,0.));
#325=VECTOR('',#324,8.);
#326=LINE('',#323,#325);
#327=EDGE_CURVE('',#316,#307,#326,.T.);
#328=ORIENTED_EDGE('',*,*,#327,.T.);
#329=EDGE_LOOP('',(#313,#314,#322,#328));
#330=FACE_BOUND('',#329,.T.);
#331=ADVANCED_FACE('',(#330),#305,.T.);
#332=CARTESIAN_POINT('',(682.052701793,294.321886304,591.935573029));
#333=DIRECTION('',(-0.,-0.,-1.));
#334=DIRECTION('',(-1.,0.,0.));
#335=AXIS2_PLACEMENT_3D('',#332,#333,#334);
#336=PLANE('',#335);
#337=CARTESIAN_POINT('',(668.052701793,196.321886304,591.935573029));
#338=VERTEX_POINT('',#337);
#339=CARTESIAN_POINT('',(668.052701793,215.91747759,591.935573029));
#340=DIRECTION('',(0.,-1.,0.));
#341=VECTOR('',#340,19.595591285);
#342=LINE('',#339,#341);
#343=EDGE_CURVE('',#204,#338,#342,.T.);
#344=ORIENTED_EDGE('',*,*,#343,.T.);
#345=CARTESIAN_POINT('',(660.052701793,196.321886304,591.935573029));
#346=VERTEX_POINT('',#345);
#347=CARTESIAN_POINT('',(668.052701793,196.321886304,591.935573029));
#348=DIRECTION('',(-1.,0.,0.));
#349=VECTOR('',#348,8.);
#350=LINE('',#347,#349);
#351=EDGE_CURVE('',#338,#346,#350,.T.);
#352=ORIENTED_EDGE('',*,*,#351,.T.);
#353=CARTESIAN_POINT('',(660.052701793,196.321886304,591.935573029));
#354=DIRECTION('',(-0.,1.,-0.));
#355=VECTOR('',#354,19.595591285);
#356=LINE('',#353,#355);
#357=EDGE_CURVE('',#346,#212,#356,.T.);
#358=ORIENTED_EDGE('',*,*,#357,.T.);
#359=ORIENTED_EDGE('',*,*,#217,.T.);
#360=EDGE_LOOP('',(#344,#352,#358,#359));
#361=FACE_BOUND('',#360,.T.);
#362=ADVANCED_FACE('',(#361),#336,.T.);
#363=CARTESIAN_POINT('',(682.052701793,196.321886304,593.935573029));
#364=DIRECTION('',(1.,-0.,-0.));
#365=DIRECTION('',(-0.,0.,-1.));
#366=AXIS2_PLACEMENT_3D('',#363,#364,#365);
#367=CYLINDRICAL_SURFACE('',#366,2.);
#368=CARTESIAN_POINT('',(669.052701793,194.589835497,592.935573029));
#369=VERTEX_POINT('',#368);
#370=CARTESIAN_POINT('',(671.052701793,194.589835497,592.935573029));
#371=VERTEX_POINT('',#370);
#372=CARTESIAN_POINT('',(669.052701793,194.589835497,592.935573029));
#373=DIRECTION('',(1.,-0.,-0.));
#374=VECTOR('',#373,2.);
#375=LINE('',#372,#374);
#376=EDGE_CURVE('',#369,#371,#375,.T.);
#377=ORIENTED_EDGE('',*,*,#376,.T.);
#378=CARTESIAN_POINT('',(670.052701793,196.321886304,593.935573029));
#379=DIRECTION('',(0.707106781,-0.,0.707106781));
#380=DIRECTION('',(0.707106781,-0.,-0.707106781));
#381=AXIS2_PLACEMENT_3D('',#378,#379,#380);
#382=ELLIPSE('',#381,2.828427125,2.);
#383=EDGE_CURVE('',#371,#307,#382,.T.);
#384=ORIENTED_EDGE('',*,*,#383,.T.);
#385=ORIENTED_EDGE('',*,*,#327,.F.);
#386=CARTESIAN_POINT('',(679.852701793,194.321886304,593.935573029));
#387=VERTEX_POINT('',#386);
#388=CARTESIAN_POINT('',(679.852701793,196.321886304,593.935573029));
#389=DIRECTION('',(0.99503719,0.,0.099503719));
#390=DIRECTION('',(0.099503719,0.,-0.99503719));
#391=AXIS2_PLACEMENT_3D('',#388,#389,#390);
#392=ELLIPSE('',#391,2.009975124,2.);
#393=EDGE_CURVE('',#387,#316,#392,.T.);
#394=ORIENTED_EDGE('',*,*,#393,.F.);
#395=CARTESIAN_POINT('',(660.252701793,194.321886304,593.935573029));
#396=VERTEX_POINT('',#395);
#397=CARTESIAN_POINT('',(660.252701793,194.321886304,593.935573029));
#398=DIRECTION('',(1.,-0.,-0.));
#399=VECTOR('',#398,19.6);
#400=LINE('',#397,#399);
#401=EDGE_CURVE('',#396,#387,#400,.T.);
#402=ORIENTED_EDGE('',*,*,#401,.F.);
#403=CARTESIAN_POINT('',(660.252701793,196.321886304,593.935573029));
#404=DIRECTION('',(-0.99503719,0.,0.099503719));
#405=DIRECTION('',(0.099503719,-0.,0.99503719));
#406=AXIS2_PLACEMENT_3D('',#403,#404,#405);
#407=ELLIPSE('',#406,2.009975124,2.);
#408=EDGE_CURVE('',#346,#396,#407,.T.);
#409=ORIENTED_EDGE('',*,*,#408,.F.);
#410=ORIENTED_EDGE('',*,*,#351,.F.);
#411=CARTESIAN_POINT('',(670.052701793,196.321886304,593.935573029));
#412=DIRECTION('',(-0.707106781,-0.,0.707106781));
#413=DIRECTION('',(0.707106781,-0.,0.707106781));
#414=AXIS2_PLACEMENT_3D('',#411,#412,#413);
#415=ELLIPSE('',#414,2.828427125,2.);
#416=EDGE_CURVE('',#338,#369,#415,.T.);
#417=ORIENTED_EDGE('',*,*,#416,.T.);
#418=EDGE_LOOP('',(#377,#384,#385,#394,#402,#409,#410,#417));
#419=FACE_BOUND('',#418,.T.);
#420=ADVANCED_FACE('',(#419),#367,.T.);
#421=CARTESIAN_POINT('',(653.552701793,299.31961407,417.871427569));
#422=DIRECTION('',(0.,-1.,0.));
#423=DIRECTION('',(0.,0.,-1.));
#424=AXIS2_PLACEMENT_3D('',#421,#422,#423);
#425=PLANE('',#424);
#426=CARTESIAN_POINT('',(656.552701793,299.31961407,613.739911118));
#427=VERTEX_POINT('',#426);
#428=CARTESIAN_POINT('',(683.552701793,299.31961407,613.739911118));
#429=VERTEX_POINT('',#428);
#430=CARTESIAN_POINT('',(656.552701793,299.31961407,613.739911118));
#431=DIRECTION('',(1.,0.,-0.));
#432=VECTOR('',#431,27.);
#433=LINE('',#430,#432);
#434=EDGE_CURVE('',#427,#429,#433,.T.);
#435=ORIENTED_EDGE('',*,*,#434,.T.);
#436=CARTESIAN_POINT('',(683.552701793,299.31961407,590.760640802));
#437=VERTEX_POINT('',#436);
#438=CARTESIAN_POINT('',(683.552701793,299.31961407,613.739911118));
#439=DIRECTION('',(-0.,-0.,-1.));
#440=VECTOR('',#439,22.979270316);
#441=LINE('',#438,#440);
#442=EDGE_CURVE('',#429,#437,#441,.T.);
#443=ORIENTED_EDGE('',*,*,#442,.T.);
#444=CARTESIAN_POINT('',(656.552701793,299.31961407,590.747649887));
#445=VERTEX_POINT('',#444);
#446=CARTESIAN_POINT('',(683.552701793,299.31961407,590.760640802));
#447=DIRECTION('',(-0.999999884,0.,-0.000481145));
#448=VECTOR('',#447,27.000003125);
#449=LINE('',#446,#448);
#450=EDGE_CURVE('',#437,#445,#449,.T.);
#451=ORIENTED_EDGE('',*,*,#450,.T.);
#452=CARTESIAN_POINT('',(656.552701793,299.31961407,590.747649887));
#453=DIRECTION('',(0.,0.,1.));
#454=VECTOR('',#453,22.992261231);
#455=LINE('',#452,#454);
#456=EDGE_CURVE('',#445,#427,#455,.T.);
#457=ORIENTED_EDGE('',*,*,#456,.T.);
#458=EDGE_LOOP('',(#435,#443,#451,#457));
#459=FACE_BOUND('',#458,.T.);
#460=ADVANCED_FACE('',(#459),#425,.F.);
#461=CARTESIAN_POINT('',(672.552701793,223.821886304,586.535573154));
#462=DIRECTION('',(0.707106781,-0.707106781,0.));
#463=DIRECTION('',(0.707106781,0.707106781,0.));
#464=AXIS2_PLACEMENT_3D('',#461,#462,#463);
#465=PLANE('',#464);
#466=CARTESIAN_POINT('',(670.052701793,221.321886304,592.935573029));
#467=VERTEX_POINT('',#466);
#468=CARTESIAN_POINT('',(671.052701793,222.321886304,592.935573029));
#469=VERTEX_POINT('',#468);
#470=CARTESIAN_POINT('',(670.052701793,221.321886304,592.935573029));
#471=DIRECTION('',(0.707106781,0.707106781,0.));
#472=VECTOR('',#471,1.414213562);
#473=LINE('',#470,#472);
#474=EDGE_CURVE('',#467,#469,#473,.T.);
#475=ORIENTED_EDGE('',*,*,#474,.F.);
#476=CARTESIAN_POINT('',(670.052701793,221.321886304,595.535573154));
#477=VERTEX_POINT('',#476);
#478=CARTESIAN_POINT('',(670.052701793,221.321886304,592.935573029));
#479=DIRECTION('',(0.,0.,1.));
#480=VECTOR('',#479,2.600000125);
#481=LINE('',#478,#480);
#482=EDGE_CURVE('',#467,#477,#481,.T.);
#483=ORIENTED_EDGE('',*,*,#482,.T.);
#484=CARTESIAN_POINT('',(671.052701793,222.321886304,595.535573154));
#485=VERTEX_POINT('',#484);
#486=CARTESIAN_POINT('',(670.052701793,221.321886304,595.535573154));
#487=DIRECTION('',(0.707106781,0.707106781,0.));
#488=VECTOR('',#487,1.414213562);
#489=LINE('',#486,#488);
#490=EDGE_CURVE('',#477,#485,#489,.T.);
#491=ORIENTED_EDGE('',*,*,#490,.T.);
#492=CARTESIAN_POINT('',(672.052701793,223.321886304,596.535573154));
#493=VERTEX_POINT('',#492);
#494=CARTESIAN_POINT('',(671.052701793,222.321886304,595.535573154));
#495=DIRECTION('',(0.577350269,0.577350269,0.577350269));
#496=VECTOR('',#495,1.732050808);
#497=LINE('',#494,#496);
#498=EDGE_CURVE('',#485,#493,#497,.T.);
#499=ORIENTED_EDGE('',*,*,#498,.T.);
#500=CARTESIAN_POINT('',(675.052701793,226.321886304,596.535573154));
#501=VERTEX_POINT('',#500);
#502=CARTESIAN_POINT('',(672.052701793,223.321886304,596.535573154));
#503=DIRECTION('',(0.707106781,0.707106781,0.));
#504=VECTOR('',#503,4.242640687);
#505=LINE('',#502,#504);
#506=EDGE_CURVE('',#493,#501,#505,.T.);
#507=ORIENTED_EDGE('',*,*,#506,.T.);
#508=CARTESIAN_POINT('',(675.052701793,226.321886304,591.935573029));
#509=DIRECTION('',(0.,0.,1.));
#510=VECTOR('',#509,4.600000125);
#511=LINE('',#508,#510);
#512=EDGE_CURVE('',#165,#501,#511,.T.);
#513=ORIENTED_EDGE('',*,*,#512,.F.);
#514=CARTESIAN_POINT('',(672.052701793,223.321886304,591.935573029));
#515=VERTEX_POINT('',#514);
#516=CARTESIAN_POINT('',(675.052701793,226.321886304,591.935573029));
#517=DIRECTION('',(-0.707106781,-0.707106781,0.));
#518=VECTOR('',#517,4.242640687);
#519=LINE('',#516,#518);
#520=EDGE_CURVE('',#165,#515,#519,.T.);
#521=ORIENTED_EDGE('',*,*,#520,.T.);
#522=CARTESIAN_POINT('',(671.052701793,222.321886304,592.935573029));
#523=DIRECTION('',(0.577350269,0.577350269,-0.577350269));
#524=VECTOR('',#523,1.732050808);
#525=LINE('',#522,#524);
#526=EDGE_CURVE('',#469,#515,#525,.T.);
#527=ORIENTED_EDGE('',*,*,#526,.F.);
#528=EDGE_LOOP('',(#475,#483,#491,#499,#507,#513,#521,#527));
#529=FACE_BOUND('',#528,.T.);
#530=ADVANCED_FACE('',(#529),#465,.F.);
#531=CARTESIAN_POINT('',(667.552701793,223.821886304,586.535573154));
#532=DIRECTION('',(0.707106781,0.707106781,0.));
#533=DIRECTION('',(-0.707106781,0.707106781,0.));
#534=AXIS2_PLACEMENT_3D('',#531,#532,#533);
#535=PLANE('',#534);
#536=ORIENTED_EDGE('',*,*,#482,.F.);
#537=CARTESIAN_POINT('',(669.052701793,222.321886304,592.935573029));
#538=VERTEX_POINT('',#537);
#539=CARTESIAN_POINT('',(670.052701793,221.321886304,592.935573029));
#540=DIRECTION('',(-0.707106781,0.707106781,-0.));
#541=VECTOR('',#540,1.414213562);
#542=LINE('',#539,#541);
#543=EDGE_CURVE('',#467,#538,#542,.T.);
#544=ORIENTED_EDGE('',*,*,#543,.T.);
#545=CARTESIAN_POINT('',(668.052701793,223.321886304,591.935573029));
#546=VERTEX_POINT('',#545);
#547=CARTESIAN_POINT('',(669.052701793,222.321886304,592.935573029));
#548=DIRECTION('',(-0.577350269,0.577350269,-0.577350269));
#549=VECTOR('',#548,1.732050808);
#550=LINE('',#547,#549);
#551=EDGE_CURVE('',#538,#546,#550,.T.);
#552=ORIENTED_EDGE('',*,*,#551,.T.);
#553=CARTESIAN_POINT('',(665.052701793,226.321886304,591.935573029));
#554=DIRECTION('',(0.707106781,-0.707106781,-0.));
#555=VECTOR('',#554,4.242640687);
#556=LINE('',#553,#555);
#557=EDGE_CURVE('',#227,#546,#556,.T.);
#558=ORIENTED_EDGE('',*,*,#557,.F.);
#559=CARTESIAN_POINT('',(665.052701793,226.321886304,596.535573154));
#560=VERTEX_POINT('',#559);
#561=CARTESIAN_POINT('',(665.052701793,226.321886304,591.935573029));
#562=DIRECTION('',(0.,0.,1.));
#563=VECTOR('',#562,4.600000125);
#564=LINE('',#561,#563);
#565=EDGE_CURVE('',#227,#560,#564,.T.);
#566=ORIENTED_EDGE('',*,*,#565,.T.);
#567=CARTESIAN_POINT('',(668.052701793,223.321886304,596.535573154));
#568=VERTEX_POINT('',#567);
#569=CARTESIAN_POINT('',(668.052701793,223.321886304,596.535573154));
#570=DIRECTION('',(-0.707106781,0.707106781,0.));
#571=VECTOR('',#570,4.242640687);
#572=LINE('',#569,#571);
#573=EDGE_CURVE('',#568,#560,#572,.T.);
#574=ORIENTED_EDGE('',*,*,#573,.F.);
#575=CARTESIAN_POINT('',(669.052701793,222.321886304,595.535573154));
#576=VERTEX_POINT('',#575);
#577=CARTESIAN_POINT('',(669.052701793,222.321886304,595.535573154));
#578=DIRECTION('',(-0.577350269,0.577350269,0.577350269));
#579=VECTOR('',#578,1.732050808);
#580=LINE('',#577,#579);
#581=EDGE_CURVE('',#576,#568,#580,.T.);
#582=ORIENTED_EDGE('',*,*,#581,.F.);
#583=CARTESIAN_POINT('',(670.052701793,221.321886304,595.535573154));
#584=DIRECTION('',(-0.707106781,0.707106781,0.));
#585=VECTOR('',#584,1.414213562);
#586=LINE('',#583,#585);
#587=EDGE_CURVE('',#477,#576,#586,.T.);
#588=ORIENTED_EDGE('',*,*,#587,.F.);
#589=EDGE_LOOP('',(#536,#544,#552,#558,#566,#574,#582,#588));
#590=FACE_BOUND('',#589,.T.);
#591=ADVANCED_FACE('',(#590),#535,.T.);
#592=CARTESIAN_POINT('',(530.467645138,226.632259269,591.935573029));
#593=DIRECTION('',(0.,0.,1.));
#594=DIRECTION('',(1.,0.,-0.));
#595=AXIS2_PLACEMENT_3D('',#592,#593,#594);
#596=PLANE('',#595);
#597=CARTESIAN_POINT('',(672.052701793,223.321886304,591.935573029));
#598=DIRECTION('',(0.,-1.,0.));
#599=VECTOR('',#598,7.);
#600=LINE('',#597,#599);
#601=EDGE_CURVE('',#515,#147,#600,.T.);
#602=ORIENTED_EDGE('',*,*,#601,.F.);
#603=ORIENTED_EDGE('',*,*,#520,.F.);
#604=ORIENTED_EDGE('',*,*,#170,.F.);
#605=ORIENTED_EDGE('',*,*,#162,.F.);
#606=EDGE_LOOP('',(#602,#603,#604,#605));
#607=FACE_BOUND('',#606,.T.);
#608=ADVANCED_FACE('',(#607),#596,.F.);
#609=CARTESIAN_POINT('',(530.467645138,226.632259269,591.935573029));
#610=DIRECTION('',(0.,0.,1.));
#611=DIRECTION('',(1.,0.,-0.));
#612=AXIS2_PLACEMENT_3D('',#609,#610,#611);
#613=PLANE('',#612);
#614=CARTESIAN_POINT('',(668.052701793,223.321886304,591.935573029));
#615=DIRECTION('',(0.,-1.,0.));
#616=VECTOR('',#615,7.);
#617=LINE('',#614,#616);
#618=EDGE_CURVE('',#546,#202,#617,.T.);
#619=ORIENTED_EDGE('',*,*,#618,.T.);
#620=ORIENTED_EDGE('',*,*,#246,.F.);
#621=ORIENTED_EDGE('',*,*,#240,.F.);
#622=ORIENTED_EDGE('',*,*,#557,.T.);
#623=EDGE_LOOP('',(#619,#620,#621,#622));
#624=FACE_BOUND('',#623,.T.);
#625=ADVANCED_FACE('',(#624),#613,.F.);
#626=CARTESIAN_POINT('',(658.052701793,294.321886304,596.535573154));
#627=DIRECTION('',(0.,0.,1.));
#628=DIRECTION('',(1.,-0.,-0.));
#629=AXIS2_PLACEMENT_3D('',#626,#627,#628);
#630=PLANE('',#629);
#631=ORIENTED_EDGE('',*,*,#271,.T.);
#632=CARTESIAN_POINT('',(672.052701793,253.271886304,596.535573154));
#633=VERTEX_POINT('',#632);
#634=CARTESIAN_POINT('',(670.052701793,254.771886304,596.535573154));
#635=DIRECTION('',(-0.,-0.,-1.));
#636=DIRECTION('',(0.,-1.,0.));
#637=AXIS2_PLACEMENT_3D('',#634,#635,#636);
#638=CIRCLE('',#637,2.5);
#639=EDGE_CURVE('',#257,#633,#638,.T.);
#640=ORIENTED_EDGE('',*,*,#639,.T.);
#641=CARTESIAN_POINT('',(672.052701793,249.771886304,596.535573154));
#642=VERTEX_POINT('',#641);
#643=CARTESIAN_POINT('',(672.052701793,253.271886304,596.535573154));
#644=DIRECTION('',(-0.,-1.,0.));
#645=VECTOR('',#644,3.5);
#646=LINE('',#643,#645);
#647=EDGE_CURVE('',#633,#642,#646,.T.);
#648=ORIENTED_EDGE('',*,*,#647,.T.);
#649=CARTESIAN_POINT('',(675.052701793,249.771886304,596.535573154));
#650=VERTEX_POINT('',#649);
#651=CARTESIAN_POINT('',(672.052701793,249.771886304,596.535573154));
#652=DIRECTION('',(1.,-0.,-0.));
#653=VECTOR('',#652,3.);
#654=LINE('',#651,#653);
#655=EDGE_CURVE('',#642,#650,#654,.T.);
#656=ORIENTED_EDGE('',*,*,#655,.T.);
#657=CARTESIAN_POINT('',(675.052701793,249.771886304,596.535573154));
#658=DIRECTION('',(-0.,-1.,0.));
#659=VECTOR('',#658,23.45);
#660=LINE('',#657,#659);
#661=EDGE_CURVE('',#650,#501,#660,.T.);
#662=ORIENTED_EDGE('',*,*,#661,.T.);
#663=ORIENTED_EDGE('',*,*,#506,.F.);
#664=CARTESIAN_POINT('',(672.052701793,196.321886304,596.535573154));
#665=VERTEX_POINT('',#664);
#666=CARTESIAN_POINT('',(672.052701793,223.321886304,596.535573154));
#667=DIRECTION('',(0.,-1.,0.));
#668=VECTOR('',#667,27.);
#669=LINE('',#666,#668);
#670=EDGE_CURVE('',#493,#665,#669,.T.);
#671=ORIENTED_EDGE('',*,*,#670,.T.);
#672=CARTESIAN_POINT('',(680.052701793,196.321886304,596.535573154));
#673=VERTEX_POINT('',#672);
#674=CARTESIAN_POINT('',(672.052701793,196.321886304,596.535573154));
#675=DIRECTION('',(1.,-0.,-0.));
#676=VECTOR('',#675,8.);
#677=LINE('',#674,#676);
#678=EDGE_CURVE('',#665,#673,#677,.T.);
#679=ORIENTED_EDGE('',*,*,#678,.T.);
#680=CARTESIAN_POINT('',(680.052701793,293.221886304,596.535573154));
#681=VERTEX_POINT('',#680);
#682=CARTESIAN_POINT('',(680.052701793,196.321886304,596.535573154));
#683=DIRECTION('',(-0.,1.,-0.));
#684=VECTOR('',#683,96.9);
#685=LINE('',#682,#684);
#686=EDGE_CURVE('',#673,#681,#685,.T.);
#687=ORIENTED_EDGE('',*,*,#686,.T.);
#688=CARTESIAN_POINT('',(660.052701793,293.221886304,596.535573154));
#689=VERTEX_POINT('',#688);
#690=CARTESIAN_POINT('',(680.052701793,293.221886304,596.535573154));
#691=DIRECTION('',(-1.,0.,0.));
#692=VECTOR('',#691,20.);
#693=LINE('',#690,#692);
#694=EDGE_CURVE('',#681,#689,#693,.T.);
#695=ORIENTED_EDGE('',*,*,#694,.T.);
#696=CARTESIAN_POINT('',(660.052701793,196.321886304,596.535573154));
#697=VERTEX_POINT('',#696);
#698=CARTESIAN_POINT('',(660.052701793,293.221886304,596.535573154));
#699=DIRECTION('',(0.,-1.,0.));
#700=VECTOR('',#699,96.9);
#701=LINE('',#698,#700);
#702=EDGE_CURVE('',#689,#697,#701,.T.);
#703=ORIENTED_EDGE('',*,*,#702,.T.);
#704=CARTESIAN_POINT('',(668.052701793,196.321886304,596.535573154));
#705=VERTEX_POINT('',#704);
#706=CARTESIAN_POINT('',(660.052701793,196.321886304,596.535573154));
#707=DIRECTION('',(1.,-0.,-0.));
#708=VECTOR('',#707,8.);
#709=LINE('',#706,#708);
#710=EDGE_CURVE('',#697,#705,#709,.T.);
#711=ORIENTED_EDGE('',*,*,#710,.T.);
#712=CARTESIAN_POINT('',(668.052701793,223.321886304,596.535573154));
#713=DIRECTION('',(0.,-1.,0.));
#714=VECTOR('',#713,27.);
#715=LINE('',#712,#714);
#716=EDGE_CURVE('',#568,#705,#715,.T.);
#717=ORIENTED_EDGE('',*,*,#716,.F.);
#718=ORIENTED_EDGE('',*,*,#573,.T.);
#719=CARTESIAN_POINT('',(665.052701793,249.771886304,596.535573154));
#720=VERTEX_POINT('',#719);
#721=CARTESIAN_POINT('',(665.052701793,226.321886304,596.535573154));
#722=DIRECTION('',(-0.,1.,-0.));
#723=VECTOR('',#722,23.45);
#724=LINE('',#721,#723);
#725=EDGE_CURVE('',#560,#720,#724,.T.);
#726=ORIENTED_EDGE('',*,*,#725,.T.);
#727=CARTESIAN_POINT('',(668.052701793,249.771886304,596.535573154));
#728=VERTEX_POINT('',#727);
#729=CARTESIAN_POINT('',(665.052701793,249.771886304,596.535573154));
#730=DIRECTION('',(1.,-0.,-0.));
#731=VECTOR('',#730,3.);
#732=LINE('',#729,#731);
#733=EDGE_CURVE('',#720,#728,#732,.T.);
#734=ORIENTED_EDGE('',*,*,#733,.T.);
#735=CARTESIAN_POINT('',(668.052701793,249.771886304,596.535573154));
#736=DIRECTION('',(-0.,1.,-0.));
#737=VECTOR('',#736,3.5);
#738=LINE('',#735,#737);
#739=EDGE_CURVE('',#728,#265,#738,.T.);
#740=ORIENTED_EDGE('',*,*,#739,.T.);
#741=EDGE_LOOP('',(#631,#640,#648,#656,#662,#663,#671,#679,#687,#695,#703,#711,#717,#718,#726,#734,#740));
#742=FACE_BOUND('',#741,.T.);
#743=ADVANCED_FACE('',(#742),#630,.T.);
#744=CARTESIAN_POINT('',(665.052701793,216.321886304,749.099753504));
#745=DIRECTION('',(-1.,0.,0.));
#746=DIRECTION('',(0.,0.,1.));
#747=AXIS2_PLACEMENT_3D('',#744,#745,#746);
#748=PLANE('',#747);
#749=ORIENTED_EDGE('',*,*,#565,.F.);
#750=ORIENTED_EDGE('',*,*,#232,.F.);
#751=ORIENTED_EDGE('',*,*,#74,.F.);
#752=CARTESIAN_POINT('',(665.052701793,249.771886304,596.535573154));
#753=DIRECTION('',(0.,0.,-1.));
#754=VECTOR('',#753,4.600000125);
#755=LINE('',#752,#754);
#756=EDGE_CURVE('',#720,#61,#755,.T.);
#757=ORIENTED_EDGE('',*,*,#756,.F.);
#758=ORIENTED_EDGE('',*,*,#725,.F.);
#759=EDGE_LOOP('',(#749,#750,#751,#757,#758));
#760=FACE_BOUND('',#759,.T.);
#761=ADVANCED_FACE('',(#760),#748,.F.);
#762=CARTESIAN_POINT('',(665.052701793,249.771886304,749.099753504));
#763=DIRECTION('',(0.,1.,0.));
#764=DIRECTION('',(0.,0.,1.));
#765=AXIS2_PLACEMENT_3D('',#762,#763,#764);
#766=PLANE('',#765);
#767=CARTESIAN_POINT('',(671.052701793,249.771886304,592.935573029));
#768=VERTEX_POINT('',#767);
#769=CARTESIAN_POINT('',(669.052701793,249.771886304,592.935573029));
#770=VERTEX_POINT('',#769);
#771=CARTESIAN_POINT('',(671.052701793,249.771886304,592.935573029));
#772=DIRECTION('',(-1.,-0.,0.));
#773=VECTOR('',#772,2.);
#774=LINE('',#771,#773);
#775=EDGE_CURVE('',#768,#770,#774,.T.);
#776=ORIENTED_EDGE('',*,*,#775,.F.);
#777=CARTESIAN_POINT('',(671.052701793,249.771886304,592.935573029));
#778=DIRECTION('',(0.707106781,-0.,-0.707106781));
#779=VECTOR('',#778,1.414213562);
#780=LINE('',#777,#779);
#781=EDGE_CURVE('',#768,#125,#780,.T.);
#782=ORIENTED_EDGE('',*,*,#781,.T.);
#783=ORIENTED_EDGE('',*,*,#130,.F.);
#784=CARTESIAN_POINT('',(675.052701793,249.771886304,596.535573154));
#785=DIRECTION('',(0.,0.,-1.));
#786=VECTOR('',#785,4.600000125);
#787=LINE('',#784,#786);
#788=EDGE_CURVE('',#650,#117,#787,.T.);
#789=ORIENTED_EDGE('',*,*,#788,.F.);
#790=ORIENTED_EDGE('',*,*,#655,.F.);
#791=CARTESIAN_POINT('',(671.052701793,249.771886304,595.535573154));
#792=VERTEX_POINT('',#791);
#793=CARTESIAN_POINT('',(672.052701793,249.771886304,596.535573154));
#794=DIRECTION('',(-0.707106781,-0.,-0.707106781));
#795=VECTOR('',#794,1.414213562);
#796=LINE('',#793,#795);
#797=EDGE_CURVE('',#642,#792,#796,.T.);
#798=ORIENTED_EDGE('',*,*,#797,.T.);
#799=CARTESIAN_POINT('',(669.052701793,249.771886304,595.535573154));
#800=VERTEX_POINT('',#799);
#801=CARTESIAN_POINT('',(669.052701793,249.771886304,595.535573154));
#802=DIRECTION('',(1.,0.,-0.));
#803=VECTOR('',#802,2.);
#804=LINE('',#801,#803);
#805=EDGE_CURVE('',#800,#792,#804,.T.);
#806=ORIENTED_EDGE('',*,*,#805,.F.);
#807=CARTESIAN_POINT('',(669.052701793,249.771886304,595.535573154));
#808=DIRECTION('',(-0.707106781,-0.,0.707106781));
#809=VECTOR('',#808,1.414213562);
#810=LINE('',#807,#809);
#811=EDGE_CURVE('',#800,#728,#810,.T.);
#812=ORIENTED_EDGE('',*,*,#811,.T.);
#813=ORIENTED_EDGE('',*,*,#733,.F.);
#814=ORIENTED_EDGE('',*,*,#756,.T.);
#815=ORIENTED_EDGE('',*,*,#66,.F.);
#816=CARTESIAN_POINT('',(668.052701793,249.771886304,591.935573029));
#817=DIRECTION('',(0.707106781,-0.,0.707106781));
#818=VECTOR('',#817,1.414213562);
#819=LINE('',#816,#818);
#820=EDGE_CURVE('',#53,#770,#819,.T.);
#821=ORIENTED_EDGE('',*,*,#820,.T.);
#822=EDGE_LOOP('',(#776,#782,#783,#789,#790,#798,#806,#812,#813,#814,#815,#821));
#823=FACE_BOUND('',#822,.T.);
#824=ADVANCED_FACE('',(#823),#766,.F.);
#825=CARTESIAN_POINT('',(670.052701793,254.771886304,481.810046975));
#826=DIRECTION('',(0.,0.,1.));
#827=DIRECTION('',(1.,0.,-0.));
#828=AXIS2_PLACEMENT_3D('',#825,#826,#827);
#829=CYLINDRICAL_SURFACE('',#828,2.5);
#830=CARTESIAN_POINT('',(671.052701793,252.480598457,592.935573029));
#831=VERTEX_POINT('',#830);
#832=CARTESIAN_POINT('',(671.052701793,252.480598457,595.535573154));
#833=VERTEX_POINT('',#832);
#834=CARTESIAN_POINT('',(671.052701793,252.480598457,592.935573029));
#835=DIRECTION('',(0.,0.,1.));
#836=VECTOR('',#835,2.600000125);
#837=LINE('',#834,#836);
#838=EDGE_CURVE('',#831,#833,#837,.T.);
#839=ORIENTED_EDGE('',*,*,#838,.F.);
#840=CARTESIAN_POINT('',(670.052701793,254.771886304,592.935573029));
#841=DIRECTION('',(0.,0.,1.));
#842=DIRECTION('',(0.,1.,-0.));
#843=AXIS2_PLACEMENT_3D('',#840,#841,#842);
#844=CIRCLE('',#843,2.5);
#845=EDGE_CURVE('',#283,#831,#844,.T.);
#846=ORIENTED_EDGE('',*,*,#845,.F.);
#847=ORIENTED_EDGE('',*,*,#288,.T.);
#848=CARTESIAN_POINT('',(670.052701793,254.771886304,595.535573154));
#849=DIRECTION('',(-0.,-0.,-1.));
#850=DIRECTION('',(1.,0.,-0.));
#851=AXIS2_PLACEMENT_3D('',#848,#849,#850);
#852=CIRCLE('',#851,2.5);
#853=EDGE_CURVE('',#833,#274,#852,.T.);
#854=ORIENTED_EDGE('',*,*,#853,.F.);
#855=EDGE_LOOP('',(#839,#846,#847,#854));
#856=FACE_BOUND('',#855,.T.);
#857=ADVANCED_FACE('',(#856),#829,.F.);
#858=CARTESIAN_POINT('',(682.052701793,294.321886304,592.935573029));
#859=DIRECTION('',(-0.,-0.,-1.));
#860=DIRECTION('',(-1.,0.,0.));
#861=AXIS2_PLACEMENT_3D('',#858,#859,#860);
#862=PLANE('',#861);
#863=CARTESIAN_POINT('',(671.052701793,249.771886304,592.935573029));
#864=DIRECTION('',(-0.,1.,-0.));
#865=VECTOR('',#864,2.708712153);
#866=LINE('',#863,#865);
#867=EDGE_CURVE('',#768,#831,#866,.T.);
#868=ORIENTED_EDGE('',*,*,#867,.F.);
#869=ORIENTED_EDGE('',*,*,#775,.T.);
#870=CARTESIAN_POINT('',(669.052701793,252.480598457,592.935573029));
#871=DIRECTION('',(0.,-1.,0.));
#872=VECTOR('',#871,2.708712153);
#873=LINE('',#870,#872);
#874=EDGE_CURVE('',#283,#770,#873,.T.);
#875=ORIENTED_EDGE('',*,*,#874,.F.);
#876=ORIENTED_EDGE('',*,*,#845,.T.);
#877=EDGE_LOOP('',(#868,#869,#875,#876));
#878=FACE_BOUND('',#877,.T.);
#879=ADVANCED_FACE('',(#878),#862,.T.);
#880=CARTESIAN_POINT('',(749.650767595,294.321886304,603.571120757));
#881=DIRECTION('',(-0.,1.,-0.));
#882=DIRECTION('',(0.,0.,1.));
#883=AXIS2_PLACEMENT_3D('',#880,#881,#882);
#884=PLANE('',#883);
#885=CARTESIAN_POINT('',(680.052701793,294.321886304,597.635573154));
#886=VERTEX_POINT('',#885);
#887=CARTESIAN_POINT('',(682.952701793,294.321886304,594.735573154));
#888=VERTEX_POINT('',#887);
#889=CARTESIAN_POINT('',(680.052701793,294.321886304,594.735573154));
#890=DIRECTION('',(-0.,1.,-0.));
#891=DIRECTION('',(0.,0.,1.));
#892=AXIS2_PLACEMENT_3D('',#889,#890,#891);
#893=CIRCLE('',#892,2.9);
#894=EDGE_CURVE('',#886,#888,#893,.T.);
#895=ORIENTED_EDGE('',*,*,#894,.T.);
#896=CARTESIAN_POINT('',(682.952701793,294.321886304,593.735573029));
#897=VERTEX_POINT('',#896);
#898=CARTESIAN_POINT('',(682.952701793,294.321886304,594.735573154));
#899=DIRECTION('',(-0.,-0.,-1.));
#900=VECTOR('',#899,1.000000125);
#901=LINE('',#898,#900);
#902=EDGE_CURVE('',#888,#897,#901,.T.);
#903=ORIENTED_EDGE('',*,*,#902,.T.);
#904=CARTESIAN_POINT('',(680.052701793,294.321886304,590.835573029));
#905=VERTEX_POINT('',#904);
#906=CARTESIAN_POINT('',(680.052701793,294.321886304,593.735573029));
#907=DIRECTION('',(-0.,1.,-0.));
#908=DIRECTION('',(0.,0.,1.));
#909=AXIS2_PLACEMENT_3D('',#906,#907,#908);
#910=CIRCLE('',#909,2.9);
#911=EDGE_CURVE('',#897,#905,#910,.T.);
#912=ORIENTED_EDGE('',*,*,#911,.T.);
#913=CARTESIAN_POINT('',(660.052701793,294.321886304,590.835573029));
#914=VERTEX_POINT('',#913);
#915=CARTESIAN_POINT('',(680.052701793,294.321886304,590.835573029));
#916=DIRECTION('',(-1.,0.,0.));
#917=VECTOR('',#916,20.);
#918=LINE('',#915,#917);
#919=EDGE_CURVE('',#905,#914,#918,.T.);
#920=ORIENTED_EDGE('',*,*,#919,.T.);
#921=CARTESIAN_POINT('',(657.152701793,294.321886304,593.735573029));
#922=VERTEX_POINT('',#921);
#923=CARTESIAN_POINT('',(660.052701793,294.321886304,593.735573029));
#924=DIRECTION('',(-0.,1.,-0.));
#925=DIRECTION('',(0.,0.,1.));
#926=AXIS2_PLACEMENT_3D('',#923,#924,#925);
#927=CIRCLE('',#926,2.9);
#928=EDGE_CURVE('',#914,#922,#927,.T.);
#929=ORIENTED_EDGE('',*,*,#928,.T.);
#930=CARTESIAN_POINT('',(657.152701793,294.321886304,594.735573154));
#931=VERTEX_POINT('',#930);
#932=CARTESIAN_POINT('',(657.152701793,294.321886304,593.735573029));
#933=DIRECTION('',(0.,0.,1.));
#934=VECTOR('',#933,1.000000125);
#935=LINE('',#932,#934);
#936=EDGE_CURVE('',#922,#931,#935,.T.);
#937=ORIENTED_EDGE('',*,*,#936,.T.);
#938=CARTESIAN_POINT('',(660.052701793,294.321886304,597.635573154));
#939=VERTEX_POINT('',#938);
#940=CARTESIAN_POINT('',(660.052701793,294.321886304,594.735573154));
#941=DIRECTION('',(-0.,1.,-0.));
#942=DIRECTION('',(0.,0.,1.));
#943=AXIS2_PLACEMENT_3D('',#940,#941,#942);
#944=CIRCLE('',#943,2.9);
#945=EDGE_CURVE('',#931,#939,#944,.T.);
#946=ORIENTED_EDGE('',*,*,#945,.T.);
#947=CARTESIAN_POINT('',(660.052701793,294.321886304,597.635573154));
#948=DIRECTION('',(1.,-0.,-0.));
#949=VECTOR('',#948,20.);
#950=LINE('',#947,#949);
#951=EDGE_CURVE('',#939,#886,#950,.T.);
#952=ORIENTED_EDGE('',*,*,#951,.T.);
#953=EDGE_LOOP('',(#895,#903,#912,#920,#929,#937,#946,#952));
#954=FACE_BOUND('',#953,.T.);
#955=CARTESIAN_POINT('',(683.553182938,294.321886304,589.760640918));
#956=VERTEX_POINT('',#955);
#957=CARTESIAN_POINT('',(656.553182938,294.321886304,589.747650003));
#958=VERTEX_POINT('',#957);
#959=CARTESIAN_POINT('',(683.553182938,294.321886304,589.760640918));
#960=DIRECTION('',(-0.999999884,-0.,-0.000481145));
#961=VECTOR('',#960,27.000003125);
#962=LINE('',#959,#961);
#963=EDGE_CURVE('',#956,#958,#962,.T.);
#964=ORIENTED_EDGE('',*,*,#963,.F.);
#965=CARTESIAN_POINT('',(684.552701793,294.321886304,590.760640802));
#966=VERTEX_POINT('',#965);
#967=CARTESIAN_POINT('',(683.552701793,294.321886304,590.760640802));
#968=DIRECTION('',(0.,-1.,0.));
#969=DIRECTION('',(-0.,-0.,-1.));
#970=AXIS2_PLACEMENT_3D('',#967,#968,#969);
#971=CIRCLE('',#970,1.);
#972=EDGE_CURVE('',#956,#966,#971,.T.);
#973=ORIENTED_EDGE('',*,*,#972,.T.);
#974=CARTESIAN_POINT('',(684.552701793,294.321886304,599.73901744));
#975=VERTEX_POINT('',#974);
#976=CARTESIAN_POINT('',(684.552701793,294.321886304,599.73901744));
#977=DIRECTION('',(-0.,-0.,-1.));
#978=VECTOR('',#977,8.978376637);
#979=LINE('',#976,#978);
#980=EDGE_CURVE('',#975,#966,#979,.T.);
#981=ORIENTED_EDGE('',*,*,#980,.F.);
#982=CARTESIAN_POINT('',(655.552701793,294.321886304,599.73901744));
#983=VERTEX_POINT('',#982);
#984=CARTESIAN_POINT('',(684.552701793,294.321886304,599.73901744));
#985=DIRECTION('',(-1.,0.,0.));
#986=VECTOR('',#985,29.);
#987=LINE('',#984,#986);
#988=EDGE_CURVE('',#975,#983,#987,.T.);
#989=ORIENTED_EDGE('',*,*,#988,.T.);
#990=CARTESIAN_POINT('',(655.552701793,294.321886304,590.747649887));
#991=VERTEX_POINT('',#990);
#992=CARTESIAN_POINT('',(655.552701793,294.321886304,599.73901744));
#993=DIRECTION('',(-0.,-0.,-1.));
#994=VECTOR('',#993,8.991367553);
#995=LINE('',#992,#994);
#996=EDGE_CURVE('',#983,#991,#995,.T.);
#997=ORIENTED_EDGE('',*,*,#996,.T.);
#998=CARTESIAN_POINT('',(656.552701793,294.321886304,590.747649887));
#999=DIRECTION('',(0.,-1.,0.));
#1000=DIRECTION('',(-0.,-0.,-1.));
#1001=AXIS2_PLACEMENT_3D('',#998,#999,#1000);
#1002=CIRCLE('',#1001,1.);
#1003=EDGE_CURVE('',#991,#958,#1002,.T.);
#1004=ORIENTED_EDGE('',*,*,#1003,.T.);
#1005=EDGE_LOOP('',(#964,#973,#981,#989,#997,#1004));
#1006=FACE_BOUND('',#1005,.T.);
#1007=ADVANCED_FACE('',(#954,#1006),#884,.F.);
#1008=CARTESIAN_POINT('',(684.552701793,15.177533831,649.676641332));
#1009=DIRECTION('',(-1.,-0.,0.));
#1010=DIRECTION('',(0.,-0.000223459,0.999999975));
#1011=AXIS2_PLACEMENT_3D('',#1008,#1009,#1010);
#1012=PLANE('',#1011);
#1013=CARTESIAN_POINT('',(684.552701793,298.31961407,590.760640802));
#1014=VERTEX_POINT('',#1013);
#1015=CARTESIAN_POINT('',(684.552701793,294.321886304,590.760640802));
#1016=DIRECTION('',(-0.,1.,-0.));
#1017=VECTOR('',#1016,3.997727766);
#1018=LINE('',#1015,#1017);
#1019=EDGE_CURVE('',#966,#1014,#1018,.T.);
#1020=ORIENTED_EDGE('',*,*,#1019,.T.);
#1021=CARTESIAN_POINT('',(684.552701793,298.31961407,613.739911118));
#1022=VERTEX_POINT('',#1021);
#1023=CARTESIAN_POINT('',(684.552701793,298.31961407,590.760640802));
#1024=DIRECTION('',(0.,0.,1.));
#1025=VECTOR('',#1024,22.979270316);
#1026=LINE('',#1023,#1025);
#1027=EDGE_CURVE('',#1014,#1022,#1026,.T.);
#1028=ORIENTED_EDGE('',*,*,#1027,.T.);
#1029=CARTESIAN_POINT('',(684.552701793,291.31961427,613.738346904));
#1030=VERTEX_POINT('',#1029);
#1031=CARTESIAN_POINT('',(684.552701793,298.31961407,613.739911118));
#1032=DIRECTION('',(0.,-0.999999975,-0.000223459));
#1033=VECTOR('',#1032,6.999999975);
#1034=LINE('',#1031,#1033);
#1035=EDGE_CURVE('',#1022,#1030,#1034,.T.);
#1036=ORIENTED_EDGE('',*,*,#1035,.T.);
#1037=CARTESIAN_POINT('',(684.552701793,291.320284647,610.738346979));
#1038=VERTEX_POINT('',#1037);
#1039=CARTESIAN_POINT('',(684.552701793,291.31961427,613.738346904));
#1040=DIRECTION('',(-0.,0.000223459,-0.999999975));
#1041=VECTOR('',#1040,3.);
#1042=LINE('',#1039,#1041);
#1043=EDGE_CURVE('',#1030,#1038,#1042,.T.);
#1044=ORIENTED_EDGE('',*,*,#1043,.T.);
#1045=CARTESIAN_POINT('',(684.552701793,294.320284572,610.739017356));
#1046=VERTEX_POINT('',#1045);
#1047=CARTESIAN_POINT('',(684.552701793,291.320284647,610.738346979));
#1048=DIRECTION('',(-0.,0.999999975,0.000223459));
#1049=VECTOR('',#1048,3.);
#1050=LINE('',#1047,#1049);
#1051=EDGE_CURVE('',#1038,#1046,#1050,.T.);
#1052=ORIENTED_EDGE('',*,*,#1051,.T.);
#1053=CARTESIAN_POINT('',(684.552701793,294.322742623,599.739017631));
#1054=VERTEX_POINT('',#1053);
#1055=CARTESIAN_POINT('',(684.552701793,294.320284572,610.739017356));
#1056=DIRECTION('',(-0.,0.000223459,-0.999999975));
#1057=VECTOR('',#1056,11.);
#1058=LINE('',#1055,#1057);
#1059=EDGE_CURVE('',#1046,#1054,#1058,.T.);
#1060=ORIENTED_EDGE('',*,*,#1059,.T.);
#1061=CARTESIAN_POINT('',(684.552701793,294.322742623,599.739017631));
#1062=DIRECTION('',(0.,-0.999999975,-0.000223459));
#1063=VECTOR('',#1062,0.000856318);
#1064=LINE('',#1061,#1063);
#1065=EDGE_CURVE('',#1054,#975,#1064,.T.);
#1066=ORIENTED_EDGE('',*,*,#1065,.T.);
#1067=ORIENTED_EDGE('',*,*,#980,.T.);
#1068=EDGE_LOOP('',(#1020,#1028,#1036,#1044,#1052,#1060,#1066,#1067));
#1069=FACE_BOUND('',#1068,.T.);
#1070=ADVANCED_FACE('',(#1069),#1012,.F.);
#1071=CARTESIAN_POINT('',(655.552701793,15.177533831,649.676641332));
#1072=DIRECTION('',(-1.,-0.,0.));
#1073=DIRECTION('',(0.,-0.000223459,0.999999975));
#1074=AXIS2_PLACEMENT_3D('',#1071,#1072,#1073);
#1075=PLANE('',#1074);
#1076=CARTESIAN_POINT('',(655.552701793,291.31961427,613.738346904));
#1077=VERTEX_POINT('',#1076);
#1078=CARTESIAN_POINT('',(655.552701793,298.31961407,613.739911118));
#1079=VERTEX_POINT('',#1078);
#1080=CARTESIAN_POINT('',(655.552701793,291.31961427,613.738346904));
#1081=DIRECTION('',(-0.,0.999999975,0.000223459));
#1082=VECTOR('',#1081,6.999999975);
#1083=LINE('',#1080,#1082);
#1084=EDGE_CURVE('',#1077,#1079,#1083,.T.);
#1085=ORIENTED_EDGE('',*,*,#1084,.T.);
#1086=CARTESIAN_POINT('',(655.552701793,298.31961407,590.747649887));
#1087=VERTEX_POINT('',#1086);
#1088=CARTESIAN_POINT('',(655.552701793,298.31961407,613.739911118));
#1089=DIRECTION('',(-0.,-0.,-1.));
#1090=VECTOR('',#1089,22.992261231);
#1091=LINE('',#1088,#1090);
#1092=EDGE_CURVE('',#1079,#1087,#1091,.T.);
#1093=ORIENTED_EDGE('',*,*,#1092,.T.);
#1094=CARTESIAN_POINT('',(655.552701793,298.31961407,590.747649887));
#1095=DIRECTION('',(0.,-1.,0.));
#1096=VECTOR('',#1095,3.997727766);
#1097=LINE('',#1094,#1096);
#1098=EDGE_CURVE('',#1087,#991,#1097,.T.);
#1099=ORIENTED_EDGE('',*,*,#1098,.T.);
#1100=ORIENTED_EDGE('',*,*,#996,.F.);
#1101=CARTESIAN_POINT('',(655.552701793,294.322742623,599.739017631));
#1102=VERTEX_POINT('',#1101);
#1103=CARTESIAN_POINT('',(655.552701793,294.322742623,599.739017631));
#1104=DIRECTION('',(0.,-0.999999975,-0.000223459));
#1105=VECTOR('',#1104,0.000856318);
#1106=LINE('',#1103,#1105);
#1107=EDGE_CURVE('',#1102,#983,#1106,.T.);
#1108=ORIENTED_EDGE('',*,*,#1107,.F.);
#1109=CARTESIAN_POINT('',(655.552701793,294.320284572,610.739017356));
#1110=VERTEX_POINT('',#1109);
#1111=CARTESIAN_POINT('',(655.552701793,294.320284572,610.739017356));
#1112=DIRECTION('',(-0.,0.000223459,-0.999999975));
#1113=VECTOR('',#1112,11.);
#1114=LINE('',#1111,#1113);
#1115=EDGE_CURVE('',#1110,#1102,#1114,.T.);
#1116=ORIENTED_EDGE('',*,*,#1115,.F.);
#1117=CARTESIAN_POINT('',(655.552701793,291.320284647,610.738346979));
#1118=VERTEX_POINT('',#1117);
#1119=CARTESIAN_POINT('',(655.552701793,294.320284572,610.739017356));
#1120=DIRECTION('',(0.,-0.999999975,-0.000223459));
#1121=VECTOR('',#1120,3.);
#1122=LINE('',#1119,#1121);
#1123=EDGE_CURVE('',#1110,#1118,#1122,.T.);
#1124=ORIENTED_EDGE('',*,*,#1123,.T.);
#1125=CARTESIAN_POINT('',(655.552701793,291.320284647,610.738346979));
#1126=DIRECTION('',(0.,-0.000223459,0.999999975));
#1127=VECTOR('',#1126,3.);
#1128=LINE('',#1125,#1127);
#1129=EDGE_CURVE('',#1118,#1077,#1128,.T.);
#1130=ORIENTED_EDGE('',*,*,#1129,.T.);
#1131=EDGE_LOOP('',(#1085,#1093,#1099,#1100,#1108,#1116,#1124,#1130));
#1132=FACE_BOUND('',#1131,.T.);
#1133=ADVANCED_FACE('',(#1132),#1075,.T.);
#1134=CARTESIAN_POINT('',(681.852701793,294.321886304,596.735573154));
#1135=DIRECTION('',(1.,-0.,-0.));
#1136=DIRECTION('',(-0.,-0.,-1.));
#1137=AXIS2_PLACEMENT_3D('',#1134,#1135,#1136);
#1138=PLANE('',#1137);
#1139=CARTESIAN_POINT('',(681.852701793,293.221886304,594.735573154));
#1140=VERTEX_POINT('',#1139);
#1141=CARTESIAN_POINT('',(681.852701793,196.321886304,594.735573154));
#1142=VERTEX_POINT('',#1141);
#1143=CARTESIAN_POINT('',(681.852701793,293.221886304,594.735573154));
#1144=DIRECTION('',(0.,-1.,0.));
#1145=VECTOR('',#1144,96.9);
#1146=LINE('',#1143,#1145);
#1147=EDGE_CURVE('',#1140,#1142,#1146,.T.);
#1148=ORIENTED_EDGE('',*,*,#1147,.T.);
#1149=CARTESIAN_POINT('',(681.852701793,196.321886304,593.735573029));
#1150=VERTEX_POINT('',#1149);
#1151=CARTESIAN_POINT('',(681.852701793,196.321886304,594.735573154));
#1152=DIRECTION('',(-0.,-0.,-1.));
#1153=VECTOR('',#1152,1.000000125);
#1154=LINE('',#1151,#1153);
#1155=EDGE_CURVE('',#1142,#1150,#1154,.T.);
#1156=ORIENTED_EDGE('',*,*,#1155,.T.);
#1157=CARTESIAN_POINT('',(681.852701793,293.221886304,593.735573029));
#1158=VERTEX_POINT('',#1157);
#1159=CARTESIAN_POINT('',(681.852701793,196.321886304,593.735573029));
#1160=DIRECTION('',(-0.,1.,-0.));
#1161=VECTOR('',#1160,96.9);
#1162=LINE('',#1159,#1161);
#1163=EDGE_CURVE('',#1150,#1158,#1162,.T.);
#1164=ORIENTED_EDGE('',*,*,#1163,.T.);
#1165=CARTESIAN_POINT('',(681.852701793,293.221886304,593.735573029));
#1166=DIRECTION('',(0.,0.,1.));
#1167=VECTOR('',#1166,1.000000125);
#1168=LINE('',#1165,#1167);
#1169=EDGE_CURVE('',#1158,#1140,#1168,.T.);
#1170=ORIENTED_EDGE('',*,*,#1169,.T.);
#1171=EDGE_LOOP('',(#1148,#1156,#1164,#1170));
#1172=FACE_BOUND('',#1171,.T.);
#1173=ADVANCED_FACE('',(#1172),#1138,.T.);
#1174=CARTESIAN_POINT('',(658.252701793,294.321886304,591.735573029));
#1175=DIRECTION('',(-1.,0.,0.));
#1176=DIRECTION('',(0.,0.,1.));
#1177=AXIS2_PLACEMENT_3D('',#1174,#1175,#1176);
#1178=PLANE('',#1177);
#1179=CARTESIAN_POINT('',(658.252701793,293.221886304,593.735573029));
#1180=VERTEX_POINT('',#1179);
#1181=CARTESIAN_POINT('',(658.252701793,196.321886304,593.735573029));
#1182=VERTEX_POINT('',#1181);
#1183=CARTESIAN_POINT('',(658.252701793,293.221886304,593.735573029));
#1184=DIRECTION('',(0.,-1.,0.));
#1185=VECTOR('',#1184,96.9);
#1186=LINE('',#1183,#1185);
#1187=EDGE_CURVE('',#1180,#1182,#1186,.T.);
#1188=ORIENTED_EDGE('',*,*,#1187,.T.);
#1189=CARTESIAN_POINT('',(658.252701793,196.321886304,594.735573154));
#1190=VERTEX_POINT('',#1189);
#1191=CARTESIAN_POINT('',(658.252701793,196.321886304,593.735573029));
#1192=DIRECTION('',(0.,0.,1.));
#1193=VECTOR('',#1192,1.000000125);
#1194=LINE('',#1191,#1193);
#1195=EDGE_CURVE('',#1182,#1190,#1194,.T.);
#1196=ORIENTED_EDGE('',*,*,#1195,.T.);
#1197=CARTESIAN_POINT('',(658.252701793,293.221886304,594.735573154));
#1198=VERTEX_POINT('',#1197);
#1199=CARTESIAN_POINT('',(658.252701793,196.321886304,594.735573154));
#1200=DIRECTION('',(-0.,1.,-0.));
#1201=VECTOR('',#1200,96.9);
#1202=LINE('',#1199,#1201);
#1203=EDGE_CURVE('',#1190,#1198,#1202,.T.);
#1204=ORIENTED_EDGE('',*,*,#1203,.T.);
#1205=CARTESIAN_POINT('',(658.252701793,293.221886304,594.735573154));
#1206=DIRECTION('',(-0.,-0.,-1.));
#1207=VECTOR('',#1206,1.000000125);
#1208=LINE('',#1205,#1207);
#1209=EDGE_CURVE('',#1198,#1180,#1208,.T.);
#1210=ORIENTED_EDGE('',*,*,#1209,.T.);
#1211=EDGE_LOOP('',(#1188,#1196,#1204,#1210));
#1212=FACE_BOUND('',#1211,.T.);
#1213=ADVANCED_FACE('',(#1212),#1178,.T.);
#1214=CARTESIAN_POINT('',(685.052701793,249.322743746,599.72896197));
#1215=DIRECTION('',(0.,-0.000223459,0.999999975));
#1216=DIRECTION('',(-0.,0.999999975,0.000223459));
#1217=AXIS2_PLACEMENT_3D('',#1214,#1215,#1216);
#1218=PLANE('',#1217);
#1219=ORIENTED_EDGE('',*,*,#988,.F.);
#1220=ORIENTED_EDGE('',*,*,#1065,.F.);
#1221=CARTESIAN_POINT('',(684.552701793,294.322742623,599.739017631));
#1222=DIRECTION('',(-1.,0.,0.));
#1223=VECTOR('',#1222,29.);
#1224=LINE('',#1221,#1223);
#1225=EDGE_CURVE('',#1054,#1102,#1224,.T.);
#1226=ORIENTED_EDGE('',*,*,#1225,.T.);
#1227=ORIENTED_EDGE('',*,*,#1107,.T.);
#1228=EDGE_LOOP('',(#1219,#1220,#1226,#1227));
#1229=FACE_BOUND('',#1228,.T.);
#1230=ADVANCED_FACE('',(#1229),#1218,.T.);
#1231=CARTESIAN_POINT('',(685.052701793,294.321625327,604.739017506));
#1232=DIRECTION('',(-0.,-0.999999975,-0.000223459));
#1233=DIRECTION('',(0.,-0.000223459,0.999999975));
#1234=AXIS2_PLACEMENT_3D('',#1231,#1232,#1233);
#1235=PLANE('',#1234);
#1236=ORIENTED_EDGE('',*,*,#1225,.F.);
#1237=ORIENTED_EDGE('',*,*,#1059,.F.);
#1238=CARTESIAN_POINT('',(683.552701793,294.320508032,609.739017381));
#1239=VERTEX_POINT('',#1238);
#1240=CARTESIAN_POINT('',(683.552701793,294.320284572,610.739017356));
#1241=DIRECTION('',(0.,0.999999975,0.000223459));
#1242=DIRECTION('',(-0.,0.000223459,-0.999999975));
#1243=AXIS2_PLACEMENT_3D('',#1240,#1241,#1242);
#1244=CIRCLE('',#1243,1.);
#1245=EDGE_CURVE('',#1046,#1239,#1244,.T.);
#1246=ORIENTED_EDGE('',*,*,#1245,.T.);
#1247=CARTESIAN_POINT('',(656.552701793,294.320508032,609.739017381));
#1248=VERTEX_POINT('',#1247);
#1249=CARTESIAN_POINT('',(683.552701793,294.320508032,609.739017381));
#1250=DIRECTION('',(-1.,0.,0.));
#1251=VECTOR('',#1250,27.);
#1252=LINE('',#1249,#1251);
#1253=EDGE_CURVE('',#1239,#1248,#1252,.T.);
#1254=ORIENTED_EDGE('',*,*,#1253,.T.);
#1255=CARTESIAN_POINT('',(656.552701793,294.320284572,610.739017356));
#1256=DIRECTION('',(0.,0.999999975,0.000223459));
#1257=DIRECTION('',(-0.,0.000223459,-0.999999975));
#1258=AXIS2_PLACEMENT_3D('',#1255,#1256,#1257);
#1259=CIRCLE('',#1258,1.);
#1260=EDGE_CURVE('',#1248,#1110,#1259,.T.);
#1261=ORIENTED_EDGE('',*,*,#1260,.T.);
#1262=ORIENTED_EDGE('',*,*,#1115,.T.);
#1263=EDGE_LOOP('',(#1236,#1237,#1246,#1254,#1261,#1262));
#1264=FACE_BOUND('',#1263,.T.);
#1265=ADVANCED_FACE('',(#1264),#1235,.T.);
#1266=CARTESIAN_POINT('',(685.052701793,289.320508156,609.737900086));
#1267=DIRECTION('',(-0.,0.000223459,-0.999999975));
#1268=DIRECTION('',(0.,-0.999999975,-0.000223459));
#1269=AXIS2_PLACEMENT_3D('',#1266,#1267,#1268);
#1270=PLANE('',#1269);
#1271=ORIENTED_EDGE('',*,*,#1253,.F.);
#1272=CARTESIAN_POINT('',(683.552701793,291.320508106,609.738347004));
#1273=VERTEX_POINT('',#1272);
#1274=CARTESIAN_POINT('',(683.552701793,294.320508032,609.739017381));
#1275=DIRECTION('',(0.,-0.999999975,-0.000223459));
#1276=VECTOR('',#1275,3.);
#1277=LINE('',#1274,#1276);
#1278=EDGE_CURVE('',#1239,#1273,#1277,.T.);
#1279=ORIENTED_EDGE('',*,*,#1278,.T.);
#1280=CARTESIAN_POINT('',(656.552701793,291.320508106,609.738347004));
#1281=VERTEX_POINT('',#1280);
#1282=CARTESIAN_POINT('',(683.552701793,291.320508106,609.738347004));
#1283=DIRECTION('',(-1.,0.,0.));
#1284=VECTOR('',#1283,27.);
#1285=LINE('',#1282,#1284);
#1286=EDGE_CURVE('',#1273,#1281,#1285,.T.);
#1287=ORIENTED_EDGE('',*,*,#1286,.T.);
#1288=CARTESIAN_POINT('',(656.552701793,291.320508106,609.738347004));
#1289=DIRECTION('',(-0.,0.999999975,0.000223459));
#1290=VECTOR('',#1289,3.);
#1291=LINE('',#1288,#1290);
#1292=EDGE_CURVE('',#1281,#1248,#1291,.T.);
#1293=ORIENTED_EDGE('',*,*,#1292,.T.);
#1294=EDGE_LOOP('',(#1271,#1279,#1287,#1293));
#1295=FACE_BOUND('',#1294,.T.);
#1296=ADVANCED_FACE('',(#1295),#1270,.T.);
#1297=CARTESIAN_POINT('',(685.052701793,290.319949484,612.238123482));
#1298=DIRECTION('',(-0.,-0.999999975,-0.000223459));
#1299=DIRECTION('',(0.,-0.000223459,0.999999975));
#1300=AXIS2_PLACEMENT_3D('',#1297,#1298,#1299);
#1301=PLANE('',#1300);
#1302=CARTESIAN_POINT('',(683.552701793,290.319614295,613.738123445));
#1303=VERTEX_POINT('',#1302);
#1304=CARTESIAN_POINT('',(656.552701793,290.319614295,613.738123445));
#1305=VERTEX_POINT('',#1304);
#1306=CARTESIAN_POINT('',(683.552701793,290.319614295,613.738123445));
#1307=DIRECTION('',(-1.,0.,0.));
#1308=VECTOR('',#1307,27.);
#1309=LINE('',#1306,#1308);
#1310=EDGE_CURVE('',#1303,#1305,#1309,.T.);
#1311=ORIENTED_EDGE('',*,*,#1310,.T.);
#1312=CARTESIAN_POINT('',(656.552701793,290.320284672,610.73812352));
#1313=VERTEX_POINT('',#1312);
#1314=CARTESIAN_POINT('',(656.552701793,290.319614295,613.738123445));
#1315=DIRECTION('',(-0.,0.000223459,-0.999999975));
#1316=VECTOR('',#1315,3.);
#1317=LINE('',#1314,#1316);
#1318=EDGE_CURVE('',#1305,#1313,#1317,.T.);
#1319=ORIENTED_EDGE('',*,*,#1318,.T.);
#1320=CARTESIAN_POINT('',(683.552701793,290.320284672,610.73812352));
#1321=VERTEX_POINT('',#1320);
#1322=CARTESIAN_POINT('',(656.552701793,290.320284672,610.73812352));
#1323=DIRECTION('',(1.,-0.,-0.));
#1324=VECTOR('',#1323,27.);
#1325=LINE('',#1322,#1324);
#1326=EDGE_CURVE('',#1313,#1321,#1325,.T.);
#1327=ORIENTED_EDGE('',*,*,#1326,.T.);
#1328=CARTESIAN_POINT('',(683.552701793,290.320284672,610.73812352));
#1329=DIRECTION('',(0.,-0.000223459,0.999999975));
#1330=VECTOR('',#1329,3.);
#1331=LINE('',#1328,#1330);
#1332=EDGE_CURVE('',#1321,#1303,#1331,.T.);
#1333=ORIENTED_EDGE('',*,*,#1332,.T.);
#1334=EDGE_LOOP('',(#1311,#1319,#1327,#1333));
#1335=FACE_BOUND('',#1334,.T.);
#1336=ADVANCED_FACE('',(#1335),#1301,.T.);
#1337=CARTESIAN_POINT('',(685.052701793,291.819390798,614.738458609));
#1338=DIRECTION('',(0.,-0.000223459,0.999999975));
#1339=DIRECTION('',(-0.,0.999999975,0.000223459));
#1340=AXIS2_PLACEMENT_3D('',#1337,#1338,#1339);
#1341=PLANE('',#1340);
#1342=CARTESIAN_POINT('',(683.552701793,291.319390811,614.738346879));
#1343=VERTEX_POINT('',#1342);
#1344=CARTESIAN_POINT('',(683.552701793,298.319390611,614.739911093));
#1345=VERTEX_POINT('',#1344);
#1346=CARTESIAN_POINT('',(683.552701793,291.319390811,614.738346879));
#1347=DIRECTION('',(-0.,0.999999975,0.000223459));
#1348=VECTOR('',#1347,6.999999975);
#1349=LINE('',#1346,#1348);
#1350=EDGE_CURVE('',#1343,#1345,#1349,.T.);
#1351=ORIENTED_EDGE('',*,*,#1350,.T.);
#1352=CARTESIAN_POINT('',(656.552701793,298.319390611,614.739911093));
#1353=VERTEX_POINT('',#1352);
#1354=CARTESIAN_POINT('',(683.552701793,298.319390611,614.739911093));
#1355=DIRECTION('',(-1.,0.,0.));
#1356=VECTOR('',#1355,27.);
#1357=LINE('',#1354,#1356);
#1358=EDGE_CURVE('',#1345,#1353,#1357,.T.);
#1359=ORIENTED_EDGE('',*,*,#1358,.T.);
#1360=CARTESIAN_POINT('',(656.552701793,291.319390811,614.738346879));
#1361=VERTEX_POINT('',#1360);
#1362=CARTESIAN_POINT('',(656.552701793,298.319390611,614.739911093));
#1363=DIRECTION('',(0.,-0.999999975,-0.000223459));
#1364=VECTOR('',#1363,6.999999975);
#1365=LINE('',#1362,#1364);
#1366=EDGE_CURVE('',#1353,#1361,#1365,.T.);
#1367=ORIENTED_EDGE('',*,*,#1366,.T.);
#1368=CARTESIAN_POINT('',(656.552701793,291.319390811,614.738346879));
#1369=DIRECTION('',(1.,-0.,-0.));
#1370=VECTOR('',#1369,27.);
#1371=LINE('',#1368,#1370);
#1372=EDGE_CURVE('',#1361,#1343,#1371,.T.);
#1373=ORIENTED_EDGE('',*,*,#1372,.T.);
#1374=EDGE_LOOP('',(#1351,#1359,#1367,#1373));
#1375=FACE_BOUND('',#1374,.T.);
#1376=ADVANCED_FACE('',(#1375),#1341,.T.);
#1377=CARTESIAN_POINT('',(680.052701793,294.321886304,593.735573029));
#1378=DIRECTION('',(-0.,1.,-0.));
#1379=DIRECTION('',(0.,0.,1.));
#1380=AXIS2_PLACEMENT_3D('',#1377,#1378,#1379);
#1381=CYLINDRICAL_SURFACE('',#1380,1.8);
#1382=ORIENTED_EDGE('',*,*,#1163,.F.);
#1383=CARTESIAN_POINT('',(680.052701793,196.321886304,593.735573029));
#1384=DIRECTION('',(0.,1.,0.));
#1385=DIRECTION('',(0.,-0.,1.));
#1386=AXIS2_PLACEMENT_3D('',#1383,#1384,#1385);
#1387=CIRCLE('',#1386,1.8);
#1388=EDGE_CURVE('',#1150,#316,#1387,.T.);
#1389=ORIENTED_EDGE('',*,*,#1388,.T.);
#1390=ORIENTED_EDGE('',*,*,#321,.F.);
#1391=ORIENTED_EDGE('',*,*,#185,.F.);
#1392=ORIENTED_EDGE('',*,*,#106,.F.);
#1393=CARTESIAN_POINT('',(680.052701793,293.221886304,593.735573029));
#1394=DIRECTION('',(-0.,-1.,-0.));
#1395=DIRECTION('',(0.,-0.,1.));
#1396=AXIS2_PLACEMENT_3D('',#1393,#1394,#1395);
#1397=CIRCLE('',#1396,1.8);
#1398=EDGE_CURVE('',#93,#1158,#1397,.T.);
#1399=ORIENTED_EDGE('',*,*,#1398,.T.);
#1400=EDGE_LOOP('',(#1382,#1389,#1390,#1391,#1392,#1399));
#1401=FACE_BOUND('',#1400,.T.);
#1402=ADVANCED_FACE('',(#1401),#1381,.T.);
#1403=CARTESIAN_POINT('',(680.052701793,294.321886304,594.735573154));
#1404=DIRECTION('',(-0.,1.,-0.));
#1405=DIRECTION('',(0.,0.,1.));
#1406=AXIS2_PLACEMENT_3D('',#1403,#1404,#1405);
#1407=CYLINDRICAL_SURFACE('',#1406,1.8);
#1408=ORIENTED_EDGE('',*,*,#686,.F.);
#1409=CARTESIAN_POINT('',(680.052701793,196.321886304,594.735573154));
#1410=DIRECTION('',(0.,1.,0.));
#1411=DIRECTION('',(0.,-0.,1.));
#1412=AXIS2_PLACEMENT_3D('',#1409,#1410,#1411);
#1413=CIRCLE('',#1412,1.8);
#1414=EDGE_CURVE('',#673,#1142,#1413,.T.);
#1415=ORIENTED_EDGE('',*,*,#1414,.T.);
#1416=ORIENTED_EDGE('',*,*,#1147,.F.);
#1417=CARTESIAN_POINT('',(680.052701793,293.221886304,594.735573154));
#1418=DIRECTION('',(-0.,-1.,-0.));
#1419=DIRECTION('',(0.,-0.,1.));
#1420=AXIS2_PLACEMENT_3D('',#1417,#1418,#1419);
#1421=CIRCLE('',#1420,1.8);
#1422=EDGE_CURVE('',#1140,#681,#1421,.T.);
#1423=ORIENTED_EDGE('',*,*,#1422,.T.);
#1424=EDGE_LOOP('',(#1408,#1415,#1416,#1423));
#1425=FACE_BOUND('',#1424,.T.);
#1426=ADVANCED_FACE('',(#1425),#1407,.T.);
#1427=CARTESIAN_POINT('',(660.052701793,294.321886304,593.735573029));
#1428=DIRECTION('',(-0.,1.,-0.));
#1429=DIRECTION('',(0.,0.,1.));
#1430=AXIS2_PLACEMENT_3D('',#1427,#1428,#1429);
#1431=CYLINDRICAL_SURFACE('',#1430,1.8);
#1432=ORIENTED_EDGE('',*,*,#357,.F.);
#1433=CARTESIAN_POINT('',(660.052701793,196.321886304,593.735573029));
#1434=DIRECTION('',(0.,1.,0.));
#1435=DIRECTION('',(0.,-0.,1.));
#1436=AXIS2_PLACEMENT_3D('',#1433,#1434,#1435);
#1437=CIRCLE('',#1436,1.8);
#1438=EDGE_CURVE('',#346,#1182,#1437,.T.);
#1439=ORIENTED_EDGE('',*,*,#1438,.T.);
#1440=ORIENTED_EDGE('',*,*,#1187,.F.);
#1441=CARTESIAN_POINT('',(660.052701793,293.221886304,593.735573029));
#1442=DIRECTION('',(-0.,-1.,-0.));
#1443=DIRECTION('',(0.,-0.,1.));
#1444=AXIS2_PLACEMENT_3D('',#1441,#1442,#1443);
#1445=CIRCLE('',#1444,1.8);
#1446=EDGE_CURVE('',#1180,#85,#1445,.T.);
#1447=ORIENTED_EDGE('',*,*,#1446,.T.);
#1448=ORIENTED_EDGE('',*,*,#90,.F.);
#1449=ORIENTED_EDGE('',*,*,#223,.F.);
#1450=EDGE_LOOP('',(#1432,#1439,#1440,#1447,#1448,#1449));
#1451=FACE_BOUND('',#1450,.T.);
#1452=ADVANCED_FACE('',(#1451),#1431,.T.);
#1453=CARTESIAN_POINT('',(660.052701793,294.321886304,594.735573154));
#1454=DIRECTION('',(-0.,1.,-0.));
#1455=DIRECTION('',(0.,0.,1.));
#1456=AXIS2_PLACEMENT_3D('',#1453,#1454,#1455);
#1457=CYLINDRICAL_SURFACE('',#1456,1.8);
#1458=ORIENTED_EDGE('',*,*,#1203,.F.);
#1459=CARTESIAN_POINT('',(660.052701793,196.321886304,594.735573154));
#1460=DIRECTION('',(0.,1.,0.));
#1461=DIRECTION('',(0.,-0.,1.));
#1462=AXIS2_PLACEMENT_3D('',#1459,#1460,#1461);
#1463=CIRCLE('',#1462,1.8);
#1464=EDGE_CURVE('',#1190,#697,#1463,.T.);
#1465=ORIENTED_EDGE('',*,*,#1464,.T.);
#1466=ORIENTED_EDGE('',*,*,#702,.F.);
#1467=CARTESIAN_POINT('',(660.052701793,293.221886304,594.735573154));
#1468=DIRECTION('',(-0.,-1.,-0.));
#1469=DIRECTION('',(0.,-0.,1.));
#1470=AXIS2_PLACEMENT_3D('',#1467,#1468,#1469);
#1471=CIRCLE('',#1470,1.8);
#1472=EDGE_CURVE('',#689,#1198,#1471,.T.);
#1473=ORIENTED_EDGE('',*,*,#1472,.T.);
#1474=EDGE_LOOP('',(#1458,#1465,#1466,#1473));
#1475=FACE_BOUND('',#1474,.T.);
#1476=ADVANCED_FACE('',(#1475),#1457,.T.);
#1477=CARTESIAN_POINT('',(683.552701793,291.311569741,649.738346005));
#1478=DIRECTION('',(0.,-0.000223459,0.999999975));
#1479=DIRECTION('',(-0.,-0.999999975,-0.000223459));
#1480=AXIS2_PLACEMENT_3D('',#1477,#1478,#1479);
#1481=CYLINDRICAL_SURFACE('',#1480,1.);
#1482=ORIENTED_EDGE('',*,*,#1332,.F.);
#1483=CARTESIAN_POINT('',(683.552701793,291.320284647,610.738346979));
#1484=DIRECTION('',(0.,-0.000223459,0.999999975));
#1485=DIRECTION('',(-0.,-0.999999975,-0.000223459));
#1486=AXIS2_PLACEMENT_3D('',#1483,#1484,#1485);
#1487=CIRCLE('',#1486,1.);
#1488=EDGE_CURVE('',#1321,#1038,#1487,.T.);
#1489=ORIENTED_EDGE('',*,*,#1488,.T.);
#1490=ORIENTED_EDGE('',*,*,#1043,.F.);
#1491=CARTESIAN_POINT('',(683.552701793,291.31961427,613.738346904));
#1492=DIRECTION('',(-0.,0.000223459,-0.999999975));
#1493=DIRECTION('',(-0.,-0.999999975,-0.000223459));
#1494=AXIS2_PLACEMENT_3D('',#1491,#1492,#1493);
#1495=CIRCLE('',#1494,1.);
#1496=EDGE_CURVE('',#1030,#1303,#1495,.T.);
#1497=ORIENTED_EDGE('',*,*,#1496,.T.);
#1498=EDGE_LOOP('',(#1482,#1489,#1490,#1497));
#1499=FACE_BOUND('',#1498,.T.);
#1500=ADVANCED_FACE('',(#1499),#1481,.T.);
#1501=CARTESIAN_POINT('',(685.052701793,291.31961427,613.738346904));
#1502=DIRECTION('',(-1.,0.,0.));
#1503=DIRECTION('',(0.,0.,1.));
#1504=AXIS2_PLACEMENT_3D('',#1501,#1502,#1503);
#1505=CYLINDRICAL_SURFACE('',#1504,1.);
#1506=ORIENTED_EDGE('',*,*,#1372,.F.);
#1507=CARTESIAN_POINT('',(656.552701793,291.31961427,613.738346904));
#1508=DIRECTION('',(1.,-0.,-0.));
#1509=DIRECTION('',(0.,0.,1.));
#1510=AXIS2_PLACEMENT_3D('',#1507,#1508,#1509);
#1511=CIRCLE('',#1510,1.);
#1512=EDGE_CURVE('',#1361,#1305,#1511,.T.);
#1513=ORIENTED_EDGE('',*,*,#1512,.T.);
#1514=ORIENTED_EDGE('',*,*,#1310,.F.);
#1515=CARTESIAN_POINT('',(683.552701793,291.31961427,613.738346904));
#1516=DIRECTION('',(-1.,0.,0.));
#1517=DIRECTION('',(0.,0.,1.));
#1518=AXIS2_PLACEMENT_3D('',#1515,#1516,#1517);
#1519=CIRCLE('',#1518,1.);
#1520=EDGE_CURVE('',#1303,#1343,#1519,.T.);
#1521=ORIENTED_EDGE('',*,*,#1520,.T.);
#1522=EDGE_LOOP('',(#1506,#1513,#1514,#1521));
#1523=FACE_BOUND('',#1522,.T.);
#1524=ADVANCED_FACE('',(#1523),#1505,.T.);
#1525=CARTESIAN_POINT('',(685.052701793,291.320284647,610.738346979));
#1526=DIRECTION('',(-1.,0.,0.));
#1527=DIRECTION('',(0.,0.,1.));
#1528=AXIS2_PLACEMENT_3D('',#1525,#1526,#1527);
#1529=CYLINDRICAL_SURFACE('',#1528,1.);
#1530=ORIENTED_EDGE('',*,*,#1286,.F.);
#1531=CARTESIAN_POINT('',(683.552701793,291.320284647,610.738346979));
#1532=DIRECTION('',(-1.,0.,0.));
#1533=DIRECTION('',(0.,0.,1.));
#1534=AXIS2_PLACEMENT_3D('',#1531,#1532,#1533);
#1535=CIRCLE('',#1534,1.);
#1536=EDGE_CURVE('',#1273,#1321,#1535,.T.);
#1537=ORIENTED_EDGE('',*,*,#1536,.T.);
#1538=ORIENTED_EDGE('',*,*,#1326,.F.);
#1539=CARTESIAN_POINT('',(656.552701793,291.320284647,610.738346979));
#1540=DIRECTION('',(1.,-0.,-0.));
#1541=DIRECTION('',(0.,0.,1.));
#1542=AXIS2_PLACEMENT_3D('',#1539,#1540,#1541);
#1543=CIRCLE('',#1542,1.);
#1544=EDGE_CURVE('',#1313,#1281,#1543,.T.);
#1545=ORIENTED_EDGE('',*,*,#1544,.T.);
#1546=EDGE_LOOP('',(#1530,#1537,#1538,#1545));
#1547=FACE_BOUND('',#1546,.T.);
#1548=ADVANCED_FACE('',(#1547),#1529,.T.);
#1549=CARTESIAN_POINT('',(656.552701793,291.319949459,612.238346942));
#1550=DIRECTION('',(-0.,0.000223459,-0.999999975));
#1551=DIRECTION('',(0.,0.999999975,0.000223459));
#1552=AXIS2_PLACEMENT_3D('',#1549,#1550,#1551);
#1553=CYLINDRICAL_SURFACE('',#1552,1.);
#1554=ORIENTED_EDGE('',*,*,#1129,.F.);
#1555=CARTESIAN_POINT('',(656.552701793,291.320284647,610.738346979));
#1556=DIRECTION('',(0.,-0.000223459,0.999999975));
#1557=DIRECTION('',(0.,0.999999975,0.000223459));
#1558=AXIS2_PLACEMENT_3D('',#1555,#1556,#1557);
#1559=CIRCLE('',#1558,1.);
#1560=EDGE_CURVE('',#1118,#1313,#1559,.T.);
#1561=ORIENTED_EDGE('',*,*,#1560,.T.);
#1562=ORIENTED_EDGE('',*,*,#1318,.F.);
#1563=CARTESIAN_POINT('',(656.552701793,291.31961427,613.738346904));
#1564=DIRECTION('',(-0.,0.000223459,-0.999999975));
#1565=DIRECTION('',(0.,0.999999975,0.000223459));
#1566=AXIS2_PLACEMENT_3D('',#1563,#1564,#1565);
#1567=CIRCLE('',#1566,1.);
#1568=EDGE_CURVE('',#1305,#1077,#1567,.T.);
#1569=ORIENTED_EDGE('',*,*,#1568,.T.);
#1570=EDGE_LOOP('',(#1554,#1561,#1562,#1569));
#1571=FACE_BOUND('',#1570,.T.);
#1572=ADVANCED_FACE('',(#1571),#1553,.T.);
#1573=CARTESIAN_POINT('',(683.552701793,291.31961427,613.738346904));
#1574=DIRECTION('',(0.,0.,1.));
#1575=DIRECTION('',(1.,-0.,-0.));
#1576=AXIS2_PLACEMENT_3D('',#1573,#1574,#1575);
#1577=SPHERICAL_SURFACE('',#1576,1.);
#1578=ORIENTED_EDGE('',*,*,#1520,.F.);
#1579=ORIENTED_EDGE('',*,*,#1496,.F.);
#1580=CARTESIAN_POINT('',(683.552701793,291.31961427,613.738346904));
#1581=DIRECTION('',(-0.,0.999999975,0.000223459));
#1582=DIRECTION('',(0.,-0.000223459,0.999999975));
#1583=AXIS2_PLACEMENT_3D('',#1580,#1581,#1582);
#1584=CIRCLE('',#1583,1.);
#1585=EDGE_CURVE('',#1343,#1030,#1584,.T.);
#1586=ORIENTED_EDGE('',*,*,#1585,.F.);
#1587=EDGE_LOOP('',(#1578,#1579,#1586));
#1588=FACE_BOUND('',#1587,.T.);
#1589=ADVANCED_FACE('',(#1588),#1577,.T.);
#1590=CARTESIAN_POINT('',(683.552701793,15.18557836,613.676642231));
#1591=DIRECTION('',(-0.,0.999999975,0.000223459));
#1592=DIRECTION('',(0.,-0.000223459,0.999999975));
#1593=AXIS2_PLACEMENT_3D('',#1590,#1591,#1592);
#1594=CYLINDRICAL_SURFACE('',#1593,1.);
#1595=ORIENTED_EDGE('',*,*,#1035,.F.);
#1596=CARTESIAN_POINT('',(683.552701793,298.31961407,613.739911118));
#1597=DIRECTION('',(0.,-0.999999975,-0.000223459));
#1598=DIRECTION('',(0.,-0.000223459,0.999999975));
#1599=AXIS2_PLACEMENT_3D('',#1596,#1597,#1598);
#1600=CIRCLE('',#1599,1.);
#1601=EDGE_CURVE('',#1022,#1345,#1600,.T.);
#1602=ORIENTED_EDGE('',*,*,#1601,.T.);
#1603=ORIENTED_EDGE('',*,*,#1350,.F.);
#1604=ORIENTED_EDGE('',*,*,#1585,.T.);
#1605=EDGE_LOOP('',(#1595,#1602,#1603,#1604));
#1606=FACE_BOUND('',#1605,.T.);
#1607=ADVANCED_FACE('',(#1606),#1594,.T.);
#1608=CARTESIAN_POINT('',(656.552701793,291.819614257,613.738458634));
#1609=DIRECTION('',(0.,-0.999999975,-0.000223459));
#1610=DIRECTION('',(-0.,0.000223459,-0.999999975));
#1611=AXIS2_PLACEMENT_3D('',#1608,#1609,#1610);
#1612=CYLINDRICAL_SURFACE('',#1611,1.);
#1613=ORIENTED_EDGE('',*,*,#1366,.F.);
#1614=CARTESIAN_POINT('',(656.552701793,298.31961407,613.739911118));
#1615=DIRECTION('',(0.,-0.999999975,-0.000223459));
#1616=DIRECTION('',(0.,0.000223459,-0.999999975));
#1617=AXIS2_PLACEMENT_3D('',#1614,#1615,#1616);
#1618=CIRCLE('',#1617,1.);
#1619=EDGE_CURVE('',#1353,#1079,#1618,.T.);
#1620=ORIENTED_EDGE('',*,*,#1619,.T.);
#1621=ORIENTED_EDGE('',*,*,#1084,.F.);
#1622=CARTESIAN_POINT('',(656.552701793,291.31961427,613.738346904));
#1623=DIRECTION('',(0.,-0.999999975,-0.000223459));
#1624=DIRECTION('',(-0.,0.000223459,-0.999999975));
#1625=AXIS2_PLACEMENT_3D('',#1622,#1623,#1624);
#1626=CIRCLE('',#1625,1.);
#1627=EDGE_CURVE('',#1361,#1077,#1626,.T.);
#1628=ORIENTED_EDGE('',*,*,#1627,.F.);
#1629=EDGE_LOOP('',(#1613,#1620,#1621,#1628));
#1630=FACE_BOUND('',#1629,.T.);
#1631=ADVANCED_FACE('',(#1630),#1612,.T.);
#1632=CARTESIAN_POINT('',(656.552701793,291.31961427,613.738346904));
#1633=DIRECTION('',(0.,0.,1.));
#1634=DIRECTION('',(1.,-0.,-0.));
#1635=AXIS2_PLACEMENT_3D('',#1632,#1633,#1634);
#1636=SPHERICAL_SURFACE('',#1635,1.);
#1637=ORIENTED_EDGE('',*,*,#1568,.F.);
#1638=ORIENTED_EDGE('',*,*,#1512,.F.);
#1639=ORIENTED_EDGE('',*,*,#1627,.T.);
#1640=EDGE_LOOP('',(#1637,#1638,#1639));
#1641=FACE_BOUND('',#1640,.T.);
#1642=ADVANCED_FACE('',(#1641),#1636,.T.);
#1643=CARTESIAN_POINT('',(683.552701793,15.186248737,610.676642306));
#1644=DIRECTION('',(0.,-0.999999975,-0.000223459));
#1645=DIRECTION('',(-0.,0.000223459,-0.999999975));
#1646=AXIS2_PLACEMENT_3D('',#1643,#1644,#1645);
#1647=CYLINDRICAL_SURFACE('',#1646,1.);
#1648=ORIENTED_EDGE('',*,*,#1245,.F.);
#1649=ORIENTED_EDGE('',*,*,#1051,.F.);
#1650=CARTESIAN_POINT('',(683.552701793,291.320284647,610.738346979));
#1651=DIRECTION('',(0.,-0.999999975,-0.000223459));
#1652=DIRECTION('',(-0.,0.000223459,-0.999999975));
#1653=AXIS2_PLACEMENT_3D('',#1650,#1651,#1652);
#1654=CIRCLE('',#1653,1.);
#1655=EDGE_CURVE('',#1273,#1038,#1654,.T.);
#1656=ORIENTED_EDGE('',*,*,#1655,.F.);
#1657=ORIENTED_EDGE('',*,*,#1278,.F.);
#1658=EDGE_LOOP('',(#1648,#1649,#1656,#1657));
#1659=FACE_BOUND('',#1658,.T.);
#1660=ADVANCED_FACE('',(#1659),#1647,.T.);
#1661=CARTESIAN_POINT('',(683.552701793,291.320284647,610.738346979));
#1662=DIRECTION('',(0.,0.,1.));
#1663=DIRECTION('',(1.,-0.,-0.));
#1664=AXIS2_PLACEMENT_3D('',#1661,#1662,#1663);
#1665=SPHERICAL_SURFACE('',#1664,1.);
#1666=ORIENTED_EDGE('',*,*,#1655,.T.);
#1667=ORIENTED_EDGE('',*,*,#1488,.F.);
#1668=ORIENTED_EDGE('',*,*,#1536,.F.);
#1669=EDGE_LOOP('',(#1666,#1667,#1668));
#1670=FACE_BOUND('',#1669,.T.);
#1671=ADVANCED_FACE('',(#1670),#1665,.T.);
#1672=CARTESIAN_POINT('',(656.552701793,291.320284647,610.738346979));
#1673=DIRECTION('',(0.,0.,1.));
#1674=DIRECTION('',(1.,-0.,-0.));
#1675=AXIS2_PLACEMENT_3D('',#1672,#1673,#1674);
#1676=SPHERICAL_SURFACE('',#1675,1.);
#1677=ORIENTED_EDGE('',*,*,#1544,.F.);
#1678=ORIENTED_EDGE('',*,*,#1560,.F.);
#1679=CARTESIAN_POINT('',(656.552701793,291.320284647,610.738346979));
#1680=DIRECTION('',(-0.,0.999999975,0.000223459));
#1681=DIRECTION('',(0.,-0.000223459,0.999999975));
#1682=AXIS2_PLACEMENT_3D('',#1679,#1680,#1681);
#1683=CIRCLE('',#1682,1.);
#1684=EDGE_CURVE('',#1281,#1118,#1683,.T.);
#1685=ORIENTED_EDGE('',*,*,#1684,.F.);
#1686=EDGE_LOOP('',(#1677,#1678,#1685));
#1687=FACE_BOUND('',#1686,.T.);
#1688=ADVANCED_FACE('',(#1687),#1676,.T.);
#1689=CARTESIAN_POINT('',(656.552701793,289.320284697,610.737900061));
#1690=DIRECTION('',(-0.,0.999999975,0.000223459));
#1691=DIRECTION('',(0.,-0.000223459,0.999999975));
#1692=AXIS2_PLACEMENT_3D('',#1689,#1690,#1691);
#1693=CYLINDRICAL_SURFACE('',#1692,1.);
#1694=ORIENTED_EDGE('',*,*,#1684,.T.);
#1695=ORIENTED_EDGE('',*,*,#1123,.F.);
#1696=ORIENTED_EDGE('',*,*,#1260,.F.);
#1697=ORIENTED_EDGE('',*,*,#1292,.F.);
#1698=EDGE_LOOP('',(#1694,#1695,#1696,#1697));
#1699=FACE_BOUND('',#1698,.T.);
#1700=ADVANCED_FACE('',(#1699),#1693,.T.);
#1701=CARTESIAN_POINT('',(749.650767595,194.321886304,603.571120757));
#1702=DIRECTION('',(-0.,1.,-0.));
#1703=DIRECTION('',(0.,0.,1.));
#1704=AXIS2_PLACEMENT_3D('',#1701,#1702,#1703);
#1705=PLANE('',#1704);
#1706=CARTESIAN_POINT('',(679.852701793,194.321886304,594.535573154));
#1707=VERTEX_POINT('',#1706);
#1708=CARTESIAN_POINT('',(679.852701793,194.321886304,593.935573029));
#1709=DIRECTION('',(0.,0.,1.));
#1710=VECTOR('',#1709,0.600000125);
#1711=LINE('',#1708,#1710);
#1712=EDGE_CURVE('',#387,#1707,#1711,.T.);
#1713=ORIENTED_EDGE('',*,*,#1712,.T.);
#1714=CARTESIAN_POINT('',(660.252701793,194.321886304,594.535573154));
#1715=VERTEX_POINT('',#1714);
#1716=CARTESIAN_POINT('',(679.852701793,194.321886304,594.535573154));
#1717=DIRECTION('',(-1.,0.,0.));
#1718=VECTOR('',#1717,19.6);
#1719=LINE('',#1716,#1718);
#1720=EDGE_CURVE('',#1707,#1715,#1719,.T.);
#1721=ORIENTED_EDGE('',*,*,#1720,.T.);
#1722=CARTESIAN_POINT('',(660.252701793,194.321886304,594.535573154));
#1723=DIRECTION('',(-0.,-0.,-1.));
#1724=VECTOR('',#1723,0.600000125);
#1725=LINE('',#1722,#1724);
#1726=EDGE_CURVE('',#1715,#396,#1725,.T.);
#1727=ORIENTED_EDGE('',*,*,#1726,.T.);
#1728=ORIENTED_EDGE('',*,*,#401,.T.);
#1729=EDGE_LOOP('',(#1713,#1721,#1727,#1728));
#1730=FACE_BOUND('',#1729,.T.);
#1731=ADVANCED_FACE('',(#1730),#1705,.F.);
#1732=CARTESIAN_POINT('',(685.052701793,-221.619070801,589.761362404));
#1733=DIRECTION('',(0.000481145,-0.,-0.999999884));
#1734=DIRECTION('',(-0.999999884,-0.,-0.000481145));
#1735=AXIS2_PLACEMENT_3D('',#1732,#1733,#1734);
#1736=PLANE('',#1735);
#1737=CARTESIAN_POINT('',(656.553182938,298.31961407,589.747650003));
#1738=VERTEX_POINT('',#1737);
#1739=CARTESIAN_POINT('',(656.553182938,294.321886304,589.747650003));
#1740=DIRECTION('',(-0.,1.,-0.));
#1741=VECTOR('',#1740,3.997727766);
#1742=LINE('',#1739,#1741);
#1743=EDGE_CURVE('',#958,#1738,#1742,.T.);
#1744=ORIENTED_EDGE('',*,*,#1743,.T.);
#1745=CARTESIAN_POINT('',(683.553182938,298.31961407,589.760640918));
#1746=VERTEX_POINT('',#1745);
#1747=CARTESIAN_POINT('',(656.553182938,298.31961407,589.747650003));
#1748=DIRECTION('',(0.999999884,-0.,0.000481145));
#1749=VECTOR('',#1748,27.000003125);
#1750=LINE('',#1747,#1749);
#1751=EDGE_CURVE('',#1738,#1746,#1750,.T.);
#1752=ORIENTED_EDGE('',*,*,#1751,.T.);
#1753=CARTESIAN_POINT('',(683.553182938,298.31961407,589.760640918));
#1754=DIRECTION('',(0.,-1.,0.));
#1755=VECTOR('',#1754,3.997727766);
#1756=LINE('',#1753,#1755);
#1757=EDGE_CURVE('',#1746,#956,#1756,.T.);
#1758=ORIENTED_EDGE('',*,*,#1757,.T.);
#1759=ORIENTED_EDGE('',*,*,#963,.T.);
#1760=EDGE_LOOP('',(#1744,#1752,#1758,#1759));
#1761=FACE_BOUND('',#1760,.T.);
#1762=ADVANCED_FACE('',(#1761),#1736,.T.);
#1763=CARTESIAN_POINT('',(656.552701793,15.177533831,590.747649887));
#1764=DIRECTION('',(0.,-1.,0.));
#1765=DIRECTION('',(-1.,-0.,0.));
#1766=AXIS2_PLACEMENT_3D('',#1763,#1764,#1765);
#1767=CYLINDRICAL_SURFACE('',#1766,1.);
#1768=ORIENTED_EDGE('',*,*,#1098,.F.);
#1769=CARTESIAN_POINT('',(656.552701793,298.31961407,590.747649887));
#1770=DIRECTION('',(0.,-1.,0.));
#1771=DIRECTION('',(-0.,-0.,-1.));
#1772=AXIS2_PLACEMENT_3D('',#1769,#1770,#1771);
#1773=CIRCLE('',#1772,1.);
#1774=EDGE_CURVE('',#1087,#1738,#1773,.T.);
#1775=ORIENTED_EDGE('',*,*,#1774,.T.);
#1776=ORIENTED_EDGE('',*,*,#1743,.F.);
#1777=ORIENTED_EDGE('',*,*,#1003,.F.);
#1778=EDGE_LOOP('',(#1768,#1775,#1776,#1777));
#1779=FACE_BOUND('',#1778,.T.);
#1780=ADVANCED_FACE('',(#1779),#1767,.T.);
#1781=CARTESIAN_POINT('',(683.552701793,-221.619070801,590.760640802));
#1782=DIRECTION('',(-0.,1.,-0.));
#1783=DIRECTION('',(1.,0.,-0.));
#1784=AXIS2_PLACEMENT_3D('',#1781,#1782,#1783);
#1785=CYLINDRICAL_SURFACE('',#1784,1.);
#1786=ORIENTED_EDGE('',*,*,#1757,.F.);
#1787=CARTESIAN_POINT('',(683.552701793,298.31961407,590.760640802));
#1788=DIRECTION('',(0.,-1.,0.));
#1789=DIRECTION('',(0.,0.,1.));
#1790=AXIS2_PLACEMENT_3D('',#1787,#1788,#1789);
#1791=CIRCLE('',#1790,1.);
#1792=EDGE_CURVE('',#1746,#1014,#1791,.T.);
#1793=ORIENTED_EDGE('',*,*,#1792,.T.);
#1794=ORIENTED_EDGE('',*,*,#1019,.F.);
#1795=ORIENTED_EDGE('',*,*,#972,.F.);
#1796=EDGE_LOOP('',(#1786,#1793,#1794,#1795));
#1797=FACE_BOUND('',#1796,.T.);
#1798=ADVANCED_FACE('',(#1797),#1785,.T.);
#1799=CARTESIAN_POINT('',(660.052701793,294.321886304,594.735573154));
#1800=DIRECTION('',(0.,1.,0.));
#1801=DIRECTION('',(0.,-0.,1.));
#1802=AXIS2_PLACEMENT_3D('',#1799,#1800,#1801);
#1803=CONICAL_SURFACE('',#1802,2.9,45.);
#1804=CARTESIAN_POINT('',(658.252701793,293.221886304,594.735573154));
#1805=DIRECTION('',(-0.707106781,0.707106781,0.));
#1806=VECTOR('',#1805,1.555634919);
#1807=LINE('',#1804,#1806);
#1808=EDGE_CURVE('',#1198,#931,#1807,.T.);
#1809=ORIENTED_EDGE('',*,*,#1808,.F.);
#1810=ORIENTED_EDGE('',*,*,#1472,.F.);
#1811=CARTESIAN_POINT('',(660.052701793,294.321886304,597.635573154));
#1812=DIRECTION('',(0.,-0.707106781,-0.707106781));
#1813=VECTOR('',#1812,1.555634919);
#1814=LINE('',#1811,#1813);
#1815=EDGE_CURVE('',#939,#689,#1814,.T.);
#1816=ORIENTED_EDGE('',*,*,#1815,.F.);
#1817=ORIENTED_EDGE('',*,*,#945,.F.);
#1818=EDGE_LOOP('',(#1809,#1810,#1816,#1817));
#1819=FACE_BOUND('',#1818,.T.);
#1820=ADVANCED_FACE('',(#1819),#1803,.T.);
#1821=CARTESIAN_POINT('',(749.650767595,294.321886304,597.635573154));
#1822=DIRECTION('',(-0.,0.707106781,-0.707106781));
#1823=DIRECTION('',(1.,-0.,-0.));
#1824=AXIS2_PLACEMENT_3D('',#1821,#1822,#1823);
#1825=PLANE('',#1824);
#1826=ORIENTED_EDGE('',*,*,#1815,.T.);
#1827=ORIENTED_EDGE('',*,*,#694,.F.);
#1828=CARTESIAN_POINT('',(680.052701793,294.321886304,597.635573154));
#1829=DIRECTION('',(0.,-0.707106781,-0.707106781));
#1830=VECTOR('',#1829,1.555634919);
#1831=LINE('',#1828,#1830);
#1832=EDGE_CURVE('',#886,#681,#1831,.T.);
#1833=ORIENTED_EDGE('',*,*,#1832,.F.);
#1834=ORIENTED_EDGE('',*,*,#951,.F.);
#1835=EDGE_LOOP('',(#1826,#1827,#1833,#1834));
#1836=FACE_BOUND('',#1835,.T.);
#1837=ADVANCED_FACE('',(#1836),#1825,.F.);
#1838=CARTESIAN_POINT('',(657.152701793,294.321886304,603.571120757));
#1839=DIRECTION('',(0.707106781,0.707106781,-0.));
#1840=DIRECTION('',(0.,0.,1.));
#1841=AXIS2_PLACEMENT_3D('',#1838,#1839,#1840);
#1842=PLANE('',#1841);
#1843=ORIENTED_EDGE('',*,*,#1808,.T.);
#1844=ORIENTED_EDGE('',*,*,#936,.F.);
#1845=CARTESIAN_POINT('',(658.252701793,293.221886304,593.735573029));
#1846=DIRECTION('',(-0.707106781,0.707106781,0.));
#1847=VECTOR('',#1846,1.555634919);
#1848=LINE('',#1845,#1847);
#1849=EDGE_CURVE('',#1180,#922,#1848,.T.);
#1850=ORIENTED_EDGE('',*,*,#1849,.F.);
#1851=ORIENTED_EDGE('',*,*,#1209,.F.);
#1852=EDGE_LOOP('',(#1843,#1844,#1850,#1851));
#1853=FACE_BOUND('',#1852,.T.);
#1854=ADVANCED_FACE('',(#1853),#1842,.F.);
#1855=CARTESIAN_POINT('',(680.052701793,294.321886304,594.735573154));
#1856=DIRECTION('',(0.,1.,0.));
#1857=DIRECTION('',(0.,-0.,1.));
#1858=AXIS2_PLACEMENT_3D('',#1855,#1856,#1857);
#1859=CONICAL_SURFACE('',#1858,2.9,45.);
#1860=ORIENTED_EDGE('',*,*,#1832,.T.);
#1861=ORIENTED_EDGE('',*,*,#1422,.F.);
#1862=CARTESIAN_POINT('',(682.952701793,294.321886304,594.735573154));
#1863=DIRECTION('',(-0.707106781,-0.707106781,0.));
#1864=VECTOR('',#1863,1.555634919);
#1865=LINE('',#1862,#1864);
#1866=EDGE_CURVE('',#888,#1140,#1865,.T.);
#1867=ORIENTED_EDGE('',*,*,#1866,.F.);
#1868=ORIENTED_EDGE('',*,*,#894,.F.);
#1869=EDGE_LOOP('',(#1860,#1861,#1867,#1868));
#1870=FACE_BOUND('',#1869,.T.);
#1871=ADVANCED_FACE('',(#1870),#1859,.T.);
#1872=CARTESIAN_POINT('',(660.052701793,294.321886304,593.735573029));
#1873=DIRECTION('',(0.,1.,0.));
#1874=DIRECTION('',(0.,-0.,1.));
#1875=AXIS2_PLACEMENT_3D('',#1872,#1873,#1874);
#1876=CONICAL_SURFACE('',#1875,2.9,45.);
#1877=ORIENTED_EDGE('',*,*,#1849,.T.);
#1878=ORIENTED_EDGE('',*,*,#928,.F.);
#1879=CARTESIAN_POINT('',(660.052701793,293.221886304,591.935573029));
#1880=DIRECTION('',(0.,0.707106781,-0.707106781));
#1881=VECTOR('',#1880,1.555634919);
#1882=LINE('',#1879,#1881);
#1883=EDGE_CURVE('',#85,#914,#1882,.T.);
#1884=ORIENTED_EDGE('',*,*,#1883,.F.);
#1885=ORIENTED_EDGE('',*,*,#1446,.F.);
#1886=EDGE_LOOP('',(#1877,#1878,#1884,#1885));
#1887=FACE_BOUND('',#1886,.T.);
#1888=ADVANCED_FACE('',(#1887),#1876,.T.);
#1889=CARTESIAN_POINT('',(682.952701793,294.321886304,603.571120757));
#1890=DIRECTION('',(-0.707106781,0.707106781,-0.));
#1891=DIRECTION('',(-0.,-0.,-1.));
#1892=AXIS2_PLACEMENT_3D('',#1889,#1890,#1891);
#1893=PLANE('',#1892);
#1894=ORIENTED_EDGE('',*,*,#1866,.T.);
#1895=ORIENTED_EDGE('',*,*,#1169,.F.);
#1896=CARTESIAN_POINT('',(682.952701793,294.321886304,593.735573029));
#1897=DIRECTION('',(-0.707106781,-0.707106781,0.));
#1898=VECTOR('',#1897,1.555634919);
#1899=LINE('',#1896,#1898);
#1900=EDGE_CURVE('',#897,#1158,#1899,.T.);
#1901=ORIENTED_EDGE('',*,*,#1900,.F.);
#1902=ORIENTED_EDGE('',*,*,#902,.F.);
#1903=EDGE_LOOP('',(#1894,#1895,#1901,#1902));
#1904=FACE_BOUND('',#1903,.T.);
#1905=ADVANCED_FACE('',(#1904),#1893,.F.);
#1906=CARTESIAN_POINT('',(749.650767595,294.321886304,590.835573029));
#1907=DIRECTION('',(0.,0.707106781,0.707106781));
#1908=DIRECTION('',(-1.,-0.,0.));
#1909=AXIS2_PLACEMENT_3D('',#1906,#1907,#1908);
#1910=PLANE('',#1909);
#1911=ORIENTED_EDGE('',*,*,#1883,.T.);
#1912=ORIENTED_EDGE('',*,*,#919,.F.);
#1913=CARTESIAN_POINT('',(680.052701793,293.221886304,591.935573029));
#1914=DIRECTION('',(0.,0.707106781,-0.707106781));
#1915=VECTOR('',#1914,1.555634919);
#1916=LINE('',#1913,#1915);
#1917=EDGE_CURVE('',#93,#905,#1916,.T.);
#1918=ORIENTED_EDGE('',*,*,#1917,.F.);
#1919=ORIENTED_EDGE('',*,*,#98,.F.);
#1920=EDGE_LOOP('',(#1911,#1912,#1918,#1919));
#1921=FACE_BOUND('',#1920,.T.);
#1922=ADVANCED_FACE('',(#1921),#1910,.F.);
#1923=CARTESIAN_POINT('',(680.052701793,294.321886304,593.735573029));
#1924=DIRECTION('',(0.,1.,0.));
#1925=DIRECTION('',(0.,-0.,1.));
#1926=AXIS2_PLACEMENT_3D('',#1923,#1924,#1925);
#1927=CONICAL_SURFACE('',#1926,2.9,45.);
#1928=ORIENTED_EDGE('',*,*,#1900,.T.);
#1929=ORIENTED_EDGE('',*,*,#1398,.F.);
#1930=ORIENTED_EDGE('',*,*,#1917,.T.);
#1931=ORIENTED_EDGE('',*,*,#911,.F.);
#1932=EDGE_LOOP('',(#1928,#1929,#1930,#1931));
#1933=FACE_BOUND('',#1932,.T.);
#1934=ADVANCED_FACE('',(#1933),#1927,.T.);
#1935=CARTESIAN_POINT('',(681.852701793,196.321886304,593.735573029));
#1936=CARTESIAN_POINT('',(681.852701793,196.321886304,593.49995358));
#1937=CARTESIAN_POINT('',(681.805852611,196.321886304,593.264426837));
#1938=CARTESIAN_POINT('',(681.625517292,196.321886304,592.829058864));
#1939=CARTESIAN_POINT('',(681.492102109,196.321886304,592.629388933));
#1940=CARTESIAN_POINT('',(681.158885889,196.321886304,592.296172713));
#1941=CARTESIAN_POINT('',(680.959215957,196.321886304,592.16275753));
#1942=CARTESIAN_POINT('',(680.523847985,196.321886304,591.982422211));
#1943=CARTESIAN_POINT('',(680.288321242,196.321886304,591.935573029));
#1944=CARTESIAN_POINT('',(680.052701793,196.321886304,591.935573029));
#1945=CARTESIAN_POINT('',(681.852701793,196.060086917,593.735573029));
#1946=CARTESIAN_POINT('',(681.852701793,196.029244403,593.49995358));
#1947=CARTESIAN_POINT('',(681.805852611,196.004546568,593.264426837));
#1948=CARTESIAN_POINT('',(681.625517292,195.971162872,592.829058864));
#1949=CARTESIAN_POINT('',(681.492102109,195.962490145,592.629388933));
#1950=CARTESIAN_POINT('',(681.158885889,195.962490145,592.296172713));
#1951=CARTESIAN_POINT('',(680.959215957,195.971162872,592.16275753));
#1952=CARTESIAN_POINT('',(680.523847985,196.004546568,591.982422211));
#1953=CARTESIAN_POINT('',(680.288321242,196.029244403,591.935573029));
#1954=CARTESIAN_POINT('',(680.052701793,196.060086917,591.935573029));
#1955=CARTESIAN_POINT('',(681.800647146,195.798390536,593.740778494));
#1956=CARTESIAN_POINT('',(681.786799723,195.738849806,593.520151693));
#1957=CARTESIAN_POINT('',(681.730838848,195.691334394,593.299597472));
#1958=CARTESIAN_POINT('',(681.542685887,195.627157328,592.889256332));
#1959=CARTESIAN_POINT('',(681.410557243,195.610517987,592.699604607));
#1960=CARTESIAN_POINT('',(681.088670214,195.610517987,592.377717579));
#1961=CARTESIAN_POINT('',(680.89901849,195.627157328,592.245588935));
#1962=CARTESIAN_POINT('',(680.48867735,195.691334394,592.057435974));
#1963=CARTESIAN_POINT('',(680.268123129,195.738849806,592.001475099));
#1964=CARTESIAN_POINT('',(680.047496328,195.798390536,591.987627676));
#1965=CARTESIAN_POINT('',(681.60027457,195.314648344,593.760815751));
#1966=CARTESIAN_POINT('',(681.555699633,195.233145021,593.582509726));
#1967=CARTESIAN_POINT('',(681.482285821,195.169049743,593.40423722));
#1968=CARTESIAN_POINT('',(681.28587136,195.082749966,593.066727704));
#1969=CARTESIAN_POINT('',(681.162909547,195.060563175,592.907554395));
#1970=CARTESIAN_POINT('',(680.880720427,195.060563175,592.625365275));
#1971=CARTESIAN_POINT('',(680.721547117,195.082749966,592.502403462));
#1972=CARTESIAN_POINT('',(680.384037602,195.169049743,592.305989001));
#1973=CARTESIAN_POINT('',(680.205765095,195.233145021,592.232575188));
#1974=CARTESIAN_POINT('',(680.02745907,195.314648344,592.188000252));
#1975=CARTESIAN_POINT('',(681.452035478,195.092792865,593.775639661));
#1976=CARTESIAN_POINT('',(681.392642428,195.016611277,593.623276486));
#1977=CARTESIAN_POINT('',(681.312476551,194.957390896,593.470930971));
#1978=CARTESIAN_POINT('',(681.117564158,194.877849709,593.179096618));
#1979=CARTESIAN_POINT('',(681.002841013,194.857538098,593.039641701));
#1980=CARTESIAN_POINT('',(680.748633121,194.857538098,592.785433808));
#1981=CARTESIAN_POINT('',(680.609178203,194.877849709,592.670710663));
#1982=CARTESIAN_POINT('',(680.317343851,194.957390896,592.475798271));
#1983=CARTESIAN_POINT('',(680.164998336,195.016611277,592.395632393));
#1984=CARTESIAN_POINT('',(680.012635161,195.092792865,592.336239344));
#1985=CARTESIAN_POINT('',(681.081795233,194.72255262,593.812663685));
#1986=CARTESIAN_POINT('',(681.012933299,194.670479224,593.708516894));
#1987=CARTESIAN_POINT('',(680.935610653,194.63069818,593.60437246));
#1988=CARTESIAN_POINT('',(680.767763172,194.577460038,593.400667611));
#1989=CARTESIAN_POINT('',(680.677243277,194.564004107,593.301111946));
#1990=CARTESIAN_POINT('',(680.487162876,194.564004107,593.111031545));
#1991=CARTESIAN_POINT('',(680.387607211,194.577460038,593.020511649));
#1992=CARTESIAN_POINT('',(680.183902361,194.63069818,592.852664169));
#1993=CARTESIAN_POINT('',(680.079757928,194.670479224,592.775341523));
#1994=CARTESIAN_POINT('',(679.975611137,194.72255262,592.706479589));
#1995=CARTESIAN_POINT('',(680.859939754,194.574313528,593.834849233));
#1996=CARTESIAN_POINT('',(680.795997227,194.539923967,593.753388264));
#1997=CARTESIAN_POINT('',(680.727813469,194.513846629,593.671928232));
#1998=CARTESIAN_POINT('',(680.584889587,194.478999805,593.511265535));
#1999=CARTESIAN_POINT('',(680.510151143,194.470230688,593.432064722));
#2000=CARTESIAN_POINT('',(680.356210099,194.470230688,593.278123679));
#2001=CARTESIAN_POINT('',(680.277009287,194.478999805,593.203385235));
#2002=CARTESIAN_POINT('',(680.11634659,194.513846629,593.060461353));
#2003=CARTESIAN_POINT('',(680.034886558,194.539923967,592.992277595));
#2004=CARTESIAN_POINT('',(679.953425589,194.574313528,592.928335068));
#2005=CARTESIAN_POINT('',(680.376276296,194.373973564,593.883215579));
#2006=CARTESIAN_POINT('',(680.337139993,194.365663903,593.843910055));
#2007=CARTESIAN_POINT('',(680.29792812,194.35946478,593.804604302));
#2008=CARTESIAN_POINT('',(680.219437608,194.351208427,593.725997609));
#2009=CARTESIAN_POINT('',(680.180158588,194.349151082,593.68669622));
#2010=CARTESIAN_POINT('',(680.101578601,194.349151082,593.608116234));
#2011=CARTESIAN_POINT('',(680.062277212,194.351208427,593.568837214));
#2012=CARTESIAN_POINT('',(679.983670519,194.35946478,593.490346702));
#2013=CARTESIAN_POINT('',(679.944364767,194.365663903,593.451134829));
#2014=CARTESIAN_POINT('',(679.905059243,194.373973564,593.411998526));
#2015=CARTESIAN_POINT('',(680.114671555,194.321920199,593.909376053));
#2016=CARTESIAN_POINT('',(680.114646081,194.321914792,593.90935047));
#2017=CARTESIAN_POINT('',(680.055754039,194.321910758,593.850458367));
#2018=CARTESIAN_POINT('',(680.05570295,194.321905385,593.850407203));
#2019=CARTESIAN_POINT('',(679.996810865,194.321904046,593.791515104));
#2020=CARTESIAN_POINT('',(679.996759718,194.321904046,593.791463957));
#2021=CARTESIAN_POINT('',(679.937867618,194.321905385,593.732571872));
#2022=CARTESIAN_POINT('',(679.937816454,194.321910758,593.732520783));
#2023=CARTESIAN_POINT('',(679.878924352,194.321914792,593.673628741));
#2024=CARTESIAN_POINT('',(679.878898769,194.321920199,593.673603267));
#2025=CARTESIAN_POINT('',(679.852957458,194.321886321,593.935547463));
#2026=CARTESIAN_POINT('',(679.852957445,194.321886318,593.93554745));
#2027=CARTESIAN_POINT('',(679.852899946,194.321886316,593.93548995));
#2028=CARTESIAN_POINT('',(679.852899921,194.321886314,593.935489925));
#2029=CARTESIAN_POINT('',(679.852842421,194.321886313,593.935432426));
#2030=CARTESIAN_POINT('',(679.852842396,194.321886313,593.935432401));
#2031=CARTESIAN_POINT('',(679.852784896,194.321886314,593.935374901));
#2032=CARTESIAN_POINT('',(679.852784871,194.321886316,593.935374876));
#2033=CARTESIAN_POINT('',(679.852727372,194.321886318,593.935317377));
#2034=CARTESIAN_POINT('',(679.852727359,194.321886321,593.935317364));
#2035=B_SPLINE_SURFACE_WITH_KNOTS('',3,3,((#1935,#1936,#1937,#1938,#1939,#1940,#1941,#1942,#1943,#1944),(#1945,#1946,#1947,#1948,#1949,#1950,#1951,#1952,#1953,#1954),(#1955,#1956,#1957,#1958,#1959,#1960,#1961,#1962,#1963,#1964),(#1965,#1966,#1967,#1968,#1969,#1970,#1971,#1972,#1973,#1974),(#1975,#1976,#1977,#1978,#1979,#1980,#1981,#1982,#1983,#1984),(#1985,#1986,#1987,#1988,#1989,#1990,#1991,#1992,#1993,#1994),(#1995,#1996,#1997,#1998,#1999,#2000,#2001,#2002,#2003,#2004),(#2005,#2006,#2007,#2008,#2009,#2010,#2011,#2012,#2013,#2014),(#2015,#2016,#2017,#2018,#2019,#2020,#2021,#2022,#2023,#2024),(#2025,#2026,#2027,#2028,#2029,#2030,#2031,#2032,#2033,#2034)),.UNSPECIFIED.,.F.,.F.,.U.,(4,2,2,2,4),(4,2,2,2,4),(0.,0.392699082,0.785398163,1.178097245,1.570668494),(0.,0.25,0.5,0.75,1.),.UNSPECIFIED.);
#2036=ORIENTED_EDGE('',*,*,#393,.T.);
#2037=ORIENTED_EDGE('',*,*,#1388,.F.);
#2038=CARTESIAN_POINT('',(679.852701793,196.321886304,593.935573029));
#2039=DIRECTION('',(0.099503719,0.,0.99503719));
#2040=DIRECTION('',(0.99503719,0.,-0.099503719));
#2041=AXIS2_PLACEMENT_3D('',#2038,#2039,#2040);
#2042=ELLIPSE('',#2041,2.009975124,2.);
#2043=EDGE_CURVE('',#387,#1150,#2042,.T.);
#2044=ORIENTED_EDGE('',*,*,#2043,.F.);
#2045=EDGE_LOOP('',(#2036,#2037,#2044));
#2046=FACE_BOUND('',#2045,.T.);
#2047=ADVANCED_FACE('',(#2046),#2035,.T.);
#2048=CARTESIAN_POINT('',(660.252701793,194.321886304,593.935573029));
#2049=CARTESIAN_POINT('',(660.252701793,194.321886304,593.935573029));
#2050=CARTESIAN_POINT('',(660.252701793,194.321886304,593.935573029));
#2051=CARTESIAN_POINT('',(660.252701793,194.321886304,593.935573029));
#2052=CARTESIAN_POINT('',(660.252701793,194.321886304,593.935573029));
#2053=CARTESIAN_POINT('',(660.252701793,194.321886304,593.935573029));
#2054=CARTESIAN_POINT('',(660.252701793,194.321886304,593.935573029));
#2055=CARTESIAN_POINT('',(660.252701793,194.321886304,593.935573029));
#2056=CARTESIAN_POINT('',(660.252701793,194.321886304,593.935573029));
#2057=CARTESIAN_POINT('',(660.252701793,194.321886304,593.935573029));
#2058=CARTESIAN_POINT('',(659.990902405,194.321886304,593.90939309));
#2059=CARTESIAN_POINT('',(659.990902405,194.321886304,593.90939309));
#2060=CARTESIAN_POINT('',(660.049807267,194.321886304,593.850488228));
#2061=CARTESIAN_POINT('',(660.049807267,194.321886304,593.850488228));
#2062=CARTESIAN_POINT('',(660.10871213,194.321886304,593.791583366));
#2063=CARTESIAN_POINT('',(660.10871213,194.321886304,593.791583366));
#2064=CARTESIAN_POINT('',(660.167616992,194.321886304,593.732678503));
#2065=CARTESIAN_POINT('',(660.167616992,194.321886304,593.732678503));
#2066=CARTESIAN_POINT('',(660.226521854,194.321886304,593.673773641));
#2067=CARTESIAN_POINT('',(660.226521854,194.321886304,593.673773641));
#2068=CARTESIAN_POINT('',(659.729206024,194.373940951,593.883223452));
#2069=CARTESIAN_POINT('',(659.768338289,194.365635535,593.843924791));
#2070=CARTESIAN_POINT('',(659.807545446,194.359439648,593.804625901));
#2071=CARTESIAN_POINT('',(659.886025469,194.351187624,593.726032565));
#2072=CARTESIAN_POINT('',(659.925298717,194.349131372,593.686737671));
#2073=CARTESIAN_POINT('',(660.003866435,194.349131372,593.608169953));
#2074=CARTESIAN_POINT('',(660.043161329,194.351187624,593.568896705));
#2075=CARTESIAN_POINT('',(660.121754664,194.359439648,593.490416682));
#2076=CARTESIAN_POINT('',(660.161053554,194.365635535,593.451209525));
#2077=CARTESIAN_POINT('',(660.200352216,194.373940951,593.41207726));
#2078=CARTESIAN_POINT('',(659.245463832,194.574313528,593.834849233));
#2079=CARTESIAN_POINT('',(659.309406359,194.539923967,593.753388264));
#2080=CARTESIAN_POINT('',(659.377590117,194.513846629,593.671928232));
#2081=CARTESIAN_POINT('',(659.520513999,194.478999805,593.511265535));
#2082=CARTESIAN_POINT('',(659.595252443,194.470230688,593.432064722));
#2083=CARTESIAN_POINT('',(659.749193486,194.470230688,593.278123679));
#2084=CARTESIAN_POINT('',(659.828394299,194.478999805,593.203385235));
#2085=CARTESIAN_POINT('',(659.989056996,194.513846629,593.060461353));
#2086=CARTESIAN_POINT('',(660.070517028,194.539923967,592.992277595));
#2087=CARTESIAN_POINT('',(660.151977997,194.574313528,592.928335068));
#2088=CARTESIAN_POINT('',(659.023608353,194.72255262,593.812663685));
#2089=CARTESIAN_POINT('',(659.092470287,194.670479224,593.708516894));
#2090=CARTESIAN_POINT('',(659.169792933,194.63069818,593.60437246));
#2091=CARTESIAN_POINT('',(659.337640413,194.577460038,593.400667611));
#2092=CARTESIAN_POINT('',(659.428160308,194.564004107,593.301111946));
#2093=CARTESIAN_POINT('',(659.61824071,194.564004107,593.111031545));
#2094=CARTESIAN_POINT('',(659.717796375,194.577460038,593.020511649));
#2095=CARTESIAN_POINT('',(659.921501224,194.63069818,592.852664169));
#2096=CARTESIAN_POINT('',(660.025645657,194.670479224,592.775341523));
#2097=CARTESIAN_POINT('',(660.129792449,194.72255262,592.706479589));
#2098=CARTESIAN_POINT('',(658.653368108,195.092792865,593.775639661));
#2099=CARTESIAN_POINT('',(658.712761157,195.016611277,593.623276486));
#2100=CARTESIAN_POINT('',(658.792927035,194.957390896,593.470930971));
#2101=CARTESIAN_POINT('',(658.987839427,194.877849709,593.179096618));
#2102=CARTESIAN_POINT('',(659.102562572,194.857538098,593.039641701));
#2103=CARTESIAN_POINT('',(659.356770465,194.857538098,592.785433808));
#2104=CARTESIAN_POINT('',(659.496225382,194.877849709,592.670710663));
#2105=CARTESIAN_POINT('',(659.788059734,194.957390896,592.475798271));
#2106=CARTESIAN_POINT('',(659.94040525,195.016611277,592.395632393));
#2107=CARTESIAN_POINT('',(660.092768424,195.092792865,592.336239344));
#2108=CARTESIAN_POINT('',(658.505129016,195.314648344,593.760815751));
#2109=CARTESIAN_POINT('',(658.549703952,195.233145021,593.582509726));
#2110=CARTESIAN_POINT('',(658.623117765,195.169049743,593.40423722));
#2111=CARTESIAN_POINT('',(658.819532226,195.082749966,593.066727704));
#2112=CARTESIAN_POINT('',(658.942494039,195.060563175,592.907554395));
#2113=CARTESIAN_POINT('',(659.224683159,195.060563175,592.625365275));
#2114=CARTESIAN_POINT('',(659.383856468,195.082749966,592.502403462));
#2115=CARTESIAN_POINT('',(659.721365984,195.169049743,592.305989001));
#2116=CARTESIAN_POINT('',(659.89963849,195.233145021,592.232575188));
#2117=CARTESIAN_POINT('',(660.077944515,195.314648344,592.188000252));
#2118=CARTESIAN_POINT('',(658.304756439,195.798390536,593.740778494));
#2119=CARTESIAN_POINT('',(658.318603863,195.738849806,593.520151693));
#2120=CARTESIAN_POINT('',(658.374564737,195.691334394,593.299597472));
#2121=CARTESIAN_POINT('',(658.562717699,195.627157328,592.889256332));
#2122=CARTESIAN_POINT('',(658.694846343,195.610517987,592.699604607));
#2123=CARTESIAN_POINT('',(659.016733371,195.610517987,592.377717579));
#2124=CARTESIAN_POINT('',(659.206385095,195.627157328,592.245588935));
#2125=CARTESIAN_POINT('',(659.616726236,195.691334394,592.057435974));
#2126=CARTESIAN_POINT('',(659.837280457,195.738849806,592.001475099));
#2127=CARTESIAN_POINT('',(660.057907257,195.798390536,591.987627676));
#2128=CARTESIAN_POINT('',(658.252701793,196.060086917,593.735573029));
#2129=CARTESIAN_POINT('',(658.252701793,196.029244403,593.49995358));
#2130=CARTESIAN_POINT('',(658.299550975,196.004546568,593.264426837));
#2131=CARTESIAN_POINT('',(658.479886294,195.971162872,592.829058864));
#2132=CARTESIAN_POINT('',(658.613301477,195.962490145,592.629388933));
#2133=CARTESIAN_POINT('',(658.946517697,195.962490145,592.296172713));
#2134=CARTESIAN_POINT('',(659.146187628,195.971162872,592.16275753));
#2135=CARTESIAN_POINT('',(659.581555601,196.004546568,591.982422211));
#2136=CARTESIAN_POINT('',(659.817082344,196.029244403,591.935573029));
#2137=CARTESIAN_POINT('',(660.052701793,196.060086917,591.935573029));
#2138=CARTESIAN_POINT('',(658.252701793,196.321886304,593.735573029));
#2139=CARTESIAN_POINT('',(658.252701793,196.321886304,593.49995358));
#2140=CARTESIAN_POINT('',(658.299550975,196.321886304,593.264426837));
#2141=CARTESIAN_POINT('',(658.479886294,196.321886304,592.829058864));
#2142=CARTESIAN_POINT('',(658.613301477,196.321886304,592.629388933));
#2143=CARTESIAN_POINT('',(658.946517697,196.321886304,592.296172713));
#2144=CARTESIAN_POINT('',(659.146187628,196.321886304,592.16275753));
#2145=CARTESIAN_POINT('',(659.581555601,196.321886304,591.982422211));
#2146=CARTESIAN_POINT('',(659.817082344,196.321886304,591.935573029));
#2147=CARTESIAN_POINT('',(660.052701793,196.321886304,591.935573029));
#2148=B_SPLINE_SURFACE_WITH_KNOTS('',3,3,((#2048,#2049,#2050,#2051,#2052,#2053,#2054,#2055,#2056,#2057),(#2058,#2059,#2060,#2061,#2062,#2063,#2064,#2065,#2066,#2067),(#2068,#2069,#2070,#2071,#2072,#2073,#2074,#2075,#2076,#2077),(#2078,#2079,#2080,#2081,#2082,#2083,#2084,#2085,#2086,#2087),(#2088,#2089,#2090,#2091,#2092,#2093,#2094,#2095,#2096,#2097),(#2098,#2099,#2100,#2101,#2102,#2103,#2104,#2105,#2106,#2107),(#2108,#2109,#2110,#2111,#2112,#2113,#2114,#2115,#2116,#2117),(#2118,#2119,#2120,#2121,#2122,#2123,#2124,#2125,#2126,#2127),(#2128,#2129,#2130,#2131,#2132,#2133,#2134,#2135,#2136,#2137),(#2138,#2139,#2140,#2141,#2142,#2143,#2144,#2145,#2146,#2147)),.UNSPECIFIED.,.F.,.F.,.U.,(4,2,2,2,4),(4,2,2,2,4),(1.570796327,1.963495408,2.35619449,2.748893572,3.141592654),(0.,0.25,0.5,0.75,1.),.UNSPECIFIED.);
#2149=ORIENTED_EDGE('',*,*,#1438,.F.);
#2150=ORIENTED_EDGE('',*,*,#408,.T.);
#2151=CARTESIAN_POINT('',(660.252701793,196.321886304,593.935573029));
#2152=DIRECTION('',(-0.099503719,0.,0.99503719));
#2153=DIRECTION('',(0.99503719,-0.,0.099503719));
#2154=AXIS2_PLACEMENT_3D('',#2151,#2152,#2153);
#2155=ELLIPSE('',#2154,2.009975124,2.);
#2156=EDGE_CURVE('',#1182,#396,#2155,.T.);
#2157=ORIENTED_EDGE('',*,*,#2156,.F.);
#2158=EDGE_LOOP('',(#2149,#2150,#2157));
#2159=FACE_BOUND('',#2158,.T.);
#2160=ADVANCED_FACE('',(#2159),#2148,.T.);
#2161=CARTESIAN_POINT('',(679.852701793,196.321886304,603.571120757));
#2162=DIRECTION('',(-0.,-0.,-1.));
#2163=DIRECTION('',(0.,1.,-0.));
#2164=AXIS2_PLACEMENT_3D('',#2161,#2162,#2163);
#2165=CYLINDRICAL_SURFACE('',#2164,2.);
#2166=ORIENTED_EDGE('',*,*,#2043,.T.);
#2167=ORIENTED_EDGE('',*,*,#1155,.F.);
#2168=CARTESIAN_POINT('',(679.852701793,196.321886304,594.535573154));
#2169=DIRECTION('',(-0.099503719,0.,0.99503719));
#2170=DIRECTION('',(0.99503719,-0.,0.099503719));
#2171=AXIS2_PLACEMENT_3D('',#2168,#2169,#2170);
#2172=ELLIPSE('',#2171,2.009975124,2.);
#2173=EDGE_CURVE('',#1707,#1142,#2172,.T.);
#2174=ORIENTED_EDGE('',*,*,#2173,.F.);
#2175=ORIENTED_EDGE('',*,*,#1712,.F.);
#2176=EDGE_LOOP('',(#2166,#2167,#2174,#2175));
#2177=FACE_BOUND('',#2176,.T.);
#2178=ADVANCED_FACE('',(#2177),#2165,.T.);
#2179=CARTESIAN_POINT('',(660.252701793,196.321886304,603.571120757));
#2180=DIRECTION('',(0.,0.,1.));
#2181=DIRECTION('',(0.,-1.,0.));
#2182=AXIS2_PLACEMENT_3D('',#2179,#2180,#2181);
#2183=CYLINDRICAL_SURFACE('',#2182,2.);
#2184=ORIENTED_EDGE('',*,*,#2156,.T.);
#2185=ORIENTED_EDGE('',*,*,#1726,.F.);
#2186=CARTESIAN_POINT('',(660.252701793,196.321886304,594.535573154));
#2187=DIRECTION('',(0.099503719,0.,0.99503719));
#2188=DIRECTION('',(-0.99503719,-0.,0.099503719));
#2189=AXIS2_PLACEMENT_3D('',#2186,#2187,#2188);
#2190=ELLIPSE('',#2189,2.009975124,2.);
#2191=EDGE_CURVE('',#1190,#1715,#2190,.T.);
#2192=ORIENTED_EDGE('',*,*,#2191,.F.);
#2193=ORIENTED_EDGE('',*,*,#1195,.F.);
#2194=EDGE_LOOP('',(#2184,#2185,#2192,#2193));
#2195=FACE_BOUND('',#2194,.T.);
#2196=ADVANCED_FACE('',(#2195),#2183,.T.);
#2197=CARTESIAN_POINT('',(680.052701793,196.321886304,596.535573154));
#2198=CARTESIAN_POINT('',(680.288321242,196.321886304,596.535573154));
#2199=CARTESIAN_POINT('',(680.523847985,196.321886304,596.488723972));
#2200=CARTESIAN_POINT('',(680.959215957,196.321886304,596.308388653));
#2201=CARTESIAN_POINT('',(681.158885889,196.321886304,596.17497347));
#2202=CARTESIAN_POINT('',(681.492102109,196.321886304,595.84175725));
#2203=CARTESIAN_POINT('',(681.625517292,196.321886304,595.642087318));
#2204=CARTESIAN_POINT('',(681.805852611,196.321886304,595.206719346));
#2205=CARTESIAN_POINT('',(681.852701793,196.321886304,594.971192603));
#2206=CARTESIAN_POINT('',(681.852701793,196.321886304,594.735573154));
#2207=CARTESIAN_POINT('',(680.052701793,196.060086917,596.535573154));
#2208=CARTESIAN_POINT('',(680.288321242,196.029244403,596.535573154));
#2209=CARTESIAN_POINT('',(680.523847985,196.004546568,596.488723972));
#2210=CARTESIAN_POINT('',(680.959215957,195.971162872,596.308388653));
#2211=CARTESIAN_POINT('',(681.158885889,195.962490145,596.17497347));
#2212=CARTESIAN_POINT('',(681.492102109,195.962490145,595.84175725));
#2213=CARTESIAN_POINT('',(681.625517292,195.971162872,595.642087318));
#2214=CARTESIAN_POINT('',(681.805852611,196.004546568,595.206719346));
#2215=CARTESIAN_POINT('',(681.852701793,196.029244403,594.971192603));
#2216=CARTESIAN_POINT('',(681.852701793,196.060086917,594.735573154));
#2217=CARTESIAN_POINT('',(680.047496328,195.798390536,596.483518507));
#2218=CARTESIAN_POINT('',(680.268123129,195.738849806,596.469671084));
#2219=CARTESIAN_POINT('',(680.48867735,195.691334394,596.413710209));
#2220=CARTESIAN_POINT('',(680.89901849,195.627157328,596.225557248));
#2221=CARTESIAN_POINT('',(681.088670214,195.610517987,596.093428604));
#2222=CARTESIAN_POINT('',(681.410557243,195.610517987,595.771541575));
#2223=CARTESIAN_POINT('',(681.542685887,195.627157328,595.581889851));
#2224=CARTESIAN_POINT('',(681.730838848,195.691334394,595.171548711));
#2225=CARTESIAN_POINT('',(681.786799723,195.738849806,594.95099449));
#2226=CARTESIAN_POINT('',(681.800647146,195.798390536,594.730367689));
#2227=CARTESIAN_POINT('',(680.02745907,195.314648344,596.283145931));
#2228=CARTESIAN_POINT('',(680.205765095,195.233145021,596.238570994));
#2229=CARTESIAN_POINT('',(680.384037602,195.169049743,596.165157182));
#2230=CARTESIAN_POINT('',(680.721547117,195.082749966,595.968742721));
#2231=CARTESIAN_POINT('',(680.880720427,195.060563175,595.845780908));
#2232=CARTESIAN_POINT('',(681.162909547,195.060563175,595.563591788));
#2233=CARTESIAN_POINT('',(681.28587136,195.082749966,595.404418478));
#2234=CARTESIAN_POINT('',(681.482285821,195.169049743,595.066908963));
#2235=CARTESIAN_POINT('',(681.555699633,195.233145021,594.888636456));
#2236=CARTESIAN_POINT('',(681.60027457,195.314648344,594.710330431));
#2237=CARTESIAN_POINT('',(680.012635161,195.092792865,596.134906839));
#2238=CARTESIAN_POINT('',(680.164998336,195.016611277,596.075513789));
#2239=CARTESIAN_POINT('',(680.317343851,194.957390896,595.995347912));
#2240=CARTESIAN_POINT('',(680.609178203,194.877849709,595.800435519));
#2241=CARTESIAN_POINT('',(680.748633121,194.857538098,595.685712374));
#2242=CARTESIAN_POINT('',(681.002841013,194.857538098,595.431504482));
#2243=CARTESIAN_POINT('',(681.117564158,194.877849709,595.292049564));
#2244=CARTESIAN_POINT('',(681.312476551,194.957390896,595.000215212));
#2245=CARTESIAN_POINT('',(681.392642428,195.016611277,594.847869697));
#2246=CARTESIAN_POINT('',(681.452035478,195.092792865,594.695506522));
#2247=CARTESIAN_POINT('',(679.975611137,194.72255262,595.764666594));
#2248=CARTESIAN_POINT('',(680.079757928,194.670479224,595.69580466));
#2249=CARTESIAN_POINT('',(680.183902361,194.63069818,595.618482014));
#2250=CARTESIAN_POINT('',(680.387607211,194.577460038,595.450634533));
#2251=CARTESIAN_POINT('',(680.487162876,194.564004107,595.360114638));
#2252=CARTESIAN_POINT('',(680.677243277,194.564004107,595.170034237));
#2253=CARTESIAN_POINT('',(680.767763172,194.577460038,595.070478572));
#2254=CARTESIAN_POINT('',(680.935610653,194.63069818,594.866773722));
#2255=CARTESIAN_POINT('',(681.012933299,194.670479224,594.762629289));
#2256=CARTESIAN_POINT('',(681.081795233,194.72255262,594.658482498));
#2257=CARTESIAN_POINT('',(679.953425589,194.574313528,595.542811115));
#2258=CARTESIAN_POINT('',(680.034886558,194.539923967,595.478868588));
#2259=CARTESIAN_POINT('',(680.11634659,194.513846629,595.41068483));
#2260=CARTESIAN_POINT('',(680.277009287,194.478999805,595.267760948));
#2261=CARTESIAN_POINT('',(680.356210099,194.470230688,595.193022504));
#2262=CARTESIAN_POINT('',(680.510151143,194.470230688,595.03908146));
#2263=CARTESIAN_POINT('',(680.584889587,194.478999805,594.959880648));
#2264=CARTESIAN_POINT('',(680.727813469,194.513846629,594.799217951));
#2265=CARTESIAN_POINT('',(680.795997227,194.539923967,594.717757919));
#2266=CARTESIAN_POINT('',(680.859939754,194.574313528,594.63629695));
#2267=CARTESIAN_POINT('',(679.905059243,194.373973564,595.059147657));
#2268=CARTESIAN_POINT('',(679.944364767,194.365663903,595.020011354));
#2269=CARTESIAN_POINT('',(679.983670519,194.35946478,594.980799481));
#2270=CARTESIAN_POINT('',(680.062277212,194.351208427,594.902308969));
#2271=CARTESIAN_POINT('',(680.101578601,194.349151082,594.863029949));
#2272=CARTESIAN_POINT('',(680.180158588,194.349151082,594.784449962));
#2273=CARTESIAN_POINT('',(680.219437608,194.351208427,594.745148573));
#2274=CARTESIAN_POINT('',(680.29792812,194.35946478,594.66654188));
#2275=CARTESIAN_POINT('',(680.337139993,194.365663903,594.627236128));
#2276=CARTESIAN_POINT('',(680.376276296,194.373973564,594.587930604));
#2277=CARTESIAN_POINT('',(679.878898769,194.321920199,594.797542916));
#2278=CARTESIAN_POINT('',(679.878924352,194.321914792,594.797517442));
#2279=CARTESIAN_POINT('',(679.937816454,194.321910758,594.7386254));
#2280=CARTESIAN_POINT('',(679.937867618,194.321905385,594.738574311));
#2281=CARTESIAN_POINT('',(679.996759718,194.321904046,594.679682226));
#2282=CARTESIAN_POINT('',(679.996810865,194.321904046,594.679631079));
#2283=CARTESIAN_POINT('',(680.05570295,194.321905385,594.620738979));
#2284=CARTESIAN_POINT('',(680.055754039,194.321910758,594.620687815));
#2285=CARTESIAN_POINT('',(680.114646081,194.321914792,594.561795713));
#2286=CARTESIAN_POINT('',(680.114671555,194.321920199,594.56177013));
#2287=CARTESIAN_POINT('',(679.852727359,194.321886321,594.535828819));
#2288=CARTESIAN_POINT('',(679.852727372,194.321886318,594.535828806));
#2289=CARTESIAN_POINT('',(679.852784871,194.321886316,594.535771307));
#2290=CARTESIAN_POINT('',(679.852784896,194.321886314,594.535771282));
#2291=CARTESIAN_POINT('',(679.852842396,194.321886313,594.535713782));
#2292=CARTESIAN_POINT('',(679.852842421,194.321886313,594.535713757));
#2293=CARTESIAN_POINT('',(679.852899921,194.321886314,594.535656257));
#2294=CARTESIAN_POINT('',(679.852899946,194.321886316,594.535656232));
#2295=CARTESIAN_POINT('',(679.852957445,194.321886318,594.535598733));
#2296=CARTESIAN_POINT('',(679.852957458,194.321886321,594.53559872));
#2297=B_SPLINE_SURFACE_WITH_KNOTS('',3,3,((#2197,#2198,#2199,#2200,#2201,#2202,#2203,#2204,#2205,#2206),(#2207,#2208,#2209,#2210,#2211,#2212,#2213,#2214,#2215,#2216),(#2217,#2218,#2219,#2220,#2221,#2222,#2223,#2224,#2225,#2226),(#2227,#2228,#2229,#2230,#2231,#2232,#2233,#2234,#2235,#2236),(#2237,#2238,#2239,#2240,#2241,#2242,#2243,#2244,#2245,#2246),(#2247,#2248,#2249,#2250,#2251,#2252,#2253,#2254,#2255,#2256),(#2257,#2258,#2259,#2260,#2261,#2262,#2263,#2264,#2265,#2266),(#2267,#2268,#2269,#2270,#2271,#2272,#2273,#2274,#2275,#2276),(#2277,#2278,#2279,#2280,#2281,#2282,#2283,#2284,#2285,#2286),(#2287,#2288,#2289,#2290,#2291,#2292,#2293,#2294,#2295,#2296)),.UNSPECIFIED.,.F.,.F.,.U.,(4,2,2,2,4),(4,2,2,2,4),(0.,0.392699082,0.785398163,1.178097245,1.570668494),(0.,0.25,0.5,0.75,1.),.UNSPECIFIED.);
#2298=ORIENTED_EDGE('',*,*,#2173,.T.);
#2299=ORIENTED_EDGE('',*,*,#1414,.F.);
#2300=CARTESIAN_POINT('',(679.852701793,196.321886304,594.535573154));
#2301=DIRECTION('',(-0.99503719,0.,0.099503719));
#2302=DIRECTION('',(0.099503719,-0.,0.99503719));
#2303=AXIS2_PLACEMENT_3D('',#2300,#2301,#2302);
#2304=ELLIPSE('',#2303,2.009975124,2.);
#2305=EDGE_CURVE('',#1707,#673,#2304,.T.);
#2306=ORIENTED_EDGE('',*,*,#2305,.F.);
#2307=EDGE_LOOP('',(#2298,#2299,#2306));
#2308=FACE_BOUND('',#2307,.T.);
#2309=ADVANCED_FACE('',(#2308),#2297,.T.);
#2310=CARTESIAN_POINT('',(658.252701793,196.321886304,594.735573154));
#2311=CARTESIAN_POINT('',(658.252701793,196.321886304,594.971192603));
#2312=CARTESIAN_POINT('',(658.299550975,196.321886304,595.206719346));
#2313=CARTESIAN_POINT('',(658.479886294,196.321886304,595.642087318));
#2314=CARTESIAN_POINT('',(658.613301477,196.321886304,595.84175725));
#2315=CARTESIAN_POINT('',(658.946517697,196.321886304,596.17497347));
#2316=CARTESIAN_POINT('',(659.146187628,196.321886304,596.308388653));
#2317=CARTESIAN_POINT('',(659.581555601,196.321886304,596.488723972));
#2318=CARTESIAN_POINT('',(659.817082344,196.321886304,596.535573154));
#2319=CARTESIAN_POINT('',(660.052701793,196.321886304,596.535573154));
#2320=CARTESIAN_POINT('',(658.252701793,196.060086917,594.735573154));
#2321=CARTESIAN_POINT('',(658.252701793,196.029244403,594.971192603));
#2322=CARTESIAN_POINT('',(658.299550975,196.004546568,595.206719346));
#2323=CARTESIAN_POINT('',(658.479886294,195.971162872,595.642087318));
#2324=CARTESIAN_POINT('',(658.613301477,195.962490145,595.84175725));
#2325=CARTESIAN_POINT('',(658.946517697,195.962490145,596.17497347));
#2326=CARTESIAN_POINT('',(659.146187628,195.971162872,596.308388653));
#2327=CARTESIAN_POINT('',(659.581555601,196.004546568,596.488723972));
#2328=CARTESIAN_POINT('',(659.817082344,196.029244403,596.535573154));
#2329=CARTESIAN_POINT('',(660.052701793,196.060086917,596.535573154));
#2330=CARTESIAN_POINT('',(658.304756439,195.798390536,594.730367689));
#2331=CARTESIAN_POINT('',(658.318603863,195.738849806,594.95099449));
#2332=CARTESIAN_POINT('',(658.374564737,195.691334394,595.171548711));
#2333=CARTESIAN_POINT('',(658.562717699,195.627157328,595.581889851));
#2334=CARTESIAN_POINT('',(658.694846343,195.610517987,595.771541575));
#2335=CARTESIAN_POINT('',(659.016733371,195.610517987,596.093428604));
#2336=CARTESIAN_POINT('',(659.206385095,195.627157328,596.225557248));
#2337=CARTESIAN_POINT('',(659.616726236,195.691334394,596.413710209));
#2338=CARTESIAN_POINT('',(659.837280457,195.738849806,596.469671084));
#2339=CARTESIAN_POINT('',(660.057907257,195.798390536,596.483518507));
#2340=CARTESIAN_POINT('',(658.505129016,195.314648344,594.710330431));
#2341=CARTESIAN_POINT('',(658.549703952,195.233145021,594.888636456));
#2342=CARTESIAN_POINT('',(658.623117765,195.169049743,595.066908963));
#2343=CARTESIAN_POINT('',(658.819532226,195.082749966,595.404418478));
#2344=CARTESIAN_POINT('',(658.942494039,195.060563175,595.563591788));
#2345=CARTESIAN_POINT('',(659.224683159,195.060563175,595.845780908));
#2346=CARTESIAN_POINT('',(659.383856468,195.082749966,595.968742721));
#2347=CARTESIAN_POINT('',(659.721365984,195.169049743,596.165157182));
#2348=CARTESIAN_POINT('',(659.89963849,195.233145021,596.238570994));
#2349=CARTESIAN_POINT('',(660.077944515,195.314648344,596.283145931));
#2350=CARTESIAN_POINT('',(658.653368108,195.092792865,594.695506522));
#2351=CARTESIAN_POINT('',(658.712761157,195.016611277,594.847869697));
#2352=CARTESIAN_POINT('',(658.792927035,194.957390896,595.000215212));
#2353=CARTESIAN_POINT('',(658.987839427,194.877849709,595.292049564));
#2354=CARTESIAN_POINT('',(659.102562572,194.857538098,595.431504482));
#2355=CARTESIAN_POINT('',(659.356770465,194.857538098,595.685712374));
#2356=CARTESIAN_POINT('',(659.496225382,194.877849709,595.800435519));
#2357=CARTESIAN_POINT('',(659.788059734,194.957390896,595.995347912));
#2358=CARTESIAN_POINT('',(659.94040525,195.016611277,596.075513789));
#2359=CARTESIAN_POINT('',(660.092768424,195.092792865,596.134906839));
#2360=CARTESIAN_POINT('',(659.023608353,194.72255262,594.658482498));
#2361=CARTESIAN_POINT('',(659.092470287,194.670479224,594.762629289));
#2362=CARTESIAN_POINT('',(659.169792933,194.63069818,594.866773722));
#2363=CARTESIAN_POINT('',(659.337640413,194.577460038,595.070478572));
#2364=CARTESIAN_POINT('',(659.428160308,194.564004107,595.170034237));
#2365=CARTESIAN_POINT('',(659.61824071,194.564004107,595.360114638));
#2366=CARTESIAN_POINT('',(659.717796375,194.577460038,595.450634533));
#2367=CARTESIAN_POINT('',(659.921501224,194.63069818,595.618482014));
#2368=CARTESIAN_POINT('',(660.025645657,194.670479224,595.69580466));
#2369=CARTESIAN_POINT('',(660.129792449,194.72255262,595.764666594));
#2370=CARTESIAN_POINT('',(659.245463832,194.574313528,594.63629695));
#2371=CARTESIAN_POINT('',(659.309406359,194.539923967,594.717757919));
#2372=CARTESIAN_POINT('',(659.377590117,194.513846629,594.799217951));
#2373=CARTESIAN_POINT('',(659.520513999,194.478999805,594.959880648));
#2374=CARTESIAN_POINT('',(659.595252443,194.470230688,595.03908146));
#2375=CARTESIAN_POINT('',(659.749193486,194.470230688,595.193022504));
#2376=CARTESIAN_POINT('',(659.828394299,194.478999805,595.267760948));
#2377=CARTESIAN_POINT('',(659.989056996,194.513846629,595.41068483));
#2378=CARTESIAN_POINT('',(660.070517028,194.539923967,595.478868588));
#2379=CARTESIAN_POINT('',(660.151977997,194.574313528,595.542811115));
#2380=CARTESIAN_POINT('',(659.729206024,194.373940951,594.587922731));
#2381=CARTESIAN_POINT('',(659.768338289,194.365635535,594.627221392));
#2382=CARTESIAN_POINT('',(659.807545446,194.359439648,594.666520282));
#2383=CARTESIAN_POINT('',(659.886025469,194.351187624,594.745113618));
#2384=CARTESIAN_POINT('',(659.925298717,194.349131372,594.784408512));
#2385=CARTESIAN_POINT('',(660.003866435,194.349131372,594.86297623));
#2386=CARTESIAN_POINT('',(660.043161329,194.351187624,594.902249478));
#2387=CARTESIAN_POINT('',(660.121754664,194.359439648,594.980729501));
#2388=CARTESIAN_POINT('',(660.161053554,194.365635535,595.019936657));
#2389=CARTESIAN_POINT('',(660.200352216,194.373940951,595.059068923));
#2390=CARTESIAN_POINT('',(659.990902405,194.321886304,594.561753093));
#2391=CARTESIAN_POINT('',(659.990902405,194.321886304,594.561753093));
#2392=CARTESIAN_POINT('',(660.049807267,194.321886304,594.620657955));
#2393=CARTESIAN_POINT('',(660.049807267,194.321886304,594.620657955));
#2394=CARTESIAN_POINT('',(660.10871213,194.321886304,594.679562817));
#2395=CARTESIAN_POINT('',(660.10871213,194.321886304,594.679562817));
#2396=CARTESIAN_POINT('',(660.167616992,194.321886304,594.738467679));
#2397=CARTESIAN_POINT('',(660.167616992,194.321886304,594.738467679));
#2398=CARTESIAN_POINT('',(660.226521854,194.321886304,594.797372542));
#2399=CARTESIAN_POINT('',(660.226521854,194.321886304,594.797372542));
#2400=CARTESIAN_POINT('',(660.252701793,194.321886304,594.535573154));
#2401=CARTESIAN_POINT('',(660.252701793,194.321886304,594.535573154));
#2402=CARTESIAN_POINT('',(660.252701793,194.321886304,594.535573154));
#2403=CARTESIAN_POINT('',(660.252701793,194.321886304,594.535573154));
#2404=CARTESIAN_POINT('',(660.252701793,194.321886304,594.535573154));
#2405=CARTESIAN_POINT('',(660.252701793,194.321886304,594.535573154));
#2406=CARTESIAN_POINT('',(660.252701793,194.321886304,594.535573154));
#2407=CARTESIAN_POINT('',(660.252701793,194.321886304,594.535573154));
#2408=CARTESIAN_POINT('',(660.252701793,194.321886304,594.535573154));
#2409=CARTESIAN_POINT('',(660.252701793,194.321886304,594.535573154));
#2410=B_SPLINE_SURFACE_WITH_KNOTS('',3,3,((#2310,#2311,#2312,#2313,#2314,#2315,#2316,#2317,#2318,#2319),(#2320,#2321,#2322,#2323,#2324,#2325,#2326,#2327,#2328,#2329),(#2330,#2331,#2332,#2333,#2334,#2335,#2336,#2337,#2338,#2339),(#2340,#2341,#2342,#2343,#2344,#2345,#2346,#2347,#2348,#2349),(#2350,#2351,#2352,#2353,#2354,#2355,#2356,#2357,#2358,#2359),(#2360,#2361,#2362,#2363,#2364,#2365,#2366,#2367,#2368,#2369),(#2370,#2371,#2372,#2373,#2374,#2375,#2376,#2377,#2378,#2379),(#2380,#2381,#2382,#2383,#2384,#2385,#2386,#2387,#2388,#2389),(#2390,#2391,#2392,#2393,#2394,#2395,#2396,#2397,#2398,#2399),(#2400,#2401,#2402,#2403,#2404,#2405,#2406,#2407,#2408,#2409)),.UNSPECIFIED.,.F.,.F.,.U.,(4,2,2,2,4),(4,2,2,2,4),(0.,0.392699082,0.785398163,1.178097245,1.570796327),(0.,0.25,0.5,0.75,1.),.UNSPECIFIED.);
#2411=ORIENTED_EDGE('',*,*,#1464,.F.);
#2412=ORIENTED_EDGE('',*,*,#2191,.T.);
#2413=CARTESIAN_POINT('',(660.252701793,196.321886304,594.535573154));
#2414=DIRECTION('',(0.99503719,0.,0.099503719));
#2415=DIRECTION('',(-0.099503719,-0.,0.99503719));
#2416=AXIS2_PLACEMENT_3D('',#2413,#2414,#2415);
#2417=ELLIPSE('',#2416,2.009975124,2.);
#2418=EDGE_CURVE('',#697,#1715,#2417,.T.);
#2419=ORIENTED_EDGE('',*,*,#2418,.F.);
#2420=EDGE_LOOP('',(#2411,#2412,#2419));
#2421=FACE_BOUND('',#2420,.T.);
#2422=ADVANCED_FACE('',(#2421),#2410,.T.);
#2423=CARTESIAN_POINT('',(749.650767595,196.321886304,594.535573154));
#2424=DIRECTION('',(1.,-0.,-0.));
#2425=DIRECTION('',(-0.,0.,-1.));
#2426=AXIS2_PLACEMENT_3D('',#2423,#2424,#2425);
#2427=CYLINDRICAL_SURFACE('',#2426,2.);
#2428=CARTESIAN_POINT('',(669.052701793,194.589835497,595.535573154));
#2429=VERTEX_POINT('',#2428);
#2430=CARTESIAN_POINT('',(670.052701793,196.321886304,594.535573154));
#2431=DIRECTION('',(0.707106781,-0.,0.707106781));
#2432=DIRECTION('',(0.707106781,-0.,-0.707106781));
#2433=AXIS2_PLACEMENT_3D('',#2430,#2431,#2432);
#2434=ELLIPSE('',#2433,2.828427125,2.);
#2435=EDGE_CURVE('',#705,#2429,#2434,.T.);
#2436=ORIENTED_EDGE('',*,*,#2435,.F.);
#2437=ORIENTED_EDGE('',*,*,#710,.F.);
#2438=ORIENTED_EDGE('',*,*,#2418,.T.);
#2439=ORIENTED_EDGE('',*,*,#1720,.F.);
#2440=ORIENTED_EDGE('',*,*,#2305,.T.);
#2441=ORIENTED_EDGE('',*,*,#678,.F.);
#2442=CARTESIAN_POINT('',(671.052701793,194.589835497,595.535573154));
#2443=VERTEX_POINT('',#2442);
#2444=CARTESIAN_POINT('',(670.052701793,196.321886304,594.535573154));
#2445=DIRECTION('',(-0.707106781,-0.,0.707106781));
#2446=DIRECTION('',(0.707106781,-0.,0.707106781));
#2447=AXIS2_PLACEMENT_3D('',#2444,#2445,#2446);
#2448=ELLIPSE('',#2447,2.828427125,2.);
#2449=EDGE_CURVE('',#2443,#665,#2448,.T.);
#2450=ORIENTED_EDGE('',*,*,#2449,.F.);
#2451=CARTESIAN_POINT('',(669.052701793,194.589835497,595.535573154));
#2452=DIRECTION('',(1.,-0.,-0.));
#2453=VECTOR('',#2452,2.);
#2454=LINE('',#2451,#2453);
#2455=EDGE_CURVE('',#2429,#2443,#2454,.T.);
#2456=ORIENTED_EDGE('',*,*,#2455,.F.);
#2457=EDGE_LOOP('',(#2436,#2437,#2438,#2439,#2440,#2441,#2450,#2456));
#2458=FACE_BOUND('',#2457,.T.);
#2459=ADVANCED_FACE('',(#2458),#2427,.T.);
#2460=CARTESIAN_POINT('',(656.552701793,298.31961407,417.871427569));
#2461=DIRECTION('',(-0.,0.,-1.));
#2462=DIRECTION('',(-1.,0.,0.));
#2463=AXIS2_PLACEMENT_3D('',#2460,#2461,#2462);
#2464=CYLINDRICAL_SURFACE('',#2463,1.);
#2465=CARTESIAN_POINT('',(656.552701793,298.31961407,590.747649887));
#2466=DIRECTION('',(0.,0.,-1.));
#2467=DIRECTION('',(-1.,0.,0.));
#2468=AXIS2_PLACEMENT_3D('',#2465,#2466,#2467);
#2469=CIRCLE('',#2468,1.);
#2470=EDGE_CURVE('',#1087,#445,#2469,.T.);
#2471=ORIENTED_EDGE('',*,*,#2470,.F.);
#2472=ORIENTED_EDGE('',*,*,#1092,.F.);
#2473=CARTESIAN_POINT('',(656.552701793,298.31961407,613.739911118));
#2474=DIRECTION('',(-0.,0.,1.));
#2475=DIRECTION('',(1.,0.,0.));
#2476=AXIS2_PLACEMENT_3D('',#2473,#2474,#2475);
#2477=CIRCLE('',#2476,1.);
#2478=EDGE_CURVE('',#427,#1079,#2477,.T.);
#2479=ORIENTED_EDGE('',*,*,#2478,.F.);
#2480=ORIENTED_EDGE('',*,*,#456,.F.);
#2481=EDGE_LOOP('',(#2471,#2472,#2479,#2480));
#2482=FACE_BOUND('',#2481,.T.);
#2483=ADVANCED_FACE('',(#2482),#2464,.T.);
#2484=CARTESIAN_POINT('',(656.552701793,298.31961407,590.747649887));
#2485=DIRECTION('',(0.,-1.,0.));
#2486=DIRECTION('',(0.,0.,-1.));
#2487=AXIS2_PLACEMENT_3D('',#2484,#2485,#2486);
#2488=SPHERICAL_SURFACE('',#2487,1.);
#2489=ORIENTED_EDGE('',*,*,#1774,.F.);
#2490=ORIENTED_EDGE('',*,*,#2470,.T.);
#2491=CARTESIAN_POINT('',(656.552701793,298.31961407,590.747649887));
#2492=DIRECTION('',(0.999999884,0.,0.000481145));
#2493=DIRECTION('',(0.000481145,-0.,-0.999999884));
#2494=AXIS2_PLACEMENT_3D('',#2491,#2492,#2493);
#2495=CIRCLE('',#2494,1.);
#2496=EDGE_CURVE('',#1738,#445,#2495,.T.);
#2497=ORIENTED_EDGE('',*,*,#2496,.F.);
#2498=EDGE_LOOP('',(#2489,#2490,#2497));
#2499=FACE_BOUND('',#2498,.T.);
#2500=ADVANCED_FACE('',(#2499),#2488,.T.);
#2501=CARTESIAN_POINT('',(656.552701793,298.31961407,613.739911118));
#2502=DIRECTION('',(0.,-1.,0.));
#2503=DIRECTION('',(0.,0.,-1.));
#2504=AXIS2_PLACEMENT_3D('',#2501,#2502,#2503);
#2505=SPHERICAL_SURFACE('',#2504,1.);
#2506=ORIENTED_EDGE('',*,*,#2478,.T.);
#2507=ORIENTED_EDGE('',*,*,#1619,.F.);
#2508=CARTESIAN_POINT('',(656.552701793,298.31961407,613.739911118));
#2509=DIRECTION('',(1.,0.,0.));
#2510=DIRECTION('',(0.,0.,-1.));
#2511=AXIS2_PLACEMENT_3D('',#2508,#2509,#2510);
#2512=CIRCLE('',#2511,1.);
#2513=EDGE_CURVE('',#427,#1353,#2512,.T.);
#2514=ORIENTED_EDGE('',*,*,#2513,.F.);
#2515=EDGE_LOOP('',(#2506,#2507,#2514));
#2516=FACE_BOUND('',#2515,.T.);
#2517=ADVANCED_FACE('',(#2516),#2505,.T.);
#2518=CARTESIAN_POINT('',(653.469523974,298.31961407,590.746166431));
#2519=DIRECTION('',(0.999999884,0.,0.000481145));
#2520=DIRECTION('',(0.000481145,0.,-0.999999884));
#2521=AXIS2_PLACEMENT_3D('',#2518,#2519,#2520);
#2522=CYLINDRICAL_SURFACE('',#2521,1.);
#2523=ORIENTED_EDGE('',*,*,#2496,.T.);
#2524=ORIENTED_EDGE('',*,*,#450,.F.);
#2525=CARTESIAN_POINT('',(683.552701793,298.31961407,590.760640802));
#2526=DIRECTION('',(0.999999884,-0.,0.000481145));
#2527=DIRECTION('',(0.000481145,0.,-0.999999884));
#2528=AXIS2_PLACEMENT_3D('',#2525,#2526,#2527);
#2529=CIRCLE('',#2528,1.);
#2530=EDGE_CURVE('',#1746,#437,#2529,.T.);
#2531=ORIENTED_EDGE('',*,*,#2530,.F.);
#2532=ORIENTED_EDGE('',*,*,#1751,.F.);
#2533=EDGE_LOOP('',(#2523,#2524,#2531,#2532));
#2534=FACE_BOUND('',#2533,.T.);
#2535=ADVANCED_FACE('',(#2534),#2522,.T.);
#2536=CARTESIAN_POINT('',(653.552701793,298.31961407,613.739911118));
#2537=DIRECTION('',(-1.,0.,0.));
#2538=DIRECTION('',(0.,0.,1.));
#2539=AXIS2_PLACEMENT_3D('',#2536,#2537,#2538);
#2540=CYLINDRICAL_SURFACE('',#2539,1.);
#2541=ORIENTED_EDGE('',*,*,#2513,.T.);
#2542=ORIENTED_EDGE('',*,*,#1358,.F.);
#2543=CARTESIAN_POINT('',(683.552701793,298.31961407,613.739911118));
#2544=DIRECTION('',(1.,0.,0.));
#2545=DIRECTION('',(0.,0.,-1.));
#2546=AXIS2_PLACEMENT_3D('',#2543,#2544,#2545);
#2547=CIRCLE('',#2546,1.);
#2548=EDGE_CURVE('',#429,#1345,#2547,.T.);
#2549=ORIENTED_EDGE('',*,*,#2548,.F.);
#2550=ORIENTED_EDGE('',*,*,#434,.F.);
#2551=EDGE_LOOP('',(#2541,#2542,#2549,#2550));
#2552=FACE_BOUND('',#2551,.T.);
#2553=ADVANCED_FACE('',(#2552),#2540,.T.);
#2554=CARTESIAN_POINT('',(683.552701793,298.31961407,590.760640802));
#2555=DIRECTION('',(0.,-1.,0.));
#2556=DIRECTION('',(0.,0.,-1.));
#2557=AXIS2_PLACEMENT_3D('',#2554,#2555,#2556);
#2558=SPHERICAL_SURFACE('',#2557,1.);
#2559=ORIENTED_EDGE('',*,*,#1792,.F.);
#2560=ORIENTED_EDGE('',*,*,#2530,.T.);
#2561=CARTESIAN_POINT('',(683.552701793,298.31961407,590.760640802));
#2562=DIRECTION('',(0.,0.,1.));
#2563=DIRECTION('',(1.,0.,-0.));
#2564=AXIS2_PLACEMENT_3D('',#2561,#2562,#2563);
#2565=CIRCLE('',#2564,1.);
#2566=EDGE_CURVE('',#1014,#437,#2565,.T.);
#2567=ORIENTED_EDGE('',*,*,#2566,.F.);
#2568=EDGE_LOOP('',(#2559,#2560,#2567));
#2569=FACE_BOUND('',#2568,.T.);
#2570=ADVANCED_FACE('',(#2569),#2558,.T.);
#2571=CARTESIAN_POINT('',(683.552701793,298.31961407,613.739911118));
#2572=DIRECTION('',(0.,-1.,0.));
#2573=DIRECTION('',(0.,0.,-1.));
#2574=AXIS2_PLACEMENT_3D('',#2571,#2572,#2573);
#2575=SPHERICAL_SURFACE('',#2574,1.);
#2576=ORIENTED_EDGE('',*,*,#2548,.T.);
#2577=ORIENTED_EDGE('',*,*,#1601,.F.);
#2578=CARTESIAN_POINT('',(683.552701793,298.31961407,613.739911118));
#2579=DIRECTION('',(0.,0.,-1.));
#2580=DIRECTION('',(-1.,0.,0.));
#2581=AXIS2_PLACEMENT_3D('',#2578,#2579,#2580);
#2582=CIRCLE('',#2581,1.);
#2583=EDGE_CURVE('',#429,#1022,#2582,.T.);
#2584=ORIENTED_EDGE('',*,*,#2583,.F.);
#2585=EDGE_LOOP('',(#2576,#2577,#2584));
#2586=FACE_BOUND('',#2585,.T.);
#2587=ADVANCED_FACE('',(#2586),#2575,.T.);
#2588=CARTESIAN_POINT('',(683.552701793,298.31961407,649.676641332));
#2589=DIRECTION('',(0.,0.,1.));
#2590=DIRECTION('',(1.,0.,-0.));
#2591=AXIS2_PLACEMENT_3D('',#2588,#2589,#2590);
#2592=CYLINDRICAL_SURFACE('',#2591,1.);
#2593=ORIENTED_EDGE('',*,*,#2566,.T.);
#2594=ORIENTED_EDGE('',*,*,#442,.F.);
#2595=ORIENTED_EDGE('',*,*,#2583,.T.);
#2596=ORIENTED_EDGE('',*,*,#1027,.F.);
#2597=EDGE_LOOP('',(#2593,#2594,#2595,#2596));
#2598=FACE_BOUND('',#2597,.T.);
#2599=ADVANCED_FACE('',(#2598),#2592,.T.);
#2600=CARTESIAN_POINT('',(675.052701793,249.771886304,749.099753504));
#2601=DIRECTION('',(1.,0.,0.));
#2602=DIRECTION('',(0.,0.,-1.));
#2603=AXIS2_PLACEMENT_3D('',#2600,#2601,#2602);
#2604=PLANE('',#2603);
#2605=ORIENTED_EDGE('',*,*,#176,.F.);
#2606=ORIENTED_EDGE('',*,*,#512,.T.);
#2607=ORIENTED_EDGE('',*,*,#661,.F.);
#2608=ORIENTED_EDGE('',*,*,#788,.T.);
#2609=ORIENTED_EDGE('',*,*,#122,.F.);
#2610=EDGE_LOOP('',(#2605,#2606,#2607,#2608,#2609));
#2611=FACE_BOUND('',#2610,.T.);
#2612=ADVANCED_FACE('',(#2611),#2604,.F.);
#2613=CARTESIAN_POINT('',(670.052701793,254.771886304,595.535573154));
#2614=DIRECTION('',(0.,0.,1.));
#2615=DIRECTION('',(1.,0.,0.));
#2616=AXIS2_PLACEMENT_3D('',#2613,#2614,#2615);
#2617=PLANE('',#2616);
#2618=ORIENTED_EDGE('',*,*,#805,.T.);
#2619=CARTESIAN_POINT('',(671.052701793,252.480598457,595.535573154));
#2620=DIRECTION('',(0.,-1.,0.));
#2621=VECTOR('',#2620,2.708712153);
#2622=LINE('',#2619,#2621);
#2623=EDGE_CURVE('',#833,#792,#2622,.T.);
#2624=ORIENTED_EDGE('',*,*,#2623,.F.);
#2625=ORIENTED_EDGE('',*,*,#853,.T.);
#2626=CARTESIAN_POINT('',(669.052701793,249.771886304,595.535573154));
#2627=DIRECTION('',(0.,1.,0.));
#2628=VECTOR('',#2627,2.708712153);
#2629=LINE('',#2626,#2628);
#2630=EDGE_CURVE('',#800,#274,#2629,.T.);
#2631=ORIENTED_EDGE('',*,*,#2630,.F.);
#2632=EDGE_LOOP('',(#2618,#2624,#2625,#2631));
#2633=FACE_BOUND('',#2632,.T.);
#2634=ADVANCED_FACE('',(#2633),#2617,.T.);
#2635=CARTESIAN_POINT('',(668.052701793,294.321886304,596.535573154));
#2636=DIRECTION('',(-0.707106781,-0.,-0.707106781));
#2637=DIRECTION('',(0.,1.,-0.));
#2638=AXIS2_PLACEMENT_3D('',#2635,#2636,#2637);
#2639=PLANE('',#2638);
#2640=ORIENTED_EDGE('',*,*,#811,.F.);
#2641=ORIENTED_EDGE('',*,*,#2630,.T.);
#2642=ORIENTED_EDGE('',*,*,#280,.F.);
#2643=ORIENTED_EDGE('',*,*,#739,.F.);
#2644=EDGE_LOOP('',(#2640,#2641,#2642,#2643));
#2645=FACE_BOUND('',#2644,.T.);
#2646=ADVANCED_FACE('',(#2645),#2639,.F.);
#2647=CARTESIAN_POINT('',(672.052701793,294.321886304,596.535573154));
#2648=DIRECTION('',(0.707106781,-0.,-0.707106781));
#2649=DIRECTION('',(0.,-1.,0.));
#2650=AXIS2_PLACEMENT_3D('',#2647,#2648,#2649);
#2651=PLANE('',#2650);
#2652=CARTESIAN_POINT('',(670.052701793,254.771886304,594.535573154));
#2653=DIRECTION('',(-0.707106781,0.,0.707106781));
#2654=DIRECTION('',(0.707106781,-0.,0.707106781));
#2655=AXIS2_PLACEMENT_3D('',#2652,#2653,#2654);
#2656=ELLIPSE('',#2655,3.535533906,2.5);
#2657=EDGE_CURVE('',#833,#633,#2656,.T.);
#2658=ORIENTED_EDGE('',*,*,#2657,.F.);
#2659=ORIENTED_EDGE('',*,*,#2623,.T.);
#2660=ORIENTED_EDGE('',*,*,#797,.F.);
#2661=ORIENTED_EDGE('',*,*,#647,.F.);
#2662=EDGE_LOOP('',(#2658,#2659,#2660,#2661));
#2663=FACE_BOUND('',#2662,.T.);
#2664=ADVANCED_FACE('',(#2663),#2651,.F.);
#2665=CARTESIAN_POINT('',(672.052701793,294.321886304,591.935573029));
#2666=DIRECTION('',(0.707106781,0.,0.707106781));
#2667=DIRECTION('',(-0.,1.,-0.));
#2668=AXIS2_PLACEMENT_3D('',#2665,#2666,#2667);
#2669=PLANE('',#2668);
#2670=ORIENTED_EDGE('',*,*,#781,.F.);
#2671=ORIENTED_EDGE('',*,*,#867,.T.);
#2672=CARTESIAN_POINT('',(670.052701793,254.771886304,593.935573029));
#2673=DIRECTION('',(-0.707106781,-0.,-0.707106781));
#2674=DIRECTION('',(-0.707106781,-0.,0.707106781));
#2675=AXIS2_PLACEMENT_3D('',#2672,#2673,#2674);
#2676=ELLIPSE('',#2675,3.535533906,2.5);
#2677=EDGE_CURVE('',#33,#831,#2676,.T.);
#2678=ORIENTED_EDGE('',*,*,#2677,.F.);
#2679=ORIENTED_EDGE('',*,*,#136,.F.);
#2680=EDGE_LOOP('',(#2670,#2671,#2678,#2679));
#2681=FACE_BOUND('',#2680,.T.);
#2682=ADVANCED_FACE('',(#2681),#2669,.F.);
#2683=CARTESIAN_POINT('',(668.052701793,294.321886304,591.935573029));
#2684=DIRECTION('',(-0.707106781,0.,0.707106781));
#2685=DIRECTION('',(0.,-1.,0.));
#2686=AXIS2_PLACEMENT_3D('',#2683,#2684,#2685);
#2687=PLANE('',#2686);
#2688=ORIENTED_EDGE('',*,*,#295,.F.);
#2689=ORIENTED_EDGE('',*,*,#874,.T.);
#2690=ORIENTED_EDGE('',*,*,#820,.F.);
#2691=ORIENTED_EDGE('',*,*,#58,.F.);
#2692=EDGE_LOOP('',(#2688,#2689,#2690,#2691));
#2693=FACE_BOUND('',#2692,.T.);
#2694=ADVANCED_FACE('',(#2693),#2687,.F.);
#2695=CARTESIAN_POINT('',(669.052701793,351.708874106,595.535573154));
#2696=DIRECTION('',(0.,0.,-1.));
#2697=DIRECTION('',(-1.,0.,0.));
#2698=AXIS2_PLACEMENT_3D('',#2695,#2696,#2697);
#2699=PLANE('',#2698);
#2700=ORIENTED_EDGE('',*,*,#2455,.T.);
#2701=CARTESIAN_POINT('',(671.052701793,222.321886304,595.535573154));
#2702=DIRECTION('',(0.,-1.,0.));
#2703=VECTOR('',#2702,27.732050808);
#2704=LINE('',#2701,#2703);
#2705=EDGE_CURVE('',#485,#2443,#2704,.T.);
#2706=ORIENTED_EDGE('',*,*,#2705,.F.);
#2707=ORIENTED_EDGE('',*,*,#490,.F.);
#2708=ORIENTED_EDGE('',*,*,#587,.T.);
#2709=CARTESIAN_POINT('',(669.052701793,222.321886304,595.535573154));
#2710=DIRECTION('',(0.,-1.,0.));
#2711=VECTOR('',#2710,27.732050808);
#2712=LINE('',#2709,#2711);
#2713=EDGE_CURVE('',#576,#2429,#2712,.T.);
#2714=ORIENTED_EDGE('',*,*,#2713,.T.);
#2715=EDGE_LOOP('',(#2700,#2706,#2707,#2708,#2714));
#2716=FACE_BOUND('',#2715,.T.);
#2717=ADVANCED_FACE('',(#2716),#2699,.F.);
#2718=CARTESIAN_POINT('',(668.052701793,351.708874106,596.535573154));
#2719=DIRECTION('',(-0.707106781,0.,-0.707106781));
#2720=DIRECTION('',(-0.707106781,0.,0.707106781));
#2721=AXIS2_PLACEMENT_3D('',#2718,#2719,#2720);
#2722=PLANE('',#2721);
#2723=ORIENTED_EDGE('',*,*,#2435,.T.);
#2724=ORIENTED_EDGE('',*,*,#2713,.F.);
#2725=ORIENTED_EDGE('',*,*,#581,.T.);
#2726=ORIENTED_EDGE('',*,*,#716,.T.);
#2727=EDGE_LOOP('',(#2723,#2724,#2725,#2726));
#2728=FACE_BOUND('',#2727,.T.);
#2729=ADVANCED_FACE('',(#2728),#2722,.F.);
#2730=CARTESIAN_POINT('',(671.052701793,351.708874106,595.535573154));
#2731=DIRECTION('',(0.707106781,0.,-0.707106781));
#2732=DIRECTION('',(-0.707106781,0.,-0.707106781));
#2733=AXIS2_PLACEMENT_3D('',#2730,#2731,#2732);
#2734=PLANE('',#2733);
#2735=ORIENTED_EDGE('',*,*,#2449,.T.);
#2736=ORIENTED_EDGE('',*,*,#670,.F.);
#2737=ORIENTED_EDGE('',*,*,#498,.F.);
#2738=ORIENTED_EDGE('',*,*,#2705,.T.);
#2739=EDGE_LOOP('',(#2735,#2736,#2737,#2738));
#2740=FACE_BOUND('',#2739,.T.);
#2741=ADVANCED_FACE('',(#2740),#2734,.F.);
#2742=CARTESIAN_POINT('',(671.052701793,351.167969915,592.935573029));
#2743=DIRECTION('',(-0.707106781,0.,-0.707106781));
#2744=DIRECTION('',(-0.707106781,0.,0.707106781));
#2745=AXIS2_PLACEMENT_3D('',#2742,#2743,#2744);
#2746=PLANE('',#2745);
#2747=ORIENTED_EDGE('',*,*,#383,.F.);
#2748=CARTESIAN_POINT('',(671.052701793,222.321886304,592.935573029));
#2749=DIRECTION('',(0.,-1.,0.));
#2750=VECTOR('',#2749,27.732050808);
#2751=LINE('',#2748,#2750);
#2752=EDGE_CURVE('',#469,#371,#2751,.T.);
#2753=ORIENTED_EDGE('',*,*,#2752,.F.);
#2754=ORIENTED_EDGE('',*,*,#526,.T.);
#2755=ORIENTED_EDGE('',*,*,#601,.T.);
#2756=ORIENTED_EDGE('',*,*,#154,.T.);
#2757=ORIENTED_EDGE('',*,*,#312,.T.);
#2758=EDGE_LOOP('',(#2747,#2753,#2754,#2755,#2756,#2757));
#2759=FACE_BOUND('',#2758,.T.);
#2760=ADVANCED_FACE('',(#2759),#2746,.T.);
#2761=CARTESIAN_POINT('',(668.052701793,351.167969915,591.935573029));
#2762=DIRECTION('',(0.707106781,0.,-0.707106781));
#2763=DIRECTION('',(-0.707106781,0.,-0.707106781));
#2764=AXIS2_PLACEMENT_3D('',#2761,#2762,#2763);
#2765=PLANE('',#2764);
#2766=ORIENTED_EDGE('',*,*,#416,.F.);
#2767=ORIENTED_EDGE('',*,*,#343,.F.);
#2768=ORIENTED_EDGE('',*,*,#209,.F.);
#2769=ORIENTED_EDGE('',*,*,#618,.F.);
#2770=ORIENTED_EDGE('',*,*,#551,.F.);
#2771=CARTESIAN_POINT('',(669.052701793,222.321886304,592.935573029));
#2772=DIRECTION('',(0.,-1.,0.));
#2773=VECTOR('',#2772,27.732050808);
#2774=LINE('',#2771,#2773);
#2775=EDGE_CURVE('',#538,#369,#2774,.T.);
#2776=ORIENTED_EDGE('',*,*,#2775,.T.);
#2777=EDGE_LOOP('',(#2766,#2767,#2768,#2769,#2770,#2776));
#2778=FACE_BOUND('',#2777,.T.);
#2779=ADVANCED_FACE('',(#2778),#2765,.T.);
#2780=CARTESIAN_POINT('',(669.052701793,351.167969915,592.935573029));
#2781=DIRECTION('',(0.,0.,-1.));
#2782=DIRECTION('',(-1.,0.,-0.));
#2783=AXIS2_PLACEMENT_3D('',#2780,#2781,#2782);
#2784=PLANE('',#2783);
#2785=ORIENTED_EDGE('',*,*,#376,.F.);
#2786=ORIENTED_EDGE('',*,*,#2775,.F.);
#2787=ORIENTED_EDGE('',*,*,#543,.F.);
#2788=ORIENTED_EDGE('',*,*,#474,.T.);
#2789=ORIENTED_EDGE('',*,*,#2752,.T.);
#2790=EDGE_LOOP('',(#2785,#2786,#2787,#2788,#2789));
#2791=FACE_BOUND('',#2790,.T.);
#2792=ADVANCED_FACE('',(#2791),#2784,.T.);
#2793=CARTESIAN_POINT('',(670.052701793,254.771886304,481.810046975));
#2794=DIRECTION('',(0.,0.,1.));
#2795=DIRECTION('',(1.,0.,-0.));
#2796=AXIS2_PLACEMENT_3D('',#2793,#2794,#2795);
#2797=CYLINDRICAL_SURFACE('',#2796,2.5);
#2798=ORIENTED_EDGE('',*,*,#262,.T.);
#2799=ORIENTED_EDGE('',*,*,#41,.F.);
#2800=ORIENTED_EDGE('',*,*,#2677,.T.);
#2801=ORIENTED_EDGE('',*,*,#838,.T.);
#2802=ORIENTED_EDGE('',*,*,#2657,.T.);
#2803=ORIENTED_EDGE('',*,*,#639,.F.);
#2804=EDGE_LOOP('',(#2798,#2799,#2800,#2801,#2802,#2803));
#2805=FACE_BOUND('',#2804,.T.);
#2806=ADVANCED_FACE('',(#2805),#2797,.F.);
#2807=CLOSED_SHELL('',(#140,#195,#250,#300,#331,#362,#420,#460,#530,#591,#608,#625,#743,#761,#824,#857,#879,#1007,#1070,#1133,#1173,#1213,#1230,#1265,#1296,#1336,
#1376,#1402,#1426,#1452,#1476,#1500,#1524,#1548,#1572,#1589,#1607,#1631,#1642,#1660,#1671,#1688,#1700,#1731,#1762,#1780,#1798,#1820,#1837,#1854,#1871,
#1888,#1905,#1922,#1934,#2047,#2160,#2178,#2196,#2309,#2422,#2459,#2483,#2500,#2517,#2535,#2553,#2570,#2587,#2599,#2612,#2634,#2646,#2664,#2682,#2694,
#2717,#2729,#2741,#2760,#2779,#2792,#2806));
#2808=MANIFOLD_SOLID_BREP('Top-holder-v5',#2807);
#26=STYLED_ITEM('',(),#2808);
#16=SHAPE_REPRESENTATION('Top-holder-v5',(#15),#10);
#17=ADVANCED_BREP_SHAPE_REPRESENTATION('Top-holder-v5',(#2808),#10);
#2816=SHAPE_REPRESENTATION_RELATIONSHIP('','',#16,#17);
#2817=APPLICATION_CONTEXT('configuration controlled 3D design of mechanical parts and assemblies');
#2818=APPLICATION_PROTOCOL_DEFINITION('international standard','configuration_control_3d_design_ed2_mim',2004,#2817);
#2819=PRODUCT_CONTEXT('',#2817,'mechanical');
#2820=PRODUCT_DEFINITION_CONTEXT('part definition',#2817,'design');
#24=PRODUCT('Top-holder-v5','Top-holder-v5','',(#2819));
#2821=PRODUCT_RELATED_PRODUCT_CATEGORY('part','',(#24));
#2822=PRODUCT_DEFINITION_FORMATION_WITH_SPECIFIED_SOURCE('','',#24,.NOT_KNOWN.);
#25=PRODUCT_DEFINITION('design','',#2822,#2820);
#23=PRODUCT_DEFINITION_SHAPE('','',#25);
#2823=SHAPE_DEFINITION_REPRESENTATION(#23,#16);
#11=DRAUGHTING_MODEL('',(),#10);
#1=MECHANICAL_DESIGN_GEOMETRIC_PRESENTATION_REPRESENTATION('',(#26),#10);
ENDSEC;
END-ISO-10303-21;
